
build/debug/stm.elf:     file format elf32-littlearm

Sections:
Idx Name          Size      VMA       LMA       File off  Algn
  0 .isr_vector   0000010c  08000000  08000000  00001000  2**0
                  CONTENTS, ALLOC, LOAD, READONLY, DATA
  1 .text         00000f38  0800010c  0800010c  0000110c  2**2
                  CONTENTS, ALLOC, LOAD, READONLY, CODE
  2 .rodata       00000024  08001044  08001044  00002044  2**2
                  CONTENTS, ALLOC, LOAD, READONLY, DATA
  3 .ARM.extab    00000000  08001068  08001068  0000300c  2**0
                  CONTENTS, READONLY
  4 .ARM          00000000  08001068  08001068  0000300c  2**0
                  CONTENTS, READONLY
  5 .preinit_array 00000000  08001068  08001068  0000300c  2**0
                  CONTENTS, ALLOC, LOAD, DATA
  6 .init_array   00000004  08001068  08001068  00002068  2**2
                  CONTENTS, ALLOC, LOAD, READONLY, DATA
  7 .fini_array   00000004  0800106c  0800106c  0000206c  2**2
                  CONTENTS, ALLOC, LOAD, READONLY, DATA
  8 .data         0000000c  20000000  08001070  00003000  2**2
                  CONTENTS, ALLOC, LOAD, DATA
  9 .bss          000002f8  2000000c  0800107c  0000300c  2**2
                  ALLOC
 10 ._user_heap_stack 00000604  20000304  0800107c  00003304  2**0
                  ALLOC
 11 .ARM.attributes 00000029  00000000  00000000  0000300c  2**0
                  CONTENTS, READONLY
 12 .comment      00000039  00000000  00000000  00003035  2**0
                  CONTENTS, READONLY
 13 .debug_info   000076fe  00000000  00000000  0000306e  2**0
                  CONTENTS, READONLY, DEBUGGING, OCTETS
 14 .debug_abbrev 0000172e  00000000  00000000  0000a76c  2**0
                  CONTENTS, READONLY, DEBUGGING, OCTETS
 15 .debug_aranges 00000610  00000000  00000000  0000bea0  2**3
                  CONTENTS, READONLY, DEBUGGING, OCTETS
 16 .debug_rnglists 0000065c  00000000  00000000  0000c4b0  2**0
                  CONTENTS, READONLY, DEBUGGING, OCTETS
 17 .debug_line   0000625d  00000000  00000000  0000cb0c  2**0
                  CONTENTS, READONLY, DEBUGGING, OCTETS
 18 .debug_str    00001d76  00000000  00000000  00012d69  2**0
                  CONTENTS, READONLY, DEBUGGING, OCTETS
 19 .debug_frame  00000d4c  00000000  00000000  00014ae0  2**2
                  CONTENTS, READONLY, DEBUGGING, OCTETS
 20 .debug_loclists 00003096  00000000  00000000  0001582c  2**0
                  CONTENTS, READONLY, DEBUGGING, OCTETS
 21 .debug_line_str 0000002e  00000000  00000000  000188c2  2**0
                  CONTENTS, READONLY, DEBUGGING, OCTETS

Disassembly of section .text:

0800010c <__do_global_dtors_aux>:
 800010c:	b510      	push	{r4, lr}
 800010e:	4c05      	ldr	r4, [pc, #20]	@ (8000124 <__do_global_dtors_aux+0x18>)
 8000110:	7823      	ldrb	r3, [r4, #0]
 8000112:	b933      	cbnz	r3, 8000122 <__do_global_dtors_aux+0x16>
 8000114:	4b04      	ldr	r3, [pc, #16]	@ (8000128 <__do_global_dtors_aux+0x1c>)
 8000116:	b113      	cbz	r3, 800011e <__do_global_dtors_aux+0x12>
 8000118:	4804      	ldr	r0, [pc, #16]	@ (800012c <__do_global_dtors_aux+0x20>)
 800011a:	f3af 8000 	nop.w
 800011e:	2301      	movs	r3, #1
 8000120:	7023      	strb	r3, [r4, #0]
 8000122:	bd10      	pop	{r4, pc}
 8000124:	2000000c 	.word	0x2000000c
 8000128:	00000000 	.word	0x00000000
 800012c:	0800102c 	.word	0x0800102c

08000130 <frame_dummy>:
 8000130:	b508      	push	{r3, lr}
 8000132:	4b03      	ldr	r3, [pc, #12]	@ (8000140 <frame_dummy+0x10>)
 8000134:	b11b      	cbz	r3, 800013e <frame_dummy+0xe>
 8000136:	4903      	ldr	r1, [pc, #12]	@ (8000144 <frame_dummy+0x14>)
 8000138:	4803      	ldr	r0, [pc, #12]	@ (8000148 <frame_dummy+0x18>)
 800013a:	f3af 8000 	nop.w
 800013e:	bd08      	pop	{r3, pc}
 8000140:	00000000 	.word	0x00000000
 8000144:	20000010 	.word	0x20000010
 8000148:	0800102c 	.word	0x0800102c

0800014c <MX_GPIO_Init>:
  * @brief GPIO Initialization Function
  * @param None
  * @retval None
  */
static void MX_GPIO_Init(void)
{
 800014c:	e92d 47f0 	stmdb	sp!, {r4, r5, r6, r7, r8, r9, sl, lr}
 8000150:	b088      	sub	sp, #32
  GPIO_InitTypeDef GPIO_InitStruct = {0};
 8000152:	ad04      	add	r5, sp, #16
 8000154:	2400      	movs	r4, #0
 8000156:	9404      	str	r4, [sp, #16]
 8000158:	9405      	str	r4, [sp, #20]
 800015a:	9406      	str	r4, [sp, #24]
 800015c:	9407      	str	r4, [sp, #28]
  /* USER CODE BEGIN MX_GPIO_Init_1 */

  /* USER CODE END MX_GPIO_Init_1 */

  /* GPIO Ports Clock Enable */
  __HAL_RCC_GPIOD_CLK_ENABLE();
 800015e:	4b3e      	ldr	r3, [pc, #248]	@ (8000258 <MX_GPIO_Init+0x10c>)
 8000160:	699a      	ldr	r2, [r3, #24]
 8000162:	f042 0220 	orr.w	r2, r2, #32
 8000166:	619a      	str	r2, [r3, #24]
 8000168:	699a      	ldr	r2, [r3, #24]
 800016a:	f002 0220 	and.w	r2, r2, #32
 800016e:	9201      	str	r2, [sp, #4]
 8000170:	9a01      	ldr	r2, [sp, #4]
  __HAL_RCC_GPIOA_CLK_ENABLE();
 8000172:	699a      	ldr	r2, [r3, #24]
 8000174:	f042 0204 	orr.w	r2, r2, #4
 8000178:	619a      	str	r2, [r3, #24]
 800017a:	699a      	ldr	r2, [r3, #24]
 800017c:	f002 0204 	and.w	r2, r2, #4
 8000180:	9202      	str	r2, [sp, #8]
 8000182:	9a02      	ldr	r2, [sp, #8]
  __HAL_RCC_GPIOB_CLK_ENABLE();
 8000184:	699a      	ldr	r2, [r3, #24]
 8000186:	f042 0208 	orr.w	r2, r2, #8
 800018a:	619a      	str	r2, [r3, #24]
 800018c:	699b      	ldr	r3, [r3, #24]
 800018e:	f003 0308 	and.w	r3, r3, #8
 8000192:	9303      	str	r3, [sp, #12]
 8000194:	9b03      	ldr	r3, [sp, #12]

  /*Configure GPIO pin Output Level */
  HAL_GPIO_WritePin(GPIOA, GPIO_PIN_3|GPIO_PIN_4, GPIO_PIN_RESET);
 8000196:	f8df 80c4 	ldr.w	r8, [pc, #196]	@ 800025c <MX_GPIO_Init+0x110>
 800019a:	4622      	mov	r2, r4
 800019c:	2118      	movs	r1, #24
 800019e:	4640      	mov	r0, r8
 80001a0:	f000 fa82 	bl	80006a8 <HAL_GPIO_WritePin>

  /*Configure GPIO pin Output Level */
  HAL_GPIO_WritePin(GPIOB, GPIO_PIN_2, GPIO_PIN_RESET);
 80001a4:	4f2e      	ldr	r7, [pc, #184]	@ (8000260 <MX_GPIO_Init+0x114>)
 80001a6:	4622      	mov	r2, r4
 80001a8:	2104      	movs	r1, #4
 80001aa:	4638      	mov	r0, r7
 80001ac:	f000 fa7c 	bl	80006a8 <HAL_GPIO_WritePin>

  /*Configure GPIO pin : PA0 */
  GPIO_InitStruct.Pin = GPIO_PIN_0;
 80001b0:	f04f 0a01 	mov.w	sl, #1
 80001b4:	f8cd a010 	str.w	sl, [sp, #16]
  GPIO_InitStruct.Mode = GPIO_MODE_AF_PP;
 80001b8:	2602      	movs	r6, #2
 80001ba:	9605      	str	r6, [sp, #20]
  GPIO_InitStruct.Speed = GPIO_SPEED_FREQ_LOW;
 80001bc:	9607      	str	r6, [sp, #28]
  HAL_GPIO_Init(GPIOA, &GPIO_InitStruct);
 80001be:	4629      	mov	r1, r5
 80001c0:	4640      	mov	r0, r8
 80001c2:	f000 f967 	bl	8000494 <HAL_GPIO_Init>

  /*Configure GPIO pins : PA3 PA4 */
  GPIO_InitStruct.Pin = GPIO_PIN_3|GPIO_PIN_4;
 80001c6:	2318      	movs	r3, #24
 80001c8:	9304      	str	r3, [sp, #16]
  GPIO_InitStruct.Mode = GPIO_MODE_OUTPUT_PP;
 80001ca:	f8cd a014 	str.w	sl, [sp, #20]
  GPIO_InitStruct.Pull = GPIO_NOPULL;
 80001ce:	9406      	str	r4, [sp, #24]
  GPIO_InitStruct.Speed = GPIO_SPEED_FREQ_LOW;
 80001d0:	9607      	str	r6, [sp, #28]
  HAL_GPIO_Init(GPIOA, &GPIO_InitStruct);
 80001d2:	4629      	mov	r1, r5
 80001d4:	4640      	mov	r0, r8
 80001d6:	f000 f95d 	bl	8000494 <HAL_GPIO_Init>

  /*Configure GPIO pins : PA5 PA6 PA7 */
  GPIO_InitStruct.Pin = GPIO_PIN_5|GPIO_PIN_6|GPIO_PIN_7;
 80001da:	23e0      	movs	r3, #224	@ 0xe0
 80001dc:	9304      	str	r3, [sp, #16]
  GPIO_InitStruct.Mode = GPIO_MODE_AF_PP;
 80001de:	9605      	str	r6, [sp, #20]
  GPIO_InitStruct.Speed = GPIO_SPEED_FREQ_HIGH;
 80001e0:	f04f 0903 	mov.w	r9, #3
 80001e4:	f8cd 901c 	str.w	r9, [sp, #28]
  HAL_GPIO_Init(GPIOA, &GPIO_InitStruct);
 80001e8:	4629      	mov	r1, r5
 80001ea:	4640      	mov	r0, r8
 80001ec:	f000 f952 	bl	8000494 <HAL_GPIO_Init>

  /*Configure GPIO pin : PB2 */
  GPIO_InitStruct.Pin = GPIO_PIN_2;
 80001f0:	2304      	movs	r3, #4
 80001f2:	9304      	str	r3, [sp, #16]
  GPIO_InitStruct.Mode = GPIO_MODE_OUTPUT_PP;
 80001f4:	f8cd a014 	str.w	sl, [sp, #20]
  GPIO_InitStruct.Pull = GPIO_NOPULL;
 80001f8:	9406      	str	r4, [sp, #24]
  GPIO_InitStruct.Speed = GPIO_SPEED_FREQ_LOW;
 80001fa:	9607      	str	r6, [sp, #28]
  HAL_GPIO_Init(GPIOB, &GPIO_InitStruct);
 80001fc:	4629      	mov	r1, r5
 80001fe:	4638      	mov	r0, r7
 8000200:	f000 f948 	bl	8000494 <HAL_GPIO_Init>

  /*Configure GPIO pin : PB10 */
  GPIO_InitStruct.Pin = GPIO_PIN_10;
 8000204:	f44f 6380 	mov.w	r3, #1024	@ 0x400
 8000208:	9304      	str	r3, [sp, #16]
  GPIO_InitStruct.Mode = GPIO_MODE_AF_PP;
 800020a:	9605      	str	r6, [sp, #20]
  GPIO_InitStruct.Speed = GPIO_SPEED_FREQ_HIGH;
 800020c:	f8cd 901c 	str.w	r9, [sp, #28]
  HAL_GPIO_Init(GPIOB, &GPIO_InitStruct);
 8000210:	4629      	mov	r1, r5
 8000212:	4638      	mov	r0, r7
 8000214:	f000 f93e 	bl	8000494 <HAL_GPIO_Init>

  /*Configure GPIO pin : PB11 */
  GPIO_InitStruct.Pin = GPIO_PIN_11;
 8000218:	f44f 6300 	mov.w	r3, #2048	@ 0x800
 800021c:	9304      	str	r3, [sp, #16]
  GPIO_InitStruct.Mode = GPIO_MODE_INPUT;
 800021e:	9405      	str	r4, [sp, #20]
  GPIO_InitStruct.Pull = GPIO_NOPULL;
 8000220:	9406      	str	r4, [sp, #24]
  HAL_GPIO_Init(GPIOB, &GPIO_InitStruct);
 8000222:	4629      	mov	r1, r5
 8000224:	4638      	mov	r0, r7
 8000226:	f000 f935 	bl	8000494 <HAL_GPIO_Init>

  /*Configure GPIO pin : PA8 */
  GPIO_InitStruct.Pin = GPIO_PIN_8;
 800022a:	f44f 7380 	mov.w	r3, #256	@ 0x100
 800022e:	9304      	str	r3, [sp, #16]
  GPIO_InitStruct.Mode = GPIO_MODE_INPUT;
 8000230:	9405      	str	r4, [sp, #20]
  GPIO_InitStruct.Pull = GPIO_NOPULL;
 8000232:	9406      	str	r4, [sp, #24]
  HAL_GPIO_Init(GPIOA, &GPIO_InitStruct);
 8000234:	4629      	mov	r1, r5
 8000236:	4640      	mov	r0, r8
 8000238:	f000 f92c 	bl	8000494 <HAL_GPIO_Init>

  /*Configure GPIO pins : PB6 PB7 */
  GPIO_InitStruct.Pin = GPIO_PIN_6|GPIO_PIN_7;
 800023c:	23c0      	movs	r3, #192	@ 0xc0
 800023e:	9304      	str	r3, [sp, #16]
  GPIO_InitStruct.Mode = GPIO_MODE_AF_OD;
 8000240:	2312      	movs	r3, #18
 8000242:	9305      	str	r3, [sp, #20]
  GPIO_InitStruct.Speed = GPIO_SPEED_FREQ_HIGH;
 8000244:	f8cd 901c 	str.w	r9, [sp, #28]
  HAL_GPIO_Init(GPIOB, &GPIO_InitStruct);
 8000248:	4629      	mov	r1, r5
 800024a:	4638      	mov	r0, r7
 800024c:	f000 f922 	bl	8000494 <HAL_GPIO_Init>

  /* USER CODE BEGIN MX_GPIO_Init_2 */

  /* USER CODE END MX_GPIO_Init_2 */
}
 8000250:	b008      	add	sp, #32
 8000252:	e8bd 87f0 	ldmia.w	sp!, {r4, r5, r6, r7, r8, r9, sl, pc}
 8000256:	bf00      	nop
 8000258:	40021000 	.word	0x40021000
 800025c:	40010800 	.word	0x40010800
 8000260:	40010c00 	.word	0x40010c00

08000264 <Error_Handler>:
  \details Disables IRQ interrupts by setting the I-bit in the CPSR.
           Can only be executed in Privileged modes.
 */
__STATIC_FORCEINLINE void __disable_irq(void)
{
  __ASM volatile ("cpsid i" : : : "memory");
 8000264:	b672      	cpsid	i
void Error_Handler(void)
{
  /* USER CODE BEGIN Error_Handler_Debug */
  /* User can add his own implementation to report the HAL error return state */
  __disable_irq();
  while (1)
 8000266:	e7fe      	b.n	8000266 <Error_Handler+0x2>

08000268 <MX_USB_PCD_Init>:
{
 8000268:	b508      	push	{r3, lr}
  hpcd_USB_FS.Instance = USB;
 800026a:	4808      	ldr	r0, [pc, #32]	@ (800028c <MX_USB_PCD_Init+0x24>)
 800026c:	4b08      	ldr	r3, [pc, #32]	@ (8000290 <MX_USB_PCD_Init+0x28>)
 800026e:	6003      	str	r3, [r0, #0]
  hpcd_USB_FS.Init.dev_endpoints = 8;
 8000270:	2308      	movs	r3, #8
 8000272:	7103      	strb	r3, [r0, #4]
  hpcd_USB_FS.Init.speed = PCD_SPEED_FULL;
 8000274:	2302      	movs	r3, #2
 8000276:	7183      	strb	r3, [r0, #6]
  hpcd_USB_FS.Init.low_power_enable = DISABLE;
 8000278:	2300      	movs	r3, #0
 800027a:	7283      	strb	r3, [r0, #10]
  hpcd_USB_FS.Init.lpm_enable = DISABLE;
 800027c:	72c3      	strb	r3, [r0, #11]
  hpcd_USB_FS.Init.battery_charging_enable = DISABLE;
 800027e:	7303      	strb	r3, [r0, #12]
  if (HAL_PCD_Init(&hpcd_USB_FS) != HAL_OK)
 8000280:	f000 fa50 	bl	8000724 <HAL_PCD_Init>
 8000284:	b900      	cbnz	r0, 8000288 <MX_USB_PCD_Init+0x20>
}
 8000286:	bd08      	pop	{r3, pc}
    Error_Handler();
 8000288:	f7ff ffec 	bl	8000264 <Error_Handler>
 800028c:	20000028 	.word	0x20000028
 8000290:	40005c00 	.word	0x40005c00

08000294 <SystemClock_Config>:
{
 8000294:	b510      	push	{r4, lr}
 8000296:	b094      	sub	sp, #80	@ 0x50
  RCC_OscInitTypeDef RCC_OscInitStruct = {0};
 8000298:	ac0a      	add	r4, sp, #40	@ 0x28
 800029a:	2228      	movs	r2, #40	@ 0x28
 800029c:	2100      	movs	r1, #0
 800029e:	4620      	mov	r0, r4
 80002a0:	f000 fe97 	bl	8000fd2 <memset>
  RCC_ClkInitTypeDef RCC_ClkInitStruct = {0};
 80002a4:	2300      	movs	r3, #0
 80002a6:	9305      	str	r3, [sp, #20]
 80002a8:	9306      	str	r3, [sp, #24]
 80002aa:	9307      	str	r3, [sp, #28]
 80002ac:	9308      	str	r3, [sp, #32]
 80002ae:	9309      	str	r3, [sp, #36]	@ 0x24
  RCC_PeriphCLKInitTypeDef PeriphClkInit = {0};
 80002b0:	9301      	str	r3, [sp, #4]
 80002b2:	9302      	str	r3, [sp, #8]
 80002b4:	9303      	str	r3, [sp, #12]
 80002b6:	9304      	str	r3, [sp, #16]
  RCC_OscInitStruct.OscillatorType = RCC_OSCILLATORTYPE_HSE;
 80002b8:	2201      	movs	r2, #1
 80002ba:	920a      	str	r2, [sp, #40]	@ 0x28
  RCC_OscInitStruct.HSEState = RCC_HSE_ON;
 80002bc:	f44f 3380 	mov.w	r3, #65536	@ 0x10000
 80002c0:	930b      	str	r3, [sp, #44]	@ 0x2c
  RCC_OscInitStruct.HSIState = RCC_HSI_ON;
 80002c2:	920e      	str	r2, [sp, #56]	@ 0x38
  RCC_OscInitStruct.PLL.PLLState = RCC_PLL_ON;
 80002c4:	2202      	movs	r2, #2
 80002c6:	9211      	str	r2, [sp, #68]	@ 0x44
  RCC_OscInitStruct.PLL.PLLSource = RCC_PLLSOURCE_HSE;
 80002c8:	9312      	str	r3, [sp, #72]	@ 0x48
  RCC_OscInitStruct.PLL.PLLMUL = RCC_PLL_MUL6;
 80002ca:	f44f 1380 	mov.w	r3, #1048576	@ 0x100000
 80002ce:	9313      	str	r3, [sp, #76]	@ 0x4c
  if (HAL_RCC_OscConfig(&RCC_OscInitStruct) != HAL_OK)
 80002d0:	4620      	mov	r0, r4
 80002d2:	f000 fab1 	bl	8000838 <HAL_RCC_OscConfig>
 80002d6:	b9c8      	cbnz	r0, 800030c <SystemClock_Config+0x78>
  RCC_ClkInitStruct.ClockType = RCC_CLOCKTYPE_HCLK|RCC_CLOCKTYPE_SYSCLK
 80002d8:	230f      	movs	r3, #15
 80002da:	9305      	str	r3, [sp, #20]
  RCC_ClkInitStruct.SYSCLKSource = RCC_SYSCLKSOURCE_PLLCLK;
 80002dc:	2302      	movs	r3, #2
 80002de:	9306      	str	r3, [sp, #24]
  RCC_ClkInitStruct.AHBCLKDivider = RCC_SYSCLK_DIV1;
 80002e0:	2300      	movs	r3, #0
 80002e2:	9307      	str	r3, [sp, #28]
  RCC_ClkInitStruct.APB1CLKDivider = RCC_HCLK_DIV2;
 80002e4:	f44f 6280 	mov.w	r2, #1024	@ 0x400
 80002e8:	9208      	str	r2, [sp, #32]
  RCC_ClkInitStruct.APB2CLKDivider = RCC_HCLK_DIV1;
 80002ea:	9309      	str	r3, [sp, #36]	@ 0x24
  if (HAL_RCC_ClockConfig(&RCC_ClkInitStruct, FLASH_LATENCY_1) != HAL_OK)
 80002ec:	2101      	movs	r1, #1
 80002ee:	a805      	add	r0, sp, #20
 80002f0:	f000 fcd4 	bl	8000c9c <HAL_RCC_ClockConfig>
 80002f4:	b960      	cbnz	r0, 8000310 <SystemClock_Config+0x7c>
  PeriphClkInit.PeriphClockSelection = RCC_PERIPHCLK_USB;
 80002f6:	2310      	movs	r3, #16
 80002f8:	9301      	str	r3, [sp, #4]
  PeriphClkInit.UsbClockSelection = RCC_USBCLKSOURCE_PLL;
 80002fa:	f44f 0380 	mov.w	r3, #4194304	@ 0x400000
 80002fe:	9304      	str	r3, [sp, #16]
  if (HAL_RCCEx_PeriphCLKConfig(&PeriphClkInit) != HAL_OK)
 8000300:	a801      	add	r0, sp, #4
 8000302:	f000 fd81 	bl	8000e08 <HAL_RCCEx_PeriphCLKConfig>
 8000306:	b928      	cbnz	r0, 8000314 <SystemClock_Config+0x80>
}
 8000308:	b014      	add	sp, #80	@ 0x50
 800030a:	bd10      	pop	{r4, pc}
    Error_Handler();
 800030c:	f7ff ffaa 	bl	8000264 <Error_Handler>
    Error_Handler();
 8000310:	f7ff ffa8 	bl	8000264 <Error_Handler>
    Error_Handler();
 8000314:	f7ff ffa6 	bl	8000264 <Error_Handler>

08000318 <main>:
{
 8000318:	b508      	push	{r3, lr}
  HAL_Init();
 800031a:	f000 f82d 	bl	8000378 <HAL_Init>
  SystemClock_Config();
 800031e:	f7ff ffb9 	bl	8000294 <SystemClock_Config>
  MX_GPIO_Init();
 8000322:	f7ff ff13 	bl	800014c <MX_GPIO_Init>
  MX_USB_PCD_Init();
 8000326:	f7ff ff9f 	bl	8000268 <MX_USB_PCD_Init>
  while (1)
 800032a:	e7fe      	b.n	800032a <main+0x12>

0800032c <HAL_InitTick>:
  *       implementation  in user file.
  * @param TickPriority Tick interrupt priority.
  * @retval HAL status
  */
__weak HAL_StatusTypeDef HAL_InitTick(uint32_t TickPriority)
{
 800032c:	b510      	push	{r4, lr}
 800032e:	4604      	mov	r4, r0
  /* Configure the SysTick to have interrupt in 1ms time basis*/
  if (HAL_SYSTICK_Config(SystemCoreClock / (1000U / uwTickFreq)) > 0U)
 8000330:	4b0e      	ldr	r3, [pc, #56]	@ (800036c <HAL_InitTick+0x40>)
 8000332:	781a      	ldrb	r2, [r3, #0]
 8000334:	f44f 737a 	mov.w	r3, #1000	@ 0x3e8
 8000338:	fbb3 f3f2 	udiv	r3, r3, r2
 800033c:	4a0c      	ldr	r2, [pc, #48]	@ (8000370 <HAL_InitTick+0x44>)
 800033e:	6810      	ldr	r0, [r2, #0]
 8000340:	fbb0 f0f3 	udiv	r0, r0, r3
 8000344:	f000 f892 	bl	800046c <HAL_SYSTICK_Config>
 8000348:	b968      	cbnz	r0, 8000366 <HAL_InitTick+0x3a>
  {
    return HAL_ERROR;
  }

  /* Configure the SysTick IRQ priority */
  if (TickPriority < (1UL << __NVIC_PRIO_BITS))
 800034a:	2c0f      	cmp	r4, #15
 800034c:	d901      	bls.n	8000352 <HAL_InitTick+0x26>
    HAL_NVIC_SetPriority(SysTick_IRQn, TickPriority, 0U);
    uwTickPrio = TickPriority;
  }
  else
  {
    return HAL_ERROR;
 800034e:	2001      	movs	r0, #1
 8000350:	e00a      	b.n	8000368 <HAL_InitTick+0x3c>
    HAL_NVIC_SetPriority(SysTick_IRQn, TickPriority, 0U);
 8000352:	2200      	movs	r2, #0
 8000354:	4621      	mov	r1, r4
 8000356:	f04f 30ff 	mov.w	r0, #4294967295
 800035a:	f000 f877 	bl	800044c <HAL_NVIC_SetPriority>
    uwTickPrio = TickPriority;
 800035e:	4b05      	ldr	r3, [pc, #20]	@ (8000374 <HAL_InitTick+0x48>)
 8000360:	601c      	str	r4, [r3, #0]
  }

  /* Return function status */
  return HAL_OK;
 8000362:	2000      	movs	r0, #0
 8000364:	e000      	b.n	8000368 <HAL_InitTick+0x3c>
    return HAL_ERROR;
 8000366:	2001      	movs	r0, #1
}
 8000368:	bd10      	pop	{r4, pc}
 800036a:	bf00      	nop
 800036c:	20000000 	.word	0x20000000
 8000370:	20000008 	.word	0x20000008
 8000374:	20000004 	.word	0x20000004

08000378 <HAL_Init>:
{
 8000378:	b508      	push	{r3, lr}
  __HAL_FLASH_PREFETCH_BUFFER_ENABLE();
 800037a:	4a07      	ldr	r2, [pc, #28]	@ (8000398 <HAL_Init+0x20>)
 800037c:	6813      	ldr	r3, [r2, #0]
 800037e:	f043 0310 	orr.w	r3, r3, #16
 8000382:	6013      	str	r3, [r2, #0]
  HAL_NVIC_SetPriorityGrouping(NVIC_PRIORITYGROUP_4);
 8000384:	2003      	movs	r0, #3
 8000386:	f000 f84f 	bl	8000428 <HAL_NVIC_SetPriorityGrouping>
  HAL_InitTick(TICK_INT_PRIORITY);
 800038a:	200f      	movs	r0, #15
 800038c:	f7ff ffce 	bl	800032c <HAL_InitTick>
  HAL_MspInit();
 8000390:	f000 f990 	bl	80006b4 <HAL_MspInit>
}
 8000394:	2000      	movs	r0, #0
 8000396:	bd08      	pop	{r3, pc}
 8000398:	40022000 	.word	0x40022000

0800039c <HAL_IncTick>:
  *      implementations in user file.
  * @retval None
  */
__weak void HAL_IncTick(void)
{
  uwTick += uwTickFreq;
 800039c:	4a03      	ldr	r2, [pc, #12]	@ (80003ac <HAL_IncTick+0x10>)
 800039e:	6811      	ldr	r1, [r2, #0]
 80003a0:	4b03      	ldr	r3, [pc, #12]	@ (80003b0 <HAL_IncTick+0x14>)
 80003a2:	781b      	ldrb	r3, [r3, #0]
 80003a4:	440b      	add	r3, r1
 80003a6:	6013      	str	r3, [r2, #0]
}
 80003a8:	4770      	bx	lr
 80003aa:	bf00      	nop
 80003ac:	20000300 	.word	0x20000300
 80003b0:	20000000 	.word	0x20000000

080003b4 <HAL_GetTick>:
  *       implementations in user file.
  * @retval tick value
  */
__weak uint32_t HAL_GetTick(void)
{
  return uwTick;
 80003b4:	4b01      	ldr	r3, [pc, #4]	@ (80003bc <HAL_GetTick+0x8>)
 80003b6:	6818      	ldr	r0, [r3, #0]
}
 80003b8:	4770      	bx	lr
 80003ba:	bf00      	nop
 80003bc:	20000300 	.word	0x20000300

080003c0 <__NVIC_SetPriority>:
  \param [in]  priority  Priority to set.
  \note    The priority cannot be set for every processor exception.
 */
__STATIC_INLINE void __NVIC_SetPriority(IRQn_Type IRQn, uint32_t priority)
{
  if ((int32_t)(IRQn) >= 0)
 80003c0:	2800      	cmp	r0, #0
 80003c2:	db08      	blt.n	80003d6 <__NVIC_SetPriority+0x16>
  {
    NVIC->IP[((uint32_t)IRQn)]               = (uint8_t)((priority << (8U - __NVIC_PRIO_BITS)) & (uint32_t)0xFFUL);
 80003c4:	0109      	lsls	r1, r1, #4
 80003c6:	b2c9      	uxtb	r1, r1
 80003c8:	f100 4060 	add.w	r0, r0, #3758096384	@ 0xe0000000
 80003cc:	f500 4061 	add.w	r0, r0, #57600	@ 0xe100
 80003d0:	f880 1300 	strb.w	r1, [r0, #768]	@ 0x300
 80003d4:	4770      	bx	lr
  }
  else
  {
    SCB->SHP[(((uint32_t)IRQn) & 0xFUL)-4UL] = (uint8_t)((priority << (8U - __NVIC_PRIO_BITS)) & (uint32_t)0xFFUL);
 80003d6:	f000 000f 	and.w	r0, r0, #15
 80003da:	0109      	lsls	r1, r1, #4
 80003dc:	b2c9      	uxtb	r1, r1
 80003de:	4b01      	ldr	r3, [pc, #4]	@ (80003e4 <__NVIC_SetPriority+0x24>)
 80003e0:	5419      	strb	r1, [r3, r0]
  }
}
 80003e2:	4770      	bx	lr
 80003e4:	e000ed14 	.word	0xe000ed14

080003e8 <NVIC_EncodePriority>:
  \param [in]   PreemptPriority  Preemptive priority value (starting from 0).
  \param [in]       SubPriority  Subpriority value (starting from 0).
  \return                        Encoded priority. Value can be used in the function \ref NVIC_SetPriority().
 */
__STATIC_INLINE uint32_t NVIC_EncodePriority (uint32_t PriorityGroup, uint32_t PreemptPriority, uint32_t SubPriority)
{
 80003e8:	b500      	push	{lr}
  uint32_t PriorityGroupTmp = (PriorityGroup & (uint32_t)0x07UL);   /* only values 0..7 are used          */
 80003ea:	f000 0007 	and.w	r0, r0, #7
  uint32_t PreemptPriorityBits;
  uint32_t SubPriorityBits;

  PreemptPriorityBits = ((7UL - PriorityGroupTmp) > (uint32_t)(__NVIC_PRIO_BITS)) ? (uint32_t)(__NVIC_PRIO_BITS) : (uint32_t)(7UL - PriorityGroupTmp);
 80003ee:	f1c0 0c07 	rsb	ip, r0, #7
 80003f2:	f1bc 0f04 	cmp.w	ip, #4
 80003f6:	bf28      	it	cs
 80003f8:	f04f 0c04 	movcs.w	ip, #4
  SubPriorityBits     = ((PriorityGroupTmp + (uint32_t)(__NVIC_PRIO_BITS)) < (uint32_t)7UL) ? (uint32_t)0UL : (uint32_t)((PriorityGroupTmp - 7UL) + (uint32_t)(__NVIC_PRIO_BITS));
 80003fc:	1d03      	adds	r3, r0, #4
 80003fe:	2b06      	cmp	r3, #6
 8000400:	d90f      	bls.n	8000422 <NVIC_EncodePriority+0x3a>
 8000402:	1ec3      	subs	r3, r0, #3

  return (
           ((PreemptPriority & (uint32_t)((1UL << (PreemptPriorityBits)) - 1UL)) << SubPriorityBits) |
 8000404:	f04f 3eff 	mov.w	lr, #4294967295
 8000408:	fa0e f00c 	lsl.w	r0, lr, ip
 800040c:	ea21 0100 	bic.w	r1, r1, r0
 8000410:	4099      	lsls	r1, r3
           ((SubPriority     & (uint32_t)((1UL << (SubPriorityBits    )) - 1UL)))
 8000412:	fa0e fe03 	lsl.w	lr, lr, r3
 8000416:	ea22 020e 	bic.w	r2, r2, lr
         );
}
 800041a:	ea41 0002 	orr.w	r0, r1, r2
 800041e:	f85d fb04 	ldr.w	pc, [sp], #4
  SubPriorityBits     = ((PriorityGroupTmp + (uint32_t)(__NVIC_PRIO_BITS)) < (uint32_t)7UL) ? (uint32_t)0UL : (uint32_t)((PriorityGroupTmp - 7UL) + (uint32_t)(__NVIC_PRIO_BITS));
 8000422:	2300      	movs	r3, #0
 8000424:	e7ee      	b.n	8000404 <NVIC_EncodePriority+0x1c>
	...

08000428 <HAL_NVIC_SetPriorityGrouping>:
  reg_value  =  SCB->AIRCR;                                                   /* read old register configuration    */
 8000428:	4a07      	ldr	r2, [pc, #28]	@ (8000448 <HAL_NVIC_SetPriorityGrouping+0x20>)
 800042a:	68d3      	ldr	r3, [r2, #12]
  reg_value &= ~((uint32_t)(SCB_AIRCR_VECTKEY_Msk | SCB_AIRCR_PRIGROUP_Msk)); /* clear bits to change               */
 800042c:	f423 63e0 	bic.w	r3, r3, #1792	@ 0x700
 8000430:	041b      	lsls	r3, r3, #16
 8000432:	0c1b      	lsrs	r3, r3, #16
                (PriorityGroupTmp << SCB_AIRCR_PRIGROUP_Pos) );               /* Insert write key and priority group */
 8000434:	0200      	lsls	r0, r0, #8
 8000436:	f400 60e0 	and.w	r0, r0, #1792	@ 0x700
                ((uint32_t)0x5FAUL << SCB_AIRCR_VECTKEY_Pos) |
 800043a:	4303      	orrs	r3, r0
  reg_value  =  (reg_value                                   |
 800043c:	f043 63bf 	orr.w	r3, r3, #100139008	@ 0x5f80000
 8000440:	f443 3300 	orr.w	r3, r3, #131072	@ 0x20000
  SCB->AIRCR =  reg_value;
 8000444:	60d3      	str	r3, [r2, #12]
  /* Check the parameters */
  assert_param(IS_NVIC_PRIORITY_GROUP(PriorityGroup));
  
  /* Set the PRIGROUP[10:8] bits according to the PriorityGroup parameter value */
  NVIC_SetPriorityGrouping(PriorityGroup);
}
 8000446:	4770      	bx	lr
 8000448:	e000ed00 	.word	0xe000ed00

0800044c <HAL_NVIC_SetPriority>:
  *         This parameter can be a value between 0 and 15
  *         A lower priority value indicates a higher priority.          
  * @retval None
  */
void HAL_NVIC_SetPriority(IRQn_Type IRQn, uint32_t PreemptPriority, uint32_t SubPriority)
{ 
 800044c:	b510      	push	{r4, lr}
 800044e:	4604      	mov	r4, r0
  return ((uint32_t)((SCB->AIRCR & SCB_AIRCR_PRIGROUP_Msk) >> SCB_AIRCR_PRIGROUP_Pos));
 8000450:	4b05      	ldr	r3, [pc, #20]	@ (8000468 <HAL_NVIC_SetPriority+0x1c>)
 8000452:	68d8      	ldr	r0, [r3, #12]
  assert_param(IS_NVIC_SUB_PRIORITY(SubPriority));
  assert_param(IS_NVIC_PREEMPTION_PRIORITY(PreemptPriority));
  
  prioritygroup = NVIC_GetPriorityGrouping();
  
  NVIC_SetPriority(IRQn, NVIC_EncodePriority(prioritygroup, PreemptPriority, SubPriority));
 8000454:	f3c0 2002 	ubfx	r0, r0, #8, #3
 8000458:	f7ff ffc6 	bl	80003e8 <NVIC_EncodePriority>
 800045c:	4601      	mov	r1, r0
 800045e:	4620      	mov	r0, r4
 8000460:	f7ff ffae 	bl	80003c0 <__NVIC_SetPriority>
}
 8000464:	bd10      	pop	{r4, pc}
 8000466:	bf00      	nop
 8000468:	e000ed00 	.word	0xe000ed00

0800046c <HAL_SYSTICK_Config>:
           function <b>SysTick_Config</b> is not included. In this case, the file <b><i>device</i>.h</b>
           must contain a vendor-specific implementation of this function.
 */
__STATIC_INLINE uint32_t SysTick_Config(uint32_t ticks)
{
  if ((ticks - 1UL) > SysTick_LOAD_RELOAD_Msk)
 800046c:	3801      	subs	r0, #1
 800046e:	f1b0 7f80 	cmp.w	r0, #16777216	@ 0x1000000
 8000472:	d20b      	bcs.n	800048c <HAL_SYSTICK_Config+0x20>
  {
    return (1UL);                                                   /* Reload value impossible */
  }

  SysTick->LOAD  = (uint32_t)(ticks - 1UL);                         /* set reload register */
 8000474:	f04f 23e0 	mov.w	r3, #3758153728	@ 0xe000e000
 8000478:	6158      	str	r0, [r3, #20]
    SCB->SHP[(((uint32_t)IRQn) & 0xFUL)-4UL] = (uint8_t)((priority << (8U - __NVIC_PRIO_BITS)) & (uint32_t)0xFFUL);
 800047a:	4a05      	ldr	r2, [pc, #20]	@ (8000490 <HAL_SYSTICK_Config+0x24>)
 800047c:	21f0      	movs	r1, #240	@ 0xf0
 800047e:	f882 1023 	strb.w	r1, [r2, #35]	@ 0x23
  NVIC_SetPriority (SysTick_IRQn, (1UL << __NVIC_PRIO_BITS) - 1UL); /* set Priority for Systick Interrupt */
  SysTick->VAL   = 0UL;                                             /* Load the SysTick Counter Value */
 8000482:	2000      	movs	r0, #0
 8000484:	6198      	str	r0, [r3, #24]
  SysTick->CTRL  = SysTick_CTRL_CLKSOURCE_Msk |
 8000486:	2207      	movs	r2, #7
 8000488:	611a      	str	r2, [r3, #16]
                   SysTick_CTRL_TICKINT_Msk   |
                   SysTick_CTRL_ENABLE_Msk;                         /* Enable SysTick IRQ and SysTick Timer */
  return (0UL);                                                     /* Function successful */
 800048a:	4770      	bx	lr
    return (1UL);                                                   /* Reload value impossible */
 800048c:	2001      	movs	r0, #1
  *                  - 1  Function failed.
  */
uint32_t HAL_SYSTICK_Config(uint32_t TicksNumb)
{
   return SysTick_Config(TicksNumb);
}
 800048e:	4770      	bx	lr
 8000490:	e000ed00 	.word	0xe000ed00

08000494 <HAL_GPIO_Init>:
  * @param  GPIO_Init: pointer to a GPIO_InitTypeDef structure that contains
  *         the configuration information for the specified GPIO peripheral.
  * @retval None
  */
void HAL_GPIO_Init(GPIO_TypeDef  *GPIOx, GPIO_InitTypeDef *GPIO_Init)
{
 8000494:	b570      	push	{r4, r5, r6, lr}
 8000496:	b082      	sub	sp, #8
  uint32_t position = 0x00u;
  uint32_t ioposition;
  uint32_t iocurrent;
  uint32_t temp;
  uint32_t config = 0x00u;
 8000498:	2400      	movs	r4, #0
  uint32_t position = 0x00u;
 800049a:	46a4      	mov	ip, r4
  assert_param(IS_GPIO_ALL_INSTANCE(GPIOx));
  assert_param(IS_GPIO_PIN(GPIO_Init->Pin));
  assert_param(IS_GPIO_MODE(GPIO_Init->Mode));

  /* Configure the port pins */
  while (((GPIO_Init->Pin) >> position) != 0x00u)
 800049c:	e09e      	b.n	80005dc <HAL_GPIO_Init+0x148>
    {
      /* Check the Alternate function parameters */
      assert_param(IS_GPIO_AF_INSTANCE(GPIOx));

      /* Based on the required mode, filling config variable with MODEy[1:0] and CNFy[3:2] corresponding bits */
      switch (GPIO_Init->Mode)
 800049e:	4d7c      	ldr	r5, [pc, #496]	@ (8000690 <HAL_GPIO_Init+0x1fc>)
 80004a0:	42ab      	cmp	r3, r5
 80004a2:	d014      	beq.n	80004ce <HAL_GPIO_Init+0x3a>
 80004a4:	d80c      	bhi.n	80004c0 <HAL_GPIO_Init+0x2c>
 80004a6:	f5a5 1580 	sub.w	r5, r5, #1048576	@ 0x100000
 80004aa:	42ab      	cmp	r3, r5
 80004ac:	d00f      	beq.n	80004ce <HAL_GPIO_Init+0x3a>
 80004ae:	f505 2570 	add.w	r5, r5, #983040	@ 0xf0000
 80004b2:	42ab      	cmp	r3, r5
 80004b4:	d00b      	beq.n	80004ce <HAL_GPIO_Init+0x3a>
 80004b6:	f5a5 1580 	sub.w	r5, r5, #1048576	@ 0x100000
 80004ba:	42ab      	cmp	r3, r5
 80004bc:	d11f      	bne.n	80004fe <HAL_GPIO_Init+0x6a>
 80004be:	e006      	b.n	80004ce <HAL_GPIO_Init+0x3a>
 80004c0:	4d74      	ldr	r5, [pc, #464]	@ (8000694 <HAL_GPIO_Init+0x200>)
 80004c2:	42ab      	cmp	r3, r5
 80004c4:	d003      	beq.n	80004ce <HAL_GPIO_Init+0x3a>
 80004c6:	f505 3580 	add.w	r5, r5, #65536	@ 0x10000
 80004ca:	42ab      	cmp	r3, r5
 80004cc:	d117      	bne.n	80004fe <HAL_GPIO_Init+0x6a>
        case GPIO_MODE_EVT_RISING:
        case GPIO_MODE_EVT_FALLING:
        case GPIO_MODE_EVT_RISING_FALLING:
          /* Check the GPIO pull parameter */
          assert_param(IS_GPIO_PULL(GPIO_Init->Pull));
          if (GPIO_Init->Pull == GPIO_NOPULL)
 80004ce:	688b      	ldr	r3, [r1, #8]
 80004d0:	b1a3      	cbz	r3, 80004fc <HAL_GPIO_Init+0x68>
          {
            config = GPIO_CR_MODE_INPUT + GPIO_CR_CNF_INPUT_FLOATING;
          }
          else if (GPIO_Init->Pull == GPIO_PULLUP)
 80004d2:	2b01      	cmp	r3, #1
 80004d4:	d00d      	beq.n	80004f2 <HAL_GPIO_Init+0x5e>
          else /* GPIO_PULLDOWN */
          {
            config = GPIO_CR_MODE_INPUT + GPIO_CR_CNF_INPUT_PU_PD;

            /* Reset the corresponding ODR bit */
            GPIOx->BRR = ioposition;
 80004d6:	6142      	str	r2, [r0, #20]
            config = GPIO_CR_MODE_INPUT + GPIO_CR_CNF_INPUT_PU_PD;
 80004d8:	2408      	movs	r4, #8
 80004da:	e010      	b.n	80004fe <HAL_GPIO_Init+0x6a>
          config = GPIO_Init->Speed + GPIO_CR_CNF_GP_OUTPUT_PP;
 80004dc:	68cc      	ldr	r4, [r1, #12]
          break;
 80004de:	e00e      	b.n	80004fe <HAL_GPIO_Init+0x6a>
          config = GPIO_Init->Speed + GPIO_CR_CNF_GP_OUTPUT_OD;
 80004e0:	68cc      	ldr	r4, [r1, #12]
 80004e2:	3404      	adds	r4, #4
          break;
 80004e4:	e00b      	b.n	80004fe <HAL_GPIO_Init+0x6a>
          config = GPIO_Init->Speed + GPIO_CR_CNF_AF_OUTPUT_PP;
 80004e6:	68cc      	ldr	r4, [r1, #12]
 80004e8:	3408      	adds	r4, #8
          break;
 80004ea:	e008      	b.n	80004fe <HAL_GPIO_Init+0x6a>
          config = GPIO_Init->Speed + GPIO_CR_CNF_AF_OUTPUT_OD;
 80004ec:	68cc      	ldr	r4, [r1, #12]
 80004ee:	340c      	adds	r4, #12
          break;
 80004f0:	e005      	b.n	80004fe <HAL_GPIO_Init+0x6a>
            GPIOx->BSRR = ioposition;
 80004f2:	6102      	str	r2, [r0, #16]
            config = GPIO_CR_MODE_INPUT + GPIO_CR_CNF_INPUT_PU_PD;
 80004f4:	2408      	movs	r4, #8
 80004f6:	e002      	b.n	80004fe <HAL_GPIO_Init+0x6a>
          }
          break;

        /* If we are configuring the pin in INPUT analog mode */
        case GPIO_MODE_ANALOG:
          config = GPIO_CR_MODE_INPUT + GPIO_CR_CNF_ANALOG;
 80004f8:	2400      	movs	r4, #0
 80004fa:	e000      	b.n	80004fe <HAL_GPIO_Init+0x6a>
            config = GPIO_CR_MODE_INPUT + GPIO_CR_CNF_INPUT_FLOATING;
 80004fc:	2404      	movs	r4, #4
          break;
      }

      /* Check if the current bit belongs to first half or last half of the pin count number
       in order to address CRH or CRL register*/
      configregister = (iocurrent < GPIO_PIN_8) ? &GPIOx->CRL     : &GPIOx->CRH;
 80004fe:	f1be 0fff 	cmp.w	lr, #255	@ 0xff
 8000502:	d837      	bhi.n	8000574 <HAL_GPIO_Init+0xe0>
 8000504:	4606      	mov	r6, r0
      registeroffset = (iocurrent < GPIO_PIN_8) ? (position << 2u) : ((position - 8u) << 2u);
 8000506:	ea4f 028c 	mov.w	r2, ip, lsl #2

      /* Apply the new configuration of the pin to the register */
      MODIFY_REG((*configregister), ((GPIO_CRL_MODE0 | GPIO_CRL_CNF0) << registeroffset), (config << registeroffset));
 800050a:	6833      	ldr	r3, [r6, #0]
 800050c:	250f      	movs	r5, #15
 800050e:	4095      	lsls	r5, r2
 8000510:	ea23 0305 	bic.w	r3, r3, r5
 8000514:	fa04 f202 	lsl.w	r2, r4, r2
 8000518:	4313      	orrs	r3, r2
 800051a:	6033      	str	r3, [r6, #0]

      /*--------------------- EXTI Mode Configuration ------------------------*/
      /* Configure the External Interrupt or event for the current IO */
      if ((GPIO_Init->Mode & EXTI_MODE) == EXTI_MODE)
 800051c:	684b      	ldr	r3, [r1, #4]
 800051e:	f013 5f80 	tst.w	r3, #268435456	@ 0x10000000
 8000522:	d059      	beq.n	80005d8 <HAL_GPIO_Init+0x144>
      {
        /* Enable AFIO Clock */
        __HAL_RCC_AFIO_CLK_ENABLE();
 8000524:	4b5c      	ldr	r3, [pc, #368]	@ (8000698 <HAL_GPIO_Init+0x204>)
 8000526:	699a      	ldr	r2, [r3, #24]
 8000528:	f042 0201 	orr.w	r2, r2, #1
 800052c:	619a      	str	r2, [r3, #24]
 800052e:	699b      	ldr	r3, [r3, #24]
 8000530:	f003 0301 	and.w	r3, r3, #1
 8000534:	9301      	str	r3, [sp, #4]
 8000536:	9b01      	ldr	r3, [sp, #4]
        temp = AFIO->EXTICR[position >> 2u];
 8000538:	ea4f 029c 	mov.w	r2, ip, lsr #2
 800053c:	1c95      	adds	r5, r2, #2
 800053e:	4b57      	ldr	r3, [pc, #348]	@ (800069c <HAL_GPIO_Init+0x208>)
 8000540:	f853 6025 	ldr.w	r6, [r3, r5, lsl #2]
        CLEAR_BIT(temp, (0x0Fu) << (4u * (position & 0x03u)));
 8000544:	f00c 0503 	and.w	r5, ip, #3
 8000548:	00ad      	lsls	r5, r5, #2
 800054a:	230f      	movs	r3, #15
 800054c:	40ab      	lsls	r3, r5
 800054e:	ea26 0603 	bic.w	r6, r6, r3
        SET_BIT(temp, (GPIO_GET_INDEX(GPIOx)) << (4u * (position & 0x03u)));
 8000552:	4b53      	ldr	r3, [pc, #332]	@ (80006a0 <HAL_GPIO_Init+0x20c>)
 8000554:	4298      	cmp	r0, r3
 8000556:	d014      	beq.n	8000582 <HAL_GPIO_Init+0xee>
 8000558:	f503 6380 	add.w	r3, r3, #1024	@ 0x400
 800055c:	4298      	cmp	r0, r3
 800055e:	d079      	beq.n	8000654 <HAL_GPIO_Init+0x1c0>
 8000560:	f503 6380 	add.w	r3, r3, #1024	@ 0x400
 8000564:	4298      	cmp	r0, r3
 8000566:	d077      	beq.n	8000658 <HAL_GPIO_Init+0x1c4>
 8000568:	f503 6380 	add.w	r3, r3, #1024	@ 0x400
 800056c:	4298      	cmp	r0, r3
 800056e:	d006      	beq.n	800057e <HAL_GPIO_Init+0xea>
 8000570:	2304      	movs	r3, #4
 8000572:	e007      	b.n	8000584 <HAL_GPIO_Init+0xf0>
      configregister = (iocurrent < GPIO_PIN_8) ? &GPIOx->CRL     : &GPIOx->CRH;
 8000574:	1d06      	adds	r6, r0, #4
      registeroffset = (iocurrent < GPIO_PIN_8) ? (position << 2u) : ((position - 8u) << 2u);
 8000576:	f1ac 0208 	sub.w	r2, ip, #8
 800057a:	0092      	lsls	r2, r2, #2
 800057c:	e7c5      	b.n	800050a <HAL_GPIO_Init+0x76>
        SET_BIT(temp, (GPIO_GET_INDEX(GPIOx)) << (4u * (position & 0x03u)));
 800057e:	2303      	movs	r3, #3
 8000580:	e000      	b.n	8000584 <HAL_GPIO_Init+0xf0>
 8000582:	2300      	movs	r3, #0
 8000584:	40ab      	lsls	r3, r5
 8000586:	4333      	orrs	r3, r6
        AFIO->EXTICR[position >> 2u] = temp;
 8000588:	3202      	adds	r2, #2
 800058a:	4d44      	ldr	r5, [pc, #272]	@ (800069c <HAL_GPIO_Init+0x208>)
 800058c:	f845 3022 	str.w	r3, [r5, r2, lsl #2]


        /* Enable or disable the rising trigger */
        if ((GPIO_Init->Mode & RISING_EDGE) == RISING_EDGE)
 8000590:	684b      	ldr	r3, [r1, #4]
 8000592:	f413 1f80 	tst.w	r3, #1048576	@ 0x100000
 8000596:	d061      	beq.n	800065c <HAL_GPIO_Init+0x1c8>
        {
          SET_BIT(EXTI->RTSR, iocurrent);
 8000598:	4a42      	ldr	r2, [pc, #264]	@ (80006a4 <HAL_GPIO_Init+0x210>)
 800059a:	6893      	ldr	r3, [r2, #8]
 800059c:	ea43 030e 	orr.w	r3, r3, lr
 80005a0:	6093      	str	r3, [r2, #8]
        {
          CLEAR_BIT(EXTI->RTSR, iocurrent);
        }

        /* Enable or disable the falling trigger */
        if ((GPIO_Init->Mode & FALLING_EDGE) == FALLING_EDGE)
 80005a2:	684b      	ldr	r3, [r1, #4]
 80005a4:	f413 1f00 	tst.w	r3, #2097152	@ 0x200000
 80005a8:	d05e      	beq.n	8000668 <HAL_GPIO_Init+0x1d4>
        {
          SET_BIT(EXTI->FTSR, iocurrent);
 80005aa:	4a3e      	ldr	r2, [pc, #248]	@ (80006a4 <HAL_GPIO_Init+0x210>)
 80005ac:	68d3      	ldr	r3, [r2, #12]
 80005ae:	ea43 030e 	orr.w	r3, r3, lr
 80005b2:	60d3      	str	r3, [r2, #12]
        {
          CLEAR_BIT(EXTI->FTSR, iocurrent);
        }

        /* Configure the event mask */
        if ((GPIO_Init->Mode & GPIO_MODE_EVT) == GPIO_MODE_EVT)
 80005b4:	684b      	ldr	r3, [r1, #4]
 80005b6:	f413 3f00 	tst.w	r3, #131072	@ 0x20000
 80005ba:	d05b      	beq.n	8000674 <HAL_GPIO_Init+0x1e0>
        {
          SET_BIT(EXTI->EMR, iocurrent);
 80005bc:	4a39      	ldr	r2, [pc, #228]	@ (80006a4 <HAL_GPIO_Init+0x210>)
 80005be:	6853      	ldr	r3, [r2, #4]
 80005c0:	ea43 030e 	orr.w	r3, r3, lr
 80005c4:	6053      	str	r3, [r2, #4]
        {
          CLEAR_BIT(EXTI->EMR, iocurrent);
        }

        /* Configure the interrupt mask */
        if ((GPIO_Init->Mode & GPIO_MODE_IT) == GPIO_MODE_IT)
 80005c6:	684b      	ldr	r3, [r1, #4]
 80005c8:	f413 3f80 	tst.w	r3, #65536	@ 0x10000
 80005cc:	d058      	beq.n	8000680 <HAL_GPIO_Init+0x1ec>
        {
          SET_BIT(EXTI->IMR, iocurrent);
 80005ce:	4a35      	ldr	r2, [pc, #212]	@ (80006a4 <HAL_GPIO_Init+0x210>)
 80005d0:	6813      	ldr	r3, [r2, #0]
 80005d2:	ea43 030e 	orr.w	r3, r3, lr
 80005d6:	6013      	str	r3, [r2, #0]
          CLEAR_BIT(EXTI->IMR, iocurrent);
        }
      }
    }

	position++;
 80005d8:	f10c 0c01 	add.w	ip, ip, #1
  while (((GPIO_Init->Pin) >> position) != 0x00u)
 80005dc:	680b      	ldr	r3, [r1, #0]
 80005de:	fa33 f20c 	lsrs.w	r2, r3, ip
 80005e2:	d053      	beq.n	800068c <HAL_GPIO_Init+0x1f8>
    ioposition = (0x01uL << position);
 80005e4:	2201      	movs	r2, #1
 80005e6:	fa02 f20c 	lsl.w	r2, r2, ip
    iocurrent = (uint32_t)(GPIO_Init->Pin) & ioposition;
 80005ea:	ea03 0e02 	and.w	lr, r3, r2
    if (iocurrent == ioposition)
 80005ee:	ea32 0303 	bics.w	r3, r2, r3
 80005f2:	d1f1      	bne.n	80005d8 <HAL_GPIO_Init+0x144>
      switch (GPIO_Init->Mode)
 80005f4:	684b      	ldr	r3, [r1, #4]
 80005f6:	2b12      	cmp	r3, #18
 80005f8:	f63f af51 	bhi.w	800049e <HAL_GPIO_Init+0xa>
 80005fc:	2b12      	cmp	r3, #18
 80005fe:	f63f af7e 	bhi.w	80004fe <HAL_GPIO_Init+0x6a>
 8000602:	a501      	add	r5, pc, #4	@ (adr r5, 8000608 <HAL_GPIO_Init+0x174>)
 8000604:	f855 f023 	ldr.w	pc, [r5, r3, lsl #2]
 8000608:	080004cf 	.word	0x080004cf
 800060c:	080004dd 	.word	0x080004dd
 8000610:	080004e7 	.word	0x080004e7
 8000614:	080004f9 	.word	0x080004f9
 8000618:	080004ff 	.word	0x080004ff
 800061c:	080004ff 	.word	0x080004ff
 8000620:	080004ff 	.word	0x080004ff
 8000624:	080004ff 	.word	0x080004ff
 8000628:	080004ff 	.word	0x080004ff
 800062c:	080004ff 	.word	0x080004ff
 8000630:	080004ff 	.word	0x080004ff
 8000634:	080004ff 	.word	0x080004ff
 8000638:	080004ff 	.word	0x080004ff
 800063c:	080004ff 	.word	0x080004ff
 8000640:	080004ff 	.word	0x080004ff
 8000644:	080004ff 	.word	0x080004ff
 8000648:	080004ff 	.word	0x080004ff
 800064c:	080004e1 	.word	0x080004e1
 8000650:	080004ed 	.word	0x080004ed
        SET_BIT(temp, (GPIO_GET_INDEX(GPIOx)) << (4u * (position & 0x03u)));
 8000654:	2301      	movs	r3, #1
 8000656:	e795      	b.n	8000584 <HAL_GPIO_Init+0xf0>
 8000658:	2302      	movs	r3, #2
 800065a:	e793      	b.n	8000584 <HAL_GPIO_Init+0xf0>
          CLEAR_BIT(EXTI->RTSR, iocurrent);
 800065c:	4a11      	ldr	r2, [pc, #68]	@ (80006a4 <HAL_GPIO_Init+0x210>)
 800065e:	6893      	ldr	r3, [r2, #8]
 8000660:	ea23 030e 	bic.w	r3, r3, lr
 8000664:	6093      	str	r3, [r2, #8]
 8000666:	e79c      	b.n	80005a2 <HAL_GPIO_Init+0x10e>
          CLEAR_BIT(EXTI->FTSR, iocurrent);
 8000668:	4a0e      	ldr	r2, [pc, #56]	@ (80006a4 <HAL_GPIO_Init+0x210>)
 800066a:	68d3      	ldr	r3, [r2, #12]
 800066c:	ea23 030e 	bic.w	r3, r3, lr
 8000670:	60d3      	str	r3, [r2, #12]
 8000672:	e79f      	b.n	80005b4 <HAL_GPIO_Init+0x120>
          CLEAR_BIT(EXTI->EMR, iocurrent);
 8000674:	4a0b      	ldr	r2, [pc, #44]	@ (80006a4 <HAL_GPIO_Init+0x210>)
 8000676:	6853      	ldr	r3, [r2, #4]
 8000678:	ea23 030e 	bic.w	r3, r3, lr
 800067c:	6053      	str	r3, [r2, #4]
 800067e:	e7a2      	b.n	80005c6 <HAL_GPIO_Init+0x132>
          CLEAR_BIT(EXTI->IMR, iocurrent);
 8000680:	4a08      	ldr	r2, [pc, #32]	@ (80006a4 <HAL_GPIO_Init+0x210>)
 8000682:	6813      	ldr	r3, [r2, #0]
 8000684:	ea23 030e 	bic.w	r3, r3, lr
 8000688:	6013      	str	r3, [r2, #0]
 800068a:	e7a5      	b.n	80005d8 <HAL_GPIO_Init+0x144>
  }
}
 800068c:	b002      	add	sp, #8
 800068e:	bd70      	pop	{r4, r5, r6, pc}
 8000690:	10220000 	.word	0x10220000
 8000694:	10310000 	.word	0x10310000
 8000698:	40021000 	.word	0x40021000
 800069c:	40010000 	.word	0x40010000
 80006a0:	40010800 	.word	0x40010800
 80006a4:	40010400 	.word	0x40010400

080006a8 <HAL_GPIO_WritePin>:
{
  /* Check the parameters */
  assert_param(IS_GPIO_PIN(GPIO_Pin));
  assert_param(IS_GPIO_PIN_ACTION(PinState));

  if (PinState != GPIO_PIN_RESET)
 80006a8:	b10a      	cbz	r2, 80006ae <HAL_GPIO_WritePin+0x6>
  {
    GPIOx->BSRR = GPIO_Pin;
 80006aa:	6101      	str	r1, [r0, #16]
 80006ac:	4770      	bx	lr
  }
  else
  {
    GPIOx->BSRR = (uint32_t)GPIO_Pin << 16u;
 80006ae:	0409      	lsls	r1, r1, #16
 80006b0:	6101      	str	r1, [r0, #16]
  }
}
 80006b2:	4770      	bx	lr

080006b4 <HAL_MspInit>:
/* USER CODE END 0 */
/**
  * Initializes the Global MSP.
  */
void HAL_MspInit(void)
{
 80006b4:	b082      	sub	sp, #8

  /* USER CODE BEGIN MspInit 0 */

  /* USER CODE END MspInit 0 */

  __HAL_RCC_AFIO_CLK_ENABLE();
 80006b6:	4b0e      	ldr	r3, [pc, #56]	@ (80006f0 <HAL_MspInit+0x3c>)
 80006b8:	699a      	ldr	r2, [r3, #24]
 80006ba:	f042 0201 	orr.w	r2, r2, #1
 80006be:	619a      	str	r2, [r3, #24]
 80006c0:	699a      	ldr	r2, [r3, #24]
 80006c2:	f002 0201 	and.w	r2, r2, #1
 80006c6:	9200      	str	r2, [sp, #0]
 80006c8:	9a00      	ldr	r2, [sp, #0]
  __HAL_RCC_PWR_CLK_ENABLE();
 80006ca:	69da      	ldr	r2, [r3, #28]
 80006cc:	f042 5280 	orr.w	r2, r2, #268435456	@ 0x10000000
 80006d0:	61da      	str	r2, [r3, #28]
 80006d2:	69db      	ldr	r3, [r3, #28]
 80006d4:	f003 5380 	and.w	r3, r3, #268435456	@ 0x10000000
 80006d8:	9301      	str	r3, [sp, #4]
 80006da:	9b01      	ldr	r3, [sp, #4]

  /* System interrupt init*/

  /** DISABLE: JTAG-DP Disabled and SW-DP Disabled
  */
  __HAL_AFIO_REMAP_SWJ_DISABLE();
 80006dc:	4a05      	ldr	r2, [pc, #20]	@ (80006f4 <HAL_MspInit+0x40>)
 80006de:	6853      	ldr	r3, [r2, #4]
 80006e0:	f023 63e0 	bic.w	r3, r3, #117440512	@ 0x7000000
 80006e4:	f043 6380 	orr.w	r3, r3, #67108864	@ 0x4000000
 80006e8:	6053      	str	r3, [r2, #4]

  /* USER CODE BEGIN MspInit 1 */

  /* USER CODE END MspInit 1 */
}
 80006ea:	b002      	add	sp, #8
 80006ec:	4770      	bx	lr
 80006ee:	bf00      	nop
 80006f0:	40021000 	.word	0x40021000
 80006f4:	40010000 	.word	0x40010000

080006f8 <HAL_PCD_MspInit>:
  * @param hpcd: PCD handle pointer
  * @retval None
  */
void HAL_PCD_MspInit(PCD_HandleTypeDef* hpcd)
{
  if(hpcd->Instance==USB)
 80006f8:	6802      	ldr	r2, [r0, #0]
 80006fa:	4b09      	ldr	r3, [pc, #36]	@ (8000720 <HAL_PCD_MspInit+0x28>)
 80006fc:	429a      	cmp	r2, r3
 80006fe:	d000      	beq.n	8000702 <HAL_PCD_MspInit+0xa>
 8000700:	4770      	bx	lr
{
 8000702:	b082      	sub	sp, #8
  {
    /* USER CODE BEGIN USB_MspInit 0 */

    /* USER CODE END USB_MspInit 0 */
    /* Peripheral clock enable */
    __HAL_RCC_USB_CLK_ENABLE();
 8000704:	f503 33da 	add.w	r3, r3, #111616	@ 0x1b400
 8000708:	69da      	ldr	r2, [r3, #28]
 800070a:	f442 0200 	orr.w	r2, r2, #8388608	@ 0x800000
 800070e:	61da      	str	r2, [r3, #28]
 8000710:	69db      	ldr	r3, [r3, #28]
 8000712:	f403 0300 	and.w	r3, r3, #8388608	@ 0x800000
 8000716:	9301      	str	r3, [sp, #4]
 8000718:	9b01      	ldr	r3, [sp, #4]

    /* USER CODE END USB_MspInit 1 */

  }

}
 800071a:	b002      	add	sp, #8
 800071c:	4770      	bx	lr
 800071e:	bf00      	nop
 8000720:	40005c00 	.word	0x40005c00

08000724 <HAL_PCD_Init>:
  *         parameters in the PCD_InitTypeDef and initialize the associated handle.
  * @param  hpcd PCD handle
  * @retval HAL status
  */
HAL_StatusTypeDef HAL_PCD_Init(PCD_HandleTypeDef *hpcd)
{
 8000724:	b538      	push	{r3, r4, r5, lr}
  uint8_t i;

  /* Check the PCD handle allocation */
  if (hpcd == NULL)
 8000726:	2800      	cmp	r0, #0
 8000728:	d06e      	beq.n	8000808 <HAL_PCD_Init+0xe4>
 800072a:	4604      	mov	r4, r0
  }

  /* Check the parameters */
  assert_param(IS_PCD_ALL_INSTANCE(hpcd->Instance));

  if (hpcd->State == HAL_PCD_STATE_RESET)
 800072c:	f890 3291 	ldrb.w	r3, [r0, #657]	@ 0x291
 8000730:	b1a3      	cbz	r3, 800075c <HAL_PCD_Init+0x38>
    /* Init the low level hardware : GPIO, CLOCK, NVIC... */
    HAL_PCD_MspInit(hpcd);
#endif /* (USE_HAL_PCD_REGISTER_CALLBACKS) */
  }

  hpcd->State = HAL_PCD_STATE_BUSY;
 8000732:	2303      	movs	r3, #3
 8000734:	f884 3291 	strb.w	r3, [r4, #657]	@ 0x291

  /* Disable DMA mode for FS instance */
  hpcd->Init.dma_enable = 0U;
 8000738:	2300      	movs	r3, #0
 800073a:	7163      	strb	r3, [r4, #5]

  /* Disable the Interrupts */
  __HAL_PCD_DISABLE(hpcd);
 800073c:	6820      	ldr	r0, [r4, #0]
 800073e:	f000 fc02 	bl	8000f46 <USB_DisableGlobalInt>

  /*Init the Core (common init.) */
  if (USB_CoreInit(hpcd->Instance, hpcd->Init) != HAL_OK)
 8000742:	4623      	mov	r3, r4
 8000744:	f853 0b04 	ldr.w	r0, [r3], #4
 8000748:	cb0e      	ldmia	r3, {r1, r2, r3}
 800074a:	f000 fbf5 	bl	8000f38 <USB_CoreInit>
 800074e:	b150      	cbz	r0, 8000766 <HAL_PCD_Init+0x42>
  {
    hpcd->State = HAL_PCD_STATE_ERROR;
 8000750:	2302      	movs	r3, #2
 8000752:	f884 3291 	strb.w	r3, [r4, #657]	@ 0x291
    return HAL_ERROR;
 8000756:	2501      	movs	r5, #1
  hpcd->USB_Address = 0U;
  hpcd->State = HAL_PCD_STATE_READY;
  (void)USB_DevDisconnect(hpcd->Instance);

  return HAL_OK;
}
 8000758:	4628      	mov	r0, r5
 800075a:	bd38      	pop	{r3, r4, r5, pc}
    hpcd->Lock = HAL_UNLOCKED;
 800075c:	f880 3290 	strb.w	r3, [r0, #656]	@ 0x290
    HAL_PCD_MspInit(hpcd);
 8000760:	f7ff ffca 	bl	80006f8 <HAL_PCD_MspInit>
 8000764:	e7e5      	b.n	8000732 <HAL_PCD_Init+0xe>
  if (USB_SetCurrentMode(hpcd->Instance, USB_DEVICE_MODE) != HAL_OK)
 8000766:	2100      	movs	r1, #0
 8000768:	6820      	ldr	r0, [r4, #0]
 800076a:	f000 fbf6 	bl	8000f5a <USB_SetCurrentMode>
 800076e:	4603      	mov	r3, r0
 8000770:	b9a8      	cbnz	r0, 800079e <HAL_PCD_Init+0x7a>
  for (i = 0U; i < hpcd->Init.dev_endpoints; i++)
 8000772:	4602      	mov	r2, r0
 8000774:	7920      	ldrb	r0, [r4, #4]
 8000776:	4290      	cmp	r0, r2
 8000778:	d916      	bls.n	80007a8 <HAL_PCD_Init+0x84>
    hpcd->IN_ep[i].is_in = 1U;
 800077a:	eb02 0182 	add.w	r1, r2, r2, lsl #2
 800077e:	eb04 01c1 	add.w	r1, r4, r1, lsl #3
 8000782:	2001      	movs	r0, #1
 8000784:	7448      	strb	r0, [r1, #17]
    hpcd->IN_ep[i].num = i;
 8000786:	740a      	strb	r2, [r1, #16]
    hpcd->IN_ep[i].type = EP_TYPE_CTRL;
 8000788:	2000      	movs	r0, #0
 800078a:	74c8      	strb	r0, [r1, #19]
    hpcd->IN_ep[i].maxpacket = 0U;
 800078c:	6208      	str	r0, [r1, #32]
    hpcd->IN_ep[i].xfer_buff = 0U;
 800078e:	6248      	str	r0, [r1, #36]	@ 0x24
    hpcd->IN_ep[i].xfer_len = 0U;
 8000790:	3201      	adds	r2, #1
 8000792:	eb02 0182 	add.w	r1, r2, r2, lsl #2
 8000796:	00c9      	lsls	r1, r1, #3
 8000798:	5060      	str	r0, [r4, r1]
  for (i = 0U; i < hpcd->Init.dev_endpoints; i++)
 800079a:	b2d2      	uxtb	r2, r2
 800079c:	e7ea      	b.n	8000774 <HAL_PCD_Init+0x50>
    hpcd->State = HAL_PCD_STATE_ERROR;
 800079e:	2302      	movs	r3, #2
 80007a0:	f884 3291 	strb.w	r3, [r4, #657]	@ 0x291
    return HAL_ERROR;
 80007a4:	2501      	movs	r5, #1
 80007a6:	e7d7      	b.n	8000758 <HAL_PCD_Init+0x34>
  for (i = 0U; i < hpcd->Init.dev_endpoints; i++)
 80007a8:	4298      	cmp	r0, r3
 80007aa:	d917      	bls.n	80007dc <HAL_PCD_Init+0xb8>
    hpcd->OUT_ep[i].is_in = 0U;
 80007ac:	eb03 0283 	add.w	r2, r3, r3, lsl #2
 80007b0:	eb04 02c2 	add.w	r2, r4, r2, lsl #3
 80007b4:	2100      	movs	r1, #0
 80007b6:	f882 1151 	strb.w	r1, [r2, #337]	@ 0x151
    hpcd->OUT_ep[i].num = i;
 80007ba:	f882 3150 	strb.w	r3, [r2, #336]	@ 0x150
    hpcd->OUT_ep[i].type = EP_TYPE_CTRL;
 80007be:	f882 1153 	strb.w	r1, [r2, #339]	@ 0x153
    hpcd->OUT_ep[i].maxpacket = 0U;
 80007c2:	f8c2 1160 	str.w	r1, [r2, #352]	@ 0x160
    hpcd->OUT_ep[i].xfer_buff = 0U;
 80007c6:	f8c2 1164 	str.w	r1, [r2, #356]	@ 0x164
    hpcd->OUT_ep[i].xfer_len = 0U;
 80007ca:	eb03 0283 	add.w	r2, r3, r3, lsl #2
 80007ce:	eb04 02c2 	add.w	r2, r4, r2, lsl #3
 80007d2:	f8c2 1168 	str.w	r1, [r2, #360]	@ 0x168
  for (i = 0U; i < hpcd->Init.dev_endpoints; i++)
 80007d6:	3301      	adds	r3, #1
 80007d8:	b2db      	uxtb	r3, r3
 80007da:	e7e5      	b.n	80007a8 <HAL_PCD_Init+0x84>
  if (USB_DevInit(hpcd->Instance, hpcd->Init) != HAL_OK)
 80007dc:	4623      	mov	r3, r4
 80007de:	f853 0b04 	ldr.w	r0, [r3], #4
 80007e2:	cb0e      	ldmia	r3, {r1, r2, r3}
 80007e4:	f000 fbbb 	bl	8000f5e <USB_DevInit>
 80007e8:	4605      	mov	r5, r0
 80007ea:	b120      	cbz	r0, 80007f6 <HAL_PCD_Init+0xd2>
    hpcd->State = HAL_PCD_STATE_ERROR;
 80007ec:	2302      	movs	r3, #2
 80007ee:	f884 3291 	strb.w	r3, [r4, #657]	@ 0x291
    return HAL_ERROR;
 80007f2:	2501      	movs	r5, #1
 80007f4:	e7b0      	b.n	8000758 <HAL_PCD_Init+0x34>
  hpcd->USB_Address = 0U;
 80007f6:	2300      	movs	r3, #0
 80007f8:	7363      	strb	r3, [r4, #13]
  hpcd->State = HAL_PCD_STATE_READY;
 80007fa:	2301      	movs	r3, #1
 80007fc:	f884 3291 	strb.w	r3, [r4, #657]	@ 0x291
  (void)USB_DevDisconnect(hpcd->Instance);
 8000800:	6820      	ldr	r0, [r4, #0]
 8000802:	f000 fbbd 	bl	8000f80 <USB_DevDisconnect>
  return HAL_OK;
 8000806:	e7a7      	b.n	8000758 <HAL_PCD_Init+0x34>
    return HAL_ERROR;
 8000808:	2501      	movs	r5, #1
 800080a:	e7a5      	b.n	8000758 <HAL_PCD_Init+0x34>

0800080c <RCC_Delay>:
  * @brief  This function provides delay (in milliseconds) based on CPU cycles method.
  * @param  mdelay: specifies the delay time length, in milliseconds.
  * @retval None
  */
static void RCC_Delay(uint32_t mdelay)
{
 800080c:	b082      	sub	sp, #8
  __IO uint32_t Delay = mdelay * (SystemCoreClock / 8U / 1000U);
 800080e:	4b08      	ldr	r3, [pc, #32]	@ (8000830 <RCC_Delay+0x24>)
 8000810:	681b      	ldr	r3, [r3, #0]
 8000812:	4a08      	ldr	r2, [pc, #32]	@ (8000834 <RCC_Delay+0x28>)
 8000814:	fba2 2303 	umull	r2, r3, r2, r3
 8000818:	0a5b      	lsrs	r3, r3, #9
 800081a:	fb00 f303 	mul.w	r3, r0, r3
 800081e:	9301      	str	r3, [sp, #4]
  do
  {
    __NOP();
 8000820:	bf00      	nop
  }
  while (Delay --);
 8000822:	9b01      	ldr	r3, [sp, #4]
 8000824:	1e5a      	subs	r2, r3, #1
 8000826:	9201      	str	r2, [sp, #4]
 8000828:	2b00      	cmp	r3, #0
 800082a:	d1f9      	bne.n	8000820 <RCC_Delay+0x14>
}
 800082c:	b002      	add	sp, #8
 800082e:	4770      	bx	lr
 8000830:	20000008 	.word	0x20000008
 8000834:	10624dd3 	.word	0x10624dd3

08000838 <HAL_RCC_OscConfig>:
  if (RCC_OscInitStruct == NULL)
 8000838:	2800      	cmp	r0, #0
 800083a:	f000 81f1 	beq.w	8000c20 <HAL_RCC_OscConfig+0x3e8>
{
 800083e:	b570      	push	{r4, r5, r6, lr}
 8000840:	b082      	sub	sp, #8
 8000842:	4604      	mov	r4, r0
  if (((RCC_OscInitStruct->OscillatorType) & RCC_OSCILLATORTYPE_HSE) == RCC_OSCILLATORTYPE_HSE)
 8000844:	6803      	ldr	r3, [r0, #0]
 8000846:	f013 0f01 	tst.w	r3, #1
 800084a:	d02c      	beq.n	80008a6 <HAL_RCC_OscConfig+0x6e>
    if ((__HAL_RCC_GET_SYSCLK_SOURCE() == RCC_SYSCLKSOURCE_STATUS_HSE)
 800084c:	4b99      	ldr	r3, [pc, #612]	@ (8000ab4 <HAL_RCC_OscConfig+0x27c>)
 800084e:	685b      	ldr	r3, [r3, #4]
 8000850:	f003 030c 	and.w	r3, r3, #12
 8000854:	2b04      	cmp	r3, #4
 8000856:	d01d      	beq.n	8000894 <HAL_RCC_OscConfig+0x5c>
        || ((__HAL_RCC_GET_SYSCLK_SOURCE() == RCC_SYSCLKSOURCE_STATUS_PLLCLK) && (__HAL_RCC_GET_PLL_OSCSOURCE() == RCC_PLLSOURCE_HSE)))
 8000858:	4b96      	ldr	r3, [pc, #600]	@ (8000ab4 <HAL_RCC_OscConfig+0x27c>)
 800085a:	685b      	ldr	r3, [r3, #4]
 800085c:	f003 030c 	and.w	r3, r3, #12
 8000860:	2b08      	cmp	r3, #8
 8000862:	d012      	beq.n	800088a <HAL_RCC_OscConfig+0x52>
      __HAL_RCC_HSE_CONFIG(RCC_OscInitStruct->HSEState);
 8000864:	6863      	ldr	r3, [r4, #4]
 8000866:	f5b3 3f80 	cmp.w	r3, #65536	@ 0x10000
 800086a:	d041      	beq.n	80008f0 <HAL_RCC_OscConfig+0xb8>
 800086c:	2b00      	cmp	r3, #0
 800086e:	d155      	bne.n	800091c <HAL_RCC_OscConfig+0xe4>
 8000870:	f103 4380 	add.w	r3, r3, #1073741824	@ 0x40000000
 8000874:	f503 3304 	add.w	r3, r3, #135168	@ 0x21000
 8000878:	681a      	ldr	r2, [r3, #0]
 800087a:	f422 3280 	bic.w	r2, r2, #65536	@ 0x10000
 800087e:	601a      	str	r2, [r3, #0]
 8000880:	681a      	ldr	r2, [r3, #0]
 8000882:	f422 2280 	bic.w	r2, r2, #262144	@ 0x40000
 8000886:	601a      	str	r2, [r3, #0]
 8000888:	e037      	b.n	80008fa <HAL_RCC_OscConfig+0xc2>
        || ((__HAL_RCC_GET_SYSCLK_SOURCE() == RCC_SYSCLKSOURCE_STATUS_PLLCLK) && (__HAL_RCC_GET_PLL_OSCSOURCE() == RCC_PLLSOURCE_HSE)))
 800088a:	4b8a      	ldr	r3, [pc, #552]	@ (8000ab4 <HAL_RCC_OscConfig+0x27c>)
 800088c:	685b      	ldr	r3, [r3, #4]
 800088e:	f413 3f80 	tst.w	r3, #65536	@ 0x10000
 8000892:	d0e7      	beq.n	8000864 <HAL_RCC_OscConfig+0x2c>
      if ((__HAL_RCC_GET_FLAG(RCC_FLAG_HSERDY) != RESET) && (RCC_OscInitStruct->HSEState == RCC_HSE_OFF))
 8000894:	4b87      	ldr	r3, [pc, #540]	@ (8000ab4 <HAL_RCC_OscConfig+0x27c>)
 8000896:	681b      	ldr	r3, [r3, #0]
 8000898:	f413 3f00 	tst.w	r3, #131072	@ 0x20000
 800089c:	d003      	beq.n	80008a6 <HAL_RCC_OscConfig+0x6e>
 800089e:	6863      	ldr	r3, [r4, #4]
 80008a0:	2b00      	cmp	r3, #0
 80008a2:	f000 81bf 	beq.w	8000c24 <HAL_RCC_OscConfig+0x3ec>
  if (((RCC_OscInitStruct->OscillatorType) & RCC_OSCILLATORTYPE_HSI) == RCC_OSCILLATORTYPE_HSI)
 80008a6:	6823      	ldr	r3, [r4, #0]
 80008a8:	f013 0f02 	tst.w	r3, #2
 80008ac:	d075      	beq.n	800099a <HAL_RCC_OscConfig+0x162>
    if ((__HAL_RCC_GET_SYSCLK_SOURCE() == RCC_SYSCLKSOURCE_STATUS_HSI)
 80008ae:	4b81      	ldr	r3, [pc, #516]	@ (8000ab4 <HAL_RCC_OscConfig+0x27c>)
 80008b0:	685b      	ldr	r3, [r3, #4]
 80008b2:	f013 0f0c 	tst.w	r3, #12
 80008b6:	d05f      	beq.n	8000978 <HAL_RCC_OscConfig+0x140>
        || ((__HAL_RCC_GET_SYSCLK_SOURCE() == RCC_SYSCLKSOURCE_STATUS_PLLCLK) && (__HAL_RCC_GET_PLL_OSCSOURCE() == RCC_PLLSOURCE_HSI_DIV2)))
 80008b8:	4b7e      	ldr	r3, [pc, #504]	@ (8000ab4 <HAL_RCC_OscConfig+0x27c>)
 80008ba:	685b      	ldr	r3, [r3, #4]
 80008bc:	f003 030c 	and.w	r3, r3, #12
 80008c0:	2b08      	cmp	r3, #8
 80008c2:	d054      	beq.n	800096e <HAL_RCC_OscConfig+0x136>
      if (RCC_OscInitStruct->HSIState != RCC_HSI_OFF)
 80008c4:	6923      	ldr	r3, [r4, #16]
 80008c6:	2b00      	cmp	r3, #0
 80008c8:	f000 808a 	beq.w	80009e0 <HAL_RCC_OscConfig+0x1a8>
        __HAL_RCC_HSI_ENABLE();
 80008cc:	4b7a      	ldr	r3, [pc, #488]	@ (8000ab8 <HAL_RCC_OscConfig+0x280>)
 80008ce:	2201      	movs	r2, #1
 80008d0:	601a      	str	r2, [r3, #0]
        tickstart = HAL_GetTick();
 80008d2:	f7ff fd6f 	bl	80003b4 <HAL_GetTick>
 80008d6:	4605      	mov	r5, r0
        while (__HAL_RCC_GET_FLAG(RCC_FLAG_HSIRDY) == RESET)
 80008d8:	4b76      	ldr	r3, [pc, #472]	@ (8000ab4 <HAL_RCC_OscConfig+0x27c>)
 80008da:	681b      	ldr	r3, [r3, #0]
 80008dc:	f013 0f02 	tst.w	r3, #2
 80008e0:	d175      	bne.n	80009ce <HAL_RCC_OscConfig+0x196>
          if ((HAL_GetTick() - tickstart) > HSI_TIMEOUT_VALUE)
 80008e2:	f7ff fd67 	bl	80003b4 <HAL_GetTick>
 80008e6:	1b40      	subs	r0, r0, r5
 80008e8:	2802      	cmp	r0, #2
 80008ea:	d9f5      	bls.n	80008d8 <HAL_RCC_OscConfig+0xa0>
            return HAL_TIMEOUT;
 80008ec:	2003      	movs	r0, #3
 80008ee:	e19e      	b.n	8000c2e <HAL_RCC_OscConfig+0x3f6>
      __HAL_RCC_HSE_CONFIG(RCC_OscInitStruct->HSEState);
 80008f0:	4a70      	ldr	r2, [pc, #448]	@ (8000ab4 <HAL_RCC_OscConfig+0x27c>)
 80008f2:	6813      	ldr	r3, [r2, #0]
 80008f4:	f443 3380 	orr.w	r3, r3, #65536	@ 0x10000
 80008f8:	6013      	str	r3, [r2, #0]
      if (RCC_OscInitStruct->HSEState != RCC_HSE_OFF)
 80008fa:	6863      	ldr	r3, [r4, #4]
 80008fc:	b343      	cbz	r3, 8000950 <HAL_RCC_OscConfig+0x118>
        tickstart = HAL_GetTick();
 80008fe:	f7ff fd59 	bl	80003b4 <HAL_GetTick>
 8000902:	4605      	mov	r5, r0
        while (__HAL_RCC_GET_FLAG(RCC_FLAG_HSERDY) == RESET)
 8000904:	4b6b      	ldr	r3, [pc, #428]	@ (8000ab4 <HAL_RCC_OscConfig+0x27c>)
 8000906:	681b      	ldr	r3, [r3, #0]
 8000908:	f413 3f00 	tst.w	r3, #131072	@ 0x20000
 800090c:	d1cb      	bne.n	80008a6 <HAL_RCC_OscConfig+0x6e>
          if ((HAL_GetTick() - tickstart) > HSE_TIMEOUT_VALUE)
 800090e:	f7ff fd51 	bl	80003b4 <HAL_GetTick>
 8000912:	1b40      	subs	r0, r0, r5
 8000914:	2864      	cmp	r0, #100	@ 0x64
 8000916:	d9f5      	bls.n	8000904 <HAL_RCC_OscConfig+0xcc>
            return HAL_TIMEOUT;
 8000918:	2003      	movs	r0, #3
 800091a:	e188      	b.n	8000c2e <HAL_RCC_OscConfig+0x3f6>
      __HAL_RCC_HSE_CONFIG(RCC_OscInitStruct->HSEState);
 800091c:	f5b3 2fa0 	cmp.w	r3, #327680	@ 0x50000
 8000920:	d009      	beq.n	8000936 <HAL_RCC_OscConfig+0xfe>
 8000922:	4b64      	ldr	r3, [pc, #400]	@ (8000ab4 <HAL_RCC_OscConfig+0x27c>)
 8000924:	681a      	ldr	r2, [r3, #0]
 8000926:	f422 3280 	bic.w	r2, r2, #65536	@ 0x10000
 800092a:	601a      	str	r2, [r3, #0]
 800092c:	681a      	ldr	r2, [r3, #0]
 800092e:	f422 2280 	bic.w	r2, r2, #262144	@ 0x40000
 8000932:	601a      	str	r2, [r3, #0]
 8000934:	e7e1      	b.n	80008fa <HAL_RCC_OscConfig+0xc2>
 8000936:	f103 4380 	add.w	r3, r3, #1073741824	@ 0x40000000
 800093a:	f5a3 333c 	sub.w	r3, r3, #192512	@ 0x2f000
 800093e:	681a      	ldr	r2, [r3, #0]
 8000940:	f442 2280 	orr.w	r2, r2, #262144	@ 0x40000
 8000944:	601a      	str	r2, [r3, #0]
 8000946:	681a      	ldr	r2, [r3, #0]
 8000948:	f442 3280 	orr.w	r2, r2, #65536	@ 0x10000
 800094c:	601a      	str	r2, [r3, #0]
 800094e:	e7d4      	b.n	80008fa <HAL_RCC_OscConfig+0xc2>
        tickstart = HAL_GetTick();
 8000950:	f7ff fd30 	bl	80003b4 <HAL_GetTick>
 8000954:	4605      	mov	r5, r0
        while (__HAL_RCC_GET_FLAG(RCC_FLAG_HSERDY) != RESET)
 8000956:	4b57      	ldr	r3, [pc, #348]	@ (8000ab4 <HAL_RCC_OscConfig+0x27c>)
 8000958:	681b      	ldr	r3, [r3, #0]
 800095a:	f413 3f00 	tst.w	r3, #131072	@ 0x20000
 800095e:	d0a2      	beq.n	80008a6 <HAL_RCC_OscConfig+0x6e>
          if ((HAL_GetTick() - tickstart) > HSE_TIMEOUT_VALUE)
 8000960:	f7ff fd28 	bl	80003b4 <HAL_GetTick>
 8000964:	1b40      	subs	r0, r0, r5
 8000966:	2864      	cmp	r0, #100	@ 0x64
 8000968:	d9f5      	bls.n	8000956 <HAL_RCC_OscConfig+0x11e>
            return HAL_TIMEOUT;
 800096a:	2003      	movs	r0, #3
 800096c:	e15f      	b.n	8000c2e <HAL_RCC_OscConfig+0x3f6>
        || ((__HAL_RCC_GET_SYSCLK_SOURCE() == RCC_SYSCLKSOURCE_STATUS_PLLCLK) && (__HAL_RCC_GET_PLL_OSCSOURCE() == RCC_PLLSOURCE_HSI_DIV2)))
 800096e:	4b51      	ldr	r3, [pc, #324]	@ (8000ab4 <HAL_RCC_OscConfig+0x27c>)
 8000970:	685b      	ldr	r3, [r3, #4]
 8000972:	f413 3f80 	tst.w	r3, #65536	@ 0x10000
 8000976:	d1a5      	bne.n	80008c4 <HAL_RCC_OscConfig+0x8c>
      if ((__HAL_RCC_GET_FLAG(RCC_FLAG_HSIRDY) != RESET) && (RCC_OscInitStruct->HSIState != RCC_HSI_ON))
 8000978:	4b4e      	ldr	r3, [pc, #312]	@ (8000ab4 <HAL_RCC_OscConfig+0x27c>)
 800097a:	681b      	ldr	r3, [r3, #0]
 800097c:	f013 0f02 	tst.w	r3, #2
 8000980:	d003      	beq.n	800098a <HAL_RCC_OscConfig+0x152>
 8000982:	6923      	ldr	r3, [r4, #16]
 8000984:	2b01      	cmp	r3, #1
 8000986:	f040 814f 	bne.w	8000c28 <HAL_RCC_OscConfig+0x3f0>
        __HAL_RCC_HSI_CALIBRATIONVALUE_ADJUST(RCC_OscInitStruct->HSICalibrationValue);
 800098a:	4a4a      	ldr	r2, [pc, #296]	@ (8000ab4 <HAL_RCC_OscConfig+0x27c>)
 800098c:	6813      	ldr	r3, [r2, #0]
 800098e:	f023 03f8 	bic.w	r3, r3, #248	@ 0xf8
 8000992:	6961      	ldr	r1, [r4, #20]
 8000994:	ea43 03c1 	orr.w	r3, r3, r1, lsl #3
 8000998:	6013      	str	r3, [r2, #0]
  if (((RCC_OscInitStruct->OscillatorType) & RCC_OSCILLATORTYPE_LSI) == RCC_OSCILLATORTYPE_LSI)
 800099a:	6823      	ldr	r3, [r4, #0]
 800099c:	f013 0f08 	tst.w	r3, #8
 80009a0:	d033      	beq.n	8000a0a <HAL_RCC_OscConfig+0x1d2>
    if (RCC_OscInitStruct->LSIState != RCC_LSI_OFF)
 80009a2:	69a3      	ldr	r3, [r4, #24]
 80009a4:	2b00      	cmp	r3, #0
 80009a6:	d05c      	beq.n	8000a62 <HAL_RCC_OscConfig+0x22a>
      __HAL_RCC_LSI_ENABLE();
 80009a8:	4b43      	ldr	r3, [pc, #268]	@ (8000ab8 <HAL_RCC_OscConfig+0x280>)
 80009aa:	2201      	movs	r2, #1
 80009ac:	f8c3 2480 	str.w	r2, [r3, #1152]	@ 0x480
      tickstart = HAL_GetTick();
 80009b0:	f7ff fd00 	bl	80003b4 <HAL_GetTick>
 80009b4:	4605      	mov	r5, r0
      while (__HAL_RCC_GET_FLAG(RCC_FLAG_LSIRDY) == RESET)
 80009b6:	4b3f      	ldr	r3, [pc, #252]	@ (8000ab4 <HAL_RCC_OscConfig+0x27c>)
 80009b8:	6a5b      	ldr	r3, [r3, #36]	@ 0x24
 80009ba:	f013 0f02 	tst.w	r3, #2
 80009be:	d121      	bne.n	8000a04 <HAL_RCC_OscConfig+0x1cc>
        if ((HAL_GetTick() - tickstart) > LSI_TIMEOUT_VALUE)
 80009c0:	f7ff fcf8 	bl	80003b4 <HAL_GetTick>
 80009c4:	1b40      	subs	r0, r0, r5
 80009c6:	2802      	cmp	r0, #2
 80009c8:	d9f5      	bls.n	80009b6 <HAL_RCC_OscConfig+0x17e>
          return HAL_TIMEOUT;
 80009ca:	2003      	movs	r0, #3
 80009cc:	e12f      	b.n	8000c2e <HAL_RCC_OscConfig+0x3f6>
        __HAL_RCC_HSI_CALIBRATIONVALUE_ADJUST(RCC_OscInitStruct->HSICalibrationValue);
 80009ce:	4a39      	ldr	r2, [pc, #228]	@ (8000ab4 <HAL_RCC_OscConfig+0x27c>)
 80009d0:	6813      	ldr	r3, [r2, #0]
 80009d2:	f023 03f8 	bic.w	r3, r3, #248	@ 0xf8
 80009d6:	6961      	ldr	r1, [r4, #20]
 80009d8:	ea43 03c1 	orr.w	r3, r3, r1, lsl #3
 80009dc:	6013      	str	r3, [r2, #0]
 80009de:	e7dc      	b.n	800099a <HAL_RCC_OscConfig+0x162>
        __HAL_RCC_HSI_DISABLE();
 80009e0:	4b35      	ldr	r3, [pc, #212]	@ (8000ab8 <HAL_RCC_OscConfig+0x280>)
 80009e2:	2200      	movs	r2, #0
 80009e4:	601a      	str	r2, [r3, #0]
        tickstart = HAL_GetTick();
 80009e6:	f7ff fce5 	bl	80003b4 <HAL_GetTick>
 80009ea:	4605      	mov	r5, r0
        while (__HAL_RCC_GET_FLAG(RCC_FLAG_HSIRDY) != RESET)
 80009ec:	4b31      	ldr	r3, [pc, #196]	@ (8000ab4 <HAL_RCC_OscConfig+0x27c>)
 80009ee:	681b      	ldr	r3, [r3, #0]
 80009f0:	f013 0f02 	tst.w	r3, #2
 80009f4:	d0d1      	beq.n	800099a <HAL_RCC_OscConfig+0x162>
          if ((HAL_GetTick() - tickstart) > HSI_TIMEOUT_VALUE)
 80009f6:	f7ff fcdd 	bl	80003b4 <HAL_GetTick>
 80009fa:	1b40      	subs	r0, r0, r5
 80009fc:	2802      	cmp	r0, #2
 80009fe:	d9f5      	bls.n	80009ec <HAL_RCC_OscConfig+0x1b4>
            return HAL_TIMEOUT;
 8000a00:	2003      	movs	r0, #3
 8000a02:	e114      	b.n	8000c2e <HAL_RCC_OscConfig+0x3f6>
      RCC_Delay(1);
 8000a04:	2001      	movs	r0, #1
 8000a06:	f7ff ff01 	bl	800080c <RCC_Delay>
  if (((RCC_OscInitStruct->OscillatorType) & RCC_OSCILLATORTYPE_LSE) == RCC_OSCILLATORTYPE_LSE)
 8000a0a:	6823      	ldr	r3, [r4, #0]
 8000a0c:	f013 0f04 	tst.w	r3, #4
 8000a10:	f000 8096 	beq.w	8000b40 <HAL_RCC_OscConfig+0x308>
    if (__HAL_RCC_PWR_IS_CLK_DISABLED())
 8000a14:	4b27      	ldr	r3, [pc, #156]	@ (8000ab4 <HAL_RCC_OscConfig+0x27c>)
 8000a16:	69db      	ldr	r3, [r3, #28]
 8000a18:	f013 5f80 	tst.w	r3, #268435456	@ 0x10000000
 8000a1c:	d134      	bne.n	8000a88 <HAL_RCC_OscConfig+0x250>
      __HAL_RCC_PWR_CLK_ENABLE();
 8000a1e:	4b25      	ldr	r3, [pc, #148]	@ (8000ab4 <HAL_RCC_OscConfig+0x27c>)
 8000a20:	69da      	ldr	r2, [r3, #28]
 8000a22:	f042 5280 	orr.w	r2, r2, #268435456	@ 0x10000000
 8000a26:	61da      	str	r2, [r3, #28]
 8000a28:	69db      	ldr	r3, [r3, #28]
 8000a2a:	f003 5380 	and.w	r3, r3, #268435456	@ 0x10000000
 8000a2e:	9301      	str	r3, [sp, #4]
 8000a30:	9b01      	ldr	r3, [sp, #4]
      pwrclkchanged = SET;
 8000a32:	2501      	movs	r5, #1
    if (HAL_IS_BIT_CLR(PWR->CR, PWR_CR_DBP))
 8000a34:	4b21      	ldr	r3, [pc, #132]	@ (8000abc <HAL_RCC_OscConfig+0x284>)
 8000a36:	681b      	ldr	r3, [r3, #0]
 8000a38:	f413 7f80 	tst.w	r3, #256	@ 0x100
 8000a3c:	d026      	beq.n	8000a8c <HAL_RCC_OscConfig+0x254>
    __HAL_RCC_LSE_CONFIG(RCC_OscInitStruct->LSEState);
 8000a3e:	68e3      	ldr	r3, [r4, #12]
 8000a40:	2b01      	cmp	r3, #1
 8000a42:	d03d      	beq.n	8000ac0 <HAL_RCC_OscConfig+0x288>
 8000a44:	2b00      	cmp	r3, #0
 8000a46:	d153      	bne.n	8000af0 <HAL_RCC_OscConfig+0x2b8>
 8000a48:	f103 4380 	add.w	r3, r3, #1073741824	@ 0x40000000
 8000a4c:	f503 3304 	add.w	r3, r3, #135168	@ 0x21000
 8000a50:	6a1a      	ldr	r2, [r3, #32]
 8000a52:	f022 0201 	bic.w	r2, r2, #1
 8000a56:	621a      	str	r2, [r3, #32]
 8000a58:	6a1a      	ldr	r2, [r3, #32]
 8000a5a:	f022 0204 	bic.w	r2, r2, #4
 8000a5e:	621a      	str	r2, [r3, #32]
 8000a60:	e033      	b.n	8000aca <HAL_RCC_OscConfig+0x292>
      __HAL_RCC_LSI_DISABLE();
 8000a62:	4b15      	ldr	r3, [pc, #84]	@ (8000ab8 <HAL_RCC_OscConfig+0x280>)
 8000a64:	2200      	movs	r2, #0
 8000a66:	f8c3 2480 	str.w	r2, [r3, #1152]	@ 0x480
      tickstart = HAL_GetTick();
 8000a6a:	f7ff fca3 	bl	80003b4 <HAL_GetTick>
 8000a6e:	4605      	mov	r5, r0
      while (__HAL_RCC_GET_FLAG(RCC_FLAG_LSIRDY) != RESET)
 8000a70:	4b10      	ldr	r3, [pc, #64]	@ (8000ab4 <HAL_RCC_OscConfig+0x27c>)
 8000a72:	6a5b      	ldr	r3, [r3, #36]	@ 0x24
 8000a74:	f013 0f02 	tst.w	r3, #2
 8000a78:	d0c7      	beq.n	8000a0a <HAL_RCC_OscConfig+0x1d2>
        if ((HAL_GetTick() - tickstart) > LSI_TIMEOUT_VALUE)
 8000a7a:	f7ff fc9b 	bl	80003b4 <HAL_GetTick>
 8000a7e:	1b40      	subs	r0, r0, r5
 8000a80:	2802      	cmp	r0, #2
 8000a82:	d9f5      	bls.n	8000a70 <HAL_RCC_OscConfig+0x238>
          return HAL_TIMEOUT;
 8000a84:	2003      	movs	r0, #3
 8000a86:	e0d2      	b.n	8000c2e <HAL_RCC_OscConfig+0x3f6>
    FlagStatus       pwrclkchanged = RESET;
 8000a88:	2500      	movs	r5, #0
 8000a8a:	e7d3      	b.n	8000a34 <HAL_RCC_OscConfig+0x1fc>
      SET_BIT(PWR->CR, PWR_CR_DBP);
 8000a8c:	4a0b      	ldr	r2, [pc, #44]	@ (8000abc <HAL_RCC_OscConfig+0x284>)
 8000a8e:	6813      	ldr	r3, [r2, #0]
 8000a90:	f443 7380 	orr.w	r3, r3, #256	@ 0x100
 8000a94:	6013      	str	r3, [r2, #0]
      tickstart = HAL_GetTick();
 8000a96:	f7ff fc8d 	bl	80003b4 <HAL_GetTick>
 8000a9a:	4606      	mov	r6, r0
      while (HAL_IS_BIT_CLR(PWR->CR, PWR_CR_DBP))
 8000a9c:	4b07      	ldr	r3, [pc, #28]	@ (8000abc <HAL_RCC_OscConfig+0x284>)
 8000a9e:	681b      	ldr	r3, [r3, #0]
 8000aa0:	f413 7f80 	tst.w	r3, #256	@ 0x100
 8000aa4:	d1cb      	bne.n	8000a3e <HAL_RCC_OscConfig+0x206>
        if ((HAL_GetTick() - tickstart) > RCC_DBP_TIMEOUT_VALUE)
 8000aa6:	f7ff fc85 	bl	80003b4 <HAL_GetTick>
 8000aaa:	1b80      	subs	r0, r0, r6
 8000aac:	2864      	cmp	r0, #100	@ 0x64
 8000aae:	d9f5      	bls.n	8000a9c <HAL_RCC_OscConfig+0x264>
          return HAL_TIMEOUT;
 8000ab0:	2003      	movs	r0, #3
 8000ab2:	e0bc      	b.n	8000c2e <HAL_RCC_OscConfig+0x3f6>
 8000ab4:	40021000 	.word	0x40021000
 8000ab8:	42420000 	.word	0x42420000
 8000abc:	40007000 	.word	0x40007000
    __HAL_RCC_LSE_CONFIG(RCC_OscInitStruct->LSEState);
 8000ac0:	4a5f      	ldr	r2, [pc, #380]	@ (8000c40 <HAL_RCC_OscConfig+0x408>)
 8000ac2:	6a13      	ldr	r3, [r2, #32]
 8000ac4:	f043 0301 	orr.w	r3, r3, #1
 8000ac8:	6213      	str	r3, [r2, #32]
    if (RCC_OscInitStruct->LSEState != RCC_LSE_OFF)
 8000aca:	68e3      	ldr	r3, [r4, #12]
 8000acc:	b333      	cbz	r3, 8000b1c <HAL_RCC_OscConfig+0x2e4>
      tickstart = HAL_GetTick();
 8000ace:	f7ff fc71 	bl	80003b4 <HAL_GetTick>
 8000ad2:	4606      	mov	r6, r0
      while (__HAL_RCC_GET_FLAG(RCC_FLAG_LSERDY) == RESET)
 8000ad4:	4b5a      	ldr	r3, [pc, #360]	@ (8000c40 <HAL_RCC_OscConfig+0x408>)
 8000ad6:	6a1b      	ldr	r3, [r3, #32]
 8000ad8:	f013 0f02 	tst.w	r3, #2
 8000adc:	d12f      	bne.n	8000b3e <HAL_RCC_OscConfig+0x306>
        if ((HAL_GetTick() - tickstart) > RCC_LSE_TIMEOUT_VALUE)
 8000ade:	f7ff fc69 	bl	80003b4 <HAL_GetTick>
 8000ae2:	1b80      	subs	r0, r0, r6
 8000ae4:	f241 3388 	movw	r3, #5000	@ 0x1388
 8000ae8:	4298      	cmp	r0, r3
 8000aea:	d9f3      	bls.n	8000ad4 <HAL_RCC_OscConfig+0x29c>
          return HAL_TIMEOUT;
 8000aec:	2003      	movs	r0, #3
 8000aee:	e09e      	b.n	8000c2e <HAL_RCC_OscConfig+0x3f6>
    __HAL_RCC_LSE_CONFIG(RCC_OscInitStruct->LSEState);
 8000af0:	2b05      	cmp	r3, #5
 8000af2:	d009      	beq.n	8000b08 <HAL_RCC_OscConfig+0x2d0>
 8000af4:	4b52      	ldr	r3, [pc, #328]	@ (8000c40 <HAL_RCC_OscConfig+0x408>)
 8000af6:	6a1a      	ldr	r2, [r3, #32]
 8000af8:	f022 0201 	bic.w	r2, r2, #1
 8000afc:	621a      	str	r2, [r3, #32]
 8000afe:	6a1a      	ldr	r2, [r3, #32]
 8000b00:	f022 0204 	bic.w	r2, r2, #4
 8000b04:	621a      	str	r2, [r3, #32]
 8000b06:	e7e0      	b.n	8000aca <HAL_RCC_OscConfig+0x292>
 8000b08:	4b4d      	ldr	r3, [pc, #308]	@ (8000c40 <HAL_RCC_OscConfig+0x408>)
 8000b0a:	6a1a      	ldr	r2, [r3, #32]
 8000b0c:	f042 0204 	orr.w	r2, r2, #4
 8000b10:	621a      	str	r2, [r3, #32]
 8000b12:	6a1a      	ldr	r2, [r3, #32]
 8000b14:	f042 0201 	orr.w	r2, r2, #1
 8000b18:	621a      	str	r2, [r3, #32]
 8000b1a:	e7d6      	b.n	8000aca <HAL_RCC_OscConfig+0x292>
      tickstart = HAL_GetTick();
 8000b1c:	f7ff fc4a 	bl	80003b4 <HAL_GetTick>
 8000b20:	4606      	mov	r6, r0
      while (__HAL_RCC_GET_FLAG(RCC_FLAG_LSERDY) != RESET)
 8000b22:	4b47      	ldr	r3, [pc, #284]	@ (8000c40 <HAL_RCC_OscConfig+0x408>)
 8000b24:	6a1b      	ldr	r3, [r3, #32]
 8000b26:	f013 0f02 	tst.w	r3, #2
 8000b2a:	d008      	beq.n	8000b3e <HAL_RCC_OscConfig+0x306>
        if ((HAL_GetTick() - tickstart) > RCC_LSE_TIMEOUT_VALUE)
 8000b2c:	f7ff fc42 	bl	80003b4 <HAL_GetTick>
 8000b30:	1b80      	subs	r0, r0, r6
 8000b32:	f241 3388 	movw	r3, #5000	@ 0x1388
 8000b36:	4298      	cmp	r0, r3
 8000b38:	d9f3      	bls.n	8000b22 <HAL_RCC_OscConfig+0x2ea>
          return HAL_TIMEOUT;
 8000b3a:	2003      	movs	r0, #3
 8000b3c:	e077      	b.n	8000c2e <HAL_RCC_OscConfig+0x3f6>
    if (pwrclkchanged == SET)
 8000b3e:	b9e5      	cbnz	r5, 8000b7a <HAL_RCC_OscConfig+0x342>
  if ((RCC_OscInitStruct->PLL.PLLState) != RCC_PLL_NONE)
 8000b40:	69e3      	ldr	r3, [r4, #28]
 8000b42:	2b00      	cmp	r3, #0
 8000b44:	d072      	beq.n	8000c2c <HAL_RCC_OscConfig+0x3f4>
    if (__HAL_RCC_GET_SYSCLK_SOURCE() != RCC_SYSCLKSOURCE_STATUS_PLLCLK)
 8000b46:	4a3e      	ldr	r2, [pc, #248]	@ (8000c40 <HAL_RCC_OscConfig+0x408>)
 8000b48:	6852      	ldr	r2, [r2, #4]
 8000b4a:	f002 020c 	and.w	r2, r2, #12
 8000b4e:	2a08      	cmp	r2, #8
 8000b50:	d056      	beq.n	8000c00 <HAL_RCC_OscConfig+0x3c8>
      if ((RCC_OscInitStruct->PLL.PLLState) == RCC_PLL_ON)
 8000b52:	2b02      	cmp	r3, #2
 8000b54:	d017      	beq.n	8000b86 <HAL_RCC_OscConfig+0x34e>
        __HAL_RCC_PLL_DISABLE();
 8000b56:	4b3b      	ldr	r3, [pc, #236]	@ (8000c44 <HAL_RCC_OscConfig+0x40c>)
 8000b58:	2200      	movs	r2, #0
 8000b5a:	661a      	str	r2, [r3, #96]	@ 0x60
        tickstart = HAL_GetTick();
 8000b5c:	f7ff fc2a 	bl	80003b4 <HAL_GetTick>
 8000b60:	4604      	mov	r4, r0
        while (__HAL_RCC_GET_FLAG(RCC_FLAG_PLLRDY)  != RESET)
 8000b62:	4b37      	ldr	r3, [pc, #220]	@ (8000c40 <HAL_RCC_OscConfig+0x408>)
 8000b64:	681b      	ldr	r3, [r3, #0]
 8000b66:	f013 7f00 	tst.w	r3, #33554432	@ 0x2000000
 8000b6a:	d047      	beq.n	8000bfc <HAL_RCC_OscConfig+0x3c4>
          if ((HAL_GetTick() - tickstart) > PLL_TIMEOUT_VALUE)
 8000b6c:	f7ff fc22 	bl	80003b4 <HAL_GetTick>
 8000b70:	1b00      	subs	r0, r0, r4
 8000b72:	2802      	cmp	r0, #2
 8000b74:	d9f5      	bls.n	8000b62 <HAL_RCC_OscConfig+0x32a>
            return HAL_TIMEOUT;
 8000b76:	2003      	movs	r0, #3
 8000b78:	e059      	b.n	8000c2e <HAL_RCC_OscConfig+0x3f6>
      __HAL_RCC_PWR_CLK_DISABLE();
 8000b7a:	4a31      	ldr	r2, [pc, #196]	@ (8000c40 <HAL_RCC_OscConfig+0x408>)
 8000b7c:	69d3      	ldr	r3, [r2, #28]
 8000b7e:	f023 5380 	bic.w	r3, r3, #268435456	@ 0x10000000
 8000b82:	61d3      	str	r3, [r2, #28]
 8000b84:	e7dc      	b.n	8000b40 <HAL_RCC_OscConfig+0x308>
        __HAL_RCC_PLL_DISABLE();
 8000b86:	4b2f      	ldr	r3, [pc, #188]	@ (8000c44 <HAL_RCC_OscConfig+0x40c>)
 8000b88:	2200      	movs	r2, #0
 8000b8a:	661a      	str	r2, [r3, #96]	@ 0x60
        tickstart = HAL_GetTick();
 8000b8c:	f7ff fc12 	bl	80003b4 <HAL_GetTick>
 8000b90:	4605      	mov	r5, r0
        while (__HAL_RCC_GET_FLAG(RCC_FLAG_PLLRDY)  != RESET)
 8000b92:	4b2b      	ldr	r3, [pc, #172]	@ (8000c40 <HAL_RCC_OscConfig+0x408>)
 8000b94:	681b      	ldr	r3, [r3, #0]
 8000b96:	f013 7f00 	tst.w	r3, #33554432	@ 0x2000000
 8000b9a:	d006      	beq.n	8000baa <HAL_RCC_OscConfig+0x372>
          if ((HAL_GetTick() - tickstart) > PLL_TIMEOUT_VALUE)
 8000b9c:	f7ff fc0a 	bl	80003b4 <HAL_GetTick>
 8000ba0:	1b40      	subs	r0, r0, r5
 8000ba2:	2802      	cmp	r0, #2
 8000ba4:	d9f5      	bls.n	8000b92 <HAL_RCC_OscConfig+0x35a>
            return HAL_TIMEOUT;
 8000ba6:	2003      	movs	r0, #3
 8000ba8:	e041      	b.n	8000c2e <HAL_RCC_OscConfig+0x3f6>
        if (RCC_OscInitStruct->PLL.PLLSource == RCC_PLLSOURCE_HSE)
 8000baa:	6a23      	ldr	r3, [r4, #32]
 8000bac:	f5b3 3f80 	cmp.w	r3, #65536	@ 0x10000
 8000bb0:	d01a      	beq.n	8000be8 <HAL_RCC_OscConfig+0x3b0>
        __HAL_RCC_PLL_CONFIG(RCC_OscInitStruct->PLL.PLLSource,
 8000bb2:	4923      	ldr	r1, [pc, #140]	@ (8000c40 <HAL_RCC_OscConfig+0x408>)
 8000bb4:	684b      	ldr	r3, [r1, #4]
 8000bb6:	f423 1374 	bic.w	r3, r3, #3997696	@ 0x3d0000
 8000bba:	6a22      	ldr	r2, [r4, #32]
 8000bbc:	6a60      	ldr	r0, [r4, #36]	@ 0x24
 8000bbe:	4302      	orrs	r2, r0
 8000bc0:	4313      	orrs	r3, r2
 8000bc2:	604b      	str	r3, [r1, #4]
        __HAL_RCC_PLL_ENABLE();
 8000bc4:	4b1f      	ldr	r3, [pc, #124]	@ (8000c44 <HAL_RCC_OscConfig+0x40c>)
 8000bc6:	2201      	movs	r2, #1
 8000bc8:	661a      	str	r2, [r3, #96]	@ 0x60
        tickstart = HAL_GetTick();
 8000bca:	f7ff fbf3 	bl	80003b4 <HAL_GetTick>
 8000bce:	4604      	mov	r4, r0
        while (__HAL_RCC_GET_FLAG(RCC_FLAG_PLLRDY)  == RESET)
 8000bd0:	4b1b      	ldr	r3, [pc, #108]	@ (8000c40 <HAL_RCC_OscConfig+0x408>)
 8000bd2:	681b      	ldr	r3, [r3, #0]
 8000bd4:	f013 7f00 	tst.w	r3, #33554432	@ 0x2000000
 8000bd8:	d10e      	bne.n	8000bf8 <HAL_RCC_OscConfig+0x3c0>
          if ((HAL_GetTick() - tickstart) > PLL_TIMEOUT_VALUE)
 8000bda:	f7ff fbeb 	bl	80003b4 <HAL_GetTick>
 8000bde:	1b00      	subs	r0, r0, r4
 8000be0:	2802      	cmp	r0, #2
 8000be2:	d9f5      	bls.n	8000bd0 <HAL_RCC_OscConfig+0x398>
            return HAL_TIMEOUT;
 8000be4:	2003      	movs	r0, #3
 8000be6:	e022      	b.n	8000c2e <HAL_RCC_OscConfig+0x3f6>
          __HAL_RCC_HSE_PREDIV_CONFIG(RCC_OscInitStruct->HSEPredivValue);
 8000be8:	4a15      	ldr	r2, [pc, #84]	@ (8000c40 <HAL_RCC_OscConfig+0x408>)
 8000bea:	6853      	ldr	r3, [r2, #4]
 8000bec:	f423 3300 	bic.w	r3, r3, #131072	@ 0x20000
 8000bf0:	68a1      	ldr	r1, [r4, #8]
 8000bf2:	430b      	orrs	r3, r1
 8000bf4:	6053      	str	r3, [r2, #4]
 8000bf6:	e7dc      	b.n	8000bb2 <HAL_RCC_OscConfig+0x37a>
  return HAL_OK;
 8000bf8:	2000      	movs	r0, #0
 8000bfa:	e018      	b.n	8000c2e <HAL_RCC_OscConfig+0x3f6>
 8000bfc:	2000      	movs	r0, #0
 8000bfe:	e016      	b.n	8000c2e <HAL_RCC_OscConfig+0x3f6>
      if ((RCC_OscInitStruct->PLL.PLLState) == RCC_PLL_OFF)
 8000c00:	2b01      	cmp	r3, #1
 8000c02:	d016      	beq.n	8000c32 <HAL_RCC_OscConfig+0x3fa>
        pll_config = RCC->CFGR;
 8000c04:	4b0e      	ldr	r3, [pc, #56]	@ (8000c40 <HAL_RCC_OscConfig+0x408>)
 8000c06:	685b      	ldr	r3, [r3, #4]
        if ((READ_BIT(pll_config, RCC_CFGR_PLLSRC) != RCC_OscInitStruct->PLL.PLLSource) ||
 8000c08:	f403 3180 	and.w	r1, r3, #65536	@ 0x10000
 8000c0c:	6a22      	ldr	r2, [r4, #32]
 8000c0e:	4291      	cmp	r1, r2
 8000c10:	d111      	bne.n	8000c36 <HAL_RCC_OscConfig+0x3fe>
            (READ_BIT(pll_config, RCC_CFGR_PLLMULL) != RCC_OscInitStruct->PLL.PLLMUL))
 8000c12:	f403 1370 	and.w	r3, r3, #3932160	@ 0x3c0000
 8000c16:	6a62      	ldr	r2, [r4, #36]	@ 0x24
        if ((READ_BIT(pll_config, RCC_CFGR_PLLSRC) != RCC_OscInitStruct->PLL.PLLSource) ||
 8000c18:	4293      	cmp	r3, r2
 8000c1a:	d10e      	bne.n	8000c3a <HAL_RCC_OscConfig+0x402>
  return HAL_OK;
 8000c1c:	2000      	movs	r0, #0
 8000c1e:	e006      	b.n	8000c2e <HAL_RCC_OscConfig+0x3f6>
    return HAL_ERROR;
 8000c20:	2001      	movs	r0, #1
}
 8000c22:	4770      	bx	lr
        return HAL_ERROR;
 8000c24:	2001      	movs	r0, #1
 8000c26:	e002      	b.n	8000c2e <HAL_RCC_OscConfig+0x3f6>
        return HAL_ERROR;
 8000c28:	2001      	movs	r0, #1
 8000c2a:	e000      	b.n	8000c2e <HAL_RCC_OscConfig+0x3f6>
  return HAL_OK;
 8000c2c:	2000      	movs	r0, #0
}
 8000c2e:	b002      	add	sp, #8
 8000c30:	bd70      	pop	{r4, r5, r6, pc}
        return HAL_ERROR;
 8000c32:	2001      	movs	r0, #1
 8000c34:	e7fb      	b.n	8000c2e <HAL_RCC_OscConfig+0x3f6>
          return HAL_ERROR;
 8000c36:	2001      	movs	r0, #1
 8000c38:	e7f9      	b.n	8000c2e <HAL_RCC_OscConfig+0x3f6>
 8000c3a:	2001      	movs	r0, #1
 8000c3c:	e7f7      	b.n	8000c2e <HAL_RCC_OscConfig+0x3f6>
 8000c3e:	bf00      	nop
 8000c40:	40021000 	.word	0x40021000
 8000c44:	42420000 	.word	0x42420000

08000c48 <HAL_RCC_GetSysClockFreq>:
  tmpreg = RCC->CFGR;
 8000c48:	4b0f      	ldr	r3, [pc, #60]	@ (8000c88 <HAL_RCC_GetSysClockFreq+0x40>)
 8000c4a:	685b      	ldr	r3, [r3, #4]
  switch (tmpreg & RCC_CFGR_SWS)
 8000c4c:	f003 020c 	and.w	r2, r3, #12
 8000c50:	2a08      	cmp	r2, #8
 8000c52:	d001      	beq.n	8000c58 <HAL_RCC_GetSysClockFreq+0x10>
      sysclockfreq = HSE_VALUE;
 8000c54:	480d      	ldr	r0, [pc, #52]	@ (8000c8c <HAL_RCC_GetSysClockFreq+0x44>)
}
 8000c56:	4770      	bx	lr
      pllmul = aPLLMULFactorTable[(uint32_t)(tmpreg & RCC_CFGR_PLLMULL) >> RCC_CFGR_PLLMULL_Pos];
 8000c58:	f3c3 4283 	ubfx	r2, r3, #18, #4
 8000c5c:	490c      	ldr	r1, [pc, #48]	@ (8000c90 <HAL_RCC_GetSysClockFreq+0x48>)
 8000c5e:	5c88      	ldrb	r0, [r1, r2]
      if ((tmpreg & RCC_CFGR_PLLSRC) != RCC_PLLSOURCE_HSI_DIV2)
 8000c60:	f413 3f80 	tst.w	r3, #65536	@ 0x10000
 8000c64:	d00b      	beq.n	8000c7e <HAL_RCC_GetSysClockFreq+0x36>
        prediv = aPredivFactorTable[(uint32_t)(RCC->CFGR & RCC_CFGR_PLLXTPRE) >> RCC_CFGR_PLLXTPRE_Pos];
 8000c66:	4b08      	ldr	r3, [pc, #32]	@ (8000c88 <HAL_RCC_GetSysClockFreq+0x40>)
 8000c68:	685b      	ldr	r3, [r3, #4]
 8000c6a:	f3c3 4340 	ubfx	r3, r3, #17, #1
 8000c6e:	4a09      	ldr	r2, [pc, #36]	@ (8000c94 <HAL_RCC_GetSysClockFreq+0x4c>)
 8000c70:	5cd3      	ldrb	r3, [r2, r3]
        pllclk = (uint32_t)((HSE_VALUE  * pllmul) / prediv);
 8000c72:	4a06      	ldr	r2, [pc, #24]	@ (8000c8c <HAL_RCC_GetSysClockFreq+0x44>)
 8000c74:	fb02 f000 	mul.w	r0, r2, r0
 8000c78:	fbb0 f0f3 	udiv	r0, r0, r3
 8000c7c:	4770      	bx	lr
        pllclk = (uint32_t)((HSI_VALUE >> 1) * pllmul);
 8000c7e:	4b06      	ldr	r3, [pc, #24]	@ (8000c98 <HAL_RCC_GetSysClockFreq+0x50>)
 8000c80:	fb03 f000 	mul.w	r0, r3, r0
 8000c84:	4770      	bx	lr
 8000c86:	bf00      	nop
 8000c88:	40021000 	.word	0x40021000
 8000c8c:	007a1200 	.word	0x007a1200
 8000c90:	08001048 	.word	0x08001048
 8000c94:	08001044 	.word	0x08001044
 8000c98:	003d0900 	.word	0x003d0900

08000c9c <HAL_RCC_ClockConfig>:
  if (RCC_ClkInitStruct == NULL)
 8000c9c:	2800      	cmp	r0, #0
 8000c9e:	f000 80a0 	beq.w	8000de2 <HAL_RCC_ClockConfig+0x146>
{
 8000ca2:	b570      	push	{r4, r5, r6, lr}
 8000ca4:	460d      	mov	r5, r1
 8000ca6:	4604      	mov	r4, r0
  if (FLatency > __HAL_FLASH_GET_LATENCY())
 8000ca8:	4b52      	ldr	r3, [pc, #328]	@ (8000df4 <HAL_RCC_ClockConfig+0x158>)
 8000caa:	681b      	ldr	r3, [r3, #0]
 8000cac:	f003 0307 	and.w	r3, r3, #7
 8000cb0:	428b      	cmp	r3, r1
 8000cb2:	d20b      	bcs.n	8000ccc <HAL_RCC_ClockConfig+0x30>
    __HAL_FLASH_SET_LATENCY(FLatency);
 8000cb4:	4a4f      	ldr	r2, [pc, #316]	@ (8000df4 <HAL_RCC_ClockConfig+0x158>)
 8000cb6:	6813      	ldr	r3, [r2, #0]
 8000cb8:	f023 0307 	bic.w	r3, r3, #7
 8000cbc:	430b      	orrs	r3, r1
 8000cbe:	6013      	str	r3, [r2, #0]
    if (__HAL_FLASH_GET_LATENCY() != FLatency)
 8000cc0:	6813      	ldr	r3, [r2, #0]
 8000cc2:	f003 0307 	and.w	r3, r3, #7
 8000cc6:	428b      	cmp	r3, r1
 8000cc8:	f040 808d 	bne.w	8000de6 <HAL_RCC_ClockConfig+0x14a>
if (((RCC_ClkInitStruct->ClockType) & RCC_CLOCKTYPE_HCLK) == RCC_CLOCKTYPE_HCLK)
 8000ccc:	6823      	ldr	r3, [r4, #0]
 8000cce:	f013 0f02 	tst.w	r3, #2
 8000cd2:	d017      	beq.n	8000d04 <HAL_RCC_ClockConfig+0x68>
    if (((RCC_ClkInitStruct->ClockType) & RCC_CLOCKTYPE_PCLK1) == RCC_CLOCKTYPE_PCLK1)
 8000cd4:	f013 0f04 	tst.w	r3, #4
 8000cd8:	d004      	beq.n	8000ce4 <HAL_RCC_ClockConfig+0x48>
      MODIFY_REG(RCC->CFGR, RCC_CFGR_PPRE1, RCC_HCLK_DIV16);
 8000cda:	4a47      	ldr	r2, [pc, #284]	@ (8000df8 <HAL_RCC_ClockConfig+0x15c>)
 8000cdc:	6853      	ldr	r3, [r2, #4]
 8000cde:	f443 63e0 	orr.w	r3, r3, #1792	@ 0x700
 8000ce2:	6053      	str	r3, [r2, #4]
    if (((RCC_ClkInitStruct->ClockType) & RCC_CLOCKTYPE_PCLK2) == RCC_CLOCKTYPE_PCLK2)
 8000ce4:	6823      	ldr	r3, [r4, #0]
 8000ce6:	f013 0f08 	tst.w	r3, #8
 8000cea:	d004      	beq.n	8000cf6 <HAL_RCC_ClockConfig+0x5a>
      MODIFY_REG(RCC->CFGR, RCC_CFGR_PPRE2, (RCC_HCLK_DIV16 << 3));
 8000cec:	4a42      	ldr	r2, [pc, #264]	@ (8000df8 <HAL_RCC_ClockConfig+0x15c>)
 8000cee:	6853      	ldr	r3, [r2, #4]
 8000cf0:	f443 5360 	orr.w	r3, r3, #14336	@ 0x3800
 8000cf4:	6053      	str	r3, [r2, #4]
    MODIFY_REG(RCC->CFGR, RCC_CFGR_HPRE, RCC_ClkInitStruct->AHBCLKDivider);
 8000cf6:	4a40      	ldr	r2, [pc, #256]	@ (8000df8 <HAL_RCC_ClockConfig+0x15c>)
 8000cf8:	6853      	ldr	r3, [r2, #4]
 8000cfa:	f023 03f0 	bic.w	r3, r3, #240	@ 0xf0
 8000cfe:	68a1      	ldr	r1, [r4, #8]
 8000d00:	430b      	orrs	r3, r1
 8000d02:	6053      	str	r3, [r2, #4]
  if (((RCC_ClkInitStruct->ClockType) & RCC_CLOCKTYPE_SYSCLK) == RCC_CLOCKTYPE_SYSCLK)
 8000d04:	6823      	ldr	r3, [r4, #0]
 8000d06:	f013 0f01 	tst.w	r3, #1
 8000d0a:	d031      	beq.n	8000d70 <HAL_RCC_ClockConfig+0xd4>
    if (RCC_ClkInitStruct->SYSCLKSource == RCC_SYSCLKSOURCE_HSE)
 8000d0c:	6863      	ldr	r3, [r4, #4]
 8000d0e:	2b01      	cmp	r3, #1
 8000d10:	d020      	beq.n	8000d54 <HAL_RCC_ClockConfig+0xb8>
    else if (RCC_ClkInitStruct->SYSCLKSource == RCC_SYSCLKSOURCE_PLLCLK)
 8000d12:	2b02      	cmp	r3, #2
 8000d14:	d025      	beq.n	8000d62 <HAL_RCC_ClockConfig+0xc6>
      if (__HAL_RCC_GET_FLAG(RCC_FLAG_HSIRDY) == RESET)
 8000d16:	4a38      	ldr	r2, [pc, #224]	@ (8000df8 <HAL_RCC_ClockConfig+0x15c>)
 8000d18:	6812      	ldr	r2, [r2, #0]
 8000d1a:	f012 0f02 	tst.w	r2, #2
 8000d1e:	d064      	beq.n	8000dea <HAL_RCC_ClockConfig+0x14e>
    __HAL_RCC_SYSCLK_CONFIG(RCC_ClkInitStruct->SYSCLKSource);
 8000d20:	4935      	ldr	r1, [pc, #212]	@ (8000df8 <HAL_RCC_ClockConfig+0x15c>)
 8000d22:	684a      	ldr	r2, [r1, #4]
 8000d24:	f022 0203 	bic.w	r2, r2, #3
 8000d28:	4313      	orrs	r3, r2
 8000d2a:	604b      	str	r3, [r1, #4]
    tickstart = HAL_GetTick();
 8000d2c:	f7ff fb42 	bl	80003b4 <HAL_GetTick>
 8000d30:	4606      	mov	r6, r0
    while (__HAL_RCC_GET_SYSCLK_SOURCE() != (RCC_ClkInitStruct->SYSCLKSource << RCC_CFGR_SWS_Pos))
 8000d32:	4b31      	ldr	r3, [pc, #196]	@ (8000df8 <HAL_RCC_ClockConfig+0x15c>)
 8000d34:	685b      	ldr	r3, [r3, #4]
 8000d36:	f003 030c 	and.w	r3, r3, #12
 8000d3a:	6862      	ldr	r2, [r4, #4]
 8000d3c:	ebb3 0f82 	cmp.w	r3, r2, lsl #2
 8000d40:	d016      	beq.n	8000d70 <HAL_RCC_ClockConfig+0xd4>
      if ((HAL_GetTick() - tickstart) > CLOCKSWITCH_TIMEOUT_VALUE)
 8000d42:	f7ff fb37 	bl	80003b4 <HAL_GetTick>
 8000d46:	1b80      	subs	r0, r0, r6
 8000d48:	f241 3388 	movw	r3, #5000	@ 0x1388
 8000d4c:	4298      	cmp	r0, r3
 8000d4e:	d9f0      	bls.n	8000d32 <HAL_RCC_ClockConfig+0x96>
        return HAL_TIMEOUT;
 8000d50:	2003      	movs	r0, #3
 8000d52:	e045      	b.n	8000de0 <HAL_RCC_ClockConfig+0x144>
      if (__HAL_RCC_GET_FLAG(RCC_FLAG_HSERDY) == RESET)
 8000d54:	4a28      	ldr	r2, [pc, #160]	@ (8000df8 <HAL_RCC_ClockConfig+0x15c>)
 8000d56:	6812      	ldr	r2, [r2, #0]
 8000d58:	f412 3f00 	tst.w	r2, #131072	@ 0x20000
 8000d5c:	d1e0      	bne.n	8000d20 <HAL_RCC_ClockConfig+0x84>
        return HAL_ERROR;
 8000d5e:	2001      	movs	r0, #1
 8000d60:	e03e      	b.n	8000de0 <HAL_RCC_ClockConfig+0x144>
      if (__HAL_RCC_GET_FLAG(RCC_FLAG_PLLRDY) == RESET)
 8000d62:	4a25      	ldr	r2, [pc, #148]	@ (8000df8 <HAL_RCC_ClockConfig+0x15c>)
 8000d64:	6812      	ldr	r2, [r2, #0]
 8000d66:	f012 7f00 	tst.w	r2, #33554432	@ 0x2000000
 8000d6a:	d1d9      	bne.n	8000d20 <HAL_RCC_ClockConfig+0x84>
        return HAL_ERROR;
 8000d6c:	2001      	movs	r0, #1
 8000d6e:	e037      	b.n	8000de0 <HAL_RCC_ClockConfig+0x144>
  if (FLatency < __HAL_FLASH_GET_LATENCY())
 8000d70:	4b20      	ldr	r3, [pc, #128]	@ (8000df4 <HAL_RCC_ClockConfig+0x158>)
 8000d72:	681b      	ldr	r3, [r3, #0]
 8000d74:	f003 0307 	and.w	r3, r3, #7
 8000d78:	42ab      	cmp	r3, r5
 8000d7a:	d90a      	bls.n	8000d92 <HAL_RCC_ClockConfig+0xf6>
    __HAL_FLASH_SET_LATENCY(FLatency);
 8000d7c:	4a1d      	ldr	r2, [pc, #116]	@ (8000df4 <HAL_RCC_ClockConfig+0x158>)
 8000d7e:	6813      	ldr	r3, [r2, #0]
 8000d80:	f023 0307 	bic.w	r3, r3, #7
 8000d84:	432b      	orrs	r3, r5
 8000d86:	6013      	str	r3, [r2, #0]
    if (__HAL_FLASH_GET_LATENCY() != FLatency)
 8000d88:	6813      	ldr	r3, [r2, #0]
 8000d8a:	f003 0307 	and.w	r3, r3, #7
 8000d8e:	42ab      	cmp	r3, r5
 8000d90:	d12d      	bne.n	8000dee <HAL_RCC_ClockConfig+0x152>
if (((RCC_ClkInitStruct->ClockType) & RCC_CLOCKTYPE_PCLK1) == RCC_CLOCKTYPE_PCLK1)
 8000d92:	6823      	ldr	r3, [r4, #0]
 8000d94:	f013 0f04 	tst.w	r3, #4
 8000d98:	d006      	beq.n	8000da8 <HAL_RCC_ClockConfig+0x10c>
    MODIFY_REG(RCC->CFGR, RCC_CFGR_PPRE1, RCC_ClkInitStruct->APB1CLKDivider);
 8000d9a:	4a17      	ldr	r2, [pc, #92]	@ (8000df8 <HAL_RCC_ClockConfig+0x15c>)
 8000d9c:	6853      	ldr	r3, [r2, #4]
 8000d9e:	f423 63e0 	bic.w	r3, r3, #1792	@ 0x700
 8000da2:	68e1      	ldr	r1, [r4, #12]
 8000da4:	430b      	orrs	r3, r1
 8000da6:	6053      	str	r3, [r2, #4]
  if (((RCC_ClkInitStruct->ClockType) & RCC_CLOCKTYPE_PCLK2) == RCC_CLOCKTYPE_PCLK2)
 8000da8:	6823      	ldr	r3, [r4, #0]
 8000daa:	f013 0f08 	tst.w	r3, #8
 8000dae:	d007      	beq.n	8000dc0 <HAL_RCC_ClockConfig+0x124>
    MODIFY_REG(RCC->CFGR, RCC_CFGR_PPRE2, ((RCC_ClkInitStruct->APB2CLKDivider) << 3));
 8000db0:	4a11      	ldr	r2, [pc, #68]	@ (8000df8 <HAL_RCC_ClockConfig+0x15c>)
 8000db2:	6853      	ldr	r3, [r2, #4]
 8000db4:	f423 5360 	bic.w	r3, r3, #14336	@ 0x3800
 8000db8:	6921      	ldr	r1, [r4, #16]
 8000dba:	ea43 03c1 	orr.w	r3, r3, r1, lsl #3
 8000dbe:	6053      	str	r3, [r2, #4]
  SystemCoreClock = HAL_RCC_GetSysClockFreq() >> AHBPrescTable[(RCC->CFGR & RCC_CFGR_HPRE) >> RCC_CFGR_HPRE_Pos];
 8000dc0:	f7ff ff42 	bl	8000c48 <HAL_RCC_GetSysClockFreq>
 8000dc4:	4b0c      	ldr	r3, [pc, #48]	@ (8000df8 <HAL_RCC_ClockConfig+0x15c>)
 8000dc6:	685b      	ldr	r3, [r3, #4]
 8000dc8:	f3c3 1303 	ubfx	r3, r3, #4, #4
 8000dcc:	4a0b      	ldr	r2, [pc, #44]	@ (8000dfc <HAL_RCC_ClockConfig+0x160>)
 8000dce:	5cd3      	ldrb	r3, [r2, r3]
 8000dd0:	40d8      	lsrs	r0, r3
 8000dd2:	4b0b      	ldr	r3, [pc, #44]	@ (8000e00 <HAL_RCC_ClockConfig+0x164>)
 8000dd4:	6018      	str	r0, [r3, #0]
  HAL_InitTick(uwTickPrio);
 8000dd6:	4b0b      	ldr	r3, [pc, #44]	@ (8000e04 <HAL_RCC_ClockConfig+0x168>)
 8000dd8:	6818      	ldr	r0, [r3, #0]
 8000dda:	f7ff faa7 	bl	800032c <HAL_InitTick>
  return HAL_OK;
 8000dde:	2000      	movs	r0, #0
}
 8000de0:	bd70      	pop	{r4, r5, r6, pc}
    return HAL_ERROR;
 8000de2:	2001      	movs	r0, #1
}
 8000de4:	4770      	bx	lr
    return HAL_ERROR;
 8000de6:	2001      	movs	r0, #1
 8000de8:	e7fa      	b.n	8000de0 <HAL_RCC_ClockConfig+0x144>
        return HAL_ERROR;
 8000dea:	2001      	movs	r0, #1
 8000dec:	e7f8      	b.n	8000de0 <HAL_RCC_ClockConfig+0x144>
    return HAL_ERROR;
 8000dee:	2001      	movs	r0, #1
 8000df0:	e7f6      	b.n	8000de0 <HAL_RCC_ClockConfig+0x144>
 8000df2:	bf00      	nop
 8000df4:	40022000 	.word	0x40022000
 8000df8:	40021000 	.word	0x40021000
 8000dfc:	08001058 	.word	0x08001058
 8000e00:	20000008 	.word	0x20000008
 8000e04:	20000004 	.word	0x20000004

08000e08 <HAL_RCCEx_PeriphCLKConfig>:
  *         manually disable it.
  *
  * @retval HAL status
  */
HAL_StatusTypeDef HAL_RCCEx_PeriphCLKConfig(RCC_PeriphCLKInitTypeDef  *PeriphClkInit)
{
 8000e08:	b570      	push	{r4, r5, r6, lr}
 8000e0a:	b082      	sub	sp, #8
 8000e0c:	4604      	mov	r4, r0

  /* Check the parameters */
  assert_param(IS_RCC_PERIPHCLOCK(PeriphClkInit->PeriphClockSelection));

  /*------------------------------- RTC/LCD Configuration ------------------------*/
  if ((((PeriphClkInit->PeriphClockSelection) & RCC_PERIPHCLK_RTC) == RCC_PERIPHCLK_RTC))
 8000e0e:	6803      	ldr	r3, [r0, #0]
 8000e10:	f013 0f01 	tst.w	r3, #1
 8000e14:	d036      	beq.n	8000e84 <HAL_RCCEx_PeriphCLKConfig+0x7c>
    assert_param(IS_RCC_RTCCLKSOURCE(PeriphClkInit->RTCClockSelection));

    /* As soon as function is called to change RTC clock source, activation of the
       power domain is done. */
    /* Requires to enable write access to Backup Domain of necessary */
    if (__HAL_RCC_PWR_IS_CLK_DISABLED())
 8000e16:	4b3f      	ldr	r3, [pc, #252]	@ (8000f14 <HAL_RCCEx_PeriphCLKConfig+0x10c>)
 8000e18:	69db      	ldr	r3, [r3, #28]
 8000e1a:	f013 5f80 	tst.w	r3, #268435456	@ 0x10000000
 8000e1e:	d14a      	bne.n	8000eb6 <HAL_RCCEx_PeriphCLKConfig+0xae>
    {
      __HAL_RCC_PWR_CLK_ENABLE();
 8000e20:	4b3c      	ldr	r3, [pc, #240]	@ (8000f14 <HAL_RCCEx_PeriphCLKConfig+0x10c>)
 8000e22:	69da      	ldr	r2, [r3, #28]
 8000e24:	f042 5280 	orr.w	r2, r2, #268435456	@ 0x10000000
 8000e28:	61da      	str	r2, [r3, #28]
 8000e2a:	69db      	ldr	r3, [r3, #28]
 8000e2c:	f003 5380 	and.w	r3, r3, #268435456	@ 0x10000000
 8000e30:	9301      	str	r3, [sp, #4]
 8000e32:	9b01      	ldr	r3, [sp, #4]
      pwrclkchanged = SET;
 8000e34:	2501      	movs	r5, #1
    }

    if (HAL_IS_BIT_CLR(PWR->CR, PWR_CR_DBP))
 8000e36:	4b38      	ldr	r3, [pc, #224]	@ (8000f18 <HAL_RCCEx_PeriphCLKConfig+0x110>)
 8000e38:	681b      	ldr	r3, [r3, #0]
 8000e3a:	f413 7f80 	tst.w	r3, #256	@ 0x100
 8000e3e:	d03c      	beq.n	8000eba <HAL_RCCEx_PeriphCLKConfig+0xb2>
        }
      }
    }

    /* Reset the Backup domain only if the RTC Clock source selection is modified from reset value */
    temp_reg = (RCC->BDCR & RCC_BDCR_RTCSEL);
 8000e40:	4b34      	ldr	r3, [pc, #208]	@ (8000f14 <HAL_RCCEx_PeriphCLKConfig+0x10c>)
 8000e42:	6a1b      	ldr	r3, [r3, #32]
    if ((temp_reg != 0x00000000U) && (temp_reg != (PeriphClkInit->RTCClockSelection & RCC_BDCR_RTCSEL)))
 8000e44:	f413 7340 	ands.w	r3, r3, #768	@ 0x300
 8000e48:	d013      	beq.n	8000e72 <HAL_RCCEx_PeriphCLKConfig+0x6a>
 8000e4a:	6862      	ldr	r2, [r4, #4]
 8000e4c:	f402 7240 	and.w	r2, r2, #768	@ 0x300
 8000e50:	429a      	cmp	r2, r3
 8000e52:	d00e      	beq.n	8000e72 <HAL_RCCEx_PeriphCLKConfig+0x6a>
    {
      /* Store the content of BDCR register before the reset of Backup Domain */
      temp_reg = (RCC->BDCR & ~(RCC_BDCR_RTCSEL));
 8000e54:	4a2f      	ldr	r2, [pc, #188]	@ (8000f14 <HAL_RCCEx_PeriphCLKConfig+0x10c>)
 8000e56:	6a13      	ldr	r3, [r2, #32]
 8000e58:	f423 7040 	bic.w	r0, r3, #768	@ 0x300
      /* RTC Clock selection can be changed only if the Backup Domain is reset */
      __HAL_RCC_BACKUPRESET_FORCE();
 8000e5c:	492f      	ldr	r1, [pc, #188]	@ (8000f1c <HAL_RCCEx_PeriphCLKConfig+0x114>)
 8000e5e:	2601      	movs	r6, #1
 8000e60:	f8c1 6440 	str.w	r6, [r1, #1088]	@ 0x440
      __HAL_RCC_BACKUPRESET_RELEASE();
 8000e64:	2600      	movs	r6, #0
 8000e66:	f8c1 6440 	str.w	r6, [r1, #1088]	@ 0x440
      /* Restore the Content of BDCR register */
      RCC->BDCR = temp_reg;
 8000e6a:	6210      	str	r0, [r2, #32]

      /* Wait for LSERDY if LSE was enabled */
      if (HAL_IS_BIT_SET(temp_reg, RCC_BDCR_LSEON))
 8000e6c:	f013 0f01 	tst.w	r3, #1
 8000e70:	d137      	bne.n	8000ee2 <HAL_RCCEx_PeriphCLKConfig+0xda>
            return HAL_TIMEOUT;
          }
        }
      }
    }
    __HAL_RCC_RTC_CONFIG(PeriphClkInit->RTCClockSelection);
 8000e72:	4a28      	ldr	r2, [pc, #160]	@ (8000f14 <HAL_RCCEx_PeriphCLKConfig+0x10c>)
 8000e74:	6a13      	ldr	r3, [r2, #32]
 8000e76:	f423 7340 	bic.w	r3, r3, #768	@ 0x300
 8000e7a:	6861      	ldr	r1, [r4, #4]
 8000e7c:	430b      	orrs	r3, r1
 8000e7e:	6213      	str	r3, [r2, #32]

    /* Require to disable power clock if necessary */
    if (pwrclkchanged == SET)
 8000e80:	2d00      	cmp	r5, #0
 8000e82:	d13f      	bne.n	8000f04 <HAL_RCCEx_PeriphCLKConfig+0xfc>
      __HAL_RCC_PWR_CLK_DISABLE();
    }
  }

  /*------------------------------ ADC clock Configuration ------------------*/
  if (((PeriphClkInit->PeriphClockSelection) & RCC_PERIPHCLK_ADC) == RCC_PERIPHCLK_ADC)
 8000e84:	6823      	ldr	r3, [r4, #0]
 8000e86:	f013 0f02 	tst.w	r3, #2
 8000e8a:	d006      	beq.n	8000e9a <HAL_RCCEx_PeriphCLKConfig+0x92>
  {
    /* Check the parameters */
    assert_param(IS_RCC_ADCPLLCLK_DIV(PeriphClkInit->AdcClockSelection));

    /* Configure the ADC clock source */
    __HAL_RCC_ADC_CONFIG(PeriphClkInit->AdcClockSelection);
 8000e8c:	4a21      	ldr	r2, [pc, #132]	@ (8000f14 <HAL_RCCEx_PeriphCLKConfig+0x10c>)
 8000e8e:	6853      	ldr	r3, [r2, #4]
 8000e90:	f423 4340 	bic.w	r3, r3, #49152	@ 0xc000
 8000e94:	68a1      	ldr	r1, [r4, #8]
 8000e96:	430b      	orrs	r3, r1
 8000e98:	6053      	str	r3, [r2, #4]

#if defined(STM32F102x6) || defined(STM32F102xB) || defined(STM32F103x6)\
 || defined(STM32F103xB) || defined(STM32F103xE) || defined(STM32F103xG)\
 || defined(STM32F105xC) || defined(STM32F107xC)
  /*------------------------------ USB clock Configuration ------------------*/
  if (((PeriphClkInit->PeriphClockSelection) & RCC_PERIPHCLK_USB) == RCC_PERIPHCLK_USB)
 8000e9a:	6823      	ldr	r3, [r4, #0]
 8000e9c:	f013 0f10 	tst.w	r3, #16
 8000ea0:	d035      	beq.n	8000f0e <HAL_RCCEx_PeriphCLKConfig+0x106>
  {
    /* Check the parameters */
    assert_param(IS_RCC_USBPLLCLK_DIV(PeriphClkInit->UsbClockSelection));

    /* Configure the USB clock source */
    __HAL_RCC_USB_CONFIG(PeriphClkInit->UsbClockSelection);
 8000ea2:	4a1c      	ldr	r2, [pc, #112]	@ (8000f14 <HAL_RCCEx_PeriphCLKConfig+0x10c>)
 8000ea4:	6853      	ldr	r3, [r2, #4]
 8000ea6:	f423 0380 	bic.w	r3, r3, #4194304	@ 0x400000
 8000eaa:	68e1      	ldr	r1, [r4, #12]
 8000eac:	430b      	orrs	r3, r1
 8000eae:	6053      	str	r3, [r2, #4]
  }
#endif /* STM32F102x6 || STM32F102xB || STM32F103x6 || STM32F103xB || STM32F103xE || STM32F103xG || STM32F105xC || STM32F107xC */

  return HAL_OK;
 8000eb0:	2000      	movs	r0, #0
}
 8000eb2:	b002      	add	sp, #8
 8000eb4:	bd70      	pop	{r4, r5, r6, pc}
    FlagStatus pwrclkchanged = RESET;
 8000eb6:	2500      	movs	r5, #0
 8000eb8:	e7bd      	b.n	8000e36 <HAL_RCCEx_PeriphCLKConfig+0x2e>
      SET_BIT(PWR->CR, PWR_CR_DBP);
 8000eba:	4a17      	ldr	r2, [pc, #92]	@ (8000f18 <HAL_RCCEx_PeriphCLKConfig+0x110>)
 8000ebc:	6813      	ldr	r3, [r2, #0]
 8000ebe:	f443 7380 	orr.w	r3, r3, #256	@ 0x100
 8000ec2:	6013      	str	r3, [r2, #0]
      tickstart = HAL_GetTick();
 8000ec4:	f7ff fa76 	bl	80003b4 <HAL_GetTick>
 8000ec8:	4606      	mov	r6, r0
      while (HAL_IS_BIT_CLR(PWR->CR, PWR_CR_DBP))
 8000eca:	4b13      	ldr	r3, [pc, #76]	@ (8000f18 <HAL_RCCEx_PeriphCLKConfig+0x110>)
 8000ecc:	681b      	ldr	r3, [r3, #0]
 8000ece:	f413 7f80 	tst.w	r3, #256	@ 0x100
 8000ed2:	d1b5      	bne.n	8000e40 <HAL_RCCEx_PeriphCLKConfig+0x38>
        if ((HAL_GetTick() - tickstart) > RCC_DBP_TIMEOUT_VALUE)
 8000ed4:	f7ff fa6e 	bl	80003b4 <HAL_GetTick>
 8000ed8:	1b80      	subs	r0, r0, r6
 8000eda:	2864      	cmp	r0, #100	@ 0x64
 8000edc:	d9f5      	bls.n	8000eca <HAL_RCCEx_PeriphCLKConfig+0xc2>
          return HAL_TIMEOUT;
 8000ede:	2003      	movs	r0, #3
 8000ee0:	e7e7      	b.n	8000eb2 <HAL_RCCEx_PeriphCLKConfig+0xaa>
        tickstart = HAL_GetTick();
 8000ee2:	f7ff fa67 	bl	80003b4 <HAL_GetTick>
 8000ee6:	4606      	mov	r6, r0
        while (__HAL_RCC_GET_FLAG(RCC_FLAG_LSERDY) == RESET)
 8000ee8:	4b0a      	ldr	r3, [pc, #40]	@ (8000f14 <HAL_RCCEx_PeriphCLKConfig+0x10c>)
 8000eea:	6a1b      	ldr	r3, [r3, #32]
 8000eec:	f013 0f02 	tst.w	r3, #2
 8000ef0:	d1bf      	bne.n	8000e72 <HAL_RCCEx_PeriphCLKConfig+0x6a>
          if ((HAL_GetTick() - tickstart) > RCC_LSE_TIMEOUT_VALUE)
 8000ef2:	f7ff fa5f 	bl	80003b4 <HAL_GetTick>
 8000ef6:	1b80      	subs	r0, r0, r6
 8000ef8:	f241 3388 	movw	r3, #5000	@ 0x1388
 8000efc:	4298      	cmp	r0, r3
 8000efe:	d9f3      	bls.n	8000ee8 <HAL_RCCEx_PeriphCLKConfig+0xe0>
            return HAL_TIMEOUT;
 8000f00:	2003      	movs	r0, #3
 8000f02:	e7d6      	b.n	8000eb2 <HAL_RCCEx_PeriphCLKConfig+0xaa>
      __HAL_RCC_PWR_CLK_DISABLE();
 8000f04:	69d3      	ldr	r3, [r2, #28]
 8000f06:	f023 5380 	bic.w	r3, r3, #268435456	@ 0x10000000
 8000f0a:	61d3      	str	r3, [r2, #28]
 8000f0c:	e7ba      	b.n	8000e84 <HAL_RCCEx_PeriphCLKConfig+0x7c>
  return HAL_OK;
 8000f0e:	2000      	movs	r0, #0
 8000f10:	e7cf      	b.n	8000eb2 <HAL_RCCEx_PeriphCLKConfig+0xaa>
 8000f12:	bf00      	nop
 8000f14:	40021000 	.word	0x40021000
 8000f18:	40007000 	.word	0x40007000
 8000f1c:	42420000 	.word	0x42420000

08000f20 <NMI_Handler>:
{
  /* USER CODE BEGIN NonMaskableInt_IRQn 0 */

  /* USER CODE END NonMaskableInt_IRQn 0 */
  /* USER CODE BEGIN NonMaskableInt_IRQn 1 */
   while (1)
 8000f20:	e7fe      	b.n	8000f20 <NMI_Handler>

08000f22 <HardFault_Handler>:
void HardFault_Handler(void)
{
  /* USER CODE BEGIN HardFault_IRQn 0 */

  /* USER CODE END HardFault_IRQn 0 */
  while (1)
 8000f22:	e7fe      	b.n	8000f22 <HardFault_Handler>

08000f24 <MemManage_Handler>:
void MemManage_Handler(void)
{
  /* USER CODE BEGIN MemoryManagement_IRQn 0 */

  /* USER CODE END MemoryManagement_IRQn 0 */
  while (1)
 8000f24:	e7fe      	b.n	8000f24 <MemManage_Handler>

08000f26 <BusFault_Handler>:
void BusFault_Handler(void)
{
  /* USER CODE BEGIN BusFault_IRQn 0 */

  /* USER CODE END BusFault_IRQn 0 */
  while (1)
 8000f26:	e7fe      	b.n	8000f26 <BusFault_Handler>

08000f28 <UsageFault_Handler>:
void UsageFault_Handler(void)
{
  /* USER CODE BEGIN UsageFault_IRQn 0 */

  /* USER CODE END UsageFault_IRQn 0 */
  while (1)
 8000f28:	e7fe      	b.n	8000f28 <UsageFault_Handler>

08000f2a <SVC_Handler>:

  /* USER CODE END SVCall_IRQn 0 */
  /* USER CODE BEGIN SVCall_IRQn 1 */

  /* USER CODE END SVCall_IRQn 1 */
}
 8000f2a:	4770      	bx	lr

08000f2c <DebugMon_Handler>:

  /* USER CODE END DebugMonitor_IRQn 0 */
  /* USER CODE BEGIN DebugMonitor_IRQn 1 */

  /* USER CODE END DebugMonitor_IRQn 1 */
}
 8000f2c:	4770      	bx	lr

08000f2e <PendSV_Handler>:

  /* USER CODE END PendSV_IRQn 0 */
  /* USER CODE BEGIN PendSV_IRQn 1 */

  /* USER CODE END PendSV_IRQn 1 */
}
 8000f2e:	4770      	bx	lr

08000f30 <SysTick_Handler>:

/**
  * @brief This function handles System tick timer.
  */
void SysTick_Handler(void)
{
 8000f30:	b508      	push	{r3, lr}
  /* USER CODE BEGIN SysTick_IRQn 0 */

  /* USER CODE END SysTick_IRQn 0 */
  HAL_IncTick();
 8000f32:	f7ff fa33 	bl	800039c <HAL_IncTick>
  /* USER CODE BEGIN SysTick_IRQn 1 */

  /* USER CODE END SysTick_IRQn 1 */
}
 8000f36:	bd08      	pop	{r3, pc}

08000f38 <USB_CoreInit>:
  * @param  cfg pointer to a USB_CfgTypeDef structure that contains
  *         the configuration information for the specified USBx peripheral.
  * @retval HAL status
  */
HAL_StatusTypeDef USB_CoreInit(USB_TypeDef *USBx, USB_CfgTypeDef cfg)
{
 8000f38:	b084      	sub	sp, #16
 8000f3a:	a804      	add	r0, sp, #16
 8000f3c:	e900 000e 	stmdb	r0, {r1, r2, r3}
              only by USB OTG FS peripheral.
            - This function is added to ensure compatibility across platforms.
   */

  return HAL_OK;
}
 8000f40:	2000      	movs	r0, #0
 8000f42:	b004      	add	sp, #16
 8000f44:	4770      	bx	lr

08000f46 <USB_DisableGlobalInt>:
                   USB_CNTR_SUSPM | USB_CNTR_ERRM |
                   USB_CNTR_SOFM | USB_CNTR_ESOFM |
                   USB_CNTR_RESETM;

  /* Clear interrupt mask */
  USBx->CNTR &= (uint16_t)(~winterruptmask);
 8000f46:	f8b0 3040 	ldrh.w	r3, [r0, #64]	@ 0x40
 8000f4a:	f423 537c 	bic.w	r3, r3, #16128	@ 0x3f00
 8000f4e:	045b      	lsls	r3, r3, #17
 8000f50:	0c5b      	lsrs	r3, r3, #17
 8000f52:	f8a0 3040 	strh.w	r3, [r0, #64]	@ 0x40

  return HAL_OK;
}
 8000f56:	2000      	movs	r0, #0
 8000f58:	4770      	bx	lr

08000f5a <USB_SetCurrentMode>:
  /* NOTE : - This function is not required by USB Device FS peripheral, it is used
              only by USB OTG FS peripheral.
            - This function is added to ensure compatibility across platforms.
   */
  return HAL_OK;
}
 8000f5a:	2000      	movs	r0, #0
 8000f5c:	4770      	bx	lr

08000f5e <USB_DevInit>:
  * @param  cfg  pointer to a USB_CfgTypeDef structure that contains
  *         the configuration information for the specified USBx peripheral.
  * @retval HAL status
  */
HAL_StatusTypeDef USB_DevInit(USB_TypeDef *USBx, USB_CfgTypeDef cfg)
{
 8000f5e:	b084      	sub	sp, #16
 8000f60:	4684      	mov	ip, r0
 8000f62:	a804      	add	r0, sp, #16
 8000f64:	e900 000e 	stmdb	r0, {r1, r2, r3}
  /* Prevent unused argument(s) compilation warning */
  UNUSED(cfg);

  /* Init Device */
  /* CNTR_FRES = 1 */
  USBx->CNTR = (uint16_t)USB_CNTR_FRES;
 8000f68:	2301      	movs	r3, #1
 8000f6a:	f8ac 3040 	strh.w	r3, [ip, #64]	@ 0x40

  /* CNTR_FRES = 0 */
  USBx->CNTR = 0U;
 8000f6e:	2000      	movs	r0, #0
 8000f70:	f8ac 0040 	strh.w	r0, [ip, #64]	@ 0x40

  /* Clear pending interrupts */
  USBx->ISTR = 0U;
 8000f74:	f8ac 0044 	strh.w	r0, [ip, #68]	@ 0x44

  /*Set Btable Address*/
  USBx->BTABLE = BTABLE_ADDRESS;
 8000f78:	f8ac 0050 	strh.w	r0, [ip, #80]	@ 0x50

  return HAL_OK;
}
 8000f7c:	b004      	add	sp, #16
 8000f7e:	4770      	bx	lr

08000f80 <USB_DevDisconnect>:
              only by USB OTG FS peripheral.
            - This function is added to ensure compatibility across platforms.
   */

  return HAL_OK;
}
 8000f80:	2000      	movs	r0, #0
 8000f82:	4770      	bx	lr

08000f84 <SystemInit>:

  /* Configure the Vector Table location -------------------------------------*/
#if defined(USER_VECT_TAB_ADDRESS)
  SCB->VTOR = VECT_TAB_BASE_ADDRESS | VECT_TAB_OFFSET; /* Vector Table Relocation in Internal SRAM. */
#endif /* USER_VECT_TAB_ADDRESS */
}
 8000f84:	4770      	bx	lr
	...

08000f88 <Reset_Handler>:
  .weak Reset_Handler
  .type Reset_Handler, %function
Reset_Handler:

/* Call the clock system initialization function.*/
    bl  SystemInit
 8000f88:	f7ff fffc 	bl	8000f84 <SystemInit>

/* Copy the data segment initializers from flash to SRAM */
  ldr r0, =_sdata
 8000f8c:	480b      	ldr	r0, [pc, #44]	@ (8000fbc <LoopFillZerobss+0xe>)
  ldr r1, =_edata
 8000f8e:	490c      	ldr	r1, [pc, #48]	@ (8000fc0 <LoopFillZerobss+0x12>)
  ldr r2, =_sidata
 8000f90:	4a0c      	ldr	r2, [pc, #48]	@ (8000fc4 <LoopFillZerobss+0x16>)
  movs r3, #0
 8000f92:	2300      	movs	r3, #0
  b LoopCopyDataInit
 8000f94:	e002      	b.n	8000f9c <LoopCopyDataInit>

08000f96 <CopyDataInit>:

CopyDataInit:
  ldr r4, [r2, r3]
 8000f96:	58d4      	ldr	r4, [r2, r3]
  str r4, [r0, r3]
 8000f98:	50c4      	str	r4, [r0, r3]
  adds r3, r3, #4
 8000f9a:	3304      	adds	r3, #4

08000f9c <LoopCopyDataInit>:

LoopCopyDataInit:
  adds r4, r0, r3
 8000f9c:	18c4      	adds	r4, r0, r3
  cmp r4, r1
 8000f9e:	428c      	cmp	r4, r1
  bcc CopyDataInit
 8000fa0:	d3f9      	bcc.n	8000f96 <CopyDataInit>
  
/* Zero fill the bss segment. */
  ldr r2, =_sbss
 8000fa2:	4a09      	ldr	r2, [pc, #36]	@ (8000fc8 <LoopFillZerobss+0x1a>)
  ldr r4, =_ebss
 8000fa4:	4c09      	ldr	r4, [pc, #36]	@ (8000fcc <LoopFillZerobss+0x1e>)
  movs r3, #0
 8000fa6:	2300      	movs	r3, #0
  b LoopFillZerobss
 8000fa8:	e001      	b.n	8000fae <LoopFillZerobss>

08000faa <FillZerobss>:

FillZerobss:
  str  r3, [r2]
 8000faa:	6013      	str	r3, [r2, #0]
  adds r2, r2, #4
 8000fac:	3204      	adds	r2, #4

08000fae <LoopFillZerobss>:

LoopFillZerobss:
  cmp r2, r4
 8000fae:	42a2      	cmp	r2, r4
  bcc FillZerobss
 8000fb0:	d3fb      	bcc.n	8000faa <FillZerobss>

/* Call static constructors */
    bl __libc_init_array
 8000fb2:	f000 f817 	bl	8000fe4 <__libc_init_array>
/* Call the application's entry point.*/
  bl main
 8000fb6:	f7ff f9af 	bl	8000318 <main>
  bx lr
 8000fba:	4770      	bx	lr
  ldr r0, =_sdata
 8000fbc:	20000000 	.word	0x20000000
  ldr r1, =_edata
 8000fc0:	2000000c 	.word	0x2000000c
  ldr r2, =_sidata
 8000fc4:	08001070 	.word	0x08001070
  ldr r2, =_sbss
 8000fc8:	2000000c 	.word	0x2000000c
  ldr r4, =_ebss
 8000fcc:	20000304 	.word	0x20000304

08000fd0 <ADC1_2_IRQHandler>:
 * @retval : None
*/
    .section .text.Default_Handler,"ax",%progbits
Default_Handler:
Infinite_Loop:
  b Infinite_Loop
 8000fd0:	e7fe      	b.n	8000fd0 <ADC1_2_IRQHandler>

08000fd2 <memset>:
 8000fd2:	4603      	mov	r3, r0
 8000fd4:	4402      	add	r2, r0
 8000fd6:	4293      	cmp	r3, r2
 8000fd8:	d100      	bne.n	8000fdc <memset+0xa>
 8000fda:	4770      	bx	lr
 8000fdc:	f803 1b01 	strb.w	r1, [r3], #1
 8000fe0:	e7f9      	b.n	8000fd6 <memset+0x4>
	...

08000fe4 <__libc_init_array>:
 8000fe4:	b570      	push	{r4, r5, r6, lr}
 8000fe6:	2600      	movs	r6, #0
 8000fe8:	4d0c      	ldr	r5, [pc, #48]	@ (800101c <__libc_init_array+0x38>)
 8000fea:	4b0d      	ldr	r3, [pc, #52]	@ (8001020 <__libc_init_array+0x3c>)
 8000fec:	1b5b      	subs	r3, r3, r5
 8000fee:	109c      	asrs	r4, r3, #2
 8000ff0:	42a6      	cmp	r6, r4
 8000ff2:	d109      	bne.n	8001008 <__libc_init_array+0x24>
 8000ff4:	2600      	movs	r6, #0
 8000ff6:	f000 f819 	bl	800102c <_init>
 8000ffa:	4d0a      	ldr	r5, [pc, #40]	@ (8001024 <__libc_init_array+0x40>)
 8000ffc:	4b0a      	ldr	r3, [pc, #40]	@ (8001028 <__libc_init_array+0x44>)
 8000ffe:	1b5b      	subs	r3, r3, r5
 8001000:	109c      	asrs	r4, r3, #2
 8001002:	42a6      	cmp	r6, r4
 8001004:	d105      	bne.n	8001012 <__libc_init_array+0x2e>
 8001006:	bd70      	pop	{r4, r5, r6, pc}
 8001008:	f855 3b04 	ldr.w	r3, [r5], #4
 800100c:	4798      	blx	r3
 800100e:	3601      	adds	r6, #1
 8001010:	e7ee      	b.n	8000ff0 <__libc_init_array+0xc>
 8001012:	f855 3b04 	ldr.w	r3, [r5], #4
 8001016:	4798      	blx	r3
 8001018:	3601      	adds	r6, #1
 800101a:	e7f2      	b.n	8001002 <__libc_init_array+0x1e>
 800101c:	08001068 	.word	0x08001068
 8001020:	08001068 	.word	0x08001068
 8001024:	08001068 	.word	0x08001068
 8001028:	0800106c 	.word	0x0800106c

0800102c <_init>:
 800102c:	b5f8      	push	{r3, r4, r5, r6, r7, lr}
 800102e:	bf00      	nop
 8001030:	bcf8      	pop	{r3, r4, r5, r6, r7}
 8001032:	bc08      	pop	{r3}
 8001034:	469e      	mov	lr, r3
 8001036:	4770      	bx	lr

08001038 <_fini>:
 8001038:	b5f8      	push	{r3, r4, r5, r6, r7, lr}
 800103a:	bf00      	nop
 800103c:	bcf8      	pop	{r3, r4, r5, r6, r7}
 800103e:	bc08      	pop	{r3}
 8001040:	469e      	mov	lr, r3
 8001042:	4770      	bx	lr
