ARM GAS  C:\Users\jc\AppData\Local\Temp\ccPtFhbx.s 			page 1


   1              		.cpu cortex-m3
   2              		.arch armv7-m
   3              		.fpu softvfp
   4              		.eabi_attribute 20, 1
   5              		.eabi_attribute 21, 1
   6              		.eabi_attribute 23, 3
   7              		.eabi_attribute 24, 1
   8              		.eabi_attribute 25, 1
   9              		.eabi_attribute 26, 1
  10              		.eabi_attribute 30, 1
  11              		.eabi_attribute 34, 1
  12              		.eabi_attribute 18, 4
  13              		.file	"stm32f1xx_hal_pcd.c"
  14              		.text
  15              	.Ltext0:
  16              		.cfi_sections	.debug_frame
  17              		.file 1 "Drivers/STM32F1xx_HAL_Driver/Src/stm32f1xx_hal_pcd.c"
  18              		.section	.text.HAL_PCD_EP_DB_Receive,"ax",%progbits
  19              		.align	1
  20              		.syntax unified
  21              		.thumb
  22              		.thumb_func
  24              	HAL_PCD_EP_DB_Receive:
  25              	.LVL0:
  26              	.LFB100:
   1:Drivers/STM32F1xx_HAL_Driver/Src/stm32f1xx_hal_pcd.c **** /**
   2:Drivers/STM32F1xx_HAL_Driver/Src/stm32f1xx_hal_pcd.c ****   ******************************************************************************
   3:Drivers/STM32F1xx_HAL_Driver/Src/stm32f1xx_hal_pcd.c ****   * @file    stm32f1xx_hal_pcd.c
   4:Drivers/STM32F1xx_HAL_Driver/Src/stm32f1xx_hal_pcd.c ****   * @author  MCD Application Team
   5:Drivers/STM32F1xx_HAL_Driver/Src/stm32f1xx_hal_pcd.c ****   * @brief   PCD HAL module driver.
   6:Drivers/STM32F1xx_HAL_Driver/Src/stm32f1xx_hal_pcd.c ****   *          This file provides firmware functions to manage the following
   7:Drivers/STM32F1xx_HAL_Driver/Src/stm32f1xx_hal_pcd.c ****   *          functionalities of the USB Peripheral Controller:
   8:Drivers/STM32F1xx_HAL_Driver/Src/stm32f1xx_hal_pcd.c ****   *           + Initialization and de-initialization functions
   9:Drivers/STM32F1xx_HAL_Driver/Src/stm32f1xx_hal_pcd.c ****   *           + IO operation functions
  10:Drivers/STM32F1xx_HAL_Driver/Src/stm32f1xx_hal_pcd.c ****   *           + Peripheral Control functions
  11:Drivers/STM32F1xx_HAL_Driver/Src/stm32f1xx_hal_pcd.c ****   *           + Peripheral State functions
  12:Drivers/STM32F1xx_HAL_Driver/Src/stm32f1xx_hal_pcd.c ****   *
  13:Drivers/STM32F1xx_HAL_Driver/Src/stm32f1xx_hal_pcd.c ****   ******************************************************************************
  14:Drivers/STM32F1xx_HAL_Driver/Src/stm32f1xx_hal_pcd.c ****   * @attention
  15:Drivers/STM32F1xx_HAL_Driver/Src/stm32f1xx_hal_pcd.c ****   *
  16:Drivers/STM32F1xx_HAL_Driver/Src/stm32f1xx_hal_pcd.c ****   * Copyright (c) 2016 STMicroelectronics.
  17:Drivers/STM32F1xx_HAL_Driver/Src/stm32f1xx_hal_pcd.c ****   * All rights reserved.
  18:Drivers/STM32F1xx_HAL_Driver/Src/stm32f1xx_hal_pcd.c ****   *
  19:Drivers/STM32F1xx_HAL_Driver/Src/stm32f1xx_hal_pcd.c ****   * This software is licensed under terms that can be found in the LICENSE file
  20:Drivers/STM32F1xx_HAL_Driver/Src/stm32f1xx_hal_pcd.c ****   * in the root directory of this software component.
  21:Drivers/STM32F1xx_HAL_Driver/Src/stm32f1xx_hal_pcd.c ****   * If no LICENSE file comes with this software, it is provided AS-IS.
  22:Drivers/STM32F1xx_HAL_Driver/Src/stm32f1xx_hal_pcd.c ****   *
  23:Drivers/STM32F1xx_HAL_Driver/Src/stm32f1xx_hal_pcd.c ****   ******************************************************************************
  24:Drivers/STM32F1xx_HAL_Driver/Src/stm32f1xx_hal_pcd.c ****   @verbatim
  25:Drivers/STM32F1xx_HAL_Driver/Src/stm32f1xx_hal_pcd.c ****   ==============================================================================
  26:Drivers/STM32F1xx_HAL_Driver/Src/stm32f1xx_hal_pcd.c ****                     ##### How to use this driver #####
  27:Drivers/STM32F1xx_HAL_Driver/Src/stm32f1xx_hal_pcd.c ****   ==============================================================================
  28:Drivers/STM32F1xx_HAL_Driver/Src/stm32f1xx_hal_pcd.c ****     [..]
  29:Drivers/STM32F1xx_HAL_Driver/Src/stm32f1xx_hal_pcd.c ****       The PCD HAL driver can be used as follows:
  30:Drivers/STM32F1xx_HAL_Driver/Src/stm32f1xx_hal_pcd.c **** 
  31:Drivers/STM32F1xx_HAL_Driver/Src/stm32f1xx_hal_pcd.c ****      (#) Declare a PCD_HandleTypeDef handle structure, for example:
  32:Drivers/STM32F1xx_HAL_Driver/Src/stm32f1xx_hal_pcd.c ****          PCD_HandleTypeDef  hpcd;
ARM GAS  C:\Users\jc\AppData\Local\Temp\ccPtFhbx.s 			page 2


  33:Drivers/STM32F1xx_HAL_Driver/Src/stm32f1xx_hal_pcd.c **** 
  34:Drivers/STM32F1xx_HAL_Driver/Src/stm32f1xx_hal_pcd.c ****      (#) Fill parameters of Init structure in HCD handle
  35:Drivers/STM32F1xx_HAL_Driver/Src/stm32f1xx_hal_pcd.c **** 
  36:Drivers/STM32F1xx_HAL_Driver/Src/stm32f1xx_hal_pcd.c ****      (#) Call HAL_PCD_Init() API to initialize the PCD peripheral (Core, Device core, ...)
  37:Drivers/STM32F1xx_HAL_Driver/Src/stm32f1xx_hal_pcd.c **** 
  38:Drivers/STM32F1xx_HAL_Driver/Src/stm32f1xx_hal_pcd.c ****      (#) Initialize the PCD low level resources through the HAL_PCD_MspInit() API:
  39:Drivers/STM32F1xx_HAL_Driver/Src/stm32f1xx_hal_pcd.c ****          (##) Enable the PCD/USB Low Level interface clock using
  40:Drivers/STM32F1xx_HAL_Driver/Src/stm32f1xx_hal_pcd.c ****               (+++) __HAL_RCC_USB_CLK_ENABLE(); For USB Device FS peripheral
  41:Drivers/STM32F1xx_HAL_Driver/Src/stm32f1xx_hal_pcd.c ****               (+++) __HAL_RCC_USB_OTG_FS_CLK_ENABLE();
  42:Drivers/STM32F1xx_HAL_Driver/Src/stm32f1xx_hal_pcd.c **** 
  43:Drivers/STM32F1xx_HAL_Driver/Src/stm32f1xx_hal_pcd.c ****          (##) Initialize the related GPIO clocks
  44:Drivers/STM32F1xx_HAL_Driver/Src/stm32f1xx_hal_pcd.c ****          (##) Configure PCD pin-out
  45:Drivers/STM32F1xx_HAL_Driver/Src/stm32f1xx_hal_pcd.c ****          (##) Configure PCD NVIC interrupt
  46:Drivers/STM32F1xx_HAL_Driver/Src/stm32f1xx_hal_pcd.c **** 
  47:Drivers/STM32F1xx_HAL_Driver/Src/stm32f1xx_hal_pcd.c ****      (#)Associate the Upper USB device stack to the HAL PCD Driver:
  48:Drivers/STM32F1xx_HAL_Driver/Src/stm32f1xx_hal_pcd.c ****          (##) hpcd.pData = pdev;
  49:Drivers/STM32F1xx_HAL_Driver/Src/stm32f1xx_hal_pcd.c **** 
  50:Drivers/STM32F1xx_HAL_Driver/Src/stm32f1xx_hal_pcd.c ****      (#)Enable PCD transmission and reception:
  51:Drivers/STM32F1xx_HAL_Driver/Src/stm32f1xx_hal_pcd.c ****          (##) HAL_PCD_Start();
  52:Drivers/STM32F1xx_HAL_Driver/Src/stm32f1xx_hal_pcd.c **** 
  53:Drivers/STM32F1xx_HAL_Driver/Src/stm32f1xx_hal_pcd.c ****   @endverbatim
  54:Drivers/STM32F1xx_HAL_Driver/Src/stm32f1xx_hal_pcd.c ****   ******************************************************************************
  55:Drivers/STM32F1xx_HAL_Driver/Src/stm32f1xx_hal_pcd.c ****   */
  56:Drivers/STM32F1xx_HAL_Driver/Src/stm32f1xx_hal_pcd.c **** 
  57:Drivers/STM32F1xx_HAL_Driver/Src/stm32f1xx_hal_pcd.c **** /* Includes ------------------------------------------------------------------*/
  58:Drivers/STM32F1xx_HAL_Driver/Src/stm32f1xx_hal_pcd.c **** #include "stm32f1xx_hal.h"
  59:Drivers/STM32F1xx_HAL_Driver/Src/stm32f1xx_hal_pcd.c **** 
  60:Drivers/STM32F1xx_HAL_Driver/Src/stm32f1xx_hal_pcd.c **** /** @addtogroup STM32F1xx_HAL_Driver
  61:Drivers/STM32F1xx_HAL_Driver/Src/stm32f1xx_hal_pcd.c ****   * @{
  62:Drivers/STM32F1xx_HAL_Driver/Src/stm32f1xx_hal_pcd.c ****   */
  63:Drivers/STM32F1xx_HAL_Driver/Src/stm32f1xx_hal_pcd.c **** 
  64:Drivers/STM32F1xx_HAL_Driver/Src/stm32f1xx_hal_pcd.c **** /** @defgroup PCD PCD
  65:Drivers/STM32F1xx_HAL_Driver/Src/stm32f1xx_hal_pcd.c ****   * @brief PCD HAL module driver
  66:Drivers/STM32F1xx_HAL_Driver/Src/stm32f1xx_hal_pcd.c ****   * @{
  67:Drivers/STM32F1xx_HAL_Driver/Src/stm32f1xx_hal_pcd.c ****   */
  68:Drivers/STM32F1xx_HAL_Driver/Src/stm32f1xx_hal_pcd.c **** 
  69:Drivers/STM32F1xx_HAL_Driver/Src/stm32f1xx_hal_pcd.c **** #ifdef HAL_PCD_MODULE_ENABLED
  70:Drivers/STM32F1xx_HAL_Driver/Src/stm32f1xx_hal_pcd.c **** 
  71:Drivers/STM32F1xx_HAL_Driver/Src/stm32f1xx_hal_pcd.c **** #if defined (USB) || defined (USB_OTG_FS)
  72:Drivers/STM32F1xx_HAL_Driver/Src/stm32f1xx_hal_pcd.c **** 
  73:Drivers/STM32F1xx_HAL_Driver/Src/stm32f1xx_hal_pcd.c **** /* Private types -------------------------------------------------------------*/
  74:Drivers/STM32F1xx_HAL_Driver/Src/stm32f1xx_hal_pcd.c **** /* Private variables ---------------------------------------------------------*/
  75:Drivers/STM32F1xx_HAL_Driver/Src/stm32f1xx_hal_pcd.c **** /* Private constants ---------------------------------------------------------*/
  76:Drivers/STM32F1xx_HAL_Driver/Src/stm32f1xx_hal_pcd.c **** /* Private macros ------------------------------------------------------------*/
  77:Drivers/STM32F1xx_HAL_Driver/Src/stm32f1xx_hal_pcd.c **** /** @defgroup PCD_Private_Macros PCD Private Macros
  78:Drivers/STM32F1xx_HAL_Driver/Src/stm32f1xx_hal_pcd.c ****   * @{
  79:Drivers/STM32F1xx_HAL_Driver/Src/stm32f1xx_hal_pcd.c ****   */
  80:Drivers/STM32F1xx_HAL_Driver/Src/stm32f1xx_hal_pcd.c **** #define PCD_MIN(a, b)  (((a) < (b)) ? (a) : (b))
  81:Drivers/STM32F1xx_HAL_Driver/Src/stm32f1xx_hal_pcd.c **** #define PCD_MAX(a, b)  (((a) > (b)) ? (a) : (b))
  82:Drivers/STM32F1xx_HAL_Driver/Src/stm32f1xx_hal_pcd.c **** /**
  83:Drivers/STM32F1xx_HAL_Driver/Src/stm32f1xx_hal_pcd.c ****   * @}
  84:Drivers/STM32F1xx_HAL_Driver/Src/stm32f1xx_hal_pcd.c ****   */
  85:Drivers/STM32F1xx_HAL_Driver/Src/stm32f1xx_hal_pcd.c **** 
  86:Drivers/STM32F1xx_HAL_Driver/Src/stm32f1xx_hal_pcd.c **** /* Private functions prototypes ----------------------------------------------*/
  87:Drivers/STM32F1xx_HAL_Driver/Src/stm32f1xx_hal_pcd.c **** /** @defgroup PCD_Private_Functions PCD Private Functions
  88:Drivers/STM32F1xx_HAL_Driver/Src/stm32f1xx_hal_pcd.c ****   * @{
  89:Drivers/STM32F1xx_HAL_Driver/Src/stm32f1xx_hal_pcd.c ****   */
ARM GAS  C:\Users\jc\AppData\Local\Temp\ccPtFhbx.s 			page 3


  90:Drivers/STM32F1xx_HAL_Driver/Src/stm32f1xx_hal_pcd.c **** #if defined (USB_OTG_FS)
  91:Drivers/STM32F1xx_HAL_Driver/Src/stm32f1xx_hal_pcd.c **** static HAL_StatusTypeDef PCD_WriteEmptyTxFifo(PCD_HandleTypeDef *hpcd, uint32_t epnum);
  92:Drivers/STM32F1xx_HAL_Driver/Src/stm32f1xx_hal_pcd.c **** static HAL_StatusTypeDef PCD_EP_OutXfrComplete_int(PCD_HandleTypeDef *hpcd, uint32_t epnum);
  93:Drivers/STM32F1xx_HAL_Driver/Src/stm32f1xx_hal_pcd.c **** static HAL_StatusTypeDef PCD_EP_OutSetupPacket_int(PCD_HandleTypeDef *hpcd, uint32_t epnum);
  94:Drivers/STM32F1xx_HAL_Driver/Src/stm32f1xx_hal_pcd.c **** #endif /* defined (USB_OTG_FS) */
  95:Drivers/STM32F1xx_HAL_Driver/Src/stm32f1xx_hal_pcd.c **** 
  96:Drivers/STM32F1xx_HAL_Driver/Src/stm32f1xx_hal_pcd.c **** #if defined (USB)
  97:Drivers/STM32F1xx_HAL_Driver/Src/stm32f1xx_hal_pcd.c **** static HAL_StatusTypeDef PCD_EP_ISR_Handler(PCD_HandleTypeDef *hpcd);
  98:Drivers/STM32F1xx_HAL_Driver/Src/stm32f1xx_hal_pcd.c **** #if (USE_USB_DOUBLE_BUFFER == 1U)
  99:Drivers/STM32F1xx_HAL_Driver/Src/stm32f1xx_hal_pcd.c **** static HAL_StatusTypeDef HAL_PCD_EP_DB_Transmit(PCD_HandleTypeDef *hpcd, PCD_EPTypeDef *ep, uint16_
 100:Drivers/STM32F1xx_HAL_Driver/Src/stm32f1xx_hal_pcd.c **** static uint16_t HAL_PCD_EP_DB_Receive(PCD_HandleTypeDef *hpcd, PCD_EPTypeDef *ep, uint16_t wEPVal);
 101:Drivers/STM32F1xx_HAL_Driver/Src/stm32f1xx_hal_pcd.c **** #endif /* (USE_USB_DOUBLE_BUFFER == 1U) */
 102:Drivers/STM32F1xx_HAL_Driver/Src/stm32f1xx_hal_pcd.c **** #endif /* defined (USB) */
 103:Drivers/STM32F1xx_HAL_Driver/Src/stm32f1xx_hal_pcd.c **** /**
 104:Drivers/STM32F1xx_HAL_Driver/Src/stm32f1xx_hal_pcd.c ****   * @}
 105:Drivers/STM32F1xx_HAL_Driver/Src/stm32f1xx_hal_pcd.c ****   */
 106:Drivers/STM32F1xx_HAL_Driver/Src/stm32f1xx_hal_pcd.c **** 
 107:Drivers/STM32F1xx_HAL_Driver/Src/stm32f1xx_hal_pcd.c **** /* Exported functions --------------------------------------------------------*/
 108:Drivers/STM32F1xx_HAL_Driver/Src/stm32f1xx_hal_pcd.c **** /** @defgroup PCD_Exported_Functions PCD Exported Functions
 109:Drivers/STM32F1xx_HAL_Driver/Src/stm32f1xx_hal_pcd.c ****   * @{
 110:Drivers/STM32F1xx_HAL_Driver/Src/stm32f1xx_hal_pcd.c ****   */
 111:Drivers/STM32F1xx_HAL_Driver/Src/stm32f1xx_hal_pcd.c **** 
 112:Drivers/STM32F1xx_HAL_Driver/Src/stm32f1xx_hal_pcd.c **** /** @defgroup PCD_Exported_Functions_Group1 Initialization and de-initialization functions
 113:Drivers/STM32F1xx_HAL_Driver/Src/stm32f1xx_hal_pcd.c ****   *  @brief    Initialization and Configuration functions
 114:Drivers/STM32F1xx_HAL_Driver/Src/stm32f1xx_hal_pcd.c ****   *
 115:Drivers/STM32F1xx_HAL_Driver/Src/stm32f1xx_hal_pcd.c **** @verbatim
 116:Drivers/STM32F1xx_HAL_Driver/Src/stm32f1xx_hal_pcd.c ****  ===============================================================================
 117:Drivers/STM32F1xx_HAL_Driver/Src/stm32f1xx_hal_pcd.c ****             ##### Initialization and de-initialization functions #####
 118:Drivers/STM32F1xx_HAL_Driver/Src/stm32f1xx_hal_pcd.c ****  ===============================================================================
 119:Drivers/STM32F1xx_HAL_Driver/Src/stm32f1xx_hal_pcd.c ****     [..]  This section provides functions allowing to:
 120:Drivers/STM32F1xx_HAL_Driver/Src/stm32f1xx_hal_pcd.c **** 
 121:Drivers/STM32F1xx_HAL_Driver/Src/stm32f1xx_hal_pcd.c **** @endverbatim
 122:Drivers/STM32F1xx_HAL_Driver/Src/stm32f1xx_hal_pcd.c ****   * @{
 123:Drivers/STM32F1xx_HAL_Driver/Src/stm32f1xx_hal_pcd.c ****   */
 124:Drivers/STM32F1xx_HAL_Driver/Src/stm32f1xx_hal_pcd.c **** 
 125:Drivers/STM32F1xx_HAL_Driver/Src/stm32f1xx_hal_pcd.c **** /**
 126:Drivers/STM32F1xx_HAL_Driver/Src/stm32f1xx_hal_pcd.c ****   * @brief  Initializes the PCD according to the specified
 127:Drivers/STM32F1xx_HAL_Driver/Src/stm32f1xx_hal_pcd.c ****   *         parameters in the PCD_InitTypeDef and initialize the associated handle.
 128:Drivers/STM32F1xx_HAL_Driver/Src/stm32f1xx_hal_pcd.c ****   * @param  hpcd PCD handle
 129:Drivers/STM32F1xx_HAL_Driver/Src/stm32f1xx_hal_pcd.c ****   * @retval HAL status
 130:Drivers/STM32F1xx_HAL_Driver/Src/stm32f1xx_hal_pcd.c ****   */
 131:Drivers/STM32F1xx_HAL_Driver/Src/stm32f1xx_hal_pcd.c **** HAL_StatusTypeDef HAL_PCD_Init(PCD_HandleTypeDef *hpcd)
 132:Drivers/STM32F1xx_HAL_Driver/Src/stm32f1xx_hal_pcd.c **** {
 133:Drivers/STM32F1xx_HAL_Driver/Src/stm32f1xx_hal_pcd.c ****   uint8_t i;
 134:Drivers/STM32F1xx_HAL_Driver/Src/stm32f1xx_hal_pcd.c **** 
 135:Drivers/STM32F1xx_HAL_Driver/Src/stm32f1xx_hal_pcd.c ****   /* Check the PCD handle allocation */
 136:Drivers/STM32F1xx_HAL_Driver/Src/stm32f1xx_hal_pcd.c ****   if (hpcd == NULL)
 137:Drivers/STM32F1xx_HAL_Driver/Src/stm32f1xx_hal_pcd.c ****   {
 138:Drivers/STM32F1xx_HAL_Driver/Src/stm32f1xx_hal_pcd.c ****     return HAL_ERROR;
 139:Drivers/STM32F1xx_HAL_Driver/Src/stm32f1xx_hal_pcd.c ****   }
 140:Drivers/STM32F1xx_HAL_Driver/Src/stm32f1xx_hal_pcd.c **** 
 141:Drivers/STM32F1xx_HAL_Driver/Src/stm32f1xx_hal_pcd.c ****   /* Check the parameters */
 142:Drivers/STM32F1xx_HAL_Driver/Src/stm32f1xx_hal_pcd.c ****   assert_param(IS_PCD_ALL_INSTANCE(hpcd->Instance));
 143:Drivers/STM32F1xx_HAL_Driver/Src/stm32f1xx_hal_pcd.c **** 
 144:Drivers/STM32F1xx_HAL_Driver/Src/stm32f1xx_hal_pcd.c ****   if (hpcd->State == HAL_PCD_STATE_RESET)
 145:Drivers/STM32F1xx_HAL_Driver/Src/stm32f1xx_hal_pcd.c ****   {
 146:Drivers/STM32F1xx_HAL_Driver/Src/stm32f1xx_hal_pcd.c ****     /* Allocate lock resource and initialize it */
ARM GAS  C:\Users\jc\AppData\Local\Temp\ccPtFhbx.s 			page 4


 147:Drivers/STM32F1xx_HAL_Driver/Src/stm32f1xx_hal_pcd.c ****     hpcd->Lock = HAL_UNLOCKED;
 148:Drivers/STM32F1xx_HAL_Driver/Src/stm32f1xx_hal_pcd.c **** 
 149:Drivers/STM32F1xx_HAL_Driver/Src/stm32f1xx_hal_pcd.c **** #if (USE_HAL_PCD_REGISTER_CALLBACKS == 1U)
 150:Drivers/STM32F1xx_HAL_Driver/Src/stm32f1xx_hal_pcd.c ****     hpcd->SOFCallback = HAL_PCD_SOFCallback;
 151:Drivers/STM32F1xx_HAL_Driver/Src/stm32f1xx_hal_pcd.c ****     hpcd->SetupStageCallback = HAL_PCD_SetupStageCallback;
 152:Drivers/STM32F1xx_HAL_Driver/Src/stm32f1xx_hal_pcd.c ****     hpcd->ResetCallback = HAL_PCD_ResetCallback;
 153:Drivers/STM32F1xx_HAL_Driver/Src/stm32f1xx_hal_pcd.c ****     hpcd->SuspendCallback = HAL_PCD_SuspendCallback;
 154:Drivers/STM32F1xx_HAL_Driver/Src/stm32f1xx_hal_pcd.c ****     hpcd->ResumeCallback = HAL_PCD_ResumeCallback;
 155:Drivers/STM32F1xx_HAL_Driver/Src/stm32f1xx_hal_pcd.c ****     hpcd->ConnectCallback = HAL_PCD_ConnectCallback;
 156:Drivers/STM32F1xx_HAL_Driver/Src/stm32f1xx_hal_pcd.c ****     hpcd->DisconnectCallback = HAL_PCD_DisconnectCallback;
 157:Drivers/STM32F1xx_HAL_Driver/Src/stm32f1xx_hal_pcd.c ****     hpcd->DataOutStageCallback = HAL_PCD_DataOutStageCallback;
 158:Drivers/STM32F1xx_HAL_Driver/Src/stm32f1xx_hal_pcd.c ****     hpcd->DataInStageCallback = HAL_PCD_DataInStageCallback;
 159:Drivers/STM32F1xx_HAL_Driver/Src/stm32f1xx_hal_pcd.c ****     hpcd->ISOOUTIncompleteCallback = HAL_PCD_ISOOUTIncompleteCallback;
 160:Drivers/STM32F1xx_HAL_Driver/Src/stm32f1xx_hal_pcd.c ****     hpcd->ISOINIncompleteCallback = HAL_PCD_ISOINIncompleteCallback;
 161:Drivers/STM32F1xx_HAL_Driver/Src/stm32f1xx_hal_pcd.c **** 
 162:Drivers/STM32F1xx_HAL_Driver/Src/stm32f1xx_hal_pcd.c ****     if (hpcd->MspInitCallback == NULL)
 163:Drivers/STM32F1xx_HAL_Driver/Src/stm32f1xx_hal_pcd.c ****     {
 164:Drivers/STM32F1xx_HAL_Driver/Src/stm32f1xx_hal_pcd.c ****       hpcd->MspInitCallback = HAL_PCD_MspInit;
 165:Drivers/STM32F1xx_HAL_Driver/Src/stm32f1xx_hal_pcd.c ****     }
 166:Drivers/STM32F1xx_HAL_Driver/Src/stm32f1xx_hal_pcd.c **** 
 167:Drivers/STM32F1xx_HAL_Driver/Src/stm32f1xx_hal_pcd.c ****     /* Init the low level hardware */
 168:Drivers/STM32F1xx_HAL_Driver/Src/stm32f1xx_hal_pcd.c ****     hpcd->MspInitCallback(hpcd);
 169:Drivers/STM32F1xx_HAL_Driver/Src/stm32f1xx_hal_pcd.c **** #else
 170:Drivers/STM32F1xx_HAL_Driver/Src/stm32f1xx_hal_pcd.c ****     /* Init the low level hardware : GPIO, CLOCK, NVIC... */
 171:Drivers/STM32F1xx_HAL_Driver/Src/stm32f1xx_hal_pcd.c ****     HAL_PCD_MspInit(hpcd);
 172:Drivers/STM32F1xx_HAL_Driver/Src/stm32f1xx_hal_pcd.c **** #endif /* (USE_HAL_PCD_REGISTER_CALLBACKS) */
 173:Drivers/STM32F1xx_HAL_Driver/Src/stm32f1xx_hal_pcd.c ****   }
 174:Drivers/STM32F1xx_HAL_Driver/Src/stm32f1xx_hal_pcd.c **** 
 175:Drivers/STM32F1xx_HAL_Driver/Src/stm32f1xx_hal_pcd.c ****   hpcd->State = HAL_PCD_STATE_BUSY;
 176:Drivers/STM32F1xx_HAL_Driver/Src/stm32f1xx_hal_pcd.c **** 
 177:Drivers/STM32F1xx_HAL_Driver/Src/stm32f1xx_hal_pcd.c ****   /* Disable DMA mode for FS instance */
 178:Drivers/STM32F1xx_HAL_Driver/Src/stm32f1xx_hal_pcd.c ****   hpcd->Init.dma_enable = 0U;
 179:Drivers/STM32F1xx_HAL_Driver/Src/stm32f1xx_hal_pcd.c **** 
 180:Drivers/STM32F1xx_HAL_Driver/Src/stm32f1xx_hal_pcd.c ****   /* Disable the Interrupts */
 181:Drivers/STM32F1xx_HAL_Driver/Src/stm32f1xx_hal_pcd.c ****   __HAL_PCD_DISABLE(hpcd);
 182:Drivers/STM32F1xx_HAL_Driver/Src/stm32f1xx_hal_pcd.c **** 
 183:Drivers/STM32F1xx_HAL_Driver/Src/stm32f1xx_hal_pcd.c ****   /*Init the Core (common init.) */
 184:Drivers/STM32F1xx_HAL_Driver/Src/stm32f1xx_hal_pcd.c ****   if (USB_CoreInit(hpcd->Instance, hpcd->Init) != HAL_OK)
 185:Drivers/STM32F1xx_HAL_Driver/Src/stm32f1xx_hal_pcd.c ****   {
 186:Drivers/STM32F1xx_HAL_Driver/Src/stm32f1xx_hal_pcd.c ****     hpcd->State = HAL_PCD_STATE_ERROR;
 187:Drivers/STM32F1xx_HAL_Driver/Src/stm32f1xx_hal_pcd.c ****     return HAL_ERROR;
 188:Drivers/STM32F1xx_HAL_Driver/Src/stm32f1xx_hal_pcd.c ****   }
 189:Drivers/STM32F1xx_HAL_Driver/Src/stm32f1xx_hal_pcd.c **** 
 190:Drivers/STM32F1xx_HAL_Driver/Src/stm32f1xx_hal_pcd.c ****   /* Force Device Mode */
 191:Drivers/STM32F1xx_HAL_Driver/Src/stm32f1xx_hal_pcd.c ****   if (USB_SetCurrentMode(hpcd->Instance, USB_DEVICE_MODE) != HAL_OK)
 192:Drivers/STM32F1xx_HAL_Driver/Src/stm32f1xx_hal_pcd.c ****   {
 193:Drivers/STM32F1xx_HAL_Driver/Src/stm32f1xx_hal_pcd.c ****     hpcd->State = HAL_PCD_STATE_ERROR;
 194:Drivers/STM32F1xx_HAL_Driver/Src/stm32f1xx_hal_pcd.c ****     return HAL_ERROR;
 195:Drivers/STM32F1xx_HAL_Driver/Src/stm32f1xx_hal_pcd.c ****   }
 196:Drivers/STM32F1xx_HAL_Driver/Src/stm32f1xx_hal_pcd.c **** 
 197:Drivers/STM32F1xx_HAL_Driver/Src/stm32f1xx_hal_pcd.c ****   /* Init endpoints structures */
 198:Drivers/STM32F1xx_HAL_Driver/Src/stm32f1xx_hal_pcd.c ****   for (i = 0U; i < hpcd->Init.dev_endpoints; i++)
 199:Drivers/STM32F1xx_HAL_Driver/Src/stm32f1xx_hal_pcd.c ****   {
 200:Drivers/STM32F1xx_HAL_Driver/Src/stm32f1xx_hal_pcd.c ****     /* Init ep structure */
 201:Drivers/STM32F1xx_HAL_Driver/Src/stm32f1xx_hal_pcd.c ****     hpcd->IN_ep[i].is_in = 1U;
 202:Drivers/STM32F1xx_HAL_Driver/Src/stm32f1xx_hal_pcd.c ****     hpcd->IN_ep[i].num = i;
 203:Drivers/STM32F1xx_HAL_Driver/Src/stm32f1xx_hal_pcd.c **** #if defined (USB_OTG_FS)
ARM GAS  C:\Users\jc\AppData\Local\Temp\ccPtFhbx.s 			page 5


 204:Drivers/STM32F1xx_HAL_Driver/Src/stm32f1xx_hal_pcd.c ****     hpcd->IN_ep[i].tx_fifo_num = i;
 205:Drivers/STM32F1xx_HAL_Driver/Src/stm32f1xx_hal_pcd.c **** #endif /* defined (USB_OTG_FS) */
 206:Drivers/STM32F1xx_HAL_Driver/Src/stm32f1xx_hal_pcd.c ****     /* Control until ep is activated */
 207:Drivers/STM32F1xx_HAL_Driver/Src/stm32f1xx_hal_pcd.c ****     hpcd->IN_ep[i].type = EP_TYPE_CTRL;
 208:Drivers/STM32F1xx_HAL_Driver/Src/stm32f1xx_hal_pcd.c ****     hpcd->IN_ep[i].maxpacket = 0U;
 209:Drivers/STM32F1xx_HAL_Driver/Src/stm32f1xx_hal_pcd.c ****     hpcd->IN_ep[i].xfer_buff = 0U;
 210:Drivers/STM32F1xx_HAL_Driver/Src/stm32f1xx_hal_pcd.c ****     hpcd->IN_ep[i].xfer_len = 0U;
 211:Drivers/STM32F1xx_HAL_Driver/Src/stm32f1xx_hal_pcd.c ****   }
 212:Drivers/STM32F1xx_HAL_Driver/Src/stm32f1xx_hal_pcd.c **** 
 213:Drivers/STM32F1xx_HAL_Driver/Src/stm32f1xx_hal_pcd.c ****   for (i = 0U; i < hpcd->Init.dev_endpoints; i++)
 214:Drivers/STM32F1xx_HAL_Driver/Src/stm32f1xx_hal_pcd.c ****   {
 215:Drivers/STM32F1xx_HAL_Driver/Src/stm32f1xx_hal_pcd.c ****     hpcd->OUT_ep[i].is_in = 0U;
 216:Drivers/STM32F1xx_HAL_Driver/Src/stm32f1xx_hal_pcd.c ****     hpcd->OUT_ep[i].num = i;
 217:Drivers/STM32F1xx_HAL_Driver/Src/stm32f1xx_hal_pcd.c ****     /* Control until ep is activated */
 218:Drivers/STM32F1xx_HAL_Driver/Src/stm32f1xx_hal_pcd.c ****     hpcd->OUT_ep[i].type = EP_TYPE_CTRL;
 219:Drivers/STM32F1xx_HAL_Driver/Src/stm32f1xx_hal_pcd.c ****     hpcd->OUT_ep[i].maxpacket = 0U;
 220:Drivers/STM32F1xx_HAL_Driver/Src/stm32f1xx_hal_pcd.c ****     hpcd->OUT_ep[i].xfer_buff = 0U;
 221:Drivers/STM32F1xx_HAL_Driver/Src/stm32f1xx_hal_pcd.c ****     hpcd->OUT_ep[i].xfer_len = 0U;
 222:Drivers/STM32F1xx_HAL_Driver/Src/stm32f1xx_hal_pcd.c ****   }
 223:Drivers/STM32F1xx_HAL_Driver/Src/stm32f1xx_hal_pcd.c **** 
 224:Drivers/STM32F1xx_HAL_Driver/Src/stm32f1xx_hal_pcd.c ****   /* Init Device */
 225:Drivers/STM32F1xx_HAL_Driver/Src/stm32f1xx_hal_pcd.c ****   if (USB_DevInit(hpcd->Instance, hpcd->Init) != HAL_OK)
 226:Drivers/STM32F1xx_HAL_Driver/Src/stm32f1xx_hal_pcd.c ****   {
 227:Drivers/STM32F1xx_HAL_Driver/Src/stm32f1xx_hal_pcd.c ****     hpcd->State = HAL_PCD_STATE_ERROR;
 228:Drivers/STM32F1xx_HAL_Driver/Src/stm32f1xx_hal_pcd.c ****     return HAL_ERROR;
 229:Drivers/STM32F1xx_HAL_Driver/Src/stm32f1xx_hal_pcd.c ****   }
 230:Drivers/STM32F1xx_HAL_Driver/Src/stm32f1xx_hal_pcd.c **** 
 231:Drivers/STM32F1xx_HAL_Driver/Src/stm32f1xx_hal_pcd.c ****   hpcd->USB_Address = 0U;
 232:Drivers/STM32F1xx_HAL_Driver/Src/stm32f1xx_hal_pcd.c ****   hpcd->State = HAL_PCD_STATE_READY;
 233:Drivers/STM32F1xx_HAL_Driver/Src/stm32f1xx_hal_pcd.c ****   (void)USB_DevDisconnect(hpcd->Instance);
 234:Drivers/STM32F1xx_HAL_Driver/Src/stm32f1xx_hal_pcd.c **** 
 235:Drivers/STM32F1xx_HAL_Driver/Src/stm32f1xx_hal_pcd.c ****   return HAL_OK;
 236:Drivers/STM32F1xx_HAL_Driver/Src/stm32f1xx_hal_pcd.c **** }
 237:Drivers/STM32F1xx_HAL_Driver/Src/stm32f1xx_hal_pcd.c **** 
 238:Drivers/STM32F1xx_HAL_Driver/Src/stm32f1xx_hal_pcd.c **** /**
 239:Drivers/STM32F1xx_HAL_Driver/Src/stm32f1xx_hal_pcd.c ****   * @brief  DeInitializes the PCD peripheral.
 240:Drivers/STM32F1xx_HAL_Driver/Src/stm32f1xx_hal_pcd.c ****   * @param  hpcd PCD handle
 241:Drivers/STM32F1xx_HAL_Driver/Src/stm32f1xx_hal_pcd.c ****   * @retval HAL status
 242:Drivers/STM32F1xx_HAL_Driver/Src/stm32f1xx_hal_pcd.c ****   */
 243:Drivers/STM32F1xx_HAL_Driver/Src/stm32f1xx_hal_pcd.c **** HAL_StatusTypeDef HAL_PCD_DeInit(PCD_HandleTypeDef *hpcd)
 244:Drivers/STM32F1xx_HAL_Driver/Src/stm32f1xx_hal_pcd.c **** {
 245:Drivers/STM32F1xx_HAL_Driver/Src/stm32f1xx_hal_pcd.c ****   /* Check the PCD handle allocation */
 246:Drivers/STM32F1xx_HAL_Driver/Src/stm32f1xx_hal_pcd.c ****   if (hpcd == NULL)
 247:Drivers/STM32F1xx_HAL_Driver/Src/stm32f1xx_hal_pcd.c ****   {
 248:Drivers/STM32F1xx_HAL_Driver/Src/stm32f1xx_hal_pcd.c ****     return HAL_ERROR;
 249:Drivers/STM32F1xx_HAL_Driver/Src/stm32f1xx_hal_pcd.c ****   }
 250:Drivers/STM32F1xx_HAL_Driver/Src/stm32f1xx_hal_pcd.c **** 
 251:Drivers/STM32F1xx_HAL_Driver/Src/stm32f1xx_hal_pcd.c ****   hpcd->State = HAL_PCD_STATE_BUSY;
 252:Drivers/STM32F1xx_HAL_Driver/Src/stm32f1xx_hal_pcd.c **** 
 253:Drivers/STM32F1xx_HAL_Driver/Src/stm32f1xx_hal_pcd.c ****   /* Stop Device */
 254:Drivers/STM32F1xx_HAL_Driver/Src/stm32f1xx_hal_pcd.c ****   if (USB_StopDevice(hpcd->Instance) != HAL_OK)
 255:Drivers/STM32F1xx_HAL_Driver/Src/stm32f1xx_hal_pcd.c ****   {
 256:Drivers/STM32F1xx_HAL_Driver/Src/stm32f1xx_hal_pcd.c ****     return HAL_ERROR;
 257:Drivers/STM32F1xx_HAL_Driver/Src/stm32f1xx_hal_pcd.c ****   }
 258:Drivers/STM32F1xx_HAL_Driver/Src/stm32f1xx_hal_pcd.c **** 
 259:Drivers/STM32F1xx_HAL_Driver/Src/stm32f1xx_hal_pcd.c **** #if (USE_HAL_PCD_REGISTER_CALLBACKS == 1U)
 260:Drivers/STM32F1xx_HAL_Driver/Src/stm32f1xx_hal_pcd.c ****   if (hpcd->MspDeInitCallback == NULL)
ARM GAS  C:\Users\jc\AppData\Local\Temp\ccPtFhbx.s 			page 6


 261:Drivers/STM32F1xx_HAL_Driver/Src/stm32f1xx_hal_pcd.c ****   {
 262:Drivers/STM32F1xx_HAL_Driver/Src/stm32f1xx_hal_pcd.c ****     hpcd->MspDeInitCallback = HAL_PCD_MspDeInit; /* Legacy weak MspDeInit  */
 263:Drivers/STM32F1xx_HAL_Driver/Src/stm32f1xx_hal_pcd.c ****   }
 264:Drivers/STM32F1xx_HAL_Driver/Src/stm32f1xx_hal_pcd.c **** 
 265:Drivers/STM32F1xx_HAL_Driver/Src/stm32f1xx_hal_pcd.c ****   /* DeInit the low level hardware */
 266:Drivers/STM32F1xx_HAL_Driver/Src/stm32f1xx_hal_pcd.c ****   hpcd->MspDeInitCallback(hpcd);
 267:Drivers/STM32F1xx_HAL_Driver/Src/stm32f1xx_hal_pcd.c **** #else
 268:Drivers/STM32F1xx_HAL_Driver/Src/stm32f1xx_hal_pcd.c ****   /* DeInit the low level hardware: CLOCK, NVIC.*/
 269:Drivers/STM32F1xx_HAL_Driver/Src/stm32f1xx_hal_pcd.c ****   HAL_PCD_MspDeInit(hpcd);
 270:Drivers/STM32F1xx_HAL_Driver/Src/stm32f1xx_hal_pcd.c **** #endif /* USE_HAL_PCD_REGISTER_CALLBACKS */
 271:Drivers/STM32F1xx_HAL_Driver/Src/stm32f1xx_hal_pcd.c **** 
 272:Drivers/STM32F1xx_HAL_Driver/Src/stm32f1xx_hal_pcd.c ****   hpcd->State = HAL_PCD_STATE_RESET;
 273:Drivers/STM32F1xx_HAL_Driver/Src/stm32f1xx_hal_pcd.c **** 
 274:Drivers/STM32F1xx_HAL_Driver/Src/stm32f1xx_hal_pcd.c ****   return HAL_OK;
 275:Drivers/STM32F1xx_HAL_Driver/Src/stm32f1xx_hal_pcd.c **** }
 276:Drivers/STM32F1xx_HAL_Driver/Src/stm32f1xx_hal_pcd.c **** 
 277:Drivers/STM32F1xx_HAL_Driver/Src/stm32f1xx_hal_pcd.c **** /**
 278:Drivers/STM32F1xx_HAL_Driver/Src/stm32f1xx_hal_pcd.c ****   * @brief  Initializes the PCD MSP.
 279:Drivers/STM32F1xx_HAL_Driver/Src/stm32f1xx_hal_pcd.c ****   * @param  hpcd PCD handle
 280:Drivers/STM32F1xx_HAL_Driver/Src/stm32f1xx_hal_pcd.c ****   * @retval None
 281:Drivers/STM32F1xx_HAL_Driver/Src/stm32f1xx_hal_pcd.c ****   */
 282:Drivers/STM32F1xx_HAL_Driver/Src/stm32f1xx_hal_pcd.c **** __weak void HAL_PCD_MspInit(PCD_HandleTypeDef *hpcd)
 283:Drivers/STM32F1xx_HAL_Driver/Src/stm32f1xx_hal_pcd.c **** {
 284:Drivers/STM32F1xx_HAL_Driver/Src/stm32f1xx_hal_pcd.c ****   /* Prevent unused argument(s) compilation warning */
 285:Drivers/STM32F1xx_HAL_Driver/Src/stm32f1xx_hal_pcd.c ****   UNUSED(hpcd);
 286:Drivers/STM32F1xx_HAL_Driver/Src/stm32f1xx_hal_pcd.c **** 
 287:Drivers/STM32F1xx_HAL_Driver/Src/stm32f1xx_hal_pcd.c ****   /* NOTE : This function should not be modified, when the callback is needed,
 288:Drivers/STM32F1xx_HAL_Driver/Src/stm32f1xx_hal_pcd.c ****             the HAL_PCD_MspInit could be implemented in the user file
 289:Drivers/STM32F1xx_HAL_Driver/Src/stm32f1xx_hal_pcd.c ****    */
 290:Drivers/STM32F1xx_HAL_Driver/Src/stm32f1xx_hal_pcd.c **** }
 291:Drivers/STM32F1xx_HAL_Driver/Src/stm32f1xx_hal_pcd.c **** 
 292:Drivers/STM32F1xx_HAL_Driver/Src/stm32f1xx_hal_pcd.c **** /**
 293:Drivers/STM32F1xx_HAL_Driver/Src/stm32f1xx_hal_pcd.c ****   * @brief  DeInitializes PCD MSP.
 294:Drivers/STM32F1xx_HAL_Driver/Src/stm32f1xx_hal_pcd.c ****   * @param  hpcd PCD handle
 295:Drivers/STM32F1xx_HAL_Driver/Src/stm32f1xx_hal_pcd.c ****   * @retval None
 296:Drivers/STM32F1xx_HAL_Driver/Src/stm32f1xx_hal_pcd.c ****   */
 297:Drivers/STM32F1xx_HAL_Driver/Src/stm32f1xx_hal_pcd.c **** __weak void HAL_PCD_MspDeInit(PCD_HandleTypeDef *hpcd)
 298:Drivers/STM32F1xx_HAL_Driver/Src/stm32f1xx_hal_pcd.c **** {
 299:Drivers/STM32F1xx_HAL_Driver/Src/stm32f1xx_hal_pcd.c ****   /* Prevent unused argument(s) compilation warning */
 300:Drivers/STM32F1xx_HAL_Driver/Src/stm32f1xx_hal_pcd.c ****   UNUSED(hpcd);
 301:Drivers/STM32F1xx_HAL_Driver/Src/stm32f1xx_hal_pcd.c **** 
 302:Drivers/STM32F1xx_HAL_Driver/Src/stm32f1xx_hal_pcd.c ****   /* NOTE : This function should not be modified, when the callback is needed,
 303:Drivers/STM32F1xx_HAL_Driver/Src/stm32f1xx_hal_pcd.c ****             the HAL_PCD_MspDeInit could be implemented in the user file
 304:Drivers/STM32F1xx_HAL_Driver/Src/stm32f1xx_hal_pcd.c ****    */
 305:Drivers/STM32F1xx_HAL_Driver/Src/stm32f1xx_hal_pcd.c **** }
 306:Drivers/STM32F1xx_HAL_Driver/Src/stm32f1xx_hal_pcd.c **** 
 307:Drivers/STM32F1xx_HAL_Driver/Src/stm32f1xx_hal_pcd.c **** #if (USE_HAL_PCD_REGISTER_CALLBACKS == 1U)
 308:Drivers/STM32F1xx_HAL_Driver/Src/stm32f1xx_hal_pcd.c **** /**
 309:Drivers/STM32F1xx_HAL_Driver/Src/stm32f1xx_hal_pcd.c ****   * @brief  Register a User USB PCD Callback
 310:Drivers/STM32F1xx_HAL_Driver/Src/stm32f1xx_hal_pcd.c ****   *         To be used instead of the weak predefined callback
 311:Drivers/STM32F1xx_HAL_Driver/Src/stm32f1xx_hal_pcd.c ****   * @param  hpcd USB PCD handle
 312:Drivers/STM32F1xx_HAL_Driver/Src/stm32f1xx_hal_pcd.c ****   * @param  CallbackID ID of the callback to be registered
 313:Drivers/STM32F1xx_HAL_Driver/Src/stm32f1xx_hal_pcd.c ****   *         This parameter can be one of the following values:
 314:Drivers/STM32F1xx_HAL_Driver/Src/stm32f1xx_hal_pcd.c ****   *          @arg @ref HAL_PCD_SOF_CB_ID USB PCD SOF callback ID
 315:Drivers/STM32F1xx_HAL_Driver/Src/stm32f1xx_hal_pcd.c ****   *          @arg @ref HAL_PCD_SETUPSTAGE_CB_ID USB PCD Setup callback ID
 316:Drivers/STM32F1xx_HAL_Driver/Src/stm32f1xx_hal_pcd.c ****   *          @arg @ref HAL_PCD_RESET_CB_ID USB PCD Reset callback ID
 317:Drivers/STM32F1xx_HAL_Driver/Src/stm32f1xx_hal_pcd.c ****   *          @arg @ref HAL_PCD_SUSPEND_CB_ID USB PCD Suspend callback ID
ARM GAS  C:\Users\jc\AppData\Local\Temp\ccPtFhbx.s 			page 7


 318:Drivers/STM32F1xx_HAL_Driver/Src/stm32f1xx_hal_pcd.c ****   *          @arg @ref HAL_PCD_RESUME_CB_ID USB PCD Resume callback ID
 319:Drivers/STM32F1xx_HAL_Driver/Src/stm32f1xx_hal_pcd.c ****   *          @arg @ref HAL_PCD_CONNECT_CB_ID USB PCD Connect callback ID
 320:Drivers/STM32F1xx_HAL_Driver/Src/stm32f1xx_hal_pcd.c ****   *          @arg @ref HAL_PCD_DISCONNECT_CB_ID USB PCD Disconnect callback ID
 321:Drivers/STM32F1xx_HAL_Driver/Src/stm32f1xx_hal_pcd.c ****   *          @arg @ref HAL_PCD_MSPINIT_CB_ID MspDeInit callback ID
 322:Drivers/STM32F1xx_HAL_Driver/Src/stm32f1xx_hal_pcd.c ****   *          @arg @ref HAL_PCD_MSPDEINIT_CB_ID MspDeInit callback ID
 323:Drivers/STM32F1xx_HAL_Driver/Src/stm32f1xx_hal_pcd.c ****   * @param  pCallback pointer to the Callback function
 324:Drivers/STM32F1xx_HAL_Driver/Src/stm32f1xx_hal_pcd.c ****   * @retval HAL status
 325:Drivers/STM32F1xx_HAL_Driver/Src/stm32f1xx_hal_pcd.c ****   */
 326:Drivers/STM32F1xx_HAL_Driver/Src/stm32f1xx_hal_pcd.c **** HAL_StatusTypeDef HAL_PCD_RegisterCallback(PCD_HandleTypeDef *hpcd,
 327:Drivers/STM32F1xx_HAL_Driver/Src/stm32f1xx_hal_pcd.c ****                                            HAL_PCD_CallbackIDTypeDef CallbackID,
 328:Drivers/STM32F1xx_HAL_Driver/Src/stm32f1xx_hal_pcd.c ****                                            pPCD_CallbackTypeDef pCallback)
 329:Drivers/STM32F1xx_HAL_Driver/Src/stm32f1xx_hal_pcd.c **** {
 330:Drivers/STM32F1xx_HAL_Driver/Src/stm32f1xx_hal_pcd.c ****   HAL_StatusTypeDef status = HAL_OK;
 331:Drivers/STM32F1xx_HAL_Driver/Src/stm32f1xx_hal_pcd.c **** 
 332:Drivers/STM32F1xx_HAL_Driver/Src/stm32f1xx_hal_pcd.c ****   if (pCallback == NULL)
 333:Drivers/STM32F1xx_HAL_Driver/Src/stm32f1xx_hal_pcd.c ****   {
 334:Drivers/STM32F1xx_HAL_Driver/Src/stm32f1xx_hal_pcd.c ****     /* Update the error code */
 335:Drivers/STM32F1xx_HAL_Driver/Src/stm32f1xx_hal_pcd.c ****     hpcd->ErrorCode |= HAL_PCD_ERROR_INVALID_CALLBACK;
 336:Drivers/STM32F1xx_HAL_Driver/Src/stm32f1xx_hal_pcd.c ****     return HAL_ERROR;
 337:Drivers/STM32F1xx_HAL_Driver/Src/stm32f1xx_hal_pcd.c ****   }
 338:Drivers/STM32F1xx_HAL_Driver/Src/stm32f1xx_hal_pcd.c ****   /* Process locked */
 339:Drivers/STM32F1xx_HAL_Driver/Src/stm32f1xx_hal_pcd.c ****   __HAL_LOCK(hpcd);
 340:Drivers/STM32F1xx_HAL_Driver/Src/stm32f1xx_hal_pcd.c **** 
 341:Drivers/STM32F1xx_HAL_Driver/Src/stm32f1xx_hal_pcd.c ****   if (hpcd->State == HAL_PCD_STATE_READY)
 342:Drivers/STM32F1xx_HAL_Driver/Src/stm32f1xx_hal_pcd.c ****   {
 343:Drivers/STM32F1xx_HAL_Driver/Src/stm32f1xx_hal_pcd.c ****     switch (CallbackID)
 344:Drivers/STM32F1xx_HAL_Driver/Src/stm32f1xx_hal_pcd.c ****     {
 345:Drivers/STM32F1xx_HAL_Driver/Src/stm32f1xx_hal_pcd.c ****       case HAL_PCD_SOF_CB_ID :
 346:Drivers/STM32F1xx_HAL_Driver/Src/stm32f1xx_hal_pcd.c ****         hpcd->SOFCallback = pCallback;
 347:Drivers/STM32F1xx_HAL_Driver/Src/stm32f1xx_hal_pcd.c ****         break;
 348:Drivers/STM32F1xx_HAL_Driver/Src/stm32f1xx_hal_pcd.c **** 
 349:Drivers/STM32F1xx_HAL_Driver/Src/stm32f1xx_hal_pcd.c ****       case HAL_PCD_SETUPSTAGE_CB_ID :
 350:Drivers/STM32F1xx_HAL_Driver/Src/stm32f1xx_hal_pcd.c ****         hpcd->SetupStageCallback = pCallback;
 351:Drivers/STM32F1xx_HAL_Driver/Src/stm32f1xx_hal_pcd.c ****         break;
 352:Drivers/STM32F1xx_HAL_Driver/Src/stm32f1xx_hal_pcd.c **** 
 353:Drivers/STM32F1xx_HAL_Driver/Src/stm32f1xx_hal_pcd.c ****       case HAL_PCD_RESET_CB_ID :
 354:Drivers/STM32F1xx_HAL_Driver/Src/stm32f1xx_hal_pcd.c ****         hpcd->ResetCallback = pCallback;
 355:Drivers/STM32F1xx_HAL_Driver/Src/stm32f1xx_hal_pcd.c ****         break;
 356:Drivers/STM32F1xx_HAL_Driver/Src/stm32f1xx_hal_pcd.c **** 
 357:Drivers/STM32F1xx_HAL_Driver/Src/stm32f1xx_hal_pcd.c ****       case HAL_PCD_SUSPEND_CB_ID :
 358:Drivers/STM32F1xx_HAL_Driver/Src/stm32f1xx_hal_pcd.c ****         hpcd->SuspendCallback = pCallback;
 359:Drivers/STM32F1xx_HAL_Driver/Src/stm32f1xx_hal_pcd.c ****         break;
 360:Drivers/STM32F1xx_HAL_Driver/Src/stm32f1xx_hal_pcd.c **** 
 361:Drivers/STM32F1xx_HAL_Driver/Src/stm32f1xx_hal_pcd.c ****       case HAL_PCD_RESUME_CB_ID :
 362:Drivers/STM32F1xx_HAL_Driver/Src/stm32f1xx_hal_pcd.c ****         hpcd->ResumeCallback = pCallback;
 363:Drivers/STM32F1xx_HAL_Driver/Src/stm32f1xx_hal_pcd.c ****         break;
 364:Drivers/STM32F1xx_HAL_Driver/Src/stm32f1xx_hal_pcd.c **** 
 365:Drivers/STM32F1xx_HAL_Driver/Src/stm32f1xx_hal_pcd.c ****       case HAL_PCD_CONNECT_CB_ID :
 366:Drivers/STM32F1xx_HAL_Driver/Src/stm32f1xx_hal_pcd.c ****         hpcd->ConnectCallback = pCallback;
 367:Drivers/STM32F1xx_HAL_Driver/Src/stm32f1xx_hal_pcd.c ****         break;
 368:Drivers/STM32F1xx_HAL_Driver/Src/stm32f1xx_hal_pcd.c **** 
 369:Drivers/STM32F1xx_HAL_Driver/Src/stm32f1xx_hal_pcd.c ****       case HAL_PCD_DISCONNECT_CB_ID :
 370:Drivers/STM32F1xx_HAL_Driver/Src/stm32f1xx_hal_pcd.c ****         hpcd->DisconnectCallback = pCallback;
 371:Drivers/STM32F1xx_HAL_Driver/Src/stm32f1xx_hal_pcd.c ****         break;
 372:Drivers/STM32F1xx_HAL_Driver/Src/stm32f1xx_hal_pcd.c **** 
 373:Drivers/STM32F1xx_HAL_Driver/Src/stm32f1xx_hal_pcd.c ****       case HAL_PCD_MSPINIT_CB_ID :
 374:Drivers/STM32F1xx_HAL_Driver/Src/stm32f1xx_hal_pcd.c ****         hpcd->MspInitCallback = pCallback;
ARM GAS  C:\Users\jc\AppData\Local\Temp\ccPtFhbx.s 			page 8


 375:Drivers/STM32F1xx_HAL_Driver/Src/stm32f1xx_hal_pcd.c ****         break;
 376:Drivers/STM32F1xx_HAL_Driver/Src/stm32f1xx_hal_pcd.c **** 
 377:Drivers/STM32F1xx_HAL_Driver/Src/stm32f1xx_hal_pcd.c ****       case HAL_PCD_MSPDEINIT_CB_ID :
 378:Drivers/STM32F1xx_HAL_Driver/Src/stm32f1xx_hal_pcd.c ****         hpcd->MspDeInitCallback = pCallback;
 379:Drivers/STM32F1xx_HAL_Driver/Src/stm32f1xx_hal_pcd.c ****         break;
 380:Drivers/STM32F1xx_HAL_Driver/Src/stm32f1xx_hal_pcd.c **** 
 381:Drivers/STM32F1xx_HAL_Driver/Src/stm32f1xx_hal_pcd.c ****       default :
 382:Drivers/STM32F1xx_HAL_Driver/Src/stm32f1xx_hal_pcd.c ****         /* Update the error code */
 383:Drivers/STM32F1xx_HAL_Driver/Src/stm32f1xx_hal_pcd.c ****         hpcd->ErrorCode |= HAL_PCD_ERROR_INVALID_CALLBACK;
 384:Drivers/STM32F1xx_HAL_Driver/Src/stm32f1xx_hal_pcd.c ****         /* Return error status */
 385:Drivers/STM32F1xx_HAL_Driver/Src/stm32f1xx_hal_pcd.c ****         status =  HAL_ERROR;
 386:Drivers/STM32F1xx_HAL_Driver/Src/stm32f1xx_hal_pcd.c ****         break;
 387:Drivers/STM32F1xx_HAL_Driver/Src/stm32f1xx_hal_pcd.c ****     }
 388:Drivers/STM32F1xx_HAL_Driver/Src/stm32f1xx_hal_pcd.c ****   }
 389:Drivers/STM32F1xx_HAL_Driver/Src/stm32f1xx_hal_pcd.c ****   else if (hpcd->State == HAL_PCD_STATE_RESET)
 390:Drivers/STM32F1xx_HAL_Driver/Src/stm32f1xx_hal_pcd.c ****   {
 391:Drivers/STM32F1xx_HAL_Driver/Src/stm32f1xx_hal_pcd.c ****     switch (CallbackID)
 392:Drivers/STM32F1xx_HAL_Driver/Src/stm32f1xx_hal_pcd.c ****     {
 393:Drivers/STM32F1xx_HAL_Driver/Src/stm32f1xx_hal_pcd.c ****       case HAL_PCD_MSPINIT_CB_ID :
 394:Drivers/STM32F1xx_HAL_Driver/Src/stm32f1xx_hal_pcd.c ****         hpcd->MspInitCallback = pCallback;
 395:Drivers/STM32F1xx_HAL_Driver/Src/stm32f1xx_hal_pcd.c ****         break;
 396:Drivers/STM32F1xx_HAL_Driver/Src/stm32f1xx_hal_pcd.c **** 
 397:Drivers/STM32F1xx_HAL_Driver/Src/stm32f1xx_hal_pcd.c ****       case HAL_PCD_MSPDEINIT_CB_ID :
 398:Drivers/STM32F1xx_HAL_Driver/Src/stm32f1xx_hal_pcd.c ****         hpcd->MspDeInitCallback = pCallback;
 399:Drivers/STM32F1xx_HAL_Driver/Src/stm32f1xx_hal_pcd.c ****         break;
 400:Drivers/STM32F1xx_HAL_Driver/Src/stm32f1xx_hal_pcd.c **** 
 401:Drivers/STM32F1xx_HAL_Driver/Src/stm32f1xx_hal_pcd.c ****       default :
 402:Drivers/STM32F1xx_HAL_Driver/Src/stm32f1xx_hal_pcd.c ****         /* Update the error code */
 403:Drivers/STM32F1xx_HAL_Driver/Src/stm32f1xx_hal_pcd.c ****         hpcd->ErrorCode |= HAL_PCD_ERROR_INVALID_CALLBACK;
 404:Drivers/STM32F1xx_HAL_Driver/Src/stm32f1xx_hal_pcd.c ****         /* Return error status */
 405:Drivers/STM32F1xx_HAL_Driver/Src/stm32f1xx_hal_pcd.c ****         status =  HAL_ERROR;
 406:Drivers/STM32F1xx_HAL_Driver/Src/stm32f1xx_hal_pcd.c ****         break;
 407:Drivers/STM32F1xx_HAL_Driver/Src/stm32f1xx_hal_pcd.c ****     }
 408:Drivers/STM32F1xx_HAL_Driver/Src/stm32f1xx_hal_pcd.c ****   }
 409:Drivers/STM32F1xx_HAL_Driver/Src/stm32f1xx_hal_pcd.c ****   else
 410:Drivers/STM32F1xx_HAL_Driver/Src/stm32f1xx_hal_pcd.c ****   {
 411:Drivers/STM32F1xx_HAL_Driver/Src/stm32f1xx_hal_pcd.c ****     /* Update the error code */
 412:Drivers/STM32F1xx_HAL_Driver/Src/stm32f1xx_hal_pcd.c ****     hpcd->ErrorCode |= HAL_PCD_ERROR_INVALID_CALLBACK;
 413:Drivers/STM32F1xx_HAL_Driver/Src/stm32f1xx_hal_pcd.c ****     /* Return error status */
 414:Drivers/STM32F1xx_HAL_Driver/Src/stm32f1xx_hal_pcd.c ****     status =  HAL_ERROR;
 415:Drivers/STM32F1xx_HAL_Driver/Src/stm32f1xx_hal_pcd.c ****   }
 416:Drivers/STM32F1xx_HAL_Driver/Src/stm32f1xx_hal_pcd.c **** 
 417:Drivers/STM32F1xx_HAL_Driver/Src/stm32f1xx_hal_pcd.c ****   /* Release Lock */
 418:Drivers/STM32F1xx_HAL_Driver/Src/stm32f1xx_hal_pcd.c ****   __HAL_UNLOCK(hpcd);
 419:Drivers/STM32F1xx_HAL_Driver/Src/stm32f1xx_hal_pcd.c ****   return status;
 420:Drivers/STM32F1xx_HAL_Driver/Src/stm32f1xx_hal_pcd.c **** }
 421:Drivers/STM32F1xx_HAL_Driver/Src/stm32f1xx_hal_pcd.c **** 
 422:Drivers/STM32F1xx_HAL_Driver/Src/stm32f1xx_hal_pcd.c **** /**
 423:Drivers/STM32F1xx_HAL_Driver/Src/stm32f1xx_hal_pcd.c ****   * @brief  Unregister an USB PCD Callback
 424:Drivers/STM32F1xx_HAL_Driver/Src/stm32f1xx_hal_pcd.c ****   *         USB PCD callback is redirected to the weak predefined callback
 425:Drivers/STM32F1xx_HAL_Driver/Src/stm32f1xx_hal_pcd.c ****   * @param  hpcd USB PCD handle
 426:Drivers/STM32F1xx_HAL_Driver/Src/stm32f1xx_hal_pcd.c ****   * @param  CallbackID ID of the callback to be unregistered
 427:Drivers/STM32F1xx_HAL_Driver/Src/stm32f1xx_hal_pcd.c ****   *         This parameter can be one of the following values:
 428:Drivers/STM32F1xx_HAL_Driver/Src/stm32f1xx_hal_pcd.c ****   *          @arg @ref HAL_PCD_SOF_CB_ID USB PCD SOF callback ID
 429:Drivers/STM32F1xx_HAL_Driver/Src/stm32f1xx_hal_pcd.c ****   *          @arg @ref HAL_PCD_SETUPSTAGE_CB_ID USB PCD Setup callback ID
 430:Drivers/STM32F1xx_HAL_Driver/Src/stm32f1xx_hal_pcd.c ****   *          @arg @ref HAL_PCD_RESET_CB_ID USB PCD Reset callback ID
 431:Drivers/STM32F1xx_HAL_Driver/Src/stm32f1xx_hal_pcd.c ****   *          @arg @ref HAL_PCD_SUSPEND_CB_ID USB PCD Suspend callback ID
ARM GAS  C:\Users\jc\AppData\Local\Temp\ccPtFhbx.s 			page 9


 432:Drivers/STM32F1xx_HAL_Driver/Src/stm32f1xx_hal_pcd.c ****   *          @arg @ref HAL_PCD_RESUME_CB_ID USB PCD Resume callback ID
 433:Drivers/STM32F1xx_HAL_Driver/Src/stm32f1xx_hal_pcd.c ****   *          @arg @ref HAL_PCD_CONNECT_CB_ID USB PCD Connect callback ID
 434:Drivers/STM32F1xx_HAL_Driver/Src/stm32f1xx_hal_pcd.c ****   *          @arg @ref HAL_PCD_DISCONNECT_CB_ID USB PCD Disconnect callback ID
 435:Drivers/STM32F1xx_HAL_Driver/Src/stm32f1xx_hal_pcd.c ****   *          @arg @ref HAL_PCD_MSPINIT_CB_ID MspDeInit callback ID
 436:Drivers/STM32F1xx_HAL_Driver/Src/stm32f1xx_hal_pcd.c ****   *          @arg @ref HAL_PCD_MSPDEINIT_CB_ID MspDeInit callback ID
 437:Drivers/STM32F1xx_HAL_Driver/Src/stm32f1xx_hal_pcd.c ****   * @retval HAL status
 438:Drivers/STM32F1xx_HAL_Driver/Src/stm32f1xx_hal_pcd.c ****   */
 439:Drivers/STM32F1xx_HAL_Driver/Src/stm32f1xx_hal_pcd.c **** HAL_StatusTypeDef HAL_PCD_UnRegisterCallback(PCD_HandleTypeDef *hpcd, HAL_PCD_CallbackIDTypeDef Cal
 440:Drivers/STM32F1xx_HAL_Driver/Src/stm32f1xx_hal_pcd.c **** {
 441:Drivers/STM32F1xx_HAL_Driver/Src/stm32f1xx_hal_pcd.c ****   HAL_StatusTypeDef status = HAL_OK;
 442:Drivers/STM32F1xx_HAL_Driver/Src/stm32f1xx_hal_pcd.c **** 
 443:Drivers/STM32F1xx_HAL_Driver/Src/stm32f1xx_hal_pcd.c ****   /* Process locked */
 444:Drivers/STM32F1xx_HAL_Driver/Src/stm32f1xx_hal_pcd.c ****   __HAL_LOCK(hpcd);
 445:Drivers/STM32F1xx_HAL_Driver/Src/stm32f1xx_hal_pcd.c **** 
 446:Drivers/STM32F1xx_HAL_Driver/Src/stm32f1xx_hal_pcd.c ****   /* Setup Legacy weak Callbacks  */
 447:Drivers/STM32F1xx_HAL_Driver/Src/stm32f1xx_hal_pcd.c ****   if (hpcd->State == HAL_PCD_STATE_READY)
 448:Drivers/STM32F1xx_HAL_Driver/Src/stm32f1xx_hal_pcd.c ****   {
 449:Drivers/STM32F1xx_HAL_Driver/Src/stm32f1xx_hal_pcd.c ****     switch (CallbackID)
 450:Drivers/STM32F1xx_HAL_Driver/Src/stm32f1xx_hal_pcd.c ****     {
 451:Drivers/STM32F1xx_HAL_Driver/Src/stm32f1xx_hal_pcd.c ****       case HAL_PCD_SOF_CB_ID :
 452:Drivers/STM32F1xx_HAL_Driver/Src/stm32f1xx_hal_pcd.c ****         hpcd->SOFCallback = HAL_PCD_SOFCallback;
 453:Drivers/STM32F1xx_HAL_Driver/Src/stm32f1xx_hal_pcd.c ****         break;
 454:Drivers/STM32F1xx_HAL_Driver/Src/stm32f1xx_hal_pcd.c **** 
 455:Drivers/STM32F1xx_HAL_Driver/Src/stm32f1xx_hal_pcd.c ****       case HAL_PCD_SETUPSTAGE_CB_ID :
 456:Drivers/STM32F1xx_HAL_Driver/Src/stm32f1xx_hal_pcd.c ****         hpcd->SetupStageCallback = HAL_PCD_SetupStageCallback;
 457:Drivers/STM32F1xx_HAL_Driver/Src/stm32f1xx_hal_pcd.c ****         break;
 458:Drivers/STM32F1xx_HAL_Driver/Src/stm32f1xx_hal_pcd.c **** 
 459:Drivers/STM32F1xx_HAL_Driver/Src/stm32f1xx_hal_pcd.c ****       case HAL_PCD_RESET_CB_ID :
 460:Drivers/STM32F1xx_HAL_Driver/Src/stm32f1xx_hal_pcd.c ****         hpcd->ResetCallback = HAL_PCD_ResetCallback;
 461:Drivers/STM32F1xx_HAL_Driver/Src/stm32f1xx_hal_pcd.c ****         break;
 462:Drivers/STM32F1xx_HAL_Driver/Src/stm32f1xx_hal_pcd.c **** 
 463:Drivers/STM32F1xx_HAL_Driver/Src/stm32f1xx_hal_pcd.c ****       case HAL_PCD_SUSPEND_CB_ID :
 464:Drivers/STM32F1xx_HAL_Driver/Src/stm32f1xx_hal_pcd.c ****         hpcd->SuspendCallback = HAL_PCD_SuspendCallback;
 465:Drivers/STM32F1xx_HAL_Driver/Src/stm32f1xx_hal_pcd.c ****         break;
 466:Drivers/STM32F1xx_HAL_Driver/Src/stm32f1xx_hal_pcd.c **** 
 467:Drivers/STM32F1xx_HAL_Driver/Src/stm32f1xx_hal_pcd.c ****       case HAL_PCD_RESUME_CB_ID :
 468:Drivers/STM32F1xx_HAL_Driver/Src/stm32f1xx_hal_pcd.c ****         hpcd->ResumeCallback = HAL_PCD_ResumeCallback;
 469:Drivers/STM32F1xx_HAL_Driver/Src/stm32f1xx_hal_pcd.c ****         break;
 470:Drivers/STM32F1xx_HAL_Driver/Src/stm32f1xx_hal_pcd.c **** 
 471:Drivers/STM32F1xx_HAL_Driver/Src/stm32f1xx_hal_pcd.c ****       case HAL_PCD_CONNECT_CB_ID :
 472:Drivers/STM32F1xx_HAL_Driver/Src/stm32f1xx_hal_pcd.c ****         hpcd->ConnectCallback = HAL_PCD_ConnectCallback;
 473:Drivers/STM32F1xx_HAL_Driver/Src/stm32f1xx_hal_pcd.c ****         break;
 474:Drivers/STM32F1xx_HAL_Driver/Src/stm32f1xx_hal_pcd.c **** 
 475:Drivers/STM32F1xx_HAL_Driver/Src/stm32f1xx_hal_pcd.c ****       case HAL_PCD_DISCONNECT_CB_ID :
 476:Drivers/STM32F1xx_HAL_Driver/Src/stm32f1xx_hal_pcd.c ****         hpcd->DisconnectCallback = HAL_PCD_DisconnectCallback;
 477:Drivers/STM32F1xx_HAL_Driver/Src/stm32f1xx_hal_pcd.c ****         break;
 478:Drivers/STM32F1xx_HAL_Driver/Src/stm32f1xx_hal_pcd.c **** 
 479:Drivers/STM32F1xx_HAL_Driver/Src/stm32f1xx_hal_pcd.c ****       case HAL_PCD_MSPINIT_CB_ID :
 480:Drivers/STM32F1xx_HAL_Driver/Src/stm32f1xx_hal_pcd.c ****         hpcd->MspInitCallback = HAL_PCD_MspInit;
 481:Drivers/STM32F1xx_HAL_Driver/Src/stm32f1xx_hal_pcd.c ****         break;
 482:Drivers/STM32F1xx_HAL_Driver/Src/stm32f1xx_hal_pcd.c **** 
 483:Drivers/STM32F1xx_HAL_Driver/Src/stm32f1xx_hal_pcd.c ****       case HAL_PCD_MSPDEINIT_CB_ID :
 484:Drivers/STM32F1xx_HAL_Driver/Src/stm32f1xx_hal_pcd.c ****         hpcd->MspDeInitCallback = HAL_PCD_MspDeInit;
 485:Drivers/STM32F1xx_HAL_Driver/Src/stm32f1xx_hal_pcd.c ****         break;
 486:Drivers/STM32F1xx_HAL_Driver/Src/stm32f1xx_hal_pcd.c **** 
 487:Drivers/STM32F1xx_HAL_Driver/Src/stm32f1xx_hal_pcd.c ****       default :
 488:Drivers/STM32F1xx_HAL_Driver/Src/stm32f1xx_hal_pcd.c ****         /* Update the error code */
ARM GAS  C:\Users\jc\AppData\Local\Temp\ccPtFhbx.s 			page 10


 489:Drivers/STM32F1xx_HAL_Driver/Src/stm32f1xx_hal_pcd.c ****         hpcd->ErrorCode |= HAL_PCD_ERROR_INVALID_CALLBACK;
 490:Drivers/STM32F1xx_HAL_Driver/Src/stm32f1xx_hal_pcd.c **** 
 491:Drivers/STM32F1xx_HAL_Driver/Src/stm32f1xx_hal_pcd.c ****         /* Return error status */
 492:Drivers/STM32F1xx_HAL_Driver/Src/stm32f1xx_hal_pcd.c ****         status =  HAL_ERROR;
 493:Drivers/STM32F1xx_HAL_Driver/Src/stm32f1xx_hal_pcd.c ****         break;
 494:Drivers/STM32F1xx_HAL_Driver/Src/stm32f1xx_hal_pcd.c ****     }
 495:Drivers/STM32F1xx_HAL_Driver/Src/stm32f1xx_hal_pcd.c ****   }
 496:Drivers/STM32F1xx_HAL_Driver/Src/stm32f1xx_hal_pcd.c ****   else if (hpcd->State == HAL_PCD_STATE_RESET)
 497:Drivers/STM32F1xx_HAL_Driver/Src/stm32f1xx_hal_pcd.c ****   {
 498:Drivers/STM32F1xx_HAL_Driver/Src/stm32f1xx_hal_pcd.c ****     switch (CallbackID)
 499:Drivers/STM32F1xx_HAL_Driver/Src/stm32f1xx_hal_pcd.c ****     {
 500:Drivers/STM32F1xx_HAL_Driver/Src/stm32f1xx_hal_pcd.c ****       case HAL_PCD_MSPINIT_CB_ID :
 501:Drivers/STM32F1xx_HAL_Driver/Src/stm32f1xx_hal_pcd.c ****         hpcd->MspInitCallback = HAL_PCD_MspInit;
 502:Drivers/STM32F1xx_HAL_Driver/Src/stm32f1xx_hal_pcd.c ****         break;
 503:Drivers/STM32F1xx_HAL_Driver/Src/stm32f1xx_hal_pcd.c **** 
 504:Drivers/STM32F1xx_HAL_Driver/Src/stm32f1xx_hal_pcd.c ****       case HAL_PCD_MSPDEINIT_CB_ID :
 505:Drivers/STM32F1xx_HAL_Driver/Src/stm32f1xx_hal_pcd.c ****         hpcd->MspDeInitCallback = HAL_PCD_MspDeInit;
 506:Drivers/STM32F1xx_HAL_Driver/Src/stm32f1xx_hal_pcd.c ****         break;
 507:Drivers/STM32F1xx_HAL_Driver/Src/stm32f1xx_hal_pcd.c **** 
 508:Drivers/STM32F1xx_HAL_Driver/Src/stm32f1xx_hal_pcd.c ****       default :
 509:Drivers/STM32F1xx_HAL_Driver/Src/stm32f1xx_hal_pcd.c ****         /* Update the error code */
 510:Drivers/STM32F1xx_HAL_Driver/Src/stm32f1xx_hal_pcd.c ****         hpcd->ErrorCode |= HAL_PCD_ERROR_INVALID_CALLBACK;
 511:Drivers/STM32F1xx_HAL_Driver/Src/stm32f1xx_hal_pcd.c **** 
 512:Drivers/STM32F1xx_HAL_Driver/Src/stm32f1xx_hal_pcd.c ****         /* Return error status */
 513:Drivers/STM32F1xx_HAL_Driver/Src/stm32f1xx_hal_pcd.c ****         status =  HAL_ERROR;
 514:Drivers/STM32F1xx_HAL_Driver/Src/stm32f1xx_hal_pcd.c ****         break;
 515:Drivers/STM32F1xx_HAL_Driver/Src/stm32f1xx_hal_pcd.c ****     }
 516:Drivers/STM32F1xx_HAL_Driver/Src/stm32f1xx_hal_pcd.c ****   }
 517:Drivers/STM32F1xx_HAL_Driver/Src/stm32f1xx_hal_pcd.c ****   else
 518:Drivers/STM32F1xx_HAL_Driver/Src/stm32f1xx_hal_pcd.c ****   {
 519:Drivers/STM32F1xx_HAL_Driver/Src/stm32f1xx_hal_pcd.c ****     /* Update the error code */
 520:Drivers/STM32F1xx_HAL_Driver/Src/stm32f1xx_hal_pcd.c ****     hpcd->ErrorCode |= HAL_PCD_ERROR_INVALID_CALLBACK;
 521:Drivers/STM32F1xx_HAL_Driver/Src/stm32f1xx_hal_pcd.c **** 
 522:Drivers/STM32F1xx_HAL_Driver/Src/stm32f1xx_hal_pcd.c ****     /* Return error status */
 523:Drivers/STM32F1xx_HAL_Driver/Src/stm32f1xx_hal_pcd.c ****     status =  HAL_ERROR;
 524:Drivers/STM32F1xx_HAL_Driver/Src/stm32f1xx_hal_pcd.c ****   }
 525:Drivers/STM32F1xx_HAL_Driver/Src/stm32f1xx_hal_pcd.c **** 
 526:Drivers/STM32F1xx_HAL_Driver/Src/stm32f1xx_hal_pcd.c ****   /* Release Lock */
 527:Drivers/STM32F1xx_HAL_Driver/Src/stm32f1xx_hal_pcd.c ****   __HAL_UNLOCK(hpcd);
 528:Drivers/STM32F1xx_HAL_Driver/Src/stm32f1xx_hal_pcd.c ****   return status;
 529:Drivers/STM32F1xx_HAL_Driver/Src/stm32f1xx_hal_pcd.c **** }
 530:Drivers/STM32F1xx_HAL_Driver/Src/stm32f1xx_hal_pcd.c **** 
 531:Drivers/STM32F1xx_HAL_Driver/Src/stm32f1xx_hal_pcd.c **** /**
 532:Drivers/STM32F1xx_HAL_Driver/Src/stm32f1xx_hal_pcd.c ****   * @brief  Register USB PCD Data OUT Stage Callback
 533:Drivers/STM32F1xx_HAL_Driver/Src/stm32f1xx_hal_pcd.c ****   *         To be used instead of the weak HAL_PCD_DataOutStageCallback() predefined callback
 534:Drivers/STM32F1xx_HAL_Driver/Src/stm32f1xx_hal_pcd.c ****   * @param  hpcd PCD handle
 535:Drivers/STM32F1xx_HAL_Driver/Src/stm32f1xx_hal_pcd.c ****   * @param  pCallback pointer to the USB PCD Data OUT Stage Callback function
 536:Drivers/STM32F1xx_HAL_Driver/Src/stm32f1xx_hal_pcd.c ****   * @retval HAL status
 537:Drivers/STM32F1xx_HAL_Driver/Src/stm32f1xx_hal_pcd.c ****   */
 538:Drivers/STM32F1xx_HAL_Driver/Src/stm32f1xx_hal_pcd.c **** HAL_StatusTypeDef HAL_PCD_RegisterDataOutStageCallback(PCD_HandleTypeDef *hpcd,
 539:Drivers/STM32F1xx_HAL_Driver/Src/stm32f1xx_hal_pcd.c ****                                                        pPCD_DataOutStageCallbackTypeDef pCallback)
 540:Drivers/STM32F1xx_HAL_Driver/Src/stm32f1xx_hal_pcd.c **** {
 541:Drivers/STM32F1xx_HAL_Driver/Src/stm32f1xx_hal_pcd.c ****   HAL_StatusTypeDef status = HAL_OK;
 542:Drivers/STM32F1xx_HAL_Driver/Src/stm32f1xx_hal_pcd.c **** 
 543:Drivers/STM32F1xx_HAL_Driver/Src/stm32f1xx_hal_pcd.c ****   if (pCallback == NULL)
 544:Drivers/STM32F1xx_HAL_Driver/Src/stm32f1xx_hal_pcd.c ****   {
 545:Drivers/STM32F1xx_HAL_Driver/Src/stm32f1xx_hal_pcd.c ****     /* Update the error code */
ARM GAS  C:\Users\jc\AppData\Local\Temp\ccPtFhbx.s 			page 11


 546:Drivers/STM32F1xx_HAL_Driver/Src/stm32f1xx_hal_pcd.c ****     hpcd->ErrorCode |= HAL_PCD_ERROR_INVALID_CALLBACK;
 547:Drivers/STM32F1xx_HAL_Driver/Src/stm32f1xx_hal_pcd.c **** 
 548:Drivers/STM32F1xx_HAL_Driver/Src/stm32f1xx_hal_pcd.c ****     return HAL_ERROR;
 549:Drivers/STM32F1xx_HAL_Driver/Src/stm32f1xx_hal_pcd.c ****   }
 550:Drivers/STM32F1xx_HAL_Driver/Src/stm32f1xx_hal_pcd.c **** 
 551:Drivers/STM32F1xx_HAL_Driver/Src/stm32f1xx_hal_pcd.c ****   /* Process locked */
 552:Drivers/STM32F1xx_HAL_Driver/Src/stm32f1xx_hal_pcd.c ****   __HAL_LOCK(hpcd);
 553:Drivers/STM32F1xx_HAL_Driver/Src/stm32f1xx_hal_pcd.c **** 
 554:Drivers/STM32F1xx_HAL_Driver/Src/stm32f1xx_hal_pcd.c ****   if (hpcd->State == HAL_PCD_STATE_READY)
 555:Drivers/STM32F1xx_HAL_Driver/Src/stm32f1xx_hal_pcd.c ****   {
 556:Drivers/STM32F1xx_HAL_Driver/Src/stm32f1xx_hal_pcd.c ****     hpcd->DataOutStageCallback = pCallback;
 557:Drivers/STM32F1xx_HAL_Driver/Src/stm32f1xx_hal_pcd.c ****   }
 558:Drivers/STM32F1xx_HAL_Driver/Src/stm32f1xx_hal_pcd.c ****   else
 559:Drivers/STM32F1xx_HAL_Driver/Src/stm32f1xx_hal_pcd.c ****   {
 560:Drivers/STM32F1xx_HAL_Driver/Src/stm32f1xx_hal_pcd.c ****     /* Update the error code */
 561:Drivers/STM32F1xx_HAL_Driver/Src/stm32f1xx_hal_pcd.c ****     hpcd->ErrorCode |= HAL_PCD_ERROR_INVALID_CALLBACK;
 562:Drivers/STM32F1xx_HAL_Driver/Src/stm32f1xx_hal_pcd.c **** 
 563:Drivers/STM32F1xx_HAL_Driver/Src/stm32f1xx_hal_pcd.c ****     /* Return error status */
 564:Drivers/STM32F1xx_HAL_Driver/Src/stm32f1xx_hal_pcd.c ****     status =  HAL_ERROR;
 565:Drivers/STM32F1xx_HAL_Driver/Src/stm32f1xx_hal_pcd.c ****   }
 566:Drivers/STM32F1xx_HAL_Driver/Src/stm32f1xx_hal_pcd.c **** 
 567:Drivers/STM32F1xx_HAL_Driver/Src/stm32f1xx_hal_pcd.c ****   /* Release Lock */
 568:Drivers/STM32F1xx_HAL_Driver/Src/stm32f1xx_hal_pcd.c ****   __HAL_UNLOCK(hpcd);
 569:Drivers/STM32F1xx_HAL_Driver/Src/stm32f1xx_hal_pcd.c **** 
 570:Drivers/STM32F1xx_HAL_Driver/Src/stm32f1xx_hal_pcd.c ****   return status;
 571:Drivers/STM32F1xx_HAL_Driver/Src/stm32f1xx_hal_pcd.c **** }
 572:Drivers/STM32F1xx_HAL_Driver/Src/stm32f1xx_hal_pcd.c **** 
 573:Drivers/STM32F1xx_HAL_Driver/Src/stm32f1xx_hal_pcd.c **** /**
 574:Drivers/STM32F1xx_HAL_Driver/Src/stm32f1xx_hal_pcd.c ****   * @brief  Unregister the USB PCD Data OUT Stage Callback
 575:Drivers/STM32F1xx_HAL_Driver/Src/stm32f1xx_hal_pcd.c ****   *         USB PCD Data OUT Stage Callback is redirected to the weak HAL_PCD_DataOutStageCallback(
 576:Drivers/STM32F1xx_HAL_Driver/Src/stm32f1xx_hal_pcd.c ****   * @param  hpcd PCD handle
 577:Drivers/STM32F1xx_HAL_Driver/Src/stm32f1xx_hal_pcd.c ****   * @retval HAL status
 578:Drivers/STM32F1xx_HAL_Driver/Src/stm32f1xx_hal_pcd.c ****   */
 579:Drivers/STM32F1xx_HAL_Driver/Src/stm32f1xx_hal_pcd.c **** HAL_StatusTypeDef HAL_PCD_UnRegisterDataOutStageCallback(PCD_HandleTypeDef *hpcd)
 580:Drivers/STM32F1xx_HAL_Driver/Src/stm32f1xx_hal_pcd.c **** {
 581:Drivers/STM32F1xx_HAL_Driver/Src/stm32f1xx_hal_pcd.c ****   HAL_StatusTypeDef status = HAL_OK;
 582:Drivers/STM32F1xx_HAL_Driver/Src/stm32f1xx_hal_pcd.c **** 
 583:Drivers/STM32F1xx_HAL_Driver/Src/stm32f1xx_hal_pcd.c ****   /* Process locked */
 584:Drivers/STM32F1xx_HAL_Driver/Src/stm32f1xx_hal_pcd.c ****   __HAL_LOCK(hpcd);
 585:Drivers/STM32F1xx_HAL_Driver/Src/stm32f1xx_hal_pcd.c **** 
 586:Drivers/STM32F1xx_HAL_Driver/Src/stm32f1xx_hal_pcd.c ****   if (hpcd->State == HAL_PCD_STATE_READY)
 587:Drivers/STM32F1xx_HAL_Driver/Src/stm32f1xx_hal_pcd.c ****   {
 588:Drivers/STM32F1xx_HAL_Driver/Src/stm32f1xx_hal_pcd.c ****     hpcd->DataOutStageCallback = HAL_PCD_DataOutStageCallback; /* Legacy weak DataOutStageCallback 
 589:Drivers/STM32F1xx_HAL_Driver/Src/stm32f1xx_hal_pcd.c ****   }
 590:Drivers/STM32F1xx_HAL_Driver/Src/stm32f1xx_hal_pcd.c ****   else
 591:Drivers/STM32F1xx_HAL_Driver/Src/stm32f1xx_hal_pcd.c ****   {
 592:Drivers/STM32F1xx_HAL_Driver/Src/stm32f1xx_hal_pcd.c ****     /* Update the error code */
 593:Drivers/STM32F1xx_HAL_Driver/Src/stm32f1xx_hal_pcd.c ****     hpcd->ErrorCode |= HAL_PCD_ERROR_INVALID_CALLBACK;
 594:Drivers/STM32F1xx_HAL_Driver/Src/stm32f1xx_hal_pcd.c **** 
 595:Drivers/STM32F1xx_HAL_Driver/Src/stm32f1xx_hal_pcd.c ****     /* Return error status */
 596:Drivers/STM32F1xx_HAL_Driver/Src/stm32f1xx_hal_pcd.c ****     status =  HAL_ERROR;
 597:Drivers/STM32F1xx_HAL_Driver/Src/stm32f1xx_hal_pcd.c ****   }
 598:Drivers/STM32F1xx_HAL_Driver/Src/stm32f1xx_hal_pcd.c **** 
 599:Drivers/STM32F1xx_HAL_Driver/Src/stm32f1xx_hal_pcd.c ****   /* Release Lock */
 600:Drivers/STM32F1xx_HAL_Driver/Src/stm32f1xx_hal_pcd.c ****   __HAL_UNLOCK(hpcd);
 601:Drivers/STM32F1xx_HAL_Driver/Src/stm32f1xx_hal_pcd.c **** 
 602:Drivers/STM32F1xx_HAL_Driver/Src/stm32f1xx_hal_pcd.c ****   return status;
ARM GAS  C:\Users\jc\AppData\Local\Temp\ccPtFhbx.s 			page 12


 603:Drivers/STM32F1xx_HAL_Driver/Src/stm32f1xx_hal_pcd.c **** }
 604:Drivers/STM32F1xx_HAL_Driver/Src/stm32f1xx_hal_pcd.c **** 
 605:Drivers/STM32F1xx_HAL_Driver/Src/stm32f1xx_hal_pcd.c **** /**
 606:Drivers/STM32F1xx_HAL_Driver/Src/stm32f1xx_hal_pcd.c ****   * @brief  Register USB PCD Data IN Stage Callback
 607:Drivers/STM32F1xx_HAL_Driver/Src/stm32f1xx_hal_pcd.c ****   *         To be used instead of the weak HAL_PCD_DataInStageCallback() predefined callback
 608:Drivers/STM32F1xx_HAL_Driver/Src/stm32f1xx_hal_pcd.c ****   * @param  hpcd PCD handle
 609:Drivers/STM32F1xx_HAL_Driver/Src/stm32f1xx_hal_pcd.c ****   * @param  pCallback pointer to the USB PCD Data IN Stage Callback function
 610:Drivers/STM32F1xx_HAL_Driver/Src/stm32f1xx_hal_pcd.c ****   * @retval HAL status
 611:Drivers/STM32F1xx_HAL_Driver/Src/stm32f1xx_hal_pcd.c ****   */
 612:Drivers/STM32F1xx_HAL_Driver/Src/stm32f1xx_hal_pcd.c **** HAL_StatusTypeDef HAL_PCD_RegisterDataInStageCallback(PCD_HandleTypeDef *hpcd,
 613:Drivers/STM32F1xx_HAL_Driver/Src/stm32f1xx_hal_pcd.c ****                                                       pPCD_DataInStageCallbackTypeDef pCallback)
 614:Drivers/STM32F1xx_HAL_Driver/Src/stm32f1xx_hal_pcd.c **** {
 615:Drivers/STM32F1xx_HAL_Driver/Src/stm32f1xx_hal_pcd.c ****   HAL_StatusTypeDef status = HAL_OK;
 616:Drivers/STM32F1xx_HAL_Driver/Src/stm32f1xx_hal_pcd.c **** 
 617:Drivers/STM32F1xx_HAL_Driver/Src/stm32f1xx_hal_pcd.c ****   if (pCallback == NULL)
 618:Drivers/STM32F1xx_HAL_Driver/Src/stm32f1xx_hal_pcd.c ****   {
 619:Drivers/STM32F1xx_HAL_Driver/Src/stm32f1xx_hal_pcd.c ****     /* Update the error code */
 620:Drivers/STM32F1xx_HAL_Driver/Src/stm32f1xx_hal_pcd.c ****     hpcd->ErrorCode |= HAL_PCD_ERROR_INVALID_CALLBACK;
 621:Drivers/STM32F1xx_HAL_Driver/Src/stm32f1xx_hal_pcd.c **** 
 622:Drivers/STM32F1xx_HAL_Driver/Src/stm32f1xx_hal_pcd.c ****     return HAL_ERROR;
 623:Drivers/STM32F1xx_HAL_Driver/Src/stm32f1xx_hal_pcd.c ****   }
 624:Drivers/STM32F1xx_HAL_Driver/Src/stm32f1xx_hal_pcd.c **** 
 625:Drivers/STM32F1xx_HAL_Driver/Src/stm32f1xx_hal_pcd.c ****   /* Process locked */
 626:Drivers/STM32F1xx_HAL_Driver/Src/stm32f1xx_hal_pcd.c ****   __HAL_LOCK(hpcd);
 627:Drivers/STM32F1xx_HAL_Driver/Src/stm32f1xx_hal_pcd.c **** 
 628:Drivers/STM32F1xx_HAL_Driver/Src/stm32f1xx_hal_pcd.c ****   if (hpcd->State == HAL_PCD_STATE_READY)
 629:Drivers/STM32F1xx_HAL_Driver/Src/stm32f1xx_hal_pcd.c ****   {
 630:Drivers/STM32F1xx_HAL_Driver/Src/stm32f1xx_hal_pcd.c ****     hpcd->DataInStageCallback = pCallback;
 631:Drivers/STM32F1xx_HAL_Driver/Src/stm32f1xx_hal_pcd.c ****   }
 632:Drivers/STM32F1xx_HAL_Driver/Src/stm32f1xx_hal_pcd.c ****   else
 633:Drivers/STM32F1xx_HAL_Driver/Src/stm32f1xx_hal_pcd.c ****   {
 634:Drivers/STM32F1xx_HAL_Driver/Src/stm32f1xx_hal_pcd.c ****     /* Update the error code */
 635:Drivers/STM32F1xx_HAL_Driver/Src/stm32f1xx_hal_pcd.c ****     hpcd->ErrorCode |= HAL_PCD_ERROR_INVALID_CALLBACK;
 636:Drivers/STM32F1xx_HAL_Driver/Src/stm32f1xx_hal_pcd.c **** 
 637:Drivers/STM32F1xx_HAL_Driver/Src/stm32f1xx_hal_pcd.c ****     /* Return error status */
 638:Drivers/STM32F1xx_HAL_Driver/Src/stm32f1xx_hal_pcd.c ****     status =  HAL_ERROR;
 639:Drivers/STM32F1xx_HAL_Driver/Src/stm32f1xx_hal_pcd.c ****   }
 640:Drivers/STM32F1xx_HAL_Driver/Src/stm32f1xx_hal_pcd.c **** 
 641:Drivers/STM32F1xx_HAL_Driver/Src/stm32f1xx_hal_pcd.c ****   /* Release Lock */
 642:Drivers/STM32F1xx_HAL_Driver/Src/stm32f1xx_hal_pcd.c ****   __HAL_UNLOCK(hpcd);
 643:Drivers/STM32F1xx_HAL_Driver/Src/stm32f1xx_hal_pcd.c **** 
 644:Drivers/STM32F1xx_HAL_Driver/Src/stm32f1xx_hal_pcd.c ****   return status;
 645:Drivers/STM32F1xx_HAL_Driver/Src/stm32f1xx_hal_pcd.c **** }
 646:Drivers/STM32F1xx_HAL_Driver/Src/stm32f1xx_hal_pcd.c **** 
 647:Drivers/STM32F1xx_HAL_Driver/Src/stm32f1xx_hal_pcd.c **** /**
 648:Drivers/STM32F1xx_HAL_Driver/Src/stm32f1xx_hal_pcd.c ****   * @brief  Unregister the USB PCD Data IN Stage Callback
 649:Drivers/STM32F1xx_HAL_Driver/Src/stm32f1xx_hal_pcd.c ****   *         USB PCD Data OUT Stage Callback is redirected to the weak HAL_PCD_DataInStageCallback()
 650:Drivers/STM32F1xx_HAL_Driver/Src/stm32f1xx_hal_pcd.c ****   * @param  hpcd PCD handle
 651:Drivers/STM32F1xx_HAL_Driver/Src/stm32f1xx_hal_pcd.c ****   * @retval HAL status
 652:Drivers/STM32F1xx_HAL_Driver/Src/stm32f1xx_hal_pcd.c ****   */
 653:Drivers/STM32F1xx_HAL_Driver/Src/stm32f1xx_hal_pcd.c **** HAL_StatusTypeDef HAL_PCD_UnRegisterDataInStageCallback(PCD_HandleTypeDef *hpcd)
 654:Drivers/STM32F1xx_HAL_Driver/Src/stm32f1xx_hal_pcd.c **** {
 655:Drivers/STM32F1xx_HAL_Driver/Src/stm32f1xx_hal_pcd.c ****   HAL_StatusTypeDef status = HAL_OK;
 656:Drivers/STM32F1xx_HAL_Driver/Src/stm32f1xx_hal_pcd.c **** 
 657:Drivers/STM32F1xx_HAL_Driver/Src/stm32f1xx_hal_pcd.c ****   /* Process locked */
 658:Drivers/STM32F1xx_HAL_Driver/Src/stm32f1xx_hal_pcd.c ****   __HAL_LOCK(hpcd);
 659:Drivers/STM32F1xx_HAL_Driver/Src/stm32f1xx_hal_pcd.c **** 
ARM GAS  C:\Users\jc\AppData\Local\Temp\ccPtFhbx.s 			page 13


 660:Drivers/STM32F1xx_HAL_Driver/Src/stm32f1xx_hal_pcd.c ****   if (hpcd->State == HAL_PCD_STATE_READY)
 661:Drivers/STM32F1xx_HAL_Driver/Src/stm32f1xx_hal_pcd.c ****   {
 662:Drivers/STM32F1xx_HAL_Driver/Src/stm32f1xx_hal_pcd.c ****     hpcd->DataInStageCallback = HAL_PCD_DataInStageCallback; /* Legacy weak DataInStageCallback  */
 663:Drivers/STM32F1xx_HAL_Driver/Src/stm32f1xx_hal_pcd.c ****   }
 664:Drivers/STM32F1xx_HAL_Driver/Src/stm32f1xx_hal_pcd.c ****   else
 665:Drivers/STM32F1xx_HAL_Driver/Src/stm32f1xx_hal_pcd.c ****   {
 666:Drivers/STM32F1xx_HAL_Driver/Src/stm32f1xx_hal_pcd.c ****     /* Update the error code */
 667:Drivers/STM32F1xx_HAL_Driver/Src/stm32f1xx_hal_pcd.c ****     hpcd->ErrorCode |= HAL_PCD_ERROR_INVALID_CALLBACK;
 668:Drivers/STM32F1xx_HAL_Driver/Src/stm32f1xx_hal_pcd.c **** 
 669:Drivers/STM32F1xx_HAL_Driver/Src/stm32f1xx_hal_pcd.c ****     /* Return error status */
 670:Drivers/STM32F1xx_HAL_Driver/Src/stm32f1xx_hal_pcd.c ****     status =  HAL_ERROR;
 671:Drivers/STM32F1xx_HAL_Driver/Src/stm32f1xx_hal_pcd.c ****   }
 672:Drivers/STM32F1xx_HAL_Driver/Src/stm32f1xx_hal_pcd.c **** 
 673:Drivers/STM32F1xx_HAL_Driver/Src/stm32f1xx_hal_pcd.c ****   /* Release Lock */
 674:Drivers/STM32F1xx_HAL_Driver/Src/stm32f1xx_hal_pcd.c ****   __HAL_UNLOCK(hpcd);
 675:Drivers/STM32F1xx_HAL_Driver/Src/stm32f1xx_hal_pcd.c **** 
 676:Drivers/STM32F1xx_HAL_Driver/Src/stm32f1xx_hal_pcd.c ****   return status;
 677:Drivers/STM32F1xx_HAL_Driver/Src/stm32f1xx_hal_pcd.c **** }
 678:Drivers/STM32F1xx_HAL_Driver/Src/stm32f1xx_hal_pcd.c **** 
 679:Drivers/STM32F1xx_HAL_Driver/Src/stm32f1xx_hal_pcd.c **** /**
 680:Drivers/STM32F1xx_HAL_Driver/Src/stm32f1xx_hal_pcd.c ****   * @brief  Register USB PCD Iso OUT incomplete Callback
 681:Drivers/STM32F1xx_HAL_Driver/Src/stm32f1xx_hal_pcd.c ****   *         To be used instead of the weak HAL_PCD_ISOOUTIncompleteCallback() predefined callback
 682:Drivers/STM32F1xx_HAL_Driver/Src/stm32f1xx_hal_pcd.c ****   * @param  hpcd PCD handle
 683:Drivers/STM32F1xx_HAL_Driver/Src/stm32f1xx_hal_pcd.c ****   * @param  pCallback pointer to the USB PCD Iso OUT incomplete Callback function
 684:Drivers/STM32F1xx_HAL_Driver/Src/stm32f1xx_hal_pcd.c ****   * @retval HAL status
 685:Drivers/STM32F1xx_HAL_Driver/Src/stm32f1xx_hal_pcd.c ****   */
 686:Drivers/STM32F1xx_HAL_Driver/Src/stm32f1xx_hal_pcd.c **** HAL_StatusTypeDef HAL_PCD_RegisterIsoOutIncpltCallback(PCD_HandleTypeDef *hpcd,
 687:Drivers/STM32F1xx_HAL_Driver/Src/stm32f1xx_hal_pcd.c ****                                                        pPCD_IsoOutIncpltCallbackTypeDef pCallback)
 688:Drivers/STM32F1xx_HAL_Driver/Src/stm32f1xx_hal_pcd.c **** {
 689:Drivers/STM32F1xx_HAL_Driver/Src/stm32f1xx_hal_pcd.c ****   HAL_StatusTypeDef status = HAL_OK;
 690:Drivers/STM32F1xx_HAL_Driver/Src/stm32f1xx_hal_pcd.c **** 
 691:Drivers/STM32F1xx_HAL_Driver/Src/stm32f1xx_hal_pcd.c ****   if (pCallback == NULL)
 692:Drivers/STM32F1xx_HAL_Driver/Src/stm32f1xx_hal_pcd.c ****   {
 693:Drivers/STM32F1xx_HAL_Driver/Src/stm32f1xx_hal_pcd.c ****     /* Update the error code */
 694:Drivers/STM32F1xx_HAL_Driver/Src/stm32f1xx_hal_pcd.c ****     hpcd->ErrorCode |= HAL_PCD_ERROR_INVALID_CALLBACK;
 695:Drivers/STM32F1xx_HAL_Driver/Src/stm32f1xx_hal_pcd.c **** 
 696:Drivers/STM32F1xx_HAL_Driver/Src/stm32f1xx_hal_pcd.c ****     return HAL_ERROR;
 697:Drivers/STM32F1xx_HAL_Driver/Src/stm32f1xx_hal_pcd.c ****   }
 698:Drivers/STM32F1xx_HAL_Driver/Src/stm32f1xx_hal_pcd.c **** 
 699:Drivers/STM32F1xx_HAL_Driver/Src/stm32f1xx_hal_pcd.c ****   /* Process locked */
 700:Drivers/STM32F1xx_HAL_Driver/Src/stm32f1xx_hal_pcd.c ****   __HAL_LOCK(hpcd);
 701:Drivers/STM32F1xx_HAL_Driver/Src/stm32f1xx_hal_pcd.c **** 
 702:Drivers/STM32F1xx_HAL_Driver/Src/stm32f1xx_hal_pcd.c ****   if (hpcd->State == HAL_PCD_STATE_READY)
 703:Drivers/STM32F1xx_HAL_Driver/Src/stm32f1xx_hal_pcd.c ****   {
 704:Drivers/STM32F1xx_HAL_Driver/Src/stm32f1xx_hal_pcd.c ****     hpcd->ISOOUTIncompleteCallback = pCallback;
 705:Drivers/STM32F1xx_HAL_Driver/Src/stm32f1xx_hal_pcd.c ****   }
 706:Drivers/STM32F1xx_HAL_Driver/Src/stm32f1xx_hal_pcd.c ****   else
 707:Drivers/STM32F1xx_HAL_Driver/Src/stm32f1xx_hal_pcd.c ****   {
 708:Drivers/STM32F1xx_HAL_Driver/Src/stm32f1xx_hal_pcd.c ****     /* Update the error code */
 709:Drivers/STM32F1xx_HAL_Driver/Src/stm32f1xx_hal_pcd.c ****     hpcd->ErrorCode |= HAL_PCD_ERROR_INVALID_CALLBACK;
 710:Drivers/STM32F1xx_HAL_Driver/Src/stm32f1xx_hal_pcd.c **** 
 711:Drivers/STM32F1xx_HAL_Driver/Src/stm32f1xx_hal_pcd.c ****     /* Return error status */
 712:Drivers/STM32F1xx_HAL_Driver/Src/stm32f1xx_hal_pcd.c ****     status =  HAL_ERROR;
 713:Drivers/STM32F1xx_HAL_Driver/Src/stm32f1xx_hal_pcd.c ****   }
 714:Drivers/STM32F1xx_HAL_Driver/Src/stm32f1xx_hal_pcd.c **** 
 715:Drivers/STM32F1xx_HAL_Driver/Src/stm32f1xx_hal_pcd.c ****   /* Release Lock */
 716:Drivers/STM32F1xx_HAL_Driver/Src/stm32f1xx_hal_pcd.c ****   __HAL_UNLOCK(hpcd);
ARM GAS  C:\Users\jc\AppData\Local\Temp\ccPtFhbx.s 			page 14


 717:Drivers/STM32F1xx_HAL_Driver/Src/stm32f1xx_hal_pcd.c **** 
 718:Drivers/STM32F1xx_HAL_Driver/Src/stm32f1xx_hal_pcd.c ****   return status;
 719:Drivers/STM32F1xx_HAL_Driver/Src/stm32f1xx_hal_pcd.c **** }
 720:Drivers/STM32F1xx_HAL_Driver/Src/stm32f1xx_hal_pcd.c **** 
 721:Drivers/STM32F1xx_HAL_Driver/Src/stm32f1xx_hal_pcd.c **** /**
 722:Drivers/STM32F1xx_HAL_Driver/Src/stm32f1xx_hal_pcd.c ****   * @brief  Unregister the USB PCD Iso OUT incomplete Callback
 723:Drivers/STM32F1xx_HAL_Driver/Src/stm32f1xx_hal_pcd.c ****   *         USB PCD Iso OUT incomplete Callback is redirected
 724:Drivers/STM32F1xx_HAL_Driver/Src/stm32f1xx_hal_pcd.c ****   *         to the weak HAL_PCD_ISOOUTIncompleteCallback() predefined callback
 725:Drivers/STM32F1xx_HAL_Driver/Src/stm32f1xx_hal_pcd.c ****   * @param  hpcd PCD handle
 726:Drivers/STM32F1xx_HAL_Driver/Src/stm32f1xx_hal_pcd.c ****   * @retval HAL status
 727:Drivers/STM32F1xx_HAL_Driver/Src/stm32f1xx_hal_pcd.c ****   */
 728:Drivers/STM32F1xx_HAL_Driver/Src/stm32f1xx_hal_pcd.c **** HAL_StatusTypeDef HAL_PCD_UnRegisterIsoOutIncpltCallback(PCD_HandleTypeDef *hpcd)
 729:Drivers/STM32F1xx_HAL_Driver/Src/stm32f1xx_hal_pcd.c **** {
 730:Drivers/STM32F1xx_HAL_Driver/Src/stm32f1xx_hal_pcd.c ****   HAL_StatusTypeDef status = HAL_OK;
 731:Drivers/STM32F1xx_HAL_Driver/Src/stm32f1xx_hal_pcd.c **** 
 732:Drivers/STM32F1xx_HAL_Driver/Src/stm32f1xx_hal_pcd.c ****   /* Process locked */
 733:Drivers/STM32F1xx_HAL_Driver/Src/stm32f1xx_hal_pcd.c ****   __HAL_LOCK(hpcd);
 734:Drivers/STM32F1xx_HAL_Driver/Src/stm32f1xx_hal_pcd.c **** 
 735:Drivers/STM32F1xx_HAL_Driver/Src/stm32f1xx_hal_pcd.c ****   if (hpcd->State == HAL_PCD_STATE_READY)
 736:Drivers/STM32F1xx_HAL_Driver/Src/stm32f1xx_hal_pcd.c ****   {
 737:Drivers/STM32F1xx_HAL_Driver/Src/stm32f1xx_hal_pcd.c ****     hpcd->ISOOUTIncompleteCallback = HAL_PCD_ISOOUTIncompleteCallback; /* Legacy weak ISOOUTIncompl
 738:Drivers/STM32F1xx_HAL_Driver/Src/stm32f1xx_hal_pcd.c ****   }
 739:Drivers/STM32F1xx_HAL_Driver/Src/stm32f1xx_hal_pcd.c ****   else
 740:Drivers/STM32F1xx_HAL_Driver/Src/stm32f1xx_hal_pcd.c ****   {
 741:Drivers/STM32F1xx_HAL_Driver/Src/stm32f1xx_hal_pcd.c ****     /* Update the error code */
 742:Drivers/STM32F1xx_HAL_Driver/Src/stm32f1xx_hal_pcd.c ****     hpcd->ErrorCode |= HAL_PCD_ERROR_INVALID_CALLBACK;
 743:Drivers/STM32F1xx_HAL_Driver/Src/stm32f1xx_hal_pcd.c **** 
 744:Drivers/STM32F1xx_HAL_Driver/Src/stm32f1xx_hal_pcd.c ****     /* Return error status */
 745:Drivers/STM32F1xx_HAL_Driver/Src/stm32f1xx_hal_pcd.c ****     status =  HAL_ERROR;
 746:Drivers/STM32F1xx_HAL_Driver/Src/stm32f1xx_hal_pcd.c ****   }
 747:Drivers/STM32F1xx_HAL_Driver/Src/stm32f1xx_hal_pcd.c **** 
 748:Drivers/STM32F1xx_HAL_Driver/Src/stm32f1xx_hal_pcd.c ****   /* Release Lock */
 749:Drivers/STM32F1xx_HAL_Driver/Src/stm32f1xx_hal_pcd.c ****   __HAL_UNLOCK(hpcd);
 750:Drivers/STM32F1xx_HAL_Driver/Src/stm32f1xx_hal_pcd.c **** 
 751:Drivers/STM32F1xx_HAL_Driver/Src/stm32f1xx_hal_pcd.c ****   return status;
 752:Drivers/STM32F1xx_HAL_Driver/Src/stm32f1xx_hal_pcd.c **** }
 753:Drivers/STM32F1xx_HAL_Driver/Src/stm32f1xx_hal_pcd.c **** 
 754:Drivers/STM32F1xx_HAL_Driver/Src/stm32f1xx_hal_pcd.c **** /**
 755:Drivers/STM32F1xx_HAL_Driver/Src/stm32f1xx_hal_pcd.c ****   * @brief  Register USB PCD Iso IN incomplete Callback
 756:Drivers/STM32F1xx_HAL_Driver/Src/stm32f1xx_hal_pcd.c ****   *         To be used instead of the weak HAL_PCD_ISOINIncompleteCallback() predefined callback
 757:Drivers/STM32F1xx_HAL_Driver/Src/stm32f1xx_hal_pcd.c ****   * @param  hpcd PCD handle
 758:Drivers/STM32F1xx_HAL_Driver/Src/stm32f1xx_hal_pcd.c ****   * @param  pCallback pointer to the USB PCD Iso IN incomplete Callback function
 759:Drivers/STM32F1xx_HAL_Driver/Src/stm32f1xx_hal_pcd.c ****   * @retval HAL status
 760:Drivers/STM32F1xx_HAL_Driver/Src/stm32f1xx_hal_pcd.c ****   */
 761:Drivers/STM32F1xx_HAL_Driver/Src/stm32f1xx_hal_pcd.c **** HAL_StatusTypeDef HAL_PCD_RegisterIsoInIncpltCallback(PCD_HandleTypeDef *hpcd,
 762:Drivers/STM32F1xx_HAL_Driver/Src/stm32f1xx_hal_pcd.c ****                                                       pPCD_IsoInIncpltCallbackTypeDef pCallback)
 763:Drivers/STM32F1xx_HAL_Driver/Src/stm32f1xx_hal_pcd.c **** {
 764:Drivers/STM32F1xx_HAL_Driver/Src/stm32f1xx_hal_pcd.c ****   HAL_StatusTypeDef status = HAL_OK;
 765:Drivers/STM32F1xx_HAL_Driver/Src/stm32f1xx_hal_pcd.c **** 
 766:Drivers/STM32F1xx_HAL_Driver/Src/stm32f1xx_hal_pcd.c ****   if (pCallback == NULL)
 767:Drivers/STM32F1xx_HAL_Driver/Src/stm32f1xx_hal_pcd.c ****   {
 768:Drivers/STM32F1xx_HAL_Driver/Src/stm32f1xx_hal_pcd.c ****     /* Update the error code */
 769:Drivers/STM32F1xx_HAL_Driver/Src/stm32f1xx_hal_pcd.c ****     hpcd->ErrorCode |= HAL_PCD_ERROR_INVALID_CALLBACK;
 770:Drivers/STM32F1xx_HAL_Driver/Src/stm32f1xx_hal_pcd.c **** 
 771:Drivers/STM32F1xx_HAL_Driver/Src/stm32f1xx_hal_pcd.c ****     return HAL_ERROR;
 772:Drivers/STM32F1xx_HAL_Driver/Src/stm32f1xx_hal_pcd.c ****   }
 773:Drivers/STM32F1xx_HAL_Driver/Src/stm32f1xx_hal_pcd.c **** 
ARM GAS  C:\Users\jc\AppData\Local\Temp\ccPtFhbx.s 			page 15


 774:Drivers/STM32F1xx_HAL_Driver/Src/stm32f1xx_hal_pcd.c ****   /* Process locked */
 775:Drivers/STM32F1xx_HAL_Driver/Src/stm32f1xx_hal_pcd.c ****   __HAL_LOCK(hpcd);
 776:Drivers/STM32F1xx_HAL_Driver/Src/stm32f1xx_hal_pcd.c **** 
 777:Drivers/STM32F1xx_HAL_Driver/Src/stm32f1xx_hal_pcd.c ****   if (hpcd->State == HAL_PCD_STATE_READY)
 778:Drivers/STM32F1xx_HAL_Driver/Src/stm32f1xx_hal_pcd.c ****   {
 779:Drivers/STM32F1xx_HAL_Driver/Src/stm32f1xx_hal_pcd.c ****     hpcd->ISOINIncompleteCallback = pCallback;
 780:Drivers/STM32F1xx_HAL_Driver/Src/stm32f1xx_hal_pcd.c ****   }
 781:Drivers/STM32F1xx_HAL_Driver/Src/stm32f1xx_hal_pcd.c ****   else
 782:Drivers/STM32F1xx_HAL_Driver/Src/stm32f1xx_hal_pcd.c ****   {
 783:Drivers/STM32F1xx_HAL_Driver/Src/stm32f1xx_hal_pcd.c ****     /* Update the error code */
 784:Drivers/STM32F1xx_HAL_Driver/Src/stm32f1xx_hal_pcd.c ****     hpcd->ErrorCode |= HAL_PCD_ERROR_INVALID_CALLBACK;
 785:Drivers/STM32F1xx_HAL_Driver/Src/stm32f1xx_hal_pcd.c **** 
 786:Drivers/STM32F1xx_HAL_Driver/Src/stm32f1xx_hal_pcd.c ****     /* Return error status */
 787:Drivers/STM32F1xx_HAL_Driver/Src/stm32f1xx_hal_pcd.c ****     status =  HAL_ERROR;
 788:Drivers/STM32F1xx_HAL_Driver/Src/stm32f1xx_hal_pcd.c ****   }
 789:Drivers/STM32F1xx_HAL_Driver/Src/stm32f1xx_hal_pcd.c **** 
 790:Drivers/STM32F1xx_HAL_Driver/Src/stm32f1xx_hal_pcd.c ****   /* Release Lock */
 791:Drivers/STM32F1xx_HAL_Driver/Src/stm32f1xx_hal_pcd.c ****   __HAL_UNLOCK(hpcd);
 792:Drivers/STM32F1xx_HAL_Driver/Src/stm32f1xx_hal_pcd.c **** 
 793:Drivers/STM32F1xx_HAL_Driver/Src/stm32f1xx_hal_pcd.c ****   return status;
 794:Drivers/STM32F1xx_HAL_Driver/Src/stm32f1xx_hal_pcd.c **** }
 795:Drivers/STM32F1xx_HAL_Driver/Src/stm32f1xx_hal_pcd.c **** 
 796:Drivers/STM32F1xx_HAL_Driver/Src/stm32f1xx_hal_pcd.c **** /**
 797:Drivers/STM32F1xx_HAL_Driver/Src/stm32f1xx_hal_pcd.c ****   * @brief  Unregister the USB PCD Iso IN incomplete Callback
 798:Drivers/STM32F1xx_HAL_Driver/Src/stm32f1xx_hal_pcd.c ****   *         USB PCD Iso IN incomplete Callback is redirected
 799:Drivers/STM32F1xx_HAL_Driver/Src/stm32f1xx_hal_pcd.c ****   *         to the weak HAL_PCD_ISOINIncompleteCallback() predefined callback
 800:Drivers/STM32F1xx_HAL_Driver/Src/stm32f1xx_hal_pcd.c ****   * @param  hpcd PCD handle
 801:Drivers/STM32F1xx_HAL_Driver/Src/stm32f1xx_hal_pcd.c ****   * @retval HAL status
 802:Drivers/STM32F1xx_HAL_Driver/Src/stm32f1xx_hal_pcd.c ****   */
 803:Drivers/STM32F1xx_HAL_Driver/Src/stm32f1xx_hal_pcd.c **** HAL_StatusTypeDef HAL_PCD_UnRegisterIsoInIncpltCallback(PCD_HandleTypeDef *hpcd)
 804:Drivers/STM32F1xx_HAL_Driver/Src/stm32f1xx_hal_pcd.c **** {
 805:Drivers/STM32F1xx_HAL_Driver/Src/stm32f1xx_hal_pcd.c ****   HAL_StatusTypeDef status = HAL_OK;
 806:Drivers/STM32F1xx_HAL_Driver/Src/stm32f1xx_hal_pcd.c **** 
 807:Drivers/STM32F1xx_HAL_Driver/Src/stm32f1xx_hal_pcd.c ****   /* Process locked */
 808:Drivers/STM32F1xx_HAL_Driver/Src/stm32f1xx_hal_pcd.c ****   __HAL_LOCK(hpcd);
 809:Drivers/STM32F1xx_HAL_Driver/Src/stm32f1xx_hal_pcd.c **** 
 810:Drivers/STM32F1xx_HAL_Driver/Src/stm32f1xx_hal_pcd.c ****   if (hpcd->State == HAL_PCD_STATE_READY)
 811:Drivers/STM32F1xx_HAL_Driver/Src/stm32f1xx_hal_pcd.c ****   {
 812:Drivers/STM32F1xx_HAL_Driver/Src/stm32f1xx_hal_pcd.c ****     hpcd->ISOINIncompleteCallback = HAL_PCD_ISOINIncompleteCallback; /* Legacy weak ISOINIncomplete
 813:Drivers/STM32F1xx_HAL_Driver/Src/stm32f1xx_hal_pcd.c ****   }
 814:Drivers/STM32F1xx_HAL_Driver/Src/stm32f1xx_hal_pcd.c ****   else
 815:Drivers/STM32F1xx_HAL_Driver/Src/stm32f1xx_hal_pcd.c ****   {
 816:Drivers/STM32F1xx_HAL_Driver/Src/stm32f1xx_hal_pcd.c ****     /* Update the error code */
 817:Drivers/STM32F1xx_HAL_Driver/Src/stm32f1xx_hal_pcd.c ****     hpcd->ErrorCode |= HAL_PCD_ERROR_INVALID_CALLBACK;
 818:Drivers/STM32F1xx_HAL_Driver/Src/stm32f1xx_hal_pcd.c **** 
 819:Drivers/STM32F1xx_HAL_Driver/Src/stm32f1xx_hal_pcd.c ****     /* Return error status */
 820:Drivers/STM32F1xx_HAL_Driver/Src/stm32f1xx_hal_pcd.c ****     status =  HAL_ERROR;
 821:Drivers/STM32F1xx_HAL_Driver/Src/stm32f1xx_hal_pcd.c ****   }
 822:Drivers/STM32F1xx_HAL_Driver/Src/stm32f1xx_hal_pcd.c **** 
 823:Drivers/STM32F1xx_HAL_Driver/Src/stm32f1xx_hal_pcd.c ****   /* Release Lock */
 824:Drivers/STM32F1xx_HAL_Driver/Src/stm32f1xx_hal_pcd.c ****   __HAL_UNLOCK(hpcd);
 825:Drivers/STM32F1xx_HAL_Driver/Src/stm32f1xx_hal_pcd.c **** 
 826:Drivers/STM32F1xx_HAL_Driver/Src/stm32f1xx_hal_pcd.c ****   return status;
 827:Drivers/STM32F1xx_HAL_Driver/Src/stm32f1xx_hal_pcd.c **** }
 828:Drivers/STM32F1xx_HAL_Driver/Src/stm32f1xx_hal_pcd.c **** 
 829:Drivers/STM32F1xx_HAL_Driver/Src/stm32f1xx_hal_pcd.c **** #endif /* USE_HAL_PCD_REGISTER_CALLBACKS */
 830:Drivers/STM32F1xx_HAL_Driver/Src/stm32f1xx_hal_pcd.c **** 
ARM GAS  C:\Users\jc\AppData\Local\Temp\ccPtFhbx.s 			page 16


 831:Drivers/STM32F1xx_HAL_Driver/Src/stm32f1xx_hal_pcd.c **** /**
 832:Drivers/STM32F1xx_HAL_Driver/Src/stm32f1xx_hal_pcd.c ****   * @}
 833:Drivers/STM32F1xx_HAL_Driver/Src/stm32f1xx_hal_pcd.c ****   */
 834:Drivers/STM32F1xx_HAL_Driver/Src/stm32f1xx_hal_pcd.c **** 
 835:Drivers/STM32F1xx_HAL_Driver/Src/stm32f1xx_hal_pcd.c **** /** @defgroup PCD_Exported_Functions_Group2 Input and Output operation functions
 836:Drivers/STM32F1xx_HAL_Driver/Src/stm32f1xx_hal_pcd.c ****   *  @brief   Data transfers functions
 837:Drivers/STM32F1xx_HAL_Driver/Src/stm32f1xx_hal_pcd.c ****   *
 838:Drivers/STM32F1xx_HAL_Driver/Src/stm32f1xx_hal_pcd.c **** @verbatim
 839:Drivers/STM32F1xx_HAL_Driver/Src/stm32f1xx_hal_pcd.c ****  ===============================================================================
 840:Drivers/STM32F1xx_HAL_Driver/Src/stm32f1xx_hal_pcd.c ****                       ##### IO operation functions #####
 841:Drivers/STM32F1xx_HAL_Driver/Src/stm32f1xx_hal_pcd.c ****  ===============================================================================
 842:Drivers/STM32F1xx_HAL_Driver/Src/stm32f1xx_hal_pcd.c ****     [..]
 843:Drivers/STM32F1xx_HAL_Driver/Src/stm32f1xx_hal_pcd.c ****     This subsection provides a set of functions allowing to manage the PCD data
 844:Drivers/STM32F1xx_HAL_Driver/Src/stm32f1xx_hal_pcd.c ****     transfers.
 845:Drivers/STM32F1xx_HAL_Driver/Src/stm32f1xx_hal_pcd.c **** 
 846:Drivers/STM32F1xx_HAL_Driver/Src/stm32f1xx_hal_pcd.c **** @endverbatim
 847:Drivers/STM32F1xx_HAL_Driver/Src/stm32f1xx_hal_pcd.c ****   * @{
 848:Drivers/STM32F1xx_HAL_Driver/Src/stm32f1xx_hal_pcd.c ****   */
 849:Drivers/STM32F1xx_HAL_Driver/Src/stm32f1xx_hal_pcd.c **** 
 850:Drivers/STM32F1xx_HAL_Driver/Src/stm32f1xx_hal_pcd.c **** /**
 851:Drivers/STM32F1xx_HAL_Driver/Src/stm32f1xx_hal_pcd.c ****   * @brief  Start the USB device
 852:Drivers/STM32F1xx_HAL_Driver/Src/stm32f1xx_hal_pcd.c ****   * @param  hpcd PCD handle
 853:Drivers/STM32F1xx_HAL_Driver/Src/stm32f1xx_hal_pcd.c ****   * @retval HAL status
 854:Drivers/STM32F1xx_HAL_Driver/Src/stm32f1xx_hal_pcd.c ****   */
 855:Drivers/STM32F1xx_HAL_Driver/Src/stm32f1xx_hal_pcd.c **** HAL_StatusTypeDef HAL_PCD_Start(PCD_HandleTypeDef *hpcd)
 856:Drivers/STM32F1xx_HAL_Driver/Src/stm32f1xx_hal_pcd.c **** {
 857:Drivers/STM32F1xx_HAL_Driver/Src/stm32f1xx_hal_pcd.c ****   __HAL_LOCK(hpcd);
 858:Drivers/STM32F1xx_HAL_Driver/Src/stm32f1xx_hal_pcd.c ****   __HAL_PCD_ENABLE(hpcd);
 859:Drivers/STM32F1xx_HAL_Driver/Src/stm32f1xx_hal_pcd.c **** 
 860:Drivers/STM32F1xx_HAL_Driver/Src/stm32f1xx_hal_pcd.c **** #if defined (USB)
 861:Drivers/STM32F1xx_HAL_Driver/Src/stm32f1xx_hal_pcd.c ****   HAL_PCDEx_SetConnectionState(hpcd, 1U);
 862:Drivers/STM32F1xx_HAL_Driver/Src/stm32f1xx_hal_pcd.c **** #endif /* defined (USB) */
 863:Drivers/STM32F1xx_HAL_Driver/Src/stm32f1xx_hal_pcd.c **** 
 864:Drivers/STM32F1xx_HAL_Driver/Src/stm32f1xx_hal_pcd.c ****   (void)USB_DevConnect(hpcd->Instance);
 865:Drivers/STM32F1xx_HAL_Driver/Src/stm32f1xx_hal_pcd.c ****   __HAL_UNLOCK(hpcd);
 866:Drivers/STM32F1xx_HAL_Driver/Src/stm32f1xx_hal_pcd.c **** 
 867:Drivers/STM32F1xx_HAL_Driver/Src/stm32f1xx_hal_pcd.c ****   return HAL_OK;
 868:Drivers/STM32F1xx_HAL_Driver/Src/stm32f1xx_hal_pcd.c **** }
 869:Drivers/STM32F1xx_HAL_Driver/Src/stm32f1xx_hal_pcd.c **** 
 870:Drivers/STM32F1xx_HAL_Driver/Src/stm32f1xx_hal_pcd.c **** /**
 871:Drivers/STM32F1xx_HAL_Driver/Src/stm32f1xx_hal_pcd.c ****   * @brief  Stop the USB device.
 872:Drivers/STM32F1xx_HAL_Driver/Src/stm32f1xx_hal_pcd.c ****   * @param  hpcd PCD handle
 873:Drivers/STM32F1xx_HAL_Driver/Src/stm32f1xx_hal_pcd.c ****   * @retval HAL status
 874:Drivers/STM32F1xx_HAL_Driver/Src/stm32f1xx_hal_pcd.c ****   */
 875:Drivers/STM32F1xx_HAL_Driver/Src/stm32f1xx_hal_pcd.c **** HAL_StatusTypeDef HAL_PCD_Stop(PCD_HandleTypeDef *hpcd)
 876:Drivers/STM32F1xx_HAL_Driver/Src/stm32f1xx_hal_pcd.c **** {
 877:Drivers/STM32F1xx_HAL_Driver/Src/stm32f1xx_hal_pcd.c ****   __HAL_LOCK(hpcd);
 878:Drivers/STM32F1xx_HAL_Driver/Src/stm32f1xx_hal_pcd.c ****   __HAL_PCD_DISABLE(hpcd);
 879:Drivers/STM32F1xx_HAL_Driver/Src/stm32f1xx_hal_pcd.c **** 
 880:Drivers/STM32F1xx_HAL_Driver/Src/stm32f1xx_hal_pcd.c **** #if defined (USB)
 881:Drivers/STM32F1xx_HAL_Driver/Src/stm32f1xx_hal_pcd.c ****   HAL_PCDEx_SetConnectionState(hpcd, 0U);
 882:Drivers/STM32F1xx_HAL_Driver/Src/stm32f1xx_hal_pcd.c **** #endif /* defined (USB) */
 883:Drivers/STM32F1xx_HAL_Driver/Src/stm32f1xx_hal_pcd.c **** 
 884:Drivers/STM32F1xx_HAL_Driver/Src/stm32f1xx_hal_pcd.c ****   (void)USB_DevDisconnect(hpcd->Instance);
 885:Drivers/STM32F1xx_HAL_Driver/Src/stm32f1xx_hal_pcd.c **** 
 886:Drivers/STM32F1xx_HAL_Driver/Src/stm32f1xx_hal_pcd.c **** #if defined (USB_OTG_FS)
 887:Drivers/STM32F1xx_HAL_Driver/Src/stm32f1xx_hal_pcd.c ****   (void)USB_FlushTxFifo(hpcd->Instance, 0x10U);
ARM GAS  C:\Users\jc\AppData\Local\Temp\ccPtFhbx.s 			page 17


 888:Drivers/STM32F1xx_HAL_Driver/Src/stm32f1xx_hal_pcd.c **** #endif /* defined (USB_OTG_FS) */
 889:Drivers/STM32F1xx_HAL_Driver/Src/stm32f1xx_hal_pcd.c **** 
 890:Drivers/STM32F1xx_HAL_Driver/Src/stm32f1xx_hal_pcd.c ****   __HAL_UNLOCK(hpcd);
 891:Drivers/STM32F1xx_HAL_Driver/Src/stm32f1xx_hal_pcd.c **** 
 892:Drivers/STM32F1xx_HAL_Driver/Src/stm32f1xx_hal_pcd.c ****   return HAL_OK;
 893:Drivers/STM32F1xx_HAL_Driver/Src/stm32f1xx_hal_pcd.c **** }
 894:Drivers/STM32F1xx_HAL_Driver/Src/stm32f1xx_hal_pcd.c **** 
 895:Drivers/STM32F1xx_HAL_Driver/Src/stm32f1xx_hal_pcd.c **** #if defined (USB_OTG_FS)
 896:Drivers/STM32F1xx_HAL_Driver/Src/stm32f1xx_hal_pcd.c **** /**
 897:Drivers/STM32F1xx_HAL_Driver/Src/stm32f1xx_hal_pcd.c ****   * @brief  Handles PCD interrupt request.
 898:Drivers/STM32F1xx_HAL_Driver/Src/stm32f1xx_hal_pcd.c ****   * @param  hpcd PCD handle
 899:Drivers/STM32F1xx_HAL_Driver/Src/stm32f1xx_hal_pcd.c ****   * @retval HAL status
 900:Drivers/STM32F1xx_HAL_Driver/Src/stm32f1xx_hal_pcd.c ****   */
 901:Drivers/STM32F1xx_HAL_Driver/Src/stm32f1xx_hal_pcd.c **** void HAL_PCD_IRQHandler(PCD_HandleTypeDef *hpcd)
 902:Drivers/STM32F1xx_HAL_Driver/Src/stm32f1xx_hal_pcd.c **** {
 903:Drivers/STM32F1xx_HAL_Driver/Src/stm32f1xx_hal_pcd.c ****   USB_OTG_GlobalTypeDef *USBx = hpcd->Instance;
 904:Drivers/STM32F1xx_HAL_Driver/Src/stm32f1xx_hal_pcd.c ****   uint32_t USBx_BASE = (uint32_t)USBx;
 905:Drivers/STM32F1xx_HAL_Driver/Src/stm32f1xx_hal_pcd.c ****   USB_OTG_EPTypeDef *ep;
 906:Drivers/STM32F1xx_HAL_Driver/Src/stm32f1xx_hal_pcd.c ****   uint32_t i;
 907:Drivers/STM32F1xx_HAL_Driver/Src/stm32f1xx_hal_pcd.c ****   uint32_t ep_intr;
 908:Drivers/STM32F1xx_HAL_Driver/Src/stm32f1xx_hal_pcd.c ****   uint32_t epint;
 909:Drivers/STM32F1xx_HAL_Driver/Src/stm32f1xx_hal_pcd.c ****   uint32_t epnum;
 910:Drivers/STM32F1xx_HAL_Driver/Src/stm32f1xx_hal_pcd.c ****   uint32_t fifoemptymsk;
 911:Drivers/STM32F1xx_HAL_Driver/Src/stm32f1xx_hal_pcd.c ****   uint32_t RegVal;
 912:Drivers/STM32F1xx_HAL_Driver/Src/stm32f1xx_hal_pcd.c **** 
 913:Drivers/STM32F1xx_HAL_Driver/Src/stm32f1xx_hal_pcd.c ****   /* ensure that we are in device mode */
 914:Drivers/STM32F1xx_HAL_Driver/Src/stm32f1xx_hal_pcd.c ****   if (USB_GetMode(hpcd->Instance) == USB_OTG_MODE_DEVICE)
 915:Drivers/STM32F1xx_HAL_Driver/Src/stm32f1xx_hal_pcd.c ****   {
 916:Drivers/STM32F1xx_HAL_Driver/Src/stm32f1xx_hal_pcd.c ****     /* avoid spurious interrupt */
 917:Drivers/STM32F1xx_HAL_Driver/Src/stm32f1xx_hal_pcd.c ****     if (__HAL_PCD_IS_INVALID_INTERRUPT(hpcd))
 918:Drivers/STM32F1xx_HAL_Driver/Src/stm32f1xx_hal_pcd.c ****     {
 919:Drivers/STM32F1xx_HAL_Driver/Src/stm32f1xx_hal_pcd.c ****       return;
 920:Drivers/STM32F1xx_HAL_Driver/Src/stm32f1xx_hal_pcd.c ****     }
 921:Drivers/STM32F1xx_HAL_Driver/Src/stm32f1xx_hal_pcd.c **** 
 922:Drivers/STM32F1xx_HAL_Driver/Src/stm32f1xx_hal_pcd.c ****     /* store current frame number */
 923:Drivers/STM32F1xx_HAL_Driver/Src/stm32f1xx_hal_pcd.c ****     hpcd->FrameNumber = (USBx_DEVICE->DSTS & USB_OTG_DSTS_FNSOF_Msk) >> USB_OTG_DSTS_FNSOF_Pos;
 924:Drivers/STM32F1xx_HAL_Driver/Src/stm32f1xx_hal_pcd.c **** 
 925:Drivers/STM32F1xx_HAL_Driver/Src/stm32f1xx_hal_pcd.c ****     if (__HAL_PCD_GET_FLAG(hpcd, USB_OTG_GINTSTS_MMIS))
 926:Drivers/STM32F1xx_HAL_Driver/Src/stm32f1xx_hal_pcd.c ****     {
 927:Drivers/STM32F1xx_HAL_Driver/Src/stm32f1xx_hal_pcd.c ****       /* incorrect mode, acknowledge the interrupt */
 928:Drivers/STM32F1xx_HAL_Driver/Src/stm32f1xx_hal_pcd.c ****       __HAL_PCD_CLEAR_FLAG(hpcd, USB_OTG_GINTSTS_MMIS);
 929:Drivers/STM32F1xx_HAL_Driver/Src/stm32f1xx_hal_pcd.c ****     }
 930:Drivers/STM32F1xx_HAL_Driver/Src/stm32f1xx_hal_pcd.c **** 
 931:Drivers/STM32F1xx_HAL_Driver/Src/stm32f1xx_hal_pcd.c ****     /* Handle RxQLevel Interrupt */
 932:Drivers/STM32F1xx_HAL_Driver/Src/stm32f1xx_hal_pcd.c ****     if (__HAL_PCD_GET_FLAG(hpcd, USB_OTG_GINTSTS_RXFLVL))
 933:Drivers/STM32F1xx_HAL_Driver/Src/stm32f1xx_hal_pcd.c ****     {
 934:Drivers/STM32F1xx_HAL_Driver/Src/stm32f1xx_hal_pcd.c ****       USB_MASK_INTERRUPT(hpcd->Instance, USB_OTG_GINTSTS_RXFLVL);
 935:Drivers/STM32F1xx_HAL_Driver/Src/stm32f1xx_hal_pcd.c **** 
 936:Drivers/STM32F1xx_HAL_Driver/Src/stm32f1xx_hal_pcd.c ****       RegVal = USBx->GRXSTSP;
 937:Drivers/STM32F1xx_HAL_Driver/Src/stm32f1xx_hal_pcd.c **** 
 938:Drivers/STM32F1xx_HAL_Driver/Src/stm32f1xx_hal_pcd.c ****       ep = &hpcd->OUT_ep[RegVal & USB_OTG_GRXSTSP_EPNUM];
 939:Drivers/STM32F1xx_HAL_Driver/Src/stm32f1xx_hal_pcd.c **** 
 940:Drivers/STM32F1xx_HAL_Driver/Src/stm32f1xx_hal_pcd.c ****       if (((RegVal & USB_OTG_GRXSTSP_PKTSTS) >> 17) ==  STS_DATA_UPDT)
 941:Drivers/STM32F1xx_HAL_Driver/Src/stm32f1xx_hal_pcd.c ****       {
 942:Drivers/STM32F1xx_HAL_Driver/Src/stm32f1xx_hal_pcd.c ****         if ((RegVal & USB_OTG_GRXSTSP_BCNT) != 0U)
 943:Drivers/STM32F1xx_HAL_Driver/Src/stm32f1xx_hal_pcd.c ****         {
 944:Drivers/STM32F1xx_HAL_Driver/Src/stm32f1xx_hal_pcd.c ****           (void)USB_ReadPacket(USBx, ep->xfer_buff,
ARM GAS  C:\Users\jc\AppData\Local\Temp\ccPtFhbx.s 			page 18


 945:Drivers/STM32F1xx_HAL_Driver/Src/stm32f1xx_hal_pcd.c ****                                (uint16_t)((RegVal & USB_OTG_GRXSTSP_BCNT) >> 4));
 946:Drivers/STM32F1xx_HAL_Driver/Src/stm32f1xx_hal_pcd.c **** 
 947:Drivers/STM32F1xx_HAL_Driver/Src/stm32f1xx_hal_pcd.c ****           ep->xfer_buff += (RegVal & USB_OTG_GRXSTSP_BCNT) >> 4;
 948:Drivers/STM32F1xx_HAL_Driver/Src/stm32f1xx_hal_pcd.c ****           ep->xfer_count += (RegVal & USB_OTG_GRXSTSP_BCNT) >> 4;
 949:Drivers/STM32F1xx_HAL_Driver/Src/stm32f1xx_hal_pcd.c ****         }
 950:Drivers/STM32F1xx_HAL_Driver/Src/stm32f1xx_hal_pcd.c ****       }
 951:Drivers/STM32F1xx_HAL_Driver/Src/stm32f1xx_hal_pcd.c ****       else if (((RegVal & USB_OTG_GRXSTSP_PKTSTS) >> 17) == STS_SETUP_UPDT)
 952:Drivers/STM32F1xx_HAL_Driver/Src/stm32f1xx_hal_pcd.c ****       {
 953:Drivers/STM32F1xx_HAL_Driver/Src/stm32f1xx_hal_pcd.c ****         (void)USB_ReadPacket(USBx, (uint8_t *)hpcd->Setup, 8U);
 954:Drivers/STM32F1xx_HAL_Driver/Src/stm32f1xx_hal_pcd.c ****         ep->xfer_count += (RegVal & USB_OTG_GRXSTSP_BCNT) >> 4;
 955:Drivers/STM32F1xx_HAL_Driver/Src/stm32f1xx_hal_pcd.c ****       }
 956:Drivers/STM32F1xx_HAL_Driver/Src/stm32f1xx_hal_pcd.c ****       else
 957:Drivers/STM32F1xx_HAL_Driver/Src/stm32f1xx_hal_pcd.c ****       {
 958:Drivers/STM32F1xx_HAL_Driver/Src/stm32f1xx_hal_pcd.c ****         /* ... */
 959:Drivers/STM32F1xx_HAL_Driver/Src/stm32f1xx_hal_pcd.c ****       }
 960:Drivers/STM32F1xx_HAL_Driver/Src/stm32f1xx_hal_pcd.c **** 
 961:Drivers/STM32F1xx_HAL_Driver/Src/stm32f1xx_hal_pcd.c ****       USB_UNMASK_INTERRUPT(hpcd->Instance, USB_OTG_GINTSTS_RXFLVL);
 962:Drivers/STM32F1xx_HAL_Driver/Src/stm32f1xx_hal_pcd.c ****     }
 963:Drivers/STM32F1xx_HAL_Driver/Src/stm32f1xx_hal_pcd.c **** 
 964:Drivers/STM32F1xx_HAL_Driver/Src/stm32f1xx_hal_pcd.c ****     if (__HAL_PCD_GET_FLAG(hpcd, USB_OTG_GINTSTS_OEPINT))
 965:Drivers/STM32F1xx_HAL_Driver/Src/stm32f1xx_hal_pcd.c ****     {
 966:Drivers/STM32F1xx_HAL_Driver/Src/stm32f1xx_hal_pcd.c ****       epnum = 0U;
 967:Drivers/STM32F1xx_HAL_Driver/Src/stm32f1xx_hal_pcd.c **** 
 968:Drivers/STM32F1xx_HAL_Driver/Src/stm32f1xx_hal_pcd.c ****       /* Read in the device interrupt bits */
 969:Drivers/STM32F1xx_HAL_Driver/Src/stm32f1xx_hal_pcd.c ****       ep_intr = USB_ReadDevAllOutEpInterrupt(hpcd->Instance);
 970:Drivers/STM32F1xx_HAL_Driver/Src/stm32f1xx_hal_pcd.c **** 
 971:Drivers/STM32F1xx_HAL_Driver/Src/stm32f1xx_hal_pcd.c ****       while (ep_intr != 0U)
 972:Drivers/STM32F1xx_HAL_Driver/Src/stm32f1xx_hal_pcd.c ****       {
 973:Drivers/STM32F1xx_HAL_Driver/Src/stm32f1xx_hal_pcd.c ****         if ((ep_intr & 0x1U) != 0U)
 974:Drivers/STM32F1xx_HAL_Driver/Src/stm32f1xx_hal_pcd.c ****         {
 975:Drivers/STM32F1xx_HAL_Driver/Src/stm32f1xx_hal_pcd.c ****           epint = USB_ReadDevOutEPInterrupt(hpcd->Instance, (uint8_t)epnum);
 976:Drivers/STM32F1xx_HAL_Driver/Src/stm32f1xx_hal_pcd.c **** 
 977:Drivers/STM32F1xx_HAL_Driver/Src/stm32f1xx_hal_pcd.c ****           if ((epint & USB_OTG_DOEPINT_XFRC) == USB_OTG_DOEPINT_XFRC)
 978:Drivers/STM32F1xx_HAL_Driver/Src/stm32f1xx_hal_pcd.c ****           {
 979:Drivers/STM32F1xx_HAL_Driver/Src/stm32f1xx_hal_pcd.c ****             CLEAR_OUT_EP_INTR(epnum, USB_OTG_DOEPINT_XFRC);
 980:Drivers/STM32F1xx_HAL_Driver/Src/stm32f1xx_hal_pcd.c ****             (void)PCD_EP_OutXfrComplete_int(hpcd, epnum);
 981:Drivers/STM32F1xx_HAL_Driver/Src/stm32f1xx_hal_pcd.c ****           }
 982:Drivers/STM32F1xx_HAL_Driver/Src/stm32f1xx_hal_pcd.c **** 
 983:Drivers/STM32F1xx_HAL_Driver/Src/stm32f1xx_hal_pcd.c ****           if ((epint & USB_OTG_DOEPINT_STUP) == USB_OTG_DOEPINT_STUP)
 984:Drivers/STM32F1xx_HAL_Driver/Src/stm32f1xx_hal_pcd.c ****           {
 985:Drivers/STM32F1xx_HAL_Driver/Src/stm32f1xx_hal_pcd.c ****             CLEAR_OUT_EP_INTR(epnum, USB_OTG_DOEPINT_STUP);
 986:Drivers/STM32F1xx_HAL_Driver/Src/stm32f1xx_hal_pcd.c ****             /* Class B setup phase done for previous decoded setup */
 987:Drivers/STM32F1xx_HAL_Driver/Src/stm32f1xx_hal_pcd.c ****             (void)PCD_EP_OutSetupPacket_int(hpcd, epnum);
 988:Drivers/STM32F1xx_HAL_Driver/Src/stm32f1xx_hal_pcd.c ****           }
 989:Drivers/STM32F1xx_HAL_Driver/Src/stm32f1xx_hal_pcd.c **** 
 990:Drivers/STM32F1xx_HAL_Driver/Src/stm32f1xx_hal_pcd.c ****           if ((epint & USB_OTG_DOEPINT_OTEPDIS) == USB_OTG_DOEPINT_OTEPDIS)
 991:Drivers/STM32F1xx_HAL_Driver/Src/stm32f1xx_hal_pcd.c ****           {
 992:Drivers/STM32F1xx_HAL_Driver/Src/stm32f1xx_hal_pcd.c ****             CLEAR_OUT_EP_INTR(epnum, USB_OTG_DOEPINT_OTEPDIS);
 993:Drivers/STM32F1xx_HAL_Driver/Src/stm32f1xx_hal_pcd.c ****           }
 994:Drivers/STM32F1xx_HAL_Driver/Src/stm32f1xx_hal_pcd.c **** 
 995:Drivers/STM32F1xx_HAL_Driver/Src/stm32f1xx_hal_pcd.c ****           /* Clear OUT Endpoint disable interrupt */
 996:Drivers/STM32F1xx_HAL_Driver/Src/stm32f1xx_hal_pcd.c ****           if ((epint & USB_OTG_DOEPINT_EPDISD) == USB_OTG_DOEPINT_EPDISD)
 997:Drivers/STM32F1xx_HAL_Driver/Src/stm32f1xx_hal_pcd.c ****           {
 998:Drivers/STM32F1xx_HAL_Driver/Src/stm32f1xx_hal_pcd.c ****             if ((USBx->GINTSTS & USB_OTG_GINTSTS_BOUTNAKEFF) == USB_OTG_GINTSTS_BOUTNAKEFF)
 999:Drivers/STM32F1xx_HAL_Driver/Src/stm32f1xx_hal_pcd.c ****             {
1000:Drivers/STM32F1xx_HAL_Driver/Src/stm32f1xx_hal_pcd.c ****               USBx_DEVICE->DCTL |= USB_OTG_DCTL_CGONAK;
1001:Drivers/STM32F1xx_HAL_Driver/Src/stm32f1xx_hal_pcd.c ****             }
ARM GAS  C:\Users\jc\AppData\Local\Temp\ccPtFhbx.s 			page 19


1002:Drivers/STM32F1xx_HAL_Driver/Src/stm32f1xx_hal_pcd.c **** 
1003:Drivers/STM32F1xx_HAL_Driver/Src/stm32f1xx_hal_pcd.c ****             ep = &hpcd->OUT_ep[epnum];
1004:Drivers/STM32F1xx_HAL_Driver/Src/stm32f1xx_hal_pcd.c **** 
1005:Drivers/STM32F1xx_HAL_Driver/Src/stm32f1xx_hal_pcd.c ****             if (ep->is_iso_incomplete == 1U)
1006:Drivers/STM32F1xx_HAL_Driver/Src/stm32f1xx_hal_pcd.c ****             {
1007:Drivers/STM32F1xx_HAL_Driver/Src/stm32f1xx_hal_pcd.c ****               ep->is_iso_incomplete = 0U;
1008:Drivers/STM32F1xx_HAL_Driver/Src/stm32f1xx_hal_pcd.c **** 
1009:Drivers/STM32F1xx_HAL_Driver/Src/stm32f1xx_hal_pcd.c **** #if (USE_HAL_PCD_REGISTER_CALLBACKS == 1U)
1010:Drivers/STM32F1xx_HAL_Driver/Src/stm32f1xx_hal_pcd.c ****               hpcd->ISOOUTIncompleteCallback(hpcd, (uint8_t)epnum);
1011:Drivers/STM32F1xx_HAL_Driver/Src/stm32f1xx_hal_pcd.c **** #else
1012:Drivers/STM32F1xx_HAL_Driver/Src/stm32f1xx_hal_pcd.c ****               HAL_PCD_ISOOUTIncompleteCallback(hpcd, (uint8_t)epnum);
1013:Drivers/STM32F1xx_HAL_Driver/Src/stm32f1xx_hal_pcd.c **** #endif /* USE_HAL_PCD_REGISTER_CALLBACKS */
1014:Drivers/STM32F1xx_HAL_Driver/Src/stm32f1xx_hal_pcd.c ****             }
1015:Drivers/STM32F1xx_HAL_Driver/Src/stm32f1xx_hal_pcd.c **** 
1016:Drivers/STM32F1xx_HAL_Driver/Src/stm32f1xx_hal_pcd.c ****             CLEAR_OUT_EP_INTR(epnum, USB_OTG_DOEPINT_EPDISD);
1017:Drivers/STM32F1xx_HAL_Driver/Src/stm32f1xx_hal_pcd.c ****           }
1018:Drivers/STM32F1xx_HAL_Driver/Src/stm32f1xx_hal_pcd.c **** 
1019:Drivers/STM32F1xx_HAL_Driver/Src/stm32f1xx_hal_pcd.c ****           /* Clear Status Phase Received interrupt */
1020:Drivers/STM32F1xx_HAL_Driver/Src/stm32f1xx_hal_pcd.c ****           if ((epint & USB_OTG_DOEPINT_OTEPSPR) == USB_OTG_DOEPINT_OTEPSPR)
1021:Drivers/STM32F1xx_HAL_Driver/Src/stm32f1xx_hal_pcd.c ****           {
1022:Drivers/STM32F1xx_HAL_Driver/Src/stm32f1xx_hal_pcd.c ****             CLEAR_OUT_EP_INTR(epnum, USB_OTG_DOEPINT_OTEPSPR);
1023:Drivers/STM32F1xx_HAL_Driver/Src/stm32f1xx_hal_pcd.c ****           }
1024:Drivers/STM32F1xx_HAL_Driver/Src/stm32f1xx_hal_pcd.c **** 
1025:Drivers/STM32F1xx_HAL_Driver/Src/stm32f1xx_hal_pcd.c ****           /* Clear OUT NAK interrupt */
1026:Drivers/STM32F1xx_HAL_Driver/Src/stm32f1xx_hal_pcd.c ****           if ((epint & USB_OTG_DOEPINT_NAK) == USB_OTG_DOEPINT_NAK)
1027:Drivers/STM32F1xx_HAL_Driver/Src/stm32f1xx_hal_pcd.c ****           {
1028:Drivers/STM32F1xx_HAL_Driver/Src/stm32f1xx_hal_pcd.c ****             CLEAR_OUT_EP_INTR(epnum, USB_OTG_DOEPINT_NAK);
1029:Drivers/STM32F1xx_HAL_Driver/Src/stm32f1xx_hal_pcd.c ****           }
1030:Drivers/STM32F1xx_HAL_Driver/Src/stm32f1xx_hal_pcd.c ****         }
1031:Drivers/STM32F1xx_HAL_Driver/Src/stm32f1xx_hal_pcd.c ****         epnum++;
1032:Drivers/STM32F1xx_HAL_Driver/Src/stm32f1xx_hal_pcd.c ****         ep_intr >>= 1U;
1033:Drivers/STM32F1xx_HAL_Driver/Src/stm32f1xx_hal_pcd.c ****       }
1034:Drivers/STM32F1xx_HAL_Driver/Src/stm32f1xx_hal_pcd.c ****     }
1035:Drivers/STM32F1xx_HAL_Driver/Src/stm32f1xx_hal_pcd.c **** 
1036:Drivers/STM32F1xx_HAL_Driver/Src/stm32f1xx_hal_pcd.c ****     if (__HAL_PCD_GET_FLAG(hpcd, USB_OTG_GINTSTS_IEPINT))
1037:Drivers/STM32F1xx_HAL_Driver/Src/stm32f1xx_hal_pcd.c ****     {
1038:Drivers/STM32F1xx_HAL_Driver/Src/stm32f1xx_hal_pcd.c ****       /* Read in the device interrupt bits */
1039:Drivers/STM32F1xx_HAL_Driver/Src/stm32f1xx_hal_pcd.c ****       ep_intr = USB_ReadDevAllInEpInterrupt(hpcd->Instance);
1040:Drivers/STM32F1xx_HAL_Driver/Src/stm32f1xx_hal_pcd.c **** 
1041:Drivers/STM32F1xx_HAL_Driver/Src/stm32f1xx_hal_pcd.c ****       epnum = 0U;
1042:Drivers/STM32F1xx_HAL_Driver/Src/stm32f1xx_hal_pcd.c **** 
1043:Drivers/STM32F1xx_HAL_Driver/Src/stm32f1xx_hal_pcd.c ****       while (ep_intr != 0U)
1044:Drivers/STM32F1xx_HAL_Driver/Src/stm32f1xx_hal_pcd.c ****       {
1045:Drivers/STM32F1xx_HAL_Driver/Src/stm32f1xx_hal_pcd.c ****         if ((ep_intr & 0x1U) != 0U) /* In ITR */
1046:Drivers/STM32F1xx_HAL_Driver/Src/stm32f1xx_hal_pcd.c ****         {
1047:Drivers/STM32F1xx_HAL_Driver/Src/stm32f1xx_hal_pcd.c ****           epint = USB_ReadDevInEPInterrupt(hpcd->Instance, (uint8_t)epnum);
1048:Drivers/STM32F1xx_HAL_Driver/Src/stm32f1xx_hal_pcd.c **** 
1049:Drivers/STM32F1xx_HAL_Driver/Src/stm32f1xx_hal_pcd.c ****           if ((epint & USB_OTG_DIEPINT_XFRC) == USB_OTG_DIEPINT_XFRC)
1050:Drivers/STM32F1xx_HAL_Driver/Src/stm32f1xx_hal_pcd.c ****           {
1051:Drivers/STM32F1xx_HAL_Driver/Src/stm32f1xx_hal_pcd.c ****             fifoemptymsk = (uint32_t)(0x1UL << (epnum & EP_ADDR_MSK));
1052:Drivers/STM32F1xx_HAL_Driver/Src/stm32f1xx_hal_pcd.c ****             USBx_DEVICE->DIEPEMPMSK &= ~fifoemptymsk;
1053:Drivers/STM32F1xx_HAL_Driver/Src/stm32f1xx_hal_pcd.c **** 
1054:Drivers/STM32F1xx_HAL_Driver/Src/stm32f1xx_hal_pcd.c ****             CLEAR_IN_EP_INTR(epnum, USB_OTG_DIEPINT_XFRC);
1055:Drivers/STM32F1xx_HAL_Driver/Src/stm32f1xx_hal_pcd.c **** 
1056:Drivers/STM32F1xx_HAL_Driver/Src/stm32f1xx_hal_pcd.c **** #if (USE_HAL_PCD_REGISTER_CALLBACKS == 1U)
1057:Drivers/STM32F1xx_HAL_Driver/Src/stm32f1xx_hal_pcd.c ****             hpcd->DataInStageCallback(hpcd, (uint8_t)epnum);
1058:Drivers/STM32F1xx_HAL_Driver/Src/stm32f1xx_hal_pcd.c **** #else
ARM GAS  C:\Users\jc\AppData\Local\Temp\ccPtFhbx.s 			page 20


1059:Drivers/STM32F1xx_HAL_Driver/Src/stm32f1xx_hal_pcd.c ****             HAL_PCD_DataInStageCallback(hpcd, (uint8_t)epnum);
1060:Drivers/STM32F1xx_HAL_Driver/Src/stm32f1xx_hal_pcd.c **** #endif /* USE_HAL_PCD_REGISTER_CALLBACKS */
1061:Drivers/STM32F1xx_HAL_Driver/Src/stm32f1xx_hal_pcd.c ****           }
1062:Drivers/STM32F1xx_HAL_Driver/Src/stm32f1xx_hal_pcd.c ****           if ((epint & USB_OTG_DIEPINT_TOC) == USB_OTG_DIEPINT_TOC)
1063:Drivers/STM32F1xx_HAL_Driver/Src/stm32f1xx_hal_pcd.c ****           {
1064:Drivers/STM32F1xx_HAL_Driver/Src/stm32f1xx_hal_pcd.c ****             CLEAR_IN_EP_INTR(epnum, USB_OTG_DIEPINT_TOC);
1065:Drivers/STM32F1xx_HAL_Driver/Src/stm32f1xx_hal_pcd.c ****           }
1066:Drivers/STM32F1xx_HAL_Driver/Src/stm32f1xx_hal_pcd.c ****           if ((epint & USB_OTG_DIEPINT_ITTXFE) == USB_OTG_DIEPINT_ITTXFE)
1067:Drivers/STM32F1xx_HAL_Driver/Src/stm32f1xx_hal_pcd.c ****           {
1068:Drivers/STM32F1xx_HAL_Driver/Src/stm32f1xx_hal_pcd.c ****             CLEAR_IN_EP_INTR(epnum, USB_OTG_DIEPINT_ITTXFE);
1069:Drivers/STM32F1xx_HAL_Driver/Src/stm32f1xx_hal_pcd.c ****           }
1070:Drivers/STM32F1xx_HAL_Driver/Src/stm32f1xx_hal_pcd.c ****           if ((epint & USB_OTG_DIEPINT_INEPNE) == USB_OTG_DIEPINT_INEPNE)
1071:Drivers/STM32F1xx_HAL_Driver/Src/stm32f1xx_hal_pcd.c ****           {
1072:Drivers/STM32F1xx_HAL_Driver/Src/stm32f1xx_hal_pcd.c ****             CLEAR_IN_EP_INTR(epnum, USB_OTG_DIEPINT_INEPNE);
1073:Drivers/STM32F1xx_HAL_Driver/Src/stm32f1xx_hal_pcd.c ****           }
1074:Drivers/STM32F1xx_HAL_Driver/Src/stm32f1xx_hal_pcd.c ****           if ((epint & USB_OTG_DIEPINT_EPDISD) == USB_OTG_DIEPINT_EPDISD)
1075:Drivers/STM32F1xx_HAL_Driver/Src/stm32f1xx_hal_pcd.c ****           {
1076:Drivers/STM32F1xx_HAL_Driver/Src/stm32f1xx_hal_pcd.c ****             (void)USB_FlushTxFifo(USBx, epnum);
1077:Drivers/STM32F1xx_HAL_Driver/Src/stm32f1xx_hal_pcd.c **** 
1078:Drivers/STM32F1xx_HAL_Driver/Src/stm32f1xx_hal_pcd.c ****             ep = &hpcd->IN_ep[epnum];
1079:Drivers/STM32F1xx_HAL_Driver/Src/stm32f1xx_hal_pcd.c **** 
1080:Drivers/STM32F1xx_HAL_Driver/Src/stm32f1xx_hal_pcd.c ****             if (ep->is_iso_incomplete == 1U)
1081:Drivers/STM32F1xx_HAL_Driver/Src/stm32f1xx_hal_pcd.c ****             {
1082:Drivers/STM32F1xx_HAL_Driver/Src/stm32f1xx_hal_pcd.c ****               ep->is_iso_incomplete = 0U;
1083:Drivers/STM32F1xx_HAL_Driver/Src/stm32f1xx_hal_pcd.c **** 
1084:Drivers/STM32F1xx_HAL_Driver/Src/stm32f1xx_hal_pcd.c **** #if (USE_HAL_PCD_REGISTER_CALLBACKS == 1U)
1085:Drivers/STM32F1xx_HAL_Driver/Src/stm32f1xx_hal_pcd.c ****               hpcd->ISOINIncompleteCallback(hpcd, (uint8_t)epnum);
1086:Drivers/STM32F1xx_HAL_Driver/Src/stm32f1xx_hal_pcd.c **** #else
1087:Drivers/STM32F1xx_HAL_Driver/Src/stm32f1xx_hal_pcd.c ****               HAL_PCD_ISOINIncompleteCallback(hpcd, (uint8_t)epnum);
1088:Drivers/STM32F1xx_HAL_Driver/Src/stm32f1xx_hal_pcd.c **** #endif /* USE_HAL_PCD_REGISTER_CALLBACKS */
1089:Drivers/STM32F1xx_HAL_Driver/Src/stm32f1xx_hal_pcd.c ****             }
1090:Drivers/STM32F1xx_HAL_Driver/Src/stm32f1xx_hal_pcd.c **** 
1091:Drivers/STM32F1xx_HAL_Driver/Src/stm32f1xx_hal_pcd.c ****             CLEAR_IN_EP_INTR(epnum, USB_OTG_DIEPINT_EPDISD);
1092:Drivers/STM32F1xx_HAL_Driver/Src/stm32f1xx_hal_pcd.c ****           }
1093:Drivers/STM32F1xx_HAL_Driver/Src/stm32f1xx_hal_pcd.c ****           if ((epint & USB_OTG_DIEPINT_TXFE) == USB_OTG_DIEPINT_TXFE)
1094:Drivers/STM32F1xx_HAL_Driver/Src/stm32f1xx_hal_pcd.c ****           {
1095:Drivers/STM32F1xx_HAL_Driver/Src/stm32f1xx_hal_pcd.c ****             (void)PCD_WriteEmptyTxFifo(hpcd, epnum);
1096:Drivers/STM32F1xx_HAL_Driver/Src/stm32f1xx_hal_pcd.c ****           }
1097:Drivers/STM32F1xx_HAL_Driver/Src/stm32f1xx_hal_pcd.c ****         }
1098:Drivers/STM32F1xx_HAL_Driver/Src/stm32f1xx_hal_pcd.c ****         epnum++;
1099:Drivers/STM32F1xx_HAL_Driver/Src/stm32f1xx_hal_pcd.c ****         ep_intr >>= 1U;
1100:Drivers/STM32F1xx_HAL_Driver/Src/stm32f1xx_hal_pcd.c ****       }
1101:Drivers/STM32F1xx_HAL_Driver/Src/stm32f1xx_hal_pcd.c ****     }
1102:Drivers/STM32F1xx_HAL_Driver/Src/stm32f1xx_hal_pcd.c **** 
1103:Drivers/STM32F1xx_HAL_Driver/Src/stm32f1xx_hal_pcd.c ****     /* Handle Resume Interrupt */
1104:Drivers/STM32F1xx_HAL_Driver/Src/stm32f1xx_hal_pcd.c ****     if (__HAL_PCD_GET_FLAG(hpcd, USB_OTG_GINTSTS_WKUINT))
1105:Drivers/STM32F1xx_HAL_Driver/Src/stm32f1xx_hal_pcd.c ****     {
1106:Drivers/STM32F1xx_HAL_Driver/Src/stm32f1xx_hal_pcd.c ****       /* Clear the Remote Wake-up Signaling */
1107:Drivers/STM32F1xx_HAL_Driver/Src/stm32f1xx_hal_pcd.c ****       USBx_DEVICE->DCTL &= ~USB_OTG_DCTL_RWUSIG;
1108:Drivers/STM32F1xx_HAL_Driver/Src/stm32f1xx_hal_pcd.c **** 
1109:Drivers/STM32F1xx_HAL_Driver/Src/stm32f1xx_hal_pcd.c **** #if (USE_HAL_PCD_REGISTER_CALLBACKS == 1U)
1110:Drivers/STM32F1xx_HAL_Driver/Src/stm32f1xx_hal_pcd.c ****       hpcd->ResumeCallback(hpcd);
1111:Drivers/STM32F1xx_HAL_Driver/Src/stm32f1xx_hal_pcd.c **** #else
1112:Drivers/STM32F1xx_HAL_Driver/Src/stm32f1xx_hal_pcd.c ****       HAL_PCD_ResumeCallback(hpcd);
1113:Drivers/STM32F1xx_HAL_Driver/Src/stm32f1xx_hal_pcd.c **** #endif /* USE_HAL_PCD_REGISTER_CALLBACKS */
1114:Drivers/STM32F1xx_HAL_Driver/Src/stm32f1xx_hal_pcd.c **** 
1115:Drivers/STM32F1xx_HAL_Driver/Src/stm32f1xx_hal_pcd.c ****       __HAL_PCD_CLEAR_FLAG(hpcd, USB_OTG_GINTSTS_WKUINT);
ARM GAS  C:\Users\jc\AppData\Local\Temp\ccPtFhbx.s 			page 21


1116:Drivers/STM32F1xx_HAL_Driver/Src/stm32f1xx_hal_pcd.c ****     }
1117:Drivers/STM32F1xx_HAL_Driver/Src/stm32f1xx_hal_pcd.c **** 
1118:Drivers/STM32F1xx_HAL_Driver/Src/stm32f1xx_hal_pcd.c ****     /* Handle Suspend Interrupt */
1119:Drivers/STM32F1xx_HAL_Driver/Src/stm32f1xx_hal_pcd.c ****     if (__HAL_PCD_GET_FLAG(hpcd, USB_OTG_GINTSTS_USBSUSP))
1120:Drivers/STM32F1xx_HAL_Driver/Src/stm32f1xx_hal_pcd.c ****     {
1121:Drivers/STM32F1xx_HAL_Driver/Src/stm32f1xx_hal_pcd.c ****       if ((USBx_DEVICE->DSTS & USB_OTG_DSTS_SUSPSTS) == USB_OTG_DSTS_SUSPSTS)
1122:Drivers/STM32F1xx_HAL_Driver/Src/stm32f1xx_hal_pcd.c ****       {
1123:Drivers/STM32F1xx_HAL_Driver/Src/stm32f1xx_hal_pcd.c **** #if (USE_HAL_PCD_REGISTER_CALLBACKS == 1U)
1124:Drivers/STM32F1xx_HAL_Driver/Src/stm32f1xx_hal_pcd.c ****         hpcd->SuspendCallback(hpcd);
1125:Drivers/STM32F1xx_HAL_Driver/Src/stm32f1xx_hal_pcd.c **** #else
1126:Drivers/STM32F1xx_HAL_Driver/Src/stm32f1xx_hal_pcd.c ****         HAL_PCD_SuspendCallback(hpcd);
1127:Drivers/STM32F1xx_HAL_Driver/Src/stm32f1xx_hal_pcd.c **** #endif /* USE_HAL_PCD_REGISTER_CALLBACKS */
1128:Drivers/STM32F1xx_HAL_Driver/Src/stm32f1xx_hal_pcd.c ****       }
1129:Drivers/STM32F1xx_HAL_Driver/Src/stm32f1xx_hal_pcd.c ****       __HAL_PCD_CLEAR_FLAG(hpcd, USB_OTG_GINTSTS_USBSUSP);
1130:Drivers/STM32F1xx_HAL_Driver/Src/stm32f1xx_hal_pcd.c ****     }
1131:Drivers/STM32F1xx_HAL_Driver/Src/stm32f1xx_hal_pcd.c ****     /* Handle Reset Interrupt */
1132:Drivers/STM32F1xx_HAL_Driver/Src/stm32f1xx_hal_pcd.c ****     if (__HAL_PCD_GET_FLAG(hpcd, USB_OTG_GINTSTS_USBRST))
1133:Drivers/STM32F1xx_HAL_Driver/Src/stm32f1xx_hal_pcd.c ****     {
1134:Drivers/STM32F1xx_HAL_Driver/Src/stm32f1xx_hal_pcd.c ****       USBx_DEVICE->DCTL &= ~USB_OTG_DCTL_RWUSIG;
1135:Drivers/STM32F1xx_HAL_Driver/Src/stm32f1xx_hal_pcd.c ****       (void)USB_FlushTxFifo(hpcd->Instance, 0x10U);
1136:Drivers/STM32F1xx_HAL_Driver/Src/stm32f1xx_hal_pcd.c **** 
1137:Drivers/STM32F1xx_HAL_Driver/Src/stm32f1xx_hal_pcd.c ****       for (i = 0U; i < hpcd->Init.dev_endpoints; i++)
1138:Drivers/STM32F1xx_HAL_Driver/Src/stm32f1xx_hal_pcd.c ****       {
1139:Drivers/STM32F1xx_HAL_Driver/Src/stm32f1xx_hal_pcd.c ****         USBx_INEP(i)->DIEPINT = 0xFB7FU;
1140:Drivers/STM32F1xx_HAL_Driver/Src/stm32f1xx_hal_pcd.c ****         USBx_INEP(i)->DIEPCTL &= ~USB_OTG_DIEPCTL_STALL;
1141:Drivers/STM32F1xx_HAL_Driver/Src/stm32f1xx_hal_pcd.c ****         USBx_OUTEP(i)->DOEPINT = 0xFB7FU;
1142:Drivers/STM32F1xx_HAL_Driver/Src/stm32f1xx_hal_pcd.c ****         USBx_OUTEP(i)->DOEPCTL &= ~USB_OTG_DOEPCTL_STALL;
1143:Drivers/STM32F1xx_HAL_Driver/Src/stm32f1xx_hal_pcd.c ****         USBx_OUTEP(i)->DOEPCTL |= USB_OTG_DOEPCTL_SNAK;
1144:Drivers/STM32F1xx_HAL_Driver/Src/stm32f1xx_hal_pcd.c ****       }
1145:Drivers/STM32F1xx_HAL_Driver/Src/stm32f1xx_hal_pcd.c ****       USBx_DEVICE->DAINTMSK |= 0x10001U;
1146:Drivers/STM32F1xx_HAL_Driver/Src/stm32f1xx_hal_pcd.c **** 
1147:Drivers/STM32F1xx_HAL_Driver/Src/stm32f1xx_hal_pcd.c ****       if (hpcd->Init.use_dedicated_ep1 != 0U)
1148:Drivers/STM32F1xx_HAL_Driver/Src/stm32f1xx_hal_pcd.c ****       {
1149:Drivers/STM32F1xx_HAL_Driver/Src/stm32f1xx_hal_pcd.c ****         USBx_DEVICE->DOUTEP1MSK |= USB_OTG_DOEPMSK_STUPM |
1150:Drivers/STM32F1xx_HAL_Driver/Src/stm32f1xx_hal_pcd.c ****                                    USB_OTG_DOEPMSK_XFRCM |
1151:Drivers/STM32F1xx_HAL_Driver/Src/stm32f1xx_hal_pcd.c ****                                    USB_OTG_DOEPMSK_EPDM;
1152:Drivers/STM32F1xx_HAL_Driver/Src/stm32f1xx_hal_pcd.c **** 
1153:Drivers/STM32F1xx_HAL_Driver/Src/stm32f1xx_hal_pcd.c ****         USBx_DEVICE->DINEP1MSK |= USB_OTG_DIEPMSK_TOM |
1154:Drivers/STM32F1xx_HAL_Driver/Src/stm32f1xx_hal_pcd.c ****                                   USB_OTG_DIEPMSK_XFRCM |
1155:Drivers/STM32F1xx_HAL_Driver/Src/stm32f1xx_hal_pcd.c ****                                   USB_OTG_DIEPMSK_EPDM;
1156:Drivers/STM32F1xx_HAL_Driver/Src/stm32f1xx_hal_pcd.c ****       }
1157:Drivers/STM32F1xx_HAL_Driver/Src/stm32f1xx_hal_pcd.c ****       else
1158:Drivers/STM32F1xx_HAL_Driver/Src/stm32f1xx_hal_pcd.c ****       {
1159:Drivers/STM32F1xx_HAL_Driver/Src/stm32f1xx_hal_pcd.c ****         USBx_DEVICE->DOEPMSK |= USB_OTG_DOEPMSK_STUPM |
1160:Drivers/STM32F1xx_HAL_Driver/Src/stm32f1xx_hal_pcd.c ****                                 USB_OTG_DOEPMSK_XFRCM |
1161:Drivers/STM32F1xx_HAL_Driver/Src/stm32f1xx_hal_pcd.c ****                                 USB_OTG_DOEPMSK_EPDM |
1162:Drivers/STM32F1xx_HAL_Driver/Src/stm32f1xx_hal_pcd.c ****                                 USB_OTG_DOEPMSK_OTEPSPRM |
1163:Drivers/STM32F1xx_HAL_Driver/Src/stm32f1xx_hal_pcd.c ****                                 USB_OTG_DOEPMSK_NAKM;
1164:Drivers/STM32F1xx_HAL_Driver/Src/stm32f1xx_hal_pcd.c **** 
1165:Drivers/STM32F1xx_HAL_Driver/Src/stm32f1xx_hal_pcd.c ****         USBx_DEVICE->DIEPMSK |= USB_OTG_DIEPMSK_TOM |
1166:Drivers/STM32F1xx_HAL_Driver/Src/stm32f1xx_hal_pcd.c ****                                 USB_OTG_DIEPMSK_XFRCM |
1167:Drivers/STM32F1xx_HAL_Driver/Src/stm32f1xx_hal_pcd.c ****                                 USB_OTG_DIEPMSK_EPDM;
1168:Drivers/STM32F1xx_HAL_Driver/Src/stm32f1xx_hal_pcd.c ****       }
1169:Drivers/STM32F1xx_HAL_Driver/Src/stm32f1xx_hal_pcd.c **** 
1170:Drivers/STM32F1xx_HAL_Driver/Src/stm32f1xx_hal_pcd.c ****       /* Set Default Address to 0 */
1171:Drivers/STM32F1xx_HAL_Driver/Src/stm32f1xx_hal_pcd.c ****       USBx_DEVICE->DCFG &= ~USB_OTG_DCFG_DAD;
1172:Drivers/STM32F1xx_HAL_Driver/Src/stm32f1xx_hal_pcd.c **** 
ARM GAS  C:\Users\jc\AppData\Local\Temp\ccPtFhbx.s 			page 22


1173:Drivers/STM32F1xx_HAL_Driver/Src/stm32f1xx_hal_pcd.c ****       /* setup EP0 to receive SETUP packets */
1174:Drivers/STM32F1xx_HAL_Driver/Src/stm32f1xx_hal_pcd.c ****       (void)USB_EP0_OutStart(hpcd->Instance, (uint8_t *)hpcd->Setup);
1175:Drivers/STM32F1xx_HAL_Driver/Src/stm32f1xx_hal_pcd.c **** 
1176:Drivers/STM32F1xx_HAL_Driver/Src/stm32f1xx_hal_pcd.c ****       __HAL_PCD_CLEAR_FLAG(hpcd, USB_OTG_GINTSTS_USBRST);
1177:Drivers/STM32F1xx_HAL_Driver/Src/stm32f1xx_hal_pcd.c ****     }
1178:Drivers/STM32F1xx_HAL_Driver/Src/stm32f1xx_hal_pcd.c **** 
1179:Drivers/STM32F1xx_HAL_Driver/Src/stm32f1xx_hal_pcd.c ****     /* Handle Enumeration done Interrupt */
1180:Drivers/STM32F1xx_HAL_Driver/Src/stm32f1xx_hal_pcd.c ****     if (__HAL_PCD_GET_FLAG(hpcd, USB_OTG_GINTSTS_ENUMDNE))
1181:Drivers/STM32F1xx_HAL_Driver/Src/stm32f1xx_hal_pcd.c ****     {
1182:Drivers/STM32F1xx_HAL_Driver/Src/stm32f1xx_hal_pcd.c ****       (void)USB_ActivateSetup(hpcd->Instance);
1183:Drivers/STM32F1xx_HAL_Driver/Src/stm32f1xx_hal_pcd.c ****       hpcd->Init.speed = USB_GetDevSpeed(hpcd->Instance);
1184:Drivers/STM32F1xx_HAL_Driver/Src/stm32f1xx_hal_pcd.c **** 
1185:Drivers/STM32F1xx_HAL_Driver/Src/stm32f1xx_hal_pcd.c ****       /* Set USB Turnaround time */
1186:Drivers/STM32F1xx_HAL_Driver/Src/stm32f1xx_hal_pcd.c ****       (void)USB_SetTurnaroundTime(hpcd->Instance,
1187:Drivers/STM32F1xx_HAL_Driver/Src/stm32f1xx_hal_pcd.c ****                                   HAL_RCC_GetHCLKFreq(),
1188:Drivers/STM32F1xx_HAL_Driver/Src/stm32f1xx_hal_pcd.c ****                                   (uint8_t)hpcd->Init.speed);
1189:Drivers/STM32F1xx_HAL_Driver/Src/stm32f1xx_hal_pcd.c **** 
1190:Drivers/STM32F1xx_HAL_Driver/Src/stm32f1xx_hal_pcd.c **** #if (USE_HAL_PCD_REGISTER_CALLBACKS == 1U)
1191:Drivers/STM32F1xx_HAL_Driver/Src/stm32f1xx_hal_pcd.c ****       hpcd->ResetCallback(hpcd);
1192:Drivers/STM32F1xx_HAL_Driver/Src/stm32f1xx_hal_pcd.c **** #else
1193:Drivers/STM32F1xx_HAL_Driver/Src/stm32f1xx_hal_pcd.c ****       HAL_PCD_ResetCallback(hpcd);
1194:Drivers/STM32F1xx_HAL_Driver/Src/stm32f1xx_hal_pcd.c **** #endif /* USE_HAL_PCD_REGISTER_CALLBACKS */
1195:Drivers/STM32F1xx_HAL_Driver/Src/stm32f1xx_hal_pcd.c **** 
1196:Drivers/STM32F1xx_HAL_Driver/Src/stm32f1xx_hal_pcd.c ****       __HAL_PCD_CLEAR_FLAG(hpcd, USB_OTG_GINTSTS_ENUMDNE);
1197:Drivers/STM32F1xx_HAL_Driver/Src/stm32f1xx_hal_pcd.c ****     }
1198:Drivers/STM32F1xx_HAL_Driver/Src/stm32f1xx_hal_pcd.c **** 
1199:Drivers/STM32F1xx_HAL_Driver/Src/stm32f1xx_hal_pcd.c ****     /* Handle SOF Interrupt */
1200:Drivers/STM32F1xx_HAL_Driver/Src/stm32f1xx_hal_pcd.c ****     if (__HAL_PCD_GET_FLAG(hpcd, USB_OTG_GINTSTS_SOF))
1201:Drivers/STM32F1xx_HAL_Driver/Src/stm32f1xx_hal_pcd.c ****     {
1202:Drivers/STM32F1xx_HAL_Driver/Src/stm32f1xx_hal_pcd.c **** #if (USE_HAL_PCD_REGISTER_CALLBACKS == 1U)
1203:Drivers/STM32F1xx_HAL_Driver/Src/stm32f1xx_hal_pcd.c ****       hpcd->SOFCallback(hpcd);
1204:Drivers/STM32F1xx_HAL_Driver/Src/stm32f1xx_hal_pcd.c **** #else
1205:Drivers/STM32F1xx_HAL_Driver/Src/stm32f1xx_hal_pcd.c ****       HAL_PCD_SOFCallback(hpcd);
1206:Drivers/STM32F1xx_HAL_Driver/Src/stm32f1xx_hal_pcd.c **** #endif /* USE_HAL_PCD_REGISTER_CALLBACKS */
1207:Drivers/STM32F1xx_HAL_Driver/Src/stm32f1xx_hal_pcd.c **** 
1208:Drivers/STM32F1xx_HAL_Driver/Src/stm32f1xx_hal_pcd.c ****       __HAL_PCD_CLEAR_FLAG(hpcd, USB_OTG_GINTSTS_SOF);
1209:Drivers/STM32F1xx_HAL_Driver/Src/stm32f1xx_hal_pcd.c ****     }
1210:Drivers/STM32F1xx_HAL_Driver/Src/stm32f1xx_hal_pcd.c **** 
1211:Drivers/STM32F1xx_HAL_Driver/Src/stm32f1xx_hal_pcd.c ****     /* Handle Global OUT NAK effective Interrupt */
1212:Drivers/STM32F1xx_HAL_Driver/Src/stm32f1xx_hal_pcd.c ****     if (__HAL_PCD_GET_FLAG(hpcd, USB_OTG_GINTSTS_BOUTNAKEFF))
1213:Drivers/STM32F1xx_HAL_Driver/Src/stm32f1xx_hal_pcd.c ****     {
1214:Drivers/STM32F1xx_HAL_Driver/Src/stm32f1xx_hal_pcd.c ****       USBx->GINTMSK &= ~USB_OTG_GINTMSK_GONAKEFFM;
1215:Drivers/STM32F1xx_HAL_Driver/Src/stm32f1xx_hal_pcd.c **** 
1216:Drivers/STM32F1xx_HAL_Driver/Src/stm32f1xx_hal_pcd.c ****       for (epnum = 1U; epnum < hpcd->Init.dev_endpoints; epnum++)
1217:Drivers/STM32F1xx_HAL_Driver/Src/stm32f1xx_hal_pcd.c ****       {
1218:Drivers/STM32F1xx_HAL_Driver/Src/stm32f1xx_hal_pcd.c ****         if (hpcd->OUT_ep[epnum].is_iso_incomplete == 1U)
1219:Drivers/STM32F1xx_HAL_Driver/Src/stm32f1xx_hal_pcd.c ****         {
1220:Drivers/STM32F1xx_HAL_Driver/Src/stm32f1xx_hal_pcd.c ****           /* Abort current transaction and disable the EP */
1221:Drivers/STM32F1xx_HAL_Driver/Src/stm32f1xx_hal_pcd.c ****           (void)HAL_PCD_EP_Abort(hpcd, (uint8_t)epnum);
1222:Drivers/STM32F1xx_HAL_Driver/Src/stm32f1xx_hal_pcd.c ****         }
1223:Drivers/STM32F1xx_HAL_Driver/Src/stm32f1xx_hal_pcd.c ****       }
1224:Drivers/STM32F1xx_HAL_Driver/Src/stm32f1xx_hal_pcd.c ****     }
1225:Drivers/STM32F1xx_HAL_Driver/Src/stm32f1xx_hal_pcd.c **** 
1226:Drivers/STM32F1xx_HAL_Driver/Src/stm32f1xx_hal_pcd.c ****     /* Handle Incomplete ISO IN Interrupt */
1227:Drivers/STM32F1xx_HAL_Driver/Src/stm32f1xx_hal_pcd.c ****     if (__HAL_PCD_GET_FLAG(hpcd, USB_OTG_GINTSTS_IISOIXFR))
1228:Drivers/STM32F1xx_HAL_Driver/Src/stm32f1xx_hal_pcd.c ****     {
1229:Drivers/STM32F1xx_HAL_Driver/Src/stm32f1xx_hal_pcd.c ****       for (epnum = 1U; epnum < hpcd->Init.dev_endpoints; epnum++)
ARM GAS  C:\Users\jc\AppData\Local\Temp\ccPtFhbx.s 			page 23


1230:Drivers/STM32F1xx_HAL_Driver/Src/stm32f1xx_hal_pcd.c ****       {
1231:Drivers/STM32F1xx_HAL_Driver/Src/stm32f1xx_hal_pcd.c ****         RegVal = USBx_INEP(epnum)->DIEPCTL;
1232:Drivers/STM32F1xx_HAL_Driver/Src/stm32f1xx_hal_pcd.c **** 
1233:Drivers/STM32F1xx_HAL_Driver/Src/stm32f1xx_hal_pcd.c ****         if ((hpcd->IN_ep[epnum].type == EP_TYPE_ISOC) &&
1234:Drivers/STM32F1xx_HAL_Driver/Src/stm32f1xx_hal_pcd.c ****             ((RegVal & USB_OTG_DIEPCTL_EPENA) == USB_OTG_DIEPCTL_EPENA))
1235:Drivers/STM32F1xx_HAL_Driver/Src/stm32f1xx_hal_pcd.c ****         {
1236:Drivers/STM32F1xx_HAL_Driver/Src/stm32f1xx_hal_pcd.c ****           hpcd->IN_ep[epnum].is_iso_incomplete = 1U;
1237:Drivers/STM32F1xx_HAL_Driver/Src/stm32f1xx_hal_pcd.c **** 
1238:Drivers/STM32F1xx_HAL_Driver/Src/stm32f1xx_hal_pcd.c ****           /* Abort current transaction and disable the EP */
1239:Drivers/STM32F1xx_HAL_Driver/Src/stm32f1xx_hal_pcd.c ****           (void)HAL_PCD_EP_Abort(hpcd, (uint8_t)(epnum | 0x80U));
1240:Drivers/STM32F1xx_HAL_Driver/Src/stm32f1xx_hal_pcd.c ****         }
1241:Drivers/STM32F1xx_HAL_Driver/Src/stm32f1xx_hal_pcd.c ****       }
1242:Drivers/STM32F1xx_HAL_Driver/Src/stm32f1xx_hal_pcd.c **** 
1243:Drivers/STM32F1xx_HAL_Driver/Src/stm32f1xx_hal_pcd.c ****       __HAL_PCD_CLEAR_FLAG(hpcd, USB_OTG_GINTSTS_IISOIXFR);
1244:Drivers/STM32F1xx_HAL_Driver/Src/stm32f1xx_hal_pcd.c ****     }
1245:Drivers/STM32F1xx_HAL_Driver/Src/stm32f1xx_hal_pcd.c **** 
1246:Drivers/STM32F1xx_HAL_Driver/Src/stm32f1xx_hal_pcd.c ****     /* Handle Incomplete ISO OUT Interrupt */
1247:Drivers/STM32F1xx_HAL_Driver/Src/stm32f1xx_hal_pcd.c ****     if (__HAL_PCD_GET_FLAG(hpcd, USB_OTG_GINTSTS_PXFR_INCOMPISOOUT))
1248:Drivers/STM32F1xx_HAL_Driver/Src/stm32f1xx_hal_pcd.c ****     {
1249:Drivers/STM32F1xx_HAL_Driver/Src/stm32f1xx_hal_pcd.c ****       for (epnum = 1U; epnum < hpcd->Init.dev_endpoints; epnum++)
1250:Drivers/STM32F1xx_HAL_Driver/Src/stm32f1xx_hal_pcd.c ****       {
1251:Drivers/STM32F1xx_HAL_Driver/Src/stm32f1xx_hal_pcd.c ****         RegVal = USBx_OUTEP(epnum)->DOEPCTL;
1252:Drivers/STM32F1xx_HAL_Driver/Src/stm32f1xx_hal_pcd.c **** 
1253:Drivers/STM32F1xx_HAL_Driver/Src/stm32f1xx_hal_pcd.c ****         if ((hpcd->OUT_ep[epnum].type == EP_TYPE_ISOC) &&
1254:Drivers/STM32F1xx_HAL_Driver/Src/stm32f1xx_hal_pcd.c ****             ((RegVal & USB_OTG_DOEPCTL_EPENA) == USB_OTG_DOEPCTL_EPENA) &&
1255:Drivers/STM32F1xx_HAL_Driver/Src/stm32f1xx_hal_pcd.c ****             ((RegVal & (0x1U << 16)) == (hpcd->FrameNumber & 0x1U)))
1256:Drivers/STM32F1xx_HAL_Driver/Src/stm32f1xx_hal_pcd.c ****         {
1257:Drivers/STM32F1xx_HAL_Driver/Src/stm32f1xx_hal_pcd.c ****           hpcd->OUT_ep[epnum].is_iso_incomplete = 1U;
1258:Drivers/STM32F1xx_HAL_Driver/Src/stm32f1xx_hal_pcd.c **** 
1259:Drivers/STM32F1xx_HAL_Driver/Src/stm32f1xx_hal_pcd.c ****           USBx->GINTMSK |= USB_OTG_GINTMSK_GONAKEFFM;
1260:Drivers/STM32F1xx_HAL_Driver/Src/stm32f1xx_hal_pcd.c **** 
1261:Drivers/STM32F1xx_HAL_Driver/Src/stm32f1xx_hal_pcd.c ****           if ((USBx->GINTSTS & USB_OTG_GINTSTS_BOUTNAKEFF) == 0U)
1262:Drivers/STM32F1xx_HAL_Driver/Src/stm32f1xx_hal_pcd.c ****           {
1263:Drivers/STM32F1xx_HAL_Driver/Src/stm32f1xx_hal_pcd.c ****             USBx_DEVICE->DCTL |= USB_OTG_DCTL_SGONAK;
1264:Drivers/STM32F1xx_HAL_Driver/Src/stm32f1xx_hal_pcd.c ****             break;
1265:Drivers/STM32F1xx_HAL_Driver/Src/stm32f1xx_hal_pcd.c ****           }
1266:Drivers/STM32F1xx_HAL_Driver/Src/stm32f1xx_hal_pcd.c ****         }
1267:Drivers/STM32F1xx_HAL_Driver/Src/stm32f1xx_hal_pcd.c ****       }
1268:Drivers/STM32F1xx_HAL_Driver/Src/stm32f1xx_hal_pcd.c **** 
1269:Drivers/STM32F1xx_HAL_Driver/Src/stm32f1xx_hal_pcd.c ****       __HAL_PCD_CLEAR_FLAG(hpcd, USB_OTG_GINTSTS_PXFR_INCOMPISOOUT);
1270:Drivers/STM32F1xx_HAL_Driver/Src/stm32f1xx_hal_pcd.c ****     }
1271:Drivers/STM32F1xx_HAL_Driver/Src/stm32f1xx_hal_pcd.c **** 
1272:Drivers/STM32F1xx_HAL_Driver/Src/stm32f1xx_hal_pcd.c ****     /* Handle Connection event Interrupt */
1273:Drivers/STM32F1xx_HAL_Driver/Src/stm32f1xx_hal_pcd.c ****     if (__HAL_PCD_GET_FLAG(hpcd, USB_OTG_GINTSTS_SRQINT))
1274:Drivers/STM32F1xx_HAL_Driver/Src/stm32f1xx_hal_pcd.c ****     {
1275:Drivers/STM32F1xx_HAL_Driver/Src/stm32f1xx_hal_pcd.c **** #if (USE_HAL_PCD_REGISTER_CALLBACKS == 1U)
1276:Drivers/STM32F1xx_HAL_Driver/Src/stm32f1xx_hal_pcd.c ****       hpcd->ConnectCallback(hpcd);
1277:Drivers/STM32F1xx_HAL_Driver/Src/stm32f1xx_hal_pcd.c **** #else
1278:Drivers/STM32F1xx_HAL_Driver/Src/stm32f1xx_hal_pcd.c ****       HAL_PCD_ConnectCallback(hpcd);
1279:Drivers/STM32F1xx_HAL_Driver/Src/stm32f1xx_hal_pcd.c **** #endif /* USE_HAL_PCD_REGISTER_CALLBACKS */
1280:Drivers/STM32F1xx_HAL_Driver/Src/stm32f1xx_hal_pcd.c **** 
1281:Drivers/STM32F1xx_HAL_Driver/Src/stm32f1xx_hal_pcd.c ****       __HAL_PCD_CLEAR_FLAG(hpcd, USB_OTG_GINTSTS_SRQINT);
1282:Drivers/STM32F1xx_HAL_Driver/Src/stm32f1xx_hal_pcd.c ****     }
1283:Drivers/STM32F1xx_HAL_Driver/Src/stm32f1xx_hal_pcd.c **** 
1284:Drivers/STM32F1xx_HAL_Driver/Src/stm32f1xx_hal_pcd.c ****     /* Handle Disconnection event Interrupt */
1285:Drivers/STM32F1xx_HAL_Driver/Src/stm32f1xx_hal_pcd.c ****     if (__HAL_PCD_GET_FLAG(hpcd, USB_OTG_GINTSTS_OTGINT))
1286:Drivers/STM32F1xx_HAL_Driver/Src/stm32f1xx_hal_pcd.c ****     {
ARM GAS  C:\Users\jc\AppData\Local\Temp\ccPtFhbx.s 			page 24


1287:Drivers/STM32F1xx_HAL_Driver/Src/stm32f1xx_hal_pcd.c ****       RegVal = hpcd->Instance->GOTGINT;
1288:Drivers/STM32F1xx_HAL_Driver/Src/stm32f1xx_hal_pcd.c **** 
1289:Drivers/STM32F1xx_HAL_Driver/Src/stm32f1xx_hal_pcd.c ****       if ((RegVal & USB_OTG_GOTGINT_SEDET) == USB_OTG_GOTGINT_SEDET)
1290:Drivers/STM32F1xx_HAL_Driver/Src/stm32f1xx_hal_pcd.c ****       {
1291:Drivers/STM32F1xx_HAL_Driver/Src/stm32f1xx_hal_pcd.c **** #if (USE_HAL_PCD_REGISTER_CALLBACKS == 1U)
1292:Drivers/STM32F1xx_HAL_Driver/Src/stm32f1xx_hal_pcd.c ****         hpcd->DisconnectCallback(hpcd);
1293:Drivers/STM32F1xx_HAL_Driver/Src/stm32f1xx_hal_pcd.c **** #else
1294:Drivers/STM32F1xx_HAL_Driver/Src/stm32f1xx_hal_pcd.c ****         HAL_PCD_DisconnectCallback(hpcd);
1295:Drivers/STM32F1xx_HAL_Driver/Src/stm32f1xx_hal_pcd.c **** #endif /* USE_HAL_PCD_REGISTER_CALLBACKS */
1296:Drivers/STM32F1xx_HAL_Driver/Src/stm32f1xx_hal_pcd.c ****       }
1297:Drivers/STM32F1xx_HAL_Driver/Src/stm32f1xx_hal_pcd.c ****       hpcd->Instance->GOTGINT |= RegVal;
1298:Drivers/STM32F1xx_HAL_Driver/Src/stm32f1xx_hal_pcd.c ****     }
1299:Drivers/STM32F1xx_HAL_Driver/Src/stm32f1xx_hal_pcd.c ****   }
1300:Drivers/STM32F1xx_HAL_Driver/Src/stm32f1xx_hal_pcd.c **** }
1301:Drivers/STM32F1xx_HAL_Driver/Src/stm32f1xx_hal_pcd.c **** 
1302:Drivers/STM32F1xx_HAL_Driver/Src/stm32f1xx_hal_pcd.c **** 
1303:Drivers/STM32F1xx_HAL_Driver/Src/stm32f1xx_hal_pcd.c **** /**
1304:Drivers/STM32F1xx_HAL_Driver/Src/stm32f1xx_hal_pcd.c ****   * @brief  Handles PCD Wakeup interrupt request.
1305:Drivers/STM32F1xx_HAL_Driver/Src/stm32f1xx_hal_pcd.c ****   * @param  hpcd PCD handle
1306:Drivers/STM32F1xx_HAL_Driver/Src/stm32f1xx_hal_pcd.c ****   * @retval HAL status
1307:Drivers/STM32F1xx_HAL_Driver/Src/stm32f1xx_hal_pcd.c ****   */
1308:Drivers/STM32F1xx_HAL_Driver/Src/stm32f1xx_hal_pcd.c **** void HAL_PCD_WKUP_IRQHandler(PCD_HandleTypeDef *hpcd)
1309:Drivers/STM32F1xx_HAL_Driver/Src/stm32f1xx_hal_pcd.c **** {
1310:Drivers/STM32F1xx_HAL_Driver/Src/stm32f1xx_hal_pcd.c ****   /* Clear EXTI pending Bit */
1311:Drivers/STM32F1xx_HAL_Driver/Src/stm32f1xx_hal_pcd.c ****   __HAL_USB_OTG_FS_WAKEUP_EXTI_CLEAR_FLAG();
1312:Drivers/STM32F1xx_HAL_Driver/Src/stm32f1xx_hal_pcd.c **** }
1313:Drivers/STM32F1xx_HAL_Driver/Src/stm32f1xx_hal_pcd.c **** #endif /* defined (USB_OTG_FS) */
1314:Drivers/STM32F1xx_HAL_Driver/Src/stm32f1xx_hal_pcd.c **** 
1315:Drivers/STM32F1xx_HAL_Driver/Src/stm32f1xx_hal_pcd.c **** #if defined (USB)
1316:Drivers/STM32F1xx_HAL_Driver/Src/stm32f1xx_hal_pcd.c **** /**
1317:Drivers/STM32F1xx_HAL_Driver/Src/stm32f1xx_hal_pcd.c ****   * @brief  This function handles PCD interrupt request.
1318:Drivers/STM32F1xx_HAL_Driver/Src/stm32f1xx_hal_pcd.c ****   * @param  hpcd PCD handle
1319:Drivers/STM32F1xx_HAL_Driver/Src/stm32f1xx_hal_pcd.c ****   * @retval HAL status
1320:Drivers/STM32F1xx_HAL_Driver/Src/stm32f1xx_hal_pcd.c ****   */
1321:Drivers/STM32F1xx_HAL_Driver/Src/stm32f1xx_hal_pcd.c **** void HAL_PCD_IRQHandler(PCD_HandleTypeDef *hpcd)
1322:Drivers/STM32F1xx_HAL_Driver/Src/stm32f1xx_hal_pcd.c **** {
1323:Drivers/STM32F1xx_HAL_Driver/Src/stm32f1xx_hal_pcd.c ****   uint32_t wIstr = USB_ReadInterrupts(hpcd->Instance);
1324:Drivers/STM32F1xx_HAL_Driver/Src/stm32f1xx_hal_pcd.c ****   uint16_t store_ep[8];
1325:Drivers/STM32F1xx_HAL_Driver/Src/stm32f1xx_hal_pcd.c ****   uint8_t i;
1326:Drivers/STM32F1xx_HAL_Driver/Src/stm32f1xx_hal_pcd.c **** 
1327:Drivers/STM32F1xx_HAL_Driver/Src/stm32f1xx_hal_pcd.c ****   if ((wIstr & USB_ISTR_CTR) == USB_ISTR_CTR)
1328:Drivers/STM32F1xx_HAL_Driver/Src/stm32f1xx_hal_pcd.c ****   {
1329:Drivers/STM32F1xx_HAL_Driver/Src/stm32f1xx_hal_pcd.c ****     /* servicing of the endpoint correct transfer interrupt */
1330:Drivers/STM32F1xx_HAL_Driver/Src/stm32f1xx_hal_pcd.c ****     /* clear of the CTR flag into the sub */
1331:Drivers/STM32F1xx_HAL_Driver/Src/stm32f1xx_hal_pcd.c ****     (void)PCD_EP_ISR_Handler(hpcd);
1332:Drivers/STM32F1xx_HAL_Driver/Src/stm32f1xx_hal_pcd.c **** 
1333:Drivers/STM32F1xx_HAL_Driver/Src/stm32f1xx_hal_pcd.c ****     return;
1334:Drivers/STM32F1xx_HAL_Driver/Src/stm32f1xx_hal_pcd.c ****   }
1335:Drivers/STM32F1xx_HAL_Driver/Src/stm32f1xx_hal_pcd.c **** 
1336:Drivers/STM32F1xx_HAL_Driver/Src/stm32f1xx_hal_pcd.c ****   if ((wIstr & USB_ISTR_RESET) == USB_ISTR_RESET)
1337:Drivers/STM32F1xx_HAL_Driver/Src/stm32f1xx_hal_pcd.c ****   {
1338:Drivers/STM32F1xx_HAL_Driver/Src/stm32f1xx_hal_pcd.c ****     __HAL_PCD_CLEAR_FLAG(hpcd, USB_ISTR_RESET);
1339:Drivers/STM32F1xx_HAL_Driver/Src/stm32f1xx_hal_pcd.c **** 
1340:Drivers/STM32F1xx_HAL_Driver/Src/stm32f1xx_hal_pcd.c **** #if (USE_HAL_PCD_REGISTER_CALLBACKS == 1U)
1341:Drivers/STM32F1xx_HAL_Driver/Src/stm32f1xx_hal_pcd.c ****     hpcd->ResetCallback(hpcd);
1342:Drivers/STM32F1xx_HAL_Driver/Src/stm32f1xx_hal_pcd.c **** #else
1343:Drivers/STM32F1xx_HAL_Driver/Src/stm32f1xx_hal_pcd.c ****     HAL_PCD_ResetCallback(hpcd);
ARM GAS  C:\Users\jc\AppData\Local\Temp\ccPtFhbx.s 			page 25


1344:Drivers/STM32F1xx_HAL_Driver/Src/stm32f1xx_hal_pcd.c **** #endif /* USE_HAL_PCD_REGISTER_CALLBACKS */
1345:Drivers/STM32F1xx_HAL_Driver/Src/stm32f1xx_hal_pcd.c **** 
1346:Drivers/STM32F1xx_HAL_Driver/Src/stm32f1xx_hal_pcd.c ****     (void)HAL_PCD_SetAddress(hpcd, 0U);
1347:Drivers/STM32F1xx_HAL_Driver/Src/stm32f1xx_hal_pcd.c **** 
1348:Drivers/STM32F1xx_HAL_Driver/Src/stm32f1xx_hal_pcd.c ****     return;
1349:Drivers/STM32F1xx_HAL_Driver/Src/stm32f1xx_hal_pcd.c ****   }
1350:Drivers/STM32F1xx_HAL_Driver/Src/stm32f1xx_hal_pcd.c **** 
1351:Drivers/STM32F1xx_HAL_Driver/Src/stm32f1xx_hal_pcd.c ****   if ((wIstr & USB_ISTR_PMAOVR) == USB_ISTR_PMAOVR)
1352:Drivers/STM32F1xx_HAL_Driver/Src/stm32f1xx_hal_pcd.c ****   {
1353:Drivers/STM32F1xx_HAL_Driver/Src/stm32f1xx_hal_pcd.c ****     __HAL_PCD_CLEAR_FLAG(hpcd, USB_ISTR_PMAOVR);
1354:Drivers/STM32F1xx_HAL_Driver/Src/stm32f1xx_hal_pcd.c **** 
1355:Drivers/STM32F1xx_HAL_Driver/Src/stm32f1xx_hal_pcd.c ****     return;
1356:Drivers/STM32F1xx_HAL_Driver/Src/stm32f1xx_hal_pcd.c ****   }
1357:Drivers/STM32F1xx_HAL_Driver/Src/stm32f1xx_hal_pcd.c **** 
1358:Drivers/STM32F1xx_HAL_Driver/Src/stm32f1xx_hal_pcd.c ****   if ((wIstr & USB_ISTR_ERR) == USB_ISTR_ERR)
1359:Drivers/STM32F1xx_HAL_Driver/Src/stm32f1xx_hal_pcd.c ****   {
1360:Drivers/STM32F1xx_HAL_Driver/Src/stm32f1xx_hal_pcd.c ****     __HAL_PCD_CLEAR_FLAG(hpcd, USB_ISTR_ERR);
1361:Drivers/STM32F1xx_HAL_Driver/Src/stm32f1xx_hal_pcd.c **** 
1362:Drivers/STM32F1xx_HAL_Driver/Src/stm32f1xx_hal_pcd.c ****     return;
1363:Drivers/STM32F1xx_HAL_Driver/Src/stm32f1xx_hal_pcd.c ****   }
1364:Drivers/STM32F1xx_HAL_Driver/Src/stm32f1xx_hal_pcd.c **** 
1365:Drivers/STM32F1xx_HAL_Driver/Src/stm32f1xx_hal_pcd.c ****   if ((wIstr & USB_ISTR_WKUP) == USB_ISTR_WKUP)
1366:Drivers/STM32F1xx_HAL_Driver/Src/stm32f1xx_hal_pcd.c ****   {
1367:Drivers/STM32F1xx_HAL_Driver/Src/stm32f1xx_hal_pcd.c ****     hpcd->Instance->CNTR &= (uint16_t) ~(USB_CNTR_LP_MODE);
1368:Drivers/STM32F1xx_HAL_Driver/Src/stm32f1xx_hal_pcd.c ****     hpcd->Instance->CNTR &= (uint16_t) ~(USB_CNTR_FSUSP);
1369:Drivers/STM32F1xx_HAL_Driver/Src/stm32f1xx_hal_pcd.c **** 
1370:Drivers/STM32F1xx_HAL_Driver/Src/stm32f1xx_hal_pcd.c **** #if (USE_HAL_PCD_REGISTER_CALLBACKS == 1U)
1371:Drivers/STM32F1xx_HAL_Driver/Src/stm32f1xx_hal_pcd.c ****     hpcd->ResumeCallback(hpcd);
1372:Drivers/STM32F1xx_HAL_Driver/Src/stm32f1xx_hal_pcd.c **** #else
1373:Drivers/STM32F1xx_HAL_Driver/Src/stm32f1xx_hal_pcd.c ****     HAL_PCD_ResumeCallback(hpcd);
1374:Drivers/STM32F1xx_HAL_Driver/Src/stm32f1xx_hal_pcd.c **** #endif /* USE_HAL_PCD_REGISTER_CALLBACKS */
1375:Drivers/STM32F1xx_HAL_Driver/Src/stm32f1xx_hal_pcd.c **** 
1376:Drivers/STM32F1xx_HAL_Driver/Src/stm32f1xx_hal_pcd.c ****     __HAL_PCD_CLEAR_FLAG(hpcd, USB_ISTR_WKUP);
1377:Drivers/STM32F1xx_HAL_Driver/Src/stm32f1xx_hal_pcd.c **** 
1378:Drivers/STM32F1xx_HAL_Driver/Src/stm32f1xx_hal_pcd.c ****     return;
1379:Drivers/STM32F1xx_HAL_Driver/Src/stm32f1xx_hal_pcd.c ****   }
1380:Drivers/STM32F1xx_HAL_Driver/Src/stm32f1xx_hal_pcd.c **** 
1381:Drivers/STM32F1xx_HAL_Driver/Src/stm32f1xx_hal_pcd.c ****   if ((wIstr & USB_ISTR_SUSP) == USB_ISTR_SUSP)
1382:Drivers/STM32F1xx_HAL_Driver/Src/stm32f1xx_hal_pcd.c ****   {
1383:Drivers/STM32F1xx_HAL_Driver/Src/stm32f1xx_hal_pcd.c ****     /* WA: To Clear Wakeup flag if raised with suspend signal */
1384:Drivers/STM32F1xx_HAL_Driver/Src/stm32f1xx_hal_pcd.c **** 
1385:Drivers/STM32F1xx_HAL_Driver/Src/stm32f1xx_hal_pcd.c ****     /* Store Endpoint registers */
1386:Drivers/STM32F1xx_HAL_Driver/Src/stm32f1xx_hal_pcd.c ****     for (i = 0U; i < 8U; i++)
1387:Drivers/STM32F1xx_HAL_Driver/Src/stm32f1xx_hal_pcd.c ****     {
1388:Drivers/STM32F1xx_HAL_Driver/Src/stm32f1xx_hal_pcd.c ****       store_ep[i] = PCD_GET_ENDPOINT(hpcd->Instance, i);
1389:Drivers/STM32F1xx_HAL_Driver/Src/stm32f1xx_hal_pcd.c ****     }
1390:Drivers/STM32F1xx_HAL_Driver/Src/stm32f1xx_hal_pcd.c **** 
1391:Drivers/STM32F1xx_HAL_Driver/Src/stm32f1xx_hal_pcd.c ****     /* FORCE RESET */
1392:Drivers/STM32F1xx_HAL_Driver/Src/stm32f1xx_hal_pcd.c ****     hpcd->Instance->CNTR |= (uint16_t)(USB_CNTR_FRES);
1393:Drivers/STM32F1xx_HAL_Driver/Src/stm32f1xx_hal_pcd.c **** 
1394:Drivers/STM32F1xx_HAL_Driver/Src/stm32f1xx_hal_pcd.c ****     /* CLEAR RESET */
1395:Drivers/STM32F1xx_HAL_Driver/Src/stm32f1xx_hal_pcd.c ****     hpcd->Instance->CNTR &= (uint16_t)(~USB_CNTR_FRES);
1396:Drivers/STM32F1xx_HAL_Driver/Src/stm32f1xx_hal_pcd.c **** 
1397:Drivers/STM32F1xx_HAL_Driver/Src/stm32f1xx_hal_pcd.c ****     /* wait for reset flag in ISTR */
1398:Drivers/STM32F1xx_HAL_Driver/Src/stm32f1xx_hal_pcd.c ****     while ((hpcd->Instance->ISTR & USB_ISTR_RESET) == 0U)
1399:Drivers/STM32F1xx_HAL_Driver/Src/stm32f1xx_hal_pcd.c ****     {
1400:Drivers/STM32F1xx_HAL_Driver/Src/stm32f1xx_hal_pcd.c ****     }
ARM GAS  C:\Users\jc\AppData\Local\Temp\ccPtFhbx.s 			page 26


1401:Drivers/STM32F1xx_HAL_Driver/Src/stm32f1xx_hal_pcd.c **** 
1402:Drivers/STM32F1xx_HAL_Driver/Src/stm32f1xx_hal_pcd.c ****     /* Clear Reset Flag */
1403:Drivers/STM32F1xx_HAL_Driver/Src/stm32f1xx_hal_pcd.c ****     __HAL_PCD_CLEAR_FLAG(hpcd, USB_ISTR_RESET);
1404:Drivers/STM32F1xx_HAL_Driver/Src/stm32f1xx_hal_pcd.c **** 
1405:Drivers/STM32F1xx_HAL_Driver/Src/stm32f1xx_hal_pcd.c ****     /* Restore Registre */
1406:Drivers/STM32F1xx_HAL_Driver/Src/stm32f1xx_hal_pcd.c ****     for (i = 0U; i < 8U; i++)
1407:Drivers/STM32F1xx_HAL_Driver/Src/stm32f1xx_hal_pcd.c ****     {
1408:Drivers/STM32F1xx_HAL_Driver/Src/stm32f1xx_hal_pcd.c ****       PCD_SET_ENDPOINT(hpcd->Instance, i, store_ep[i]);
1409:Drivers/STM32F1xx_HAL_Driver/Src/stm32f1xx_hal_pcd.c ****     }
1410:Drivers/STM32F1xx_HAL_Driver/Src/stm32f1xx_hal_pcd.c **** 
1411:Drivers/STM32F1xx_HAL_Driver/Src/stm32f1xx_hal_pcd.c ****     /* Force low-power mode in the macrocell */
1412:Drivers/STM32F1xx_HAL_Driver/Src/stm32f1xx_hal_pcd.c ****     hpcd->Instance->CNTR |= (uint16_t)USB_CNTR_FSUSP;
1413:Drivers/STM32F1xx_HAL_Driver/Src/stm32f1xx_hal_pcd.c **** 
1414:Drivers/STM32F1xx_HAL_Driver/Src/stm32f1xx_hal_pcd.c ****     /* clear of the ISTR bit must be done after setting of CNTR_FSUSP */
1415:Drivers/STM32F1xx_HAL_Driver/Src/stm32f1xx_hal_pcd.c ****     __HAL_PCD_CLEAR_FLAG(hpcd, USB_ISTR_SUSP);
1416:Drivers/STM32F1xx_HAL_Driver/Src/stm32f1xx_hal_pcd.c **** 
1417:Drivers/STM32F1xx_HAL_Driver/Src/stm32f1xx_hal_pcd.c ****     hpcd->Instance->CNTR |= (uint16_t)USB_CNTR_LP_MODE;
1418:Drivers/STM32F1xx_HAL_Driver/Src/stm32f1xx_hal_pcd.c **** 
1419:Drivers/STM32F1xx_HAL_Driver/Src/stm32f1xx_hal_pcd.c **** #if (USE_HAL_PCD_REGISTER_CALLBACKS == 1U)
1420:Drivers/STM32F1xx_HAL_Driver/Src/stm32f1xx_hal_pcd.c ****     hpcd->SuspendCallback(hpcd);
1421:Drivers/STM32F1xx_HAL_Driver/Src/stm32f1xx_hal_pcd.c **** #else
1422:Drivers/STM32F1xx_HAL_Driver/Src/stm32f1xx_hal_pcd.c ****     HAL_PCD_SuspendCallback(hpcd);
1423:Drivers/STM32F1xx_HAL_Driver/Src/stm32f1xx_hal_pcd.c **** #endif /* USE_HAL_PCD_REGISTER_CALLBACKS */
1424:Drivers/STM32F1xx_HAL_Driver/Src/stm32f1xx_hal_pcd.c **** 
1425:Drivers/STM32F1xx_HAL_Driver/Src/stm32f1xx_hal_pcd.c ****     return;
1426:Drivers/STM32F1xx_HAL_Driver/Src/stm32f1xx_hal_pcd.c ****   }
1427:Drivers/STM32F1xx_HAL_Driver/Src/stm32f1xx_hal_pcd.c **** 
1428:Drivers/STM32F1xx_HAL_Driver/Src/stm32f1xx_hal_pcd.c ****   if ((wIstr & USB_ISTR_SOF) == USB_ISTR_SOF)
1429:Drivers/STM32F1xx_HAL_Driver/Src/stm32f1xx_hal_pcd.c ****   {
1430:Drivers/STM32F1xx_HAL_Driver/Src/stm32f1xx_hal_pcd.c ****     __HAL_PCD_CLEAR_FLAG(hpcd, USB_ISTR_SOF);
1431:Drivers/STM32F1xx_HAL_Driver/Src/stm32f1xx_hal_pcd.c **** 
1432:Drivers/STM32F1xx_HAL_Driver/Src/stm32f1xx_hal_pcd.c **** #if (USE_HAL_PCD_REGISTER_CALLBACKS == 1U)
1433:Drivers/STM32F1xx_HAL_Driver/Src/stm32f1xx_hal_pcd.c ****     hpcd->SOFCallback(hpcd);
1434:Drivers/STM32F1xx_HAL_Driver/Src/stm32f1xx_hal_pcd.c **** #else
1435:Drivers/STM32F1xx_HAL_Driver/Src/stm32f1xx_hal_pcd.c ****     HAL_PCD_SOFCallback(hpcd);
1436:Drivers/STM32F1xx_HAL_Driver/Src/stm32f1xx_hal_pcd.c **** #endif /* USE_HAL_PCD_REGISTER_CALLBACKS */
1437:Drivers/STM32F1xx_HAL_Driver/Src/stm32f1xx_hal_pcd.c **** 
1438:Drivers/STM32F1xx_HAL_Driver/Src/stm32f1xx_hal_pcd.c ****     return;
1439:Drivers/STM32F1xx_HAL_Driver/Src/stm32f1xx_hal_pcd.c ****   }
1440:Drivers/STM32F1xx_HAL_Driver/Src/stm32f1xx_hal_pcd.c **** 
1441:Drivers/STM32F1xx_HAL_Driver/Src/stm32f1xx_hal_pcd.c ****   if ((wIstr & USB_ISTR_ESOF) == USB_ISTR_ESOF)
1442:Drivers/STM32F1xx_HAL_Driver/Src/stm32f1xx_hal_pcd.c ****   {
1443:Drivers/STM32F1xx_HAL_Driver/Src/stm32f1xx_hal_pcd.c ****     /* clear ESOF flag in ISTR */
1444:Drivers/STM32F1xx_HAL_Driver/Src/stm32f1xx_hal_pcd.c ****     __HAL_PCD_CLEAR_FLAG(hpcd, USB_ISTR_ESOF);
1445:Drivers/STM32F1xx_HAL_Driver/Src/stm32f1xx_hal_pcd.c **** 
1446:Drivers/STM32F1xx_HAL_Driver/Src/stm32f1xx_hal_pcd.c ****     return;
1447:Drivers/STM32F1xx_HAL_Driver/Src/stm32f1xx_hal_pcd.c ****   }
1448:Drivers/STM32F1xx_HAL_Driver/Src/stm32f1xx_hal_pcd.c **** }
1449:Drivers/STM32F1xx_HAL_Driver/Src/stm32f1xx_hal_pcd.c **** 
1450:Drivers/STM32F1xx_HAL_Driver/Src/stm32f1xx_hal_pcd.c **** 
1451:Drivers/STM32F1xx_HAL_Driver/Src/stm32f1xx_hal_pcd.c **** /**
1452:Drivers/STM32F1xx_HAL_Driver/Src/stm32f1xx_hal_pcd.c ****   * @brief  Handles PCD Wakeup interrupt request.
1453:Drivers/STM32F1xx_HAL_Driver/Src/stm32f1xx_hal_pcd.c ****   * @param  hpcd PCD handle
1454:Drivers/STM32F1xx_HAL_Driver/Src/stm32f1xx_hal_pcd.c ****   * @retval HAL status
1455:Drivers/STM32F1xx_HAL_Driver/Src/stm32f1xx_hal_pcd.c ****   */
1456:Drivers/STM32F1xx_HAL_Driver/Src/stm32f1xx_hal_pcd.c **** void HAL_PCD_WKUP_IRQHandler(PCD_HandleTypeDef *hpcd)
1457:Drivers/STM32F1xx_HAL_Driver/Src/stm32f1xx_hal_pcd.c **** {
ARM GAS  C:\Users\jc\AppData\Local\Temp\ccPtFhbx.s 			page 27


1458:Drivers/STM32F1xx_HAL_Driver/Src/stm32f1xx_hal_pcd.c ****   /* Clear EXTI pending Bit */
1459:Drivers/STM32F1xx_HAL_Driver/Src/stm32f1xx_hal_pcd.c ****   __HAL_USB_WAKEUP_EXTI_CLEAR_FLAG();
1460:Drivers/STM32F1xx_HAL_Driver/Src/stm32f1xx_hal_pcd.c **** }
1461:Drivers/STM32F1xx_HAL_Driver/Src/stm32f1xx_hal_pcd.c **** #endif /* defined (USB) */
1462:Drivers/STM32F1xx_HAL_Driver/Src/stm32f1xx_hal_pcd.c **** 
1463:Drivers/STM32F1xx_HAL_Driver/Src/stm32f1xx_hal_pcd.c **** /**
1464:Drivers/STM32F1xx_HAL_Driver/Src/stm32f1xx_hal_pcd.c ****   * @brief  Data OUT stage callback.
1465:Drivers/STM32F1xx_HAL_Driver/Src/stm32f1xx_hal_pcd.c ****   * @param  hpcd PCD handle
1466:Drivers/STM32F1xx_HAL_Driver/Src/stm32f1xx_hal_pcd.c ****   * @param  epnum endpoint number
1467:Drivers/STM32F1xx_HAL_Driver/Src/stm32f1xx_hal_pcd.c ****   * @retval None
1468:Drivers/STM32F1xx_HAL_Driver/Src/stm32f1xx_hal_pcd.c ****   */
1469:Drivers/STM32F1xx_HAL_Driver/Src/stm32f1xx_hal_pcd.c **** __weak void HAL_PCD_DataOutStageCallback(PCD_HandleTypeDef *hpcd, uint8_t epnum)
1470:Drivers/STM32F1xx_HAL_Driver/Src/stm32f1xx_hal_pcd.c **** {
1471:Drivers/STM32F1xx_HAL_Driver/Src/stm32f1xx_hal_pcd.c ****   /* Prevent unused argument(s) compilation warning */
1472:Drivers/STM32F1xx_HAL_Driver/Src/stm32f1xx_hal_pcd.c ****   UNUSED(hpcd);
1473:Drivers/STM32F1xx_HAL_Driver/Src/stm32f1xx_hal_pcd.c ****   UNUSED(epnum);
1474:Drivers/STM32F1xx_HAL_Driver/Src/stm32f1xx_hal_pcd.c **** 
1475:Drivers/STM32F1xx_HAL_Driver/Src/stm32f1xx_hal_pcd.c ****   /* NOTE : This function should not be modified, when the callback is needed,
1476:Drivers/STM32F1xx_HAL_Driver/Src/stm32f1xx_hal_pcd.c ****             the HAL_PCD_DataOutStageCallback could be implemented in the user file
1477:Drivers/STM32F1xx_HAL_Driver/Src/stm32f1xx_hal_pcd.c ****    */
1478:Drivers/STM32F1xx_HAL_Driver/Src/stm32f1xx_hal_pcd.c **** }
1479:Drivers/STM32F1xx_HAL_Driver/Src/stm32f1xx_hal_pcd.c **** 
1480:Drivers/STM32F1xx_HAL_Driver/Src/stm32f1xx_hal_pcd.c **** /**
1481:Drivers/STM32F1xx_HAL_Driver/Src/stm32f1xx_hal_pcd.c ****   * @brief  Data IN stage callback
1482:Drivers/STM32F1xx_HAL_Driver/Src/stm32f1xx_hal_pcd.c ****   * @param  hpcd PCD handle
1483:Drivers/STM32F1xx_HAL_Driver/Src/stm32f1xx_hal_pcd.c ****   * @param  epnum endpoint number
1484:Drivers/STM32F1xx_HAL_Driver/Src/stm32f1xx_hal_pcd.c ****   * @retval None
1485:Drivers/STM32F1xx_HAL_Driver/Src/stm32f1xx_hal_pcd.c ****   */
1486:Drivers/STM32F1xx_HAL_Driver/Src/stm32f1xx_hal_pcd.c **** __weak void HAL_PCD_DataInStageCallback(PCD_HandleTypeDef *hpcd, uint8_t epnum)
1487:Drivers/STM32F1xx_HAL_Driver/Src/stm32f1xx_hal_pcd.c **** {
1488:Drivers/STM32F1xx_HAL_Driver/Src/stm32f1xx_hal_pcd.c ****   /* Prevent unused argument(s) compilation warning */
1489:Drivers/STM32F1xx_HAL_Driver/Src/stm32f1xx_hal_pcd.c ****   UNUSED(hpcd);
1490:Drivers/STM32F1xx_HAL_Driver/Src/stm32f1xx_hal_pcd.c ****   UNUSED(epnum);
1491:Drivers/STM32F1xx_HAL_Driver/Src/stm32f1xx_hal_pcd.c **** 
1492:Drivers/STM32F1xx_HAL_Driver/Src/stm32f1xx_hal_pcd.c ****   /* NOTE : This function should not be modified, when the callback is needed,
1493:Drivers/STM32F1xx_HAL_Driver/Src/stm32f1xx_hal_pcd.c ****             the HAL_PCD_DataInStageCallback could be implemented in the user file
1494:Drivers/STM32F1xx_HAL_Driver/Src/stm32f1xx_hal_pcd.c ****    */
1495:Drivers/STM32F1xx_HAL_Driver/Src/stm32f1xx_hal_pcd.c **** }
1496:Drivers/STM32F1xx_HAL_Driver/Src/stm32f1xx_hal_pcd.c **** /**
1497:Drivers/STM32F1xx_HAL_Driver/Src/stm32f1xx_hal_pcd.c ****   * @brief  Setup stage callback
1498:Drivers/STM32F1xx_HAL_Driver/Src/stm32f1xx_hal_pcd.c ****   * @param  hpcd PCD handle
1499:Drivers/STM32F1xx_HAL_Driver/Src/stm32f1xx_hal_pcd.c ****   * @retval None
1500:Drivers/STM32F1xx_HAL_Driver/Src/stm32f1xx_hal_pcd.c ****   */
1501:Drivers/STM32F1xx_HAL_Driver/Src/stm32f1xx_hal_pcd.c **** __weak void HAL_PCD_SetupStageCallback(PCD_HandleTypeDef *hpcd)
1502:Drivers/STM32F1xx_HAL_Driver/Src/stm32f1xx_hal_pcd.c **** {
1503:Drivers/STM32F1xx_HAL_Driver/Src/stm32f1xx_hal_pcd.c ****   /* Prevent unused argument(s) compilation warning */
1504:Drivers/STM32F1xx_HAL_Driver/Src/stm32f1xx_hal_pcd.c ****   UNUSED(hpcd);
1505:Drivers/STM32F1xx_HAL_Driver/Src/stm32f1xx_hal_pcd.c **** 
1506:Drivers/STM32F1xx_HAL_Driver/Src/stm32f1xx_hal_pcd.c ****   /* NOTE : This function should not be modified, when the callback is needed,
1507:Drivers/STM32F1xx_HAL_Driver/Src/stm32f1xx_hal_pcd.c ****             the HAL_PCD_SetupStageCallback could be implemented in the user file
1508:Drivers/STM32F1xx_HAL_Driver/Src/stm32f1xx_hal_pcd.c ****    */
1509:Drivers/STM32F1xx_HAL_Driver/Src/stm32f1xx_hal_pcd.c **** }
1510:Drivers/STM32F1xx_HAL_Driver/Src/stm32f1xx_hal_pcd.c **** 
1511:Drivers/STM32F1xx_HAL_Driver/Src/stm32f1xx_hal_pcd.c **** /**
1512:Drivers/STM32F1xx_HAL_Driver/Src/stm32f1xx_hal_pcd.c ****   * @brief  USB Start Of Frame callback.
1513:Drivers/STM32F1xx_HAL_Driver/Src/stm32f1xx_hal_pcd.c ****   * @param  hpcd PCD handle
1514:Drivers/STM32F1xx_HAL_Driver/Src/stm32f1xx_hal_pcd.c ****   * @retval None
ARM GAS  C:\Users\jc\AppData\Local\Temp\ccPtFhbx.s 			page 28


1515:Drivers/STM32F1xx_HAL_Driver/Src/stm32f1xx_hal_pcd.c ****   */
1516:Drivers/STM32F1xx_HAL_Driver/Src/stm32f1xx_hal_pcd.c **** __weak void HAL_PCD_SOFCallback(PCD_HandleTypeDef *hpcd)
1517:Drivers/STM32F1xx_HAL_Driver/Src/stm32f1xx_hal_pcd.c **** {
1518:Drivers/STM32F1xx_HAL_Driver/Src/stm32f1xx_hal_pcd.c ****   /* Prevent unused argument(s) compilation warning */
1519:Drivers/STM32F1xx_HAL_Driver/Src/stm32f1xx_hal_pcd.c ****   UNUSED(hpcd);
1520:Drivers/STM32F1xx_HAL_Driver/Src/stm32f1xx_hal_pcd.c **** 
1521:Drivers/STM32F1xx_HAL_Driver/Src/stm32f1xx_hal_pcd.c ****   /* NOTE : This function should not be modified, when the callback is needed,
1522:Drivers/STM32F1xx_HAL_Driver/Src/stm32f1xx_hal_pcd.c ****             the HAL_PCD_SOFCallback could be implemented in the user file
1523:Drivers/STM32F1xx_HAL_Driver/Src/stm32f1xx_hal_pcd.c ****    */
1524:Drivers/STM32F1xx_HAL_Driver/Src/stm32f1xx_hal_pcd.c **** }
1525:Drivers/STM32F1xx_HAL_Driver/Src/stm32f1xx_hal_pcd.c **** 
1526:Drivers/STM32F1xx_HAL_Driver/Src/stm32f1xx_hal_pcd.c **** /**
1527:Drivers/STM32F1xx_HAL_Driver/Src/stm32f1xx_hal_pcd.c ****   * @brief  USB Reset callback.
1528:Drivers/STM32F1xx_HAL_Driver/Src/stm32f1xx_hal_pcd.c ****   * @param  hpcd PCD handle
1529:Drivers/STM32F1xx_HAL_Driver/Src/stm32f1xx_hal_pcd.c ****   * @retval None
1530:Drivers/STM32F1xx_HAL_Driver/Src/stm32f1xx_hal_pcd.c ****   */
1531:Drivers/STM32F1xx_HAL_Driver/Src/stm32f1xx_hal_pcd.c **** __weak void HAL_PCD_ResetCallback(PCD_HandleTypeDef *hpcd)
1532:Drivers/STM32F1xx_HAL_Driver/Src/stm32f1xx_hal_pcd.c **** {
1533:Drivers/STM32F1xx_HAL_Driver/Src/stm32f1xx_hal_pcd.c ****   /* Prevent unused argument(s) compilation warning */
1534:Drivers/STM32F1xx_HAL_Driver/Src/stm32f1xx_hal_pcd.c ****   UNUSED(hpcd);
1535:Drivers/STM32F1xx_HAL_Driver/Src/stm32f1xx_hal_pcd.c **** 
1536:Drivers/STM32F1xx_HAL_Driver/Src/stm32f1xx_hal_pcd.c ****   /* NOTE : This function should not be modified, when the callback is needed,
1537:Drivers/STM32F1xx_HAL_Driver/Src/stm32f1xx_hal_pcd.c ****             the HAL_PCD_ResetCallback could be implemented in the user file
1538:Drivers/STM32F1xx_HAL_Driver/Src/stm32f1xx_hal_pcd.c ****    */
1539:Drivers/STM32F1xx_HAL_Driver/Src/stm32f1xx_hal_pcd.c **** }
1540:Drivers/STM32F1xx_HAL_Driver/Src/stm32f1xx_hal_pcd.c **** 
1541:Drivers/STM32F1xx_HAL_Driver/Src/stm32f1xx_hal_pcd.c **** /**
1542:Drivers/STM32F1xx_HAL_Driver/Src/stm32f1xx_hal_pcd.c ****   * @brief  Suspend event callback.
1543:Drivers/STM32F1xx_HAL_Driver/Src/stm32f1xx_hal_pcd.c ****   * @param  hpcd PCD handle
1544:Drivers/STM32F1xx_HAL_Driver/Src/stm32f1xx_hal_pcd.c ****   * @retval None
1545:Drivers/STM32F1xx_HAL_Driver/Src/stm32f1xx_hal_pcd.c ****   */
1546:Drivers/STM32F1xx_HAL_Driver/Src/stm32f1xx_hal_pcd.c **** __weak void HAL_PCD_SuspendCallback(PCD_HandleTypeDef *hpcd)
1547:Drivers/STM32F1xx_HAL_Driver/Src/stm32f1xx_hal_pcd.c **** {
1548:Drivers/STM32F1xx_HAL_Driver/Src/stm32f1xx_hal_pcd.c ****   /* Prevent unused argument(s) compilation warning */
1549:Drivers/STM32F1xx_HAL_Driver/Src/stm32f1xx_hal_pcd.c ****   UNUSED(hpcd);
1550:Drivers/STM32F1xx_HAL_Driver/Src/stm32f1xx_hal_pcd.c **** 
1551:Drivers/STM32F1xx_HAL_Driver/Src/stm32f1xx_hal_pcd.c ****   /* NOTE : This function should not be modified, when the callback is needed,
1552:Drivers/STM32F1xx_HAL_Driver/Src/stm32f1xx_hal_pcd.c ****             the HAL_PCD_SuspendCallback could be implemented in the user file
1553:Drivers/STM32F1xx_HAL_Driver/Src/stm32f1xx_hal_pcd.c ****    */
1554:Drivers/STM32F1xx_HAL_Driver/Src/stm32f1xx_hal_pcd.c **** }
1555:Drivers/STM32F1xx_HAL_Driver/Src/stm32f1xx_hal_pcd.c **** 
1556:Drivers/STM32F1xx_HAL_Driver/Src/stm32f1xx_hal_pcd.c **** /**
1557:Drivers/STM32F1xx_HAL_Driver/Src/stm32f1xx_hal_pcd.c ****   * @brief  Resume event callback.
1558:Drivers/STM32F1xx_HAL_Driver/Src/stm32f1xx_hal_pcd.c ****   * @param  hpcd PCD handle
1559:Drivers/STM32F1xx_HAL_Driver/Src/stm32f1xx_hal_pcd.c ****   * @retval None
1560:Drivers/STM32F1xx_HAL_Driver/Src/stm32f1xx_hal_pcd.c ****   */
1561:Drivers/STM32F1xx_HAL_Driver/Src/stm32f1xx_hal_pcd.c **** __weak void HAL_PCD_ResumeCallback(PCD_HandleTypeDef *hpcd)
1562:Drivers/STM32F1xx_HAL_Driver/Src/stm32f1xx_hal_pcd.c **** {
1563:Drivers/STM32F1xx_HAL_Driver/Src/stm32f1xx_hal_pcd.c ****   /* Prevent unused argument(s) compilation warning */
1564:Drivers/STM32F1xx_HAL_Driver/Src/stm32f1xx_hal_pcd.c ****   UNUSED(hpcd);
1565:Drivers/STM32F1xx_HAL_Driver/Src/stm32f1xx_hal_pcd.c **** 
1566:Drivers/STM32F1xx_HAL_Driver/Src/stm32f1xx_hal_pcd.c ****   /* NOTE : This function should not be modified, when the callback is needed,
1567:Drivers/STM32F1xx_HAL_Driver/Src/stm32f1xx_hal_pcd.c ****             the HAL_PCD_ResumeCallback could be implemented in the user file
1568:Drivers/STM32F1xx_HAL_Driver/Src/stm32f1xx_hal_pcd.c ****    */
1569:Drivers/STM32F1xx_HAL_Driver/Src/stm32f1xx_hal_pcd.c **** }
1570:Drivers/STM32F1xx_HAL_Driver/Src/stm32f1xx_hal_pcd.c **** 
1571:Drivers/STM32F1xx_HAL_Driver/Src/stm32f1xx_hal_pcd.c **** /**
ARM GAS  C:\Users\jc\AppData\Local\Temp\ccPtFhbx.s 			page 29


1572:Drivers/STM32F1xx_HAL_Driver/Src/stm32f1xx_hal_pcd.c ****   * @brief  Incomplete ISO OUT callback.
1573:Drivers/STM32F1xx_HAL_Driver/Src/stm32f1xx_hal_pcd.c ****   * @param  hpcd PCD handle
1574:Drivers/STM32F1xx_HAL_Driver/Src/stm32f1xx_hal_pcd.c ****   * @param  epnum endpoint number
1575:Drivers/STM32F1xx_HAL_Driver/Src/stm32f1xx_hal_pcd.c ****   * @retval None
1576:Drivers/STM32F1xx_HAL_Driver/Src/stm32f1xx_hal_pcd.c ****   */
1577:Drivers/STM32F1xx_HAL_Driver/Src/stm32f1xx_hal_pcd.c **** __weak void HAL_PCD_ISOOUTIncompleteCallback(PCD_HandleTypeDef *hpcd, uint8_t epnum)
1578:Drivers/STM32F1xx_HAL_Driver/Src/stm32f1xx_hal_pcd.c **** {
1579:Drivers/STM32F1xx_HAL_Driver/Src/stm32f1xx_hal_pcd.c ****   /* Prevent unused argument(s) compilation warning */
1580:Drivers/STM32F1xx_HAL_Driver/Src/stm32f1xx_hal_pcd.c ****   UNUSED(hpcd);
1581:Drivers/STM32F1xx_HAL_Driver/Src/stm32f1xx_hal_pcd.c ****   UNUSED(epnum);
1582:Drivers/STM32F1xx_HAL_Driver/Src/stm32f1xx_hal_pcd.c **** 
1583:Drivers/STM32F1xx_HAL_Driver/Src/stm32f1xx_hal_pcd.c ****   /* NOTE : This function should not be modified, when the callback is needed,
1584:Drivers/STM32F1xx_HAL_Driver/Src/stm32f1xx_hal_pcd.c ****             the HAL_PCD_ISOOUTIncompleteCallback could be implemented in the user file
1585:Drivers/STM32F1xx_HAL_Driver/Src/stm32f1xx_hal_pcd.c ****    */
1586:Drivers/STM32F1xx_HAL_Driver/Src/stm32f1xx_hal_pcd.c **** }
1587:Drivers/STM32F1xx_HAL_Driver/Src/stm32f1xx_hal_pcd.c **** 
1588:Drivers/STM32F1xx_HAL_Driver/Src/stm32f1xx_hal_pcd.c **** /**
1589:Drivers/STM32F1xx_HAL_Driver/Src/stm32f1xx_hal_pcd.c ****   * @brief  Incomplete ISO IN callback.
1590:Drivers/STM32F1xx_HAL_Driver/Src/stm32f1xx_hal_pcd.c ****   * @param  hpcd PCD handle
1591:Drivers/STM32F1xx_HAL_Driver/Src/stm32f1xx_hal_pcd.c ****   * @param  epnum endpoint number
1592:Drivers/STM32F1xx_HAL_Driver/Src/stm32f1xx_hal_pcd.c ****   * @retval None
1593:Drivers/STM32F1xx_HAL_Driver/Src/stm32f1xx_hal_pcd.c ****   */
1594:Drivers/STM32F1xx_HAL_Driver/Src/stm32f1xx_hal_pcd.c **** __weak void HAL_PCD_ISOINIncompleteCallback(PCD_HandleTypeDef *hpcd, uint8_t epnum)
1595:Drivers/STM32F1xx_HAL_Driver/Src/stm32f1xx_hal_pcd.c **** {
1596:Drivers/STM32F1xx_HAL_Driver/Src/stm32f1xx_hal_pcd.c ****   /* Prevent unused argument(s) compilation warning */
1597:Drivers/STM32F1xx_HAL_Driver/Src/stm32f1xx_hal_pcd.c ****   UNUSED(hpcd);
1598:Drivers/STM32F1xx_HAL_Driver/Src/stm32f1xx_hal_pcd.c ****   UNUSED(epnum);
1599:Drivers/STM32F1xx_HAL_Driver/Src/stm32f1xx_hal_pcd.c **** 
1600:Drivers/STM32F1xx_HAL_Driver/Src/stm32f1xx_hal_pcd.c ****   /* NOTE : This function should not be modified, when the callback is needed,
1601:Drivers/STM32F1xx_HAL_Driver/Src/stm32f1xx_hal_pcd.c ****             the HAL_PCD_ISOINIncompleteCallback could be implemented in the user file
1602:Drivers/STM32F1xx_HAL_Driver/Src/stm32f1xx_hal_pcd.c ****    */
1603:Drivers/STM32F1xx_HAL_Driver/Src/stm32f1xx_hal_pcd.c **** }
1604:Drivers/STM32F1xx_HAL_Driver/Src/stm32f1xx_hal_pcd.c **** 
1605:Drivers/STM32F1xx_HAL_Driver/Src/stm32f1xx_hal_pcd.c **** /**
1606:Drivers/STM32F1xx_HAL_Driver/Src/stm32f1xx_hal_pcd.c ****   * @brief  Connection event callback.
1607:Drivers/STM32F1xx_HAL_Driver/Src/stm32f1xx_hal_pcd.c ****   * @param  hpcd PCD handle
1608:Drivers/STM32F1xx_HAL_Driver/Src/stm32f1xx_hal_pcd.c ****   * @retval None
1609:Drivers/STM32F1xx_HAL_Driver/Src/stm32f1xx_hal_pcd.c ****   */
1610:Drivers/STM32F1xx_HAL_Driver/Src/stm32f1xx_hal_pcd.c **** __weak void HAL_PCD_ConnectCallback(PCD_HandleTypeDef *hpcd)
1611:Drivers/STM32F1xx_HAL_Driver/Src/stm32f1xx_hal_pcd.c **** {
1612:Drivers/STM32F1xx_HAL_Driver/Src/stm32f1xx_hal_pcd.c ****   /* Prevent unused argument(s) compilation warning */
1613:Drivers/STM32F1xx_HAL_Driver/Src/stm32f1xx_hal_pcd.c ****   UNUSED(hpcd);
1614:Drivers/STM32F1xx_HAL_Driver/Src/stm32f1xx_hal_pcd.c **** 
1615:Drivers/STM32F1xx_HAL_Driver/Src/stm32f1xx_hal_pcd.c ****   /* NOTE : This function should not be modified, when the callback is needed,
1616:Drivers/STM32F1xx_HAL_Driver/Src/stm32f1xx_hal_pcd.c ****             the HAL_PCD_ConnectCallback could be implemented in the user file
1617:Drivers/STM32F1xx_HAL_Driver/Src/stm32f1xx_hal_pcd.c ****    */
1618:Drivers/STM32F1xx_HAL_Driver/Src/stm32f1xx_hal_pcd.c **** }
1619:Drivers/STM32F1xx_HAL_Driver/Src/stm32f1xx_hal_pcd.c **** 
1620:Drivers/STM32F1xx_HAL_Driver/Src/stm32f1xx_hal_pcd.c **** /**
1621:Drivers/STM32F1xx_HAL_Driver/Src/stm32f1xx_hal_pcd.c ****   * @brief  Disconnection event callback.
1622:Drivers/STM32F1xx_HAL_Driver/Src/stm32f1xx_hal_pcd.c ****   * @param  hpcd PCD handle
1623:Drivers/STM32F1xx_HAL_Driver/Src/stm32f1xx_hal_pcd.c ****   * @retval None
1624:Drivers/STM32F1xx_HAL_Driver/Src/stm32f1xx_hal_pcd.c ****   */
1625:Drivers/STM32F1xx_HAL_Driver/Src/stm32f1xx_hal_pcd.c **** __weak void HAL_PCD_DisconnectCallback(PCD_HandleTypeDef *hpcd)
1626:Drivers/STM32F1xx_HAL_Driver/Src/stm32f1xx_hal_pcd.c **** {
1627:Drivers/STM32F1xx_HAL_Driver/Src/stm32f1xx_hal_pcd.c ****   /* Prevent unused argument(s) compilation warning */
1628:Drivers/STM32F1xx_HAL_Driver/Src/stm32f1xx_hal_pcd.c ****   UNUSED(hpcd);
ARM GAS  C:\Users\jc\AppData\Local\Temp\ccPtFhbx.s 			page 30


1629:Drivers/STM32F1xx_HAL_Driver/Src/stm32f1xx_hal_pcd.c **** 
1630:Drivers/STM32F1xx_HAL_Driver/Src/stm32f1xx_hal_pcd.c ****   /* NOTE : This function should not be modified, when the callback is needed,
1631:Drivers/STM32F1xx_HAL_Driver/Src/stm32f1xx_hal_pcd.c ****             the HAL_PCD_DisconnectCallback could be implemented in the user file
1632:Drivers/STM32F1xx_HAL_Driver/Src/stm32f1xx_hal_pcd.c ****    */
1633:Drivers/STM32F1xx_HAL_Driver/Src/stm32f1xx_hal_pcd.c **** }
1634:Drivers/STM32F1xx_HAL_Driver/Src/stm32f1xx_hal_pcd.c **** 
1635:Drivers/STM32F1xx_HAL_Driver/Src/stm32f1xx_hal_pcd.c **** /**
1636:Drivers/STM32F1xx_HAL_Driver/Src/stm32f1xx_hal_pcd.c ****   * @}
1637:Drivers/STM32F1xx_HAL_Driver/Src/stm32f1xx_hal_pcd.c ****   */
1638:Drivers/STM32F1xx_HAL_Driver/Src/stm32f1xx_hal_pcd.c **** 
1639:Drivers/STM32F1xx_HAL_Driver/Src/stm32f1xx_hal_pcd.c **** /** @defgroup PCD_Exported_Functions_Group3 Peripheral Control functions
1640:Drivers/STM32F1xx_HAL_Driver/Src/stm32f1xx_hal_pcd.c ****   *  @brief   management functions
1641:Drivers/STM32F1xx_HAL_Driver/Src/stm32f1xx_hal_pcd.c ****   *
1642:Drivers/STM32F1xx_HAL_Driver/Src/stm32f1xx_hal_pcd.c **** @verbatim
1643:Drivers/STM32F1xx_HAL_Driver/Src/stm32f1xx_hal_pcd.c ****  ===============================================================================
1644:Drivers/STM32F1xx_HAL_Driver/Src/stm32f1xx_hal_pcd.c ****                       ##### Peripheral Control functions #####
1645:Drivers/STM32F1xx_HAL_Driver/Src/stm32f1xx_hal_pcd.c ****  ===============================================================================
1646:Drivers/STM32F1xx_HAL_Driver/Src/stm32f1xx_hal_pcd.c ****     [..]
1647:Drivers/STM32F1xx_HAL_Driver/Src/stm32f1xx_hal_pcd.c ****     This subsection provides a set of functions allowing to control the PCD data
1648:Drivers/STM32F1xx_HAL_Driver/Src/stm32f1xx_hal_pcd.c ****     transfers.
1649:Drivers/STM32F1xx_HAL_Driver/Src/stm32f1xx_hal_pcd.c **** 
1650:Drivers/STM32F1xx_HAL_Driver/Src/stm32f1xx_hal_pcd.c **** @endverbatim
1651:Drivers/STM32F1xx_HAL_Driver/Src/stm32f1xx_hal_pcd.c ****   * @{
1652:Drivers/STM32F1xx_HAL_Driver/Src/stm32f1xx_hal_pcd.c ****   */
1653:Drivers/STM32F1xx_HAL_Driver/Src/stm32f1xx_hal_pcd.c **** 
1654:Drivers/STM32F1xx_HAL_Driver/Src/stm32f1xx_hal_pcd.c **** /**
1655:Drivers/STM32F1xx_HAL_Driver/Src/stm32f1xx_hal_pcd.c ****   * @brief  Connect the USB device
1656:Drivers/STM32F1xx_HAL_Driver/Src/stm32f1xx_hal_pcd.c ****   * @param  hpcd PCD handle
1657:Drivers/STM32F1xx_HAL_Driver/Src/stm32f1xx_hal_pcd.c ****   * @retval HAL status
1658:Drivers/STM32F1xx_HAL_Driver/Src/stm32f1xx_hal_pcd.c ****   */
1659:Drivers/STM32F1xx_HAL_Driver/Src/stm32f1xx_hal_pcd.c **** HAL_StatusTypeDef HAL_PCD_DevConnect(PCD_HandleTypeDef *hpcd)
1660:Drivers/STM32F1xx_HAL_Driver/Src/stm32f1xx_hal_pcd.c **** {
1661:Drivers/STM32F1xx_HAL_Driver/Src/stm32f1xx_hal_pcd.c ****   __HAL_LOCK(hpcd);
1662:Drivers/STM32F1xx_HAL_Driver/Src/stm32f1xx_hal_pcd.c **** 
1663:Drivers/STM32F1xx_HAL_Driver/Src/stm32f1xx_hal_pcd.c **** #if defined (USB)
1664:Drivers/STM32F1xx_HAL_Driver/Src/stm32f1xx_hal_pcd.c ****   HAL_PCDEx_SetConnectionState(hpcd, 1U);
1665:Drivers/STM32F1xx_HAL_Driver/Src/stm32f1xx_hal_pcd.c **** #endif /* defined (USB) */
1666:Drivers/STM32F1xx_HAL_Driver/Src/stm32f1xx_hal_pcd.c **** 
1667:Drivers/STM32F1xx_HAL_Driver/Src/stm32f1xx_hal_pcd.c ****   (void)USB_DevConnect(hpcd->Instance);
1668:Drivers/STM32F1xx_HAL_Driver/Src/stm32f1xx_hal_pcd.c ****   __HAL_UNLOCK(hpcd);
1669:Drivers/STM32F1xx_HAL_Driver/Src/stm32f1xx_hal_pcd.c **** 
1670:Drivers/STM32F1xx_HAL_Driver/Src/stm32f1xx_hal_pcd.c ****   return HAL_OK;
1671:Drivers/STM32F1xx_HAL_Driver/Src/stm32f1xx_hal_pcd.c **** }
1672:Drivers/STM32F1xx_HAL_Driver/Src/stm32f1xx_hal_pcd.c **** 
1673:Drivers/STM32F1xx_HAL_Driver/Src/stm32f1xx_hal_pcd.c **** /**
1674:Drivers/STM32F1xx_HAL_Driver/Src/stm32f1xx_hal_pcd.c ****   * @brief  Disconnect the USB device.
1675:Drivers/STM32F1xx_HAL_Driver/Src/stm32f1xx_hal_pcd.c ****   * @param  hpcd PCD handle
1676:Drivers/STM32F1xx_HAL_Driver/Src/stm32f1xx_hal_pcd.c ****   * @retval HAL status
1677:Drivers/STM32F1xx_HAL_Driver/Src/stm32f1xx_hal_pcd.c ****   */
1678:Drivers/STM32F1xx_HAL_Driver/Src/stm32f1xx_hal_pcd.c **** HAL_StatusTypeDef HAL_PCD_DevDisconnect(PCD_HandleTypeDef *hpcd)
1679:Drivers/STM32F1xx_HAL_Driver/Src/stm32f1xx_hal_pcd.c **** {
1680:Drivers/STM32F1xx_HAL_Driver/Src/stm32f1xx_hal_pcd.c ****   __HAL_LOCK(hpcd);
1681:Drivers/STM32F1xx_HAL_Driver/Src/stm32f1xx_hal_pcd.c **** 
1682:Drivers/STM32F1xx_HAL_Driver/Src/stm32f1xx_hal_pcd.c **** #if defined (USB)
1683:Drivers/STM32F1xx_HAL_Driver/Src/stm32f1xx_hal_pcd.c ****   HAL_PCDEx_SetConnectionState(hpcd, 0U);
1684:Drivers/STM32F1xx_HAL_Driver/Src/stm32f1xx_hal_pcd.c **** #endif /* defined (USB) */
1685:Drivers/STM32F1xx_HAL_Driver/Src/stm32f1xx_hal_pcd.c **** 
ARM GAS  C:\Users\jc\AppData\Local\Temp\ccPtFhbx.s 			page 31


1686:Drivers/STM32F1xx_HAL_Driver/Src/stm32f1xx_hal_pcd.c ****   (void)USB_DevDisconnect(hpcd->Instance);
1687:Drivers/STM32F1xx_HAL_Driver/Src/stm32f1xx_hal_pcd.c ****   __HAL_UNLOCK(hpcd);
1688:Drivers/STM32F1xx_HAL_Driver/Src/stm32f1xx_hal_pcd.c **** 
1689:Drivers/STM32F1xx_HAL_Driver/Src/stm32f1xx_hal_pcd.c ****   return HAL_OK;
1690:Drivers/STM32F1xx_HAL_Driver/Src/stm32f1xx_hal_pcd.c **** }
1691:Drivers/STM32F1xx_HAL_Driver/Src/stm32f1xx_hal_pcd.c **** 
1692:Drivers/STM32F1xx_HAL_Driver/Src/stm32f1xx_hal_pcd.c **** /**
1693:Drivers/STM32F1xx_HAL_Driver/Src/stm32f1xx_hal_pcd.c ****   * @brief  Set the USB Device address.
1694:Drivers/STM32F1xx_HAL_Driver/Src/stm32f1xx_hal_pcd.c ****   * @param  hpcd PCD handle
1695:Drivers/STM32F1xx_HAL_Driver/Src/stm32f1xx_hal_pcd.c ****   * @param  address new device address
1696:Drivers/STM32F1xx_HAL_Driver/Src/stm32f1xx_hal_pcd.c ****   * @retval HAL status
1697:Drivers/STM32F1xx_HAL_Driver/Src/stm32f1xx_hal_pcd.c ****   */
1698:Drivers/STM32F1xx_HAL_Driver/Src/stm32f1xx_hal_pcd.c **** HAL_StatusTypeDef HAL_PCD_SetAddress(PCD_HandleTypeDef *hpcd, uint8_t address)
1699:Drivers/STM32F1xx_HAL_Driver/Src/stm32f1xx_hal_pcd.c **** {
1700:Drivers/STM32F1xx_HAL_Driver/Src/stm32f1xx_hal_pcd.c ****   __HAL_LOCK(hpcd);
1701:Drivers/STM32F1xx_HAL_Driver/Src/stm32f1xx_hal_pcd.c ****   hpcd->USB_Address = address;
1702:Drivers/STM32F1xx_HAL_Driver/Src/stm32f1xx_hal_pcd.c ****   (void)USB_SetDevAddress(hpcd->Instance, address);
1703:Drivers/STM32F1xx_HAL_Driver/Src/stm32f1xx_hal_pcd.c ****   __HAL_UNLOCK(hpcd);
1704:Drivers/STM32F1xx_HAL_Driver/Src/stm32f1xx_hal_pcd.c **** 
1705:Drivers/STM32F1xx_HAL_Driver/Src/stm32f1xx_hal_pcd.c ****   return HAL_OK;
1706:Drivers/STM32F1xx_HAL_Driver/Src/stm32f1xx_hal_pcd.c **** }
1707:Drivers/STM32F1xx_HAL_Driver/Src/stm32f1xx_hal_pcd.c **** /**
1708:Drivers/STM32F1xx_HAL_Driver/Src/stm32f1xx_hal_pcd.c ****   * @brief  Open and configure an endpoint.
1709:Drivers/STM32F1xx_HAL_Driver/Src/stm32f1xx_hal_pcd.c ****   * @param  hpcd PCD handle
1710:Drivers/STM32F1xx_HAL_Driver/Src/stm32f1xx_hal_pcd.c ****   * @param  ep_addr endpoint address
1711:Drivers/STM32F1xx_HAL_Driver/Src/stm32f1xx_hal_pcd.c ****   * @param  ep_mps endpoint max packet size
1712:Drivers/STM32F1xx_HAL_Driver/Src/stm32f1xx_hal_pcd.c ****   * @param  ep_type endpoint type
1713:Drivers/STM32F1xx_HAL_Driver/Src/stm32f1xx_hal_pcd.c ****   * @retval HAL status
1714:Drivers/STM32F1xx_HAL_Driver/Src/stm32f1xx_hal_pcd.c ****   */
1715:Drivers/STM32F1xx_HAL_Driver/Src/stm32f1xx_hal_pcd.c **** HAL_StatusTypeDef HAL_PCD_EP_Open(PCD_HandleTypeDef *hpcd, uint8_t ep_addr,
1716:Drivers/STM32F1xx_HAL_Driver/Src/stm32f1xx_hal_pcd.c ****                                   uint16_t ep_mps, uint8_t ep_type)
1717:Drivers/STM32F1xx_HAL_Driver/Src/stm32f1xx_hal_pcd.c **** {
1718:Drivers/STM32F1xx_HAL_Driver/Src/stm32f1xx_hal_pcd.c ****   HAL_StatusTypeDef  ret = HAL_OK;
1719:Drivers/STM32F1xx_HAL_Driver/Src/stm32f1xx_hal_pcd.c ****   PCD_EPTypeDef *ep;
1720:Drivers/STM32F1xx_HAL_Driver/Src/stm32f1xx_hal_pcd.c **** 
1721:Drivers/STM32F1xx_HAL_Driver/Src/stm32f1xx_hal_pcd.c ****   if ((ep_addr & 0x80U) == 0x80U)
1722:Drivers/STM32F1xx_HAL_Driver/Src/stm32f1xx_hal_pcd.c ****   {
1723:Drivers/STM32F1xx_HAL_Driver/Src/stm32f1xx_hal_pcd.c ****     ep = &hpcd->IN_ep[ep_addr & EP_ADDR_MSK];
1724:Drivers/STM32F1xx_HAL_Driver/Src/stm32f1xx_hal_pcd.c ****     ep->is_in = 1U;
1725:Drivers/STM32F1xx_HAL_Driver/Src/stm32f1xx_hal_pcd.c ****   }
1726:Drivers/STM32F1xx_HAL_Driver/Src/stm32f1xx_hal_pcd.c ****   else
1727:Drivers/STM32F1xx_HAL_Driver/Src/stm32f1xx_hal_pcd.c ****   {
1728:Drivers/STM32F1xx_HAL_Driver/Src/stm32f1xx_hal_pcd.c ****     ep = &hpcd->OUT_ep[ep_addr & EP_ADDR_MSK];
1729:Drivers/STM32F1xx_HAL_Driver/Src/stm32f1xx_hal_pcd.c ****     ep->is_in = 0U;
1730:Drivers/STM32F1xx_HAL_Driver/Src/stm32f1xx_hal_pcd.c ****   }
1731:Drivers/STM32F1xx_HAL_Driver/Src/stm32f1xx_hal_pcd.c **** 
1732:Drivers/STM32F1xx_HAL_Driver/Src/stm32f1xx_hal_pcd.c ****   ep->num = ep_addr & EP_ADDR_MSK;
1733:Drivers/STM32F1xx_HAL_Driver/Src/stm32f1xx_hal_pcd.c ****   ep->maxpacket = ep_mps;
1734:Drivers/STM32F1xx_HAL_Driver/Src/stm32f1xx_hal_pcd.c ****   ep->type = ep_type;
1735:Drivers/STM32F1xx_HAL_Driver/Src/stm32f1xx_hal_pcd.c **** 
1736:Drivers/STM32F1xx_HAL_Driver/Src/stm32f1xx_hal_pcd.c **** #if defined (USB_OTG_FS)
1737:Drivers/STM32F1xx_HAL_Driver/Src/stm32f1xx_hal_pcd.c ****   if (ep->is_in != 0U)
1738:Drivers/STM32F1xx_HAL_Driver/Src/stm32f1xx_hal_pcd.c ****   {
1739:Drivers/STM32F1xx_HAL_Driver/Src/stm32f1xx_hal_pcd.c ****     /* Assign a Tx FIFO */
1740:Drivers/STM32F1xx_HAL_Driver/Src/stm32f1xx_hal_pcd.c ****     ep->tx_fifo_num = ep->num;
1741:Drivers/STM32F1xx_HAL_Driver/Src/stm32f1xx_hal_pcd.c ****   }
1742:Drivers/STM32F1xx_HAL_Driver/Src/stm32f1xx_hal_pcd.c **** #endif /* defined (USB_OTG_FS) */
ARM GAS  C:\Users\jc\AppData\Local\Temp\ccPtFhbx.s 			page 32


1743:Drivers/STM32F1xx_HAL_Driver/Src/stm32f1xx_hal_pcd.c **** 
1744:Drivers/STM32F1xx_HAL_Driver/Src/stm32f1xx_hal_pcd.c ****   /* Set initial data PID. */
1745:Drivers/STM32F1xx_HAL_Driver/Src/stm32f1xx_hal_pcd.c ****   if (ep_type == EP_TYPE_BULK)
1746:Drivers/STM32F1xx_HAL_Driver/Src/stm32f1xx_hal_pcd.c ****   {
1747:Drivers/STM32F1xx_HAL_Driver/Src/stm32f1xx_hal_pcd.c ****     ep->data_pid_start = 0U;
1748:Drivers/STM32F1xx_HAL_Driver/Src/stm32f1xx_hal_pcd.c ****   }
1749:Drivers/STM32F1xx_HAL_Driver/Src/stm32f1xx_hal_pcd.c **** 
1750:Drivers/STM32F1xx_HAL_Driver/Src/stm32f1xx_hal_pcd.c ****   __HAL_LOCK(hpcd);
1751:Drivers/STM32F1xx_HAL_Driver/Src/stm32f1xx_hal_pcd.c ****   (void)USB_ActivateEndpoint(hpcd->Instance, ep);
1752:Drivers/STM32F1xx_HAL_Driver/Src/stm32f1xx_hal_pcd.c ****   __HAL_UNLOCK(hpcd);
1753:Drivers/STM32F1xx_HAL_Driver/Src/stm32f1xx_hal_pcd.c **** 
1754:Drivers/STM32F1xx_HAL_Driver/Src/stm32f1xx_hal_pcd.c ****   return ret;
1755:Drivers/STM32F1xx_HAL_Driver/Src/stm32f1xx_hal_pcd.c **** }
1756:Drivers/STM32F1xx_HAL_Driver/Src/stm32f1xx_hal_pcd.c **** 
1757:Drivers/STM32F1xx_HAL_Driver/Src/stm32f1xx_hal_pcd.c **** /**
1758:Drivers/STM32F1xx_HAL_Driver/Src/stm32f1xx_hal_pcd.c ****   * @brief  Deactivate an endpoint.
1759:Drivers/STM32F1xx_HAL_Driver/Src/stm32f1xx_hal_pcd.c ****   * @param  hpcd PCD handle
1760:Drivers/STM32F1xx_HAL_Driver/Src/stm32f1xx_hal_pcd.c ****   * @param  ep_addr endpoint address
1761:Drivers/STM32F1xx_HAL_Driver/Src/stm32f1xx_hal_pcd.c ****   * @retval HAL status
1762:Drivers/STM32F1xx_HAL_Driver/Src/stm32f1xx_hal_pcd.c ****   */
1763:Drivers/STM32F1xx_HAL_Driver/Src/stm32f1xx_hal_pcd.c **** HAL_StatusTypeDef HAL_PCD_EP_Close(PCD_HandleTypeDef *hpcd, uint8_t ep_addr)
1764:Drivers/STM32F1xx_HAL_Driver/Src/stm32f1xx_hal_pcd.c **** {
1765:Drivers/STM32F1xx_HAL_Driver/Src/stm32f1xx_hal_pcd.c ****   PCD_EPTypeDef *ep;
1766:Drivers/STM32F1xx_HAL_Driver/Src/stm32f1xx_hal_pcd.c **** 
1767:Drivers/STM32F1xx_HAL_Driver/Src/stm32f1xx_hal_pcd.c ****   if ((ep_addr & 0x80U) == 0x80U)
1768:Drivers/STM32F1xx_HAL_Driver/Src/stm32f1xx_hal_pcd.c ****   {
1769:Drivers/STM32F1xx_HAL_Driver/Src/stm32f1xx_hal_pcd.c ****     ep = &hpcd->IN_ep[ep_addr & EP_ADDR_MSK];
1770:Drivers/STM32F1xx_HAL_Driver/Src/stm32f1xx_hal_pcd.c ****     ep->is_in = 1U;
1771:Drivers/STM32F1xx_HAL_Driver/Src/stm32f1xx_hal_pcd.c ****   }
1772:Drivers/STM32F1xx_HAL_Driver/Src/stm32f1xx_hal_pcd.c ****   else
1773:Drivers/STM32F1xx_HAL_Driver/Src/stm32f1xx_hal_pcd.c ****   {
1774:Drivers/STM32F1xx_HAL_Driver/Src/stm32f1xx_hal_pcd.c ****     ep = &hpcd->OUT_ep[ep_addr & EP_ADDR_MSK];
1775:Drivers/STM32F1xx_HAL_Driver/Src/stm32f1xx_hal_pcd.c ****     ep->is_in = 0U;
1776:Drivers/STM32F1xx_HAL_Driver/Src/stm32f1xx_hal_pcd.c ****   }
1777:Drivers/STM32F1xx_HAL_Driver/Src/stm32f1xx_hal_pcd.c ****   ep->num = ep_addr & EP_ADDR_MSK;
1778:Drivers/STM32F1xx_HAL_Driver/Src/stm32f1xx_hal_pcd.c **** 
1779:Drivers/STM32F1xx_HAL_Driver/Src/stm32f1xx_hal_pcd.c ****   __HAL_LOCK(hpcd);
1780:Drivers/STM32F1xx_HAL_Driver/Src/stm32f1xx_hal_pcd.c ****   (void)USB_DeactivateEndpoint(hpcd->Instance, ep);
1781:Drivers/STM32F1xx_HAL_Driver/Src/stm32f1xx_hal_pcd.c ****   __HAL_UNLOCK(hpcd);
1782:Drivers/STM32F1xx_HAL_Driver/Src/stm32f1xx_hal_pcd.c ****   return HAL_OK;
1783:Drivers/STM32F1xx_HAL_Driver/Src/stm32f1xx_hal_pcd.c **** }
1784:Drivers/STM32F1xx_HAL_Driver/Src/stm32f1xx_hal_pcd.c **** 
1785:Drivers/STM32F1xx_HAL_Driver/Src/stm32f1xx_hal_pcd.c **** 
1786:Drivers/STM32F1xx_HAL_Driver/Src/stm32f1xx_hal_pcd.c **** /**
1787:Drivers/STM32F1xx_HAL_Driver/Src/stm32f1xx_hal_pcd.c ****   * @brief  Receive an amount of data.
1788:Drivers/STM32F1xx_HAL_Driver/Src/stm32f1xx_hal_pcd.c ****   * @param  hpcd PCD handle
1789:Drivers/STM32F1xx_HAL_Driver/Src/stm32f1xx_hal_pcd.c ****   * @param  ep_addr endpoint address
1790:Drivers/STM32F1xx_HAL_Driver/Src/stm32f1xx_hal_pcd.c ****   * @param  pBuf pointer to the reception buffer
1791:Drivers/STM32F1xx_HAL_Driver/Src/stm32f1xx_hal_pcd.c ****   * @param  len amount of data to be received
1792:Drivers/STM32F1xx_HAL_Driver/Src/stm32f1xx_hal_pcd.c ****   * @retval HAL status
1793:Drivers/STM32F1xx_HAL_Driver/Src/stm32f1xx_hal_pcd.c ****   */
1794:Drivers/STM32F1xx_HAL_Driver/Src/stm32f1xx_hal_pcd.c **** HAL_StatusTypeDef HAL_PCD_EP_Receive(PCD_HandleTypeDef *hpcd, uint8_t ep_addr, uint8_t *pBuf, uint3
1795:Drivers/STM32F1xx_HAL_Driver/Src/stm32f1xx_hal_pcd.c **** {
1796:Drivers/STM32F1xx_HAL_Driver/Src/stm32f1xx_hal_pcd.c ****   PCD_EPTypeDef *ep;
1797:Drivers/STM32F1xx_HAL_Driver/Src/stm32f1xx_hal_pcd.c **** 
1798:Drivers/STM32F1xx_HAL_Driver/Src/stm32f1xx_hal_pcd.c ****   ep = &hpcd->OUT_ep[ep_addr & EP_ADDR_MSK];
1799:Drivers/STM32F1xx_HAL_Driver/Src/stm32f1xx_hal_pcd.c **** 
ARM GAS  C:\Users\jc\AppData\Local\Temp\ccPtFhbx.s 			page 33


1800:Drivers/STM32F1xx_HAL_Driver/Src/stm32f1xx_hal_pcd.c ****   /*setup and start the Xfer */
1801:Drivers/STM32F1xx_HAL_Driver/Src/stm32f1xx_hal_pcd.c ****   ep->xfer_buff = pBuf;
1802:Drivers/STM32F1xx_HAL_Driver/Src/stm32f1xx_hal_pcd.c ****   ep->xfer_len = len;
1803:Drivers/STM32F1xx_HAL_Driver/Src/stm32f1xx_hal_pcd.c ****   ep->xfer_count = 0U;
1804:Drivers/STM32F1xx_HAL_Driver/Src/stm32f1xx_hal_pcd.c ****   ep->is_in = 0U;
1805:Drivers/STM32F1xx_HAL_Driver/Src/stm32f1xx_hal_pcd.c ****   ep->num = ep_addr & EP_ADDR_MSK;
1806:Drivers/STM32F1xx_HAL_Driver/Src/stm32f1xx_hal_pcd.c **** 
1807:Drivers/STM32F1xx_HAL_Driver/Src/stm32f1xx_hal_pcd.c ****   (void)USB_EPStartXfer(hpcd->Instance, ep);
1808:Drivers/STM32F1xx_HAL_Driver/Src/stm32f1xx_hal_pcd.c **** 
1809:Drivers/STM32F1xx_HAL_Driver/Src/stm32f1xx_hal_pcd.c ****   return HAL_OK;
1810:Drivers/STM32F1xx_HAL_Driver/Src/stm32f1xx_hal_pcd.c **** }
1811:Drivers/STM32F1xx_HAL_Driver/Src/stm32f1xx_hal_pcd.c **** 
1812:Drivers/STM32F1xx_HAL_Driver/Src/stm32f1xx_hal_pcd.c **** /**
1813:Drivers/STM32F1xx_HAL_Driver/Src/stm32f1xx_hal_pcd.c ****   * @brief  Get Received Data Size
1814:Drivers/STM32F1xx_HAL_Driver/Src/stm32f1xx_hal_pcd.c ****   * @param  hpcd PCD handle
1815:Drivers/STM32F1xx_HAL_Driver/Src/stm32f1xx_hal_pcd.c ****   * @param  ep_addr endpoint address
1816:Drivers/STM32F1xx_HAL_Driver/Src/stm32f1xx_hal_pcd.c ****   * @retval Data Size
1817:Drivers/STM32F1xx_HAL_Driver/Src/stm32f1xx_hal_pcd.c ****   */
1818:Drivers/STM32F1xx_HAL_Driver/Src/stm32f1xx_hal_pcd.c **** uint32_t HAL_PCD_EP_GetRxCount(PCD_HandleTypeDef const *hpcd, uint8_t ep_addr)
1819:Drivers/STM32F1xx_HAL_Driver/Src/stm32f1xx_hal_pcd.c **** {
1820:Drivers/STM32F1xx_HAL_Driver/Src/stm32f1xx_hal_pcd.c ****   return hpcd->OUT_ep[ep_addr & EP_ADDR_MSK].xfer_count;
1821:Drivers/STM32F1xx_HAL_Driver/Src/stm32f1xx_hal_pcd.c **** }
1822:Drivers/STM32F1xx_HAL_Driver/Src/stm32f1xx_hal_pcd.c **** /**
1823:Drivers/STM32F1xx_HAL_Driver/Src/stm32f1xx_hal_pcd.c ****   * @brief  Send an amount of data
1824:Drivers/STM32F1xx_HAL_Driver/Src/stm32f1xx_hal_pcd.c ****   * @param  hpcd PCD handle
1825:Drivers/STM32F1xx_HAL_Driver/Src/stm32f1xx_hal_pcd.c ****   * @param  ep_addr endpoint address
1826:Drivers/STM32F1xx_HAL_Driver/Src/stm32f1xx_hal_pcd.c ****   * @param  pBuf pointer to the transmission buffer
1827:Drivers/STM32F1xx_HAL_Driver/Src/stm32f1xx_hal_pcd.c ****   * @param  len amount of data to be sent
1828:Drivers/STM32F1xx_HAL_Driver/Src/stm32f1xx_hal_pcd.c ****   * @retval HAL status
1829:Drivers/STM32F1xx_HAL_Driver/Src/stm32f1xx_hal_pcd.c ****   */
1830:Drivers/STM32F1xx_HAL_Driver/Src/stm32f1xx_hal_pcd.c **** HAL_StatusTypeDef HAL_PCD_EP_Transmit(PCD_HandleTypeDef *hpcd, uint8_t ep_addr, uint8_t *pBuf, uint
1831:Drivers/STM32F1xx_HAL_Driver/Src/stm32f1xx_hal_pcd.c **** {
1832:Drivers/STM32F1xx_HAL_Driver/Src/stm32f1xx_hal_pcd.c ****   PCD_EPTypeDef *ep;
1833:Drivers/STM32F1xx_HAL_Driver/Src/stm32f1xx_hal_pcd.c **** 
1834:Drivers/STM32F1xx_HAL_Driver/Src/stm32f1xx_hal_pcd.c ****   ep = &hpcd->IN_ep[ep_addr & EP_ADDR_MSK];
1835:Drivers/STM32F1xx_HAL_Driver/Src/stm32f1xx_hal_pcd.c **** 
1836:Drivers/STM32F1xx_HAL_Driver/Src/stm32f1xx_hal_pcd.c ****   /*setup and start the Xfer */
1837:Drivers/STM32F1xx_HAL_Driver/Src/stm32f1xx_hal_pcd.c ****   ep->xfer_buff = pBuf;
1838:Drivers/STM32F1xx_HAL_Driver/Src/stm32f1xx_hal_pcd.c ****   ep->xfer_len = len;
1839:Drivers/STM32F1xx_HAL_Driver/Src/stm32f1xx_hal_pcd.c **** #if defined (USB)
1840:Drivers/STM32F1xx_HAL_Driver/Src/stm32f1xx_hal_pcd.c ****   ep->xfer_fill_db = 1U;
1841:Drivers/STM32F1xx_HAL_Driver/Src/stm32f1xx_hal_pcd.c ****   ep->xfer_len_db = len;
1842:Drivers/STM32F1xx_HAL_Driver/Src/stm32f1xx_hal_pcd.c **** #endif /* defined (USB) */
1843:Drivers/STM32F1xx_HAL_Driver/Src/stm32f1xx_hal_pcd.c ****   ep->xfer_count = 0U;
1844:Drivers/STM32F1xx_HAL_Driver/Src/stm32f1xx_hal_pcd.c ****   ep->is_in = 1U;
1845:Drivers/STM32F1xx_HAL_Driver/Src/stm32f1xx_hal_pcd.c ****   ep->num = ep_addr & EP_ADDR_MSK;
1846:Drivers/STM32F1xx_HAL_Driver/Src/stm32f1xx_hal_pcd.c **** 
1847:Drivers/STM32F1xx_HAL_Driver/Src/stm32f1xx_hal_pcd.c ****   (void)USB_EPStartXfer(hpcd->Instance, ep);
1848:Drivers/STM32F1xx_HAL_Driver/Src/stm32f1xx_hal_pcd.c **** 
1849:Drivers/STM32F1xx_HAL_Driver/Src/stm32f1xx_hal_pcd.c ****   return HAL_OK;
1850:Drivers/STM32F1xx_HAL_Driver/Src/stm32f1xx_hal_pcd.c **** }
1851:Drivers/STM32F1xx_HAL_Driver/Src/stm32f1xx_hal_pcd.c **** 
1852:Drivers/STM32F1xx_HAL_Driver/Src/stm32f1xx_hal_pcd.c **** /**
1853:Drivers/STM32F1xx_HAL_Driver/Src/stm32f1xx_hal_pcd.c ****   * @brief  Set a STALL condition over an endpoint
1854:Drivers/STM32F1xx_HAL_Driver/Src/stm32f1xx_hal_pcd.c ****   * @param  hpcd PCD handle
1855:Drivers/STM32F1xx_HAL_Driver/Src/stm32f1xx_hal_pcd.c ****   * @param  ep_addr endpoint address
1856:Drivers/STM32F1xx_HAL_Driver/Src/stm32f1xx_hal_pcd.c ****   * @retval HAL status
ARM GAS  C:\Users\jc\AppData\Local\Temp\ccPtFhbx.s 			page 34


1857:Drivers/STM32F1xx_HAL_Driver/Src/stm32f1xx_hal_pcd.c ****   */
1858:Drivers/STM32F1xx_HAL_Driver/Src/stm32f1xx_hal_pcd.c **** HAL_StatusTypeDef HAL_PCD_EP_SetStall(PCD_HandleTypeDef *hpcd, uint8_t ep_addr)
1859:Drivers/STM32F1xx_HAL_Driver/Src/stm32f1xx_hal_pcd.c **** {
1860:Drivers/STM32F1xx_HAL_Driver/Src/stm32f1xx_hal_pcd.c ****   PCD_EPTypeDef *ep;
1861:Drivers/STM32F1xx_HAL_Driver/Src/stm32f1xx_hal_pcd.c **** 
1862:Drivers/STM32F1xx_HAL_Driver/Src/stm32f1xx_hal_pcd.c ****   if (((uint32_t)ep_addr & EP_ADDR_MSK) > hpcd->Init.dev_endpoints)
1863:Drivers/STM32F1xx_HAL_Driver/Src/stm32f1xx_hal_pcd.c ****   {
1864:Drivers/STM32F1xx_HAL_Driver/Src/stm32f1xx_hal_pcd.c ****     return HAL_ERROR;
1865:Drivers/STM32F1xx_HAL_Driver/Src/stm32f1xx_hal_pcd.c ****   }
1866:Drivers/STM32F1xx_HAL_Driver/Src/stm32f1xx_hal_pcd.c **** 
1867:Drivers/STM32F1xx_HAL_Driver/Src/stm32f1xx_hal_pcd.c ****   if ((0x80U & ep_addr) == 0x80U)
1868:Drivers/STM32F1xx_HAL_Driver/Src/stm32f1xx_hal_pcd.c ****   {
1869:Drivers/STM32F1xx_HAL_Driver/Src/stm32f1xx_hal_pcd.c ****     ep = &hpcd->IN_ep[ep_addr & EP_ADDR_MSK];
1870:Drivers/STM32F1xx_HAL_Driver/Src/stm32f1xx_hal_pcd.c ****     ep->is_in = 1U;
1871:Drivers/STM32F1xx_HAL_Driver/Src/stm32f1xx_hal_pcd.c ****   }
1872:Drivers/STM32F1xx_HAL_Driver/Src/stm32f1xx_hal_pcd.c ****   else
1873:Drivers/STM32F1xx_HAL_Driver/Src/stm32f1xx_hal_pcd.c ****   {
1874:Drivers/STM32F1xx_HAL_Driver/Src/stm32f1xx_hal_pcd.c ****     ep = &hpcd->OUT_ep[ep_addr];
1875:Drivers/STM32F1xx_HAL_Driver/Src/stm32f1xx_hal_pcd.c ****     ep->is_in = 0U;
1876:Drivers/STM32F1xx_HAL_Driver/Src/stm32f1xx_hal_pcd.c ****   }
1877:Drivers/STM32F1xx_HAL_Driver/Src/stm32f1xx_hal_pcd.c **** 
1878:Drivers/STM32F1xx_HAL_Driver/Src/stm32f1xx_hal_pcd.c ****   ep->is_stall = 1U;
1879:Drivers/STM32F1xx_HAL_Driver/Src/stm32f1xx_hal_pcd.c ****   ep->num = ep_addr & EP_ADDR_MSK;
1880:Drivers/STM32F1xx_HAL_Driver/Src/stm32f1xx_hal_pcd.c **** 
1881:Drivers/STM32F1xx_HAL_Driver/Src/stm32f1xx_hal_pcd.c ****   __HAL_LOCK(hpcd);
1882:Drivers/STM32F1xx_HAL_Driver/Src/stm32f1xx_hal_pcd.c **** 
1883:Drivers/STM32F1xx_HAL_Driver/Src/stm32f1xx_hal_pcd.c ****   (void)USB_EPSetStall(hpcd->Instance, ep);
1884:Drivers/STM32F1xx_HAL_Driver/Src/stm32f1xx_hal_pcd.c **** 
1885:Drivers/STM32F1xx_HAL_Driver/Src/stm32f1xx_hal_pcd.c ****   if ((ep_addr & EP_ADDR_MSK) == 0U)
1886:Drivers/STM32F1xx_HAL_Driver/Src/stm32f1xx_hal_pcd.c ****   {
1887:Drivers/STM32F1xx_HAL_Driver/Src/stm32f1xx_hal_pcd.c ****     (void)USB_EP0_OutStart(hpcd->Instance, (uint8_t *)hpcd->Setup);
1888:Drivers/STM32F1xx_HAL_Driver/Src/stm32f1xx_hal_pcd.c ****   }
1889:Drivers/STM32F1xx_HAL_Driver/Src/stm32f1xx_hal_pcd.c **** 
1890:Drivers/STM32F1xx_HAL_Driver/Src/stm32f1xx_hal_pcd.c ****   __HAL_UNLOCK(hpcd);
1891:Drivers/STM32F1xx_HAL_Driver/Src/stm32f1xx_hal_pcd.c **** 
1892:Drivers/STM32F1xx_HAL_Driver/Src/stm32f1xx_hal_pcd.c ****   return HAL_OK;
1893:Drivers/STM32F1xx_HAL_Driver/Src/stm32f1xx_hal_pcd.c **** }
1894:Drivers/STM32F1xx_HAL_Driver/Src/stm32f1xx_hal_pcd.c **** 
1895:Drivers/STM32F1xx_HAL_Driver/Src/stm32f1xx_hal_pcd.c **** /**
1896:Drivers/STM32F1xx_HAL_Driver/Src/stm32f1xx_hal_pcd.c ****   * @brief  Clear a STALL condition over in an endpoint
1897:Drivers/STM32F1xx_HAL_Driver/Src/stm32f1xx_hal_pcd.c ****   * @param  hpcd PCD handle
1898:Drivers/STM32F1xx_HAL_Driver/Src/stm32f1xx_hal_pcd.c ****   * @param  ep_addr endpoint address
1899:Drivers/STM32F1xx_HAL_Driver/Src/stm32f1xx_hal_pcd.c ****   * @retval HAL status
1900:Drivers/STM32F1xx_HAL_Driver/Src/stm32f1xx_hal_pcd.c ****   */
1901:Drivers/STM32F1xx_HAL_Driver/Src/stm32f1xx_hal_pcd.c **** HAL_StatusTypeDef HAL_PCD_EP_ClrStall(PCD_HandleTypeDef *hpcd, uint8_t ep_addr)
1902:Drivers/STM32F1xx_HAL_Driver/Src/stm32f1xx_hal_pcd.c **** {
1903:Drivers/STM32F1xx_HAL_Driver/Src/stm32f1xx_hal_pcd.c ****   PCD_EPTypeDef *ep;
1904:Drivers/STM32F1xx_HAL_Driver/Src/stm32f1xx_hal_pcd.c **** 
1905:Drivers/STM32F1xx_HAL_Driver/Src/stm32f1xx_hal_pcd.c ****   if (((uint32_t)ep_addr & 0x0FU) > hpcd->Init.dev_endpoints)
1906:Drivers/STM32F1xx_HAL_Driver/Src/stm32f1xx_hal_pcd.c ****   {
1907:Drivers/STM32F1xx_HAL_Driver/Src/stm32f1xx_hal_pcd.c ****     return HAL_ERROR;
1908:Drivers/STM32F1xx_HAL_Driver/Src/stm32f1xx_hal_pcd.c ****   }
1909:Drivers/STM32F1xx_HAL_Driver/Src/stm32f1xx_hal_pcd.c **** 
1910:Drivers/STM32F1xx_HAL_Driver/Src/stm32f1xx_hal_pcd.c ****   if ((0x80U & ep_addr) == 0x80U)
1911:Drivers/STM32F1xx_HAL_Driver/Src/stm32f1xx_hal_pcd.c ****   {
1912:Drivers/STM32F1xx_HAL_Driver/Src/stm32f1xx_hal_pcd.c ****     ep = &hpcd->IN_ep[ep_addr & EP_ADDR_MSK];
1913:Drivers/STM32F1xx_HAL_Driver/Src/stm32f1xx_hal_pcd.c ****     ep->is_in = 1U;
ARM GAS  C:\Users\jc\AppData\Local\Temp\ccPtFhbx.s 			page 35


1914:Drivers/STM32F1xx_HAL_Driver/Src/stm32f1xx_hal_pcd.c ****   }
1915:Drivers/STM32F1xx_HAL_Driver/Src/stm32f1xx_hal_pcd.c ****   else
1916:Drivers/STM32F1xx_HAL_Driver/Src/stm32f1xx_hal_pcd.c ****   {
1917:Drivers/STM32F1xx_HAL_Driver/Src/stm32f1xx_hal_pcd.c ****     ep = &hpcd->OUT_ep[ep_addr & EP_ADDR_MSK];
1918:Drivers/STM32F1xx_HAL_Driver/Src/stm32f1xx_hal_pcd.c ****     ep->is_in = 0U;
1919:Drivers/STM32F1xx_HAL_Driver/Src/stm32f1xx_hal_pcd.c ****   }
1920:Drivers/STM32F1xx_HAL_Driver/Src/stm32f1xx_hal_pcd.c **** 
1921:Drivers/STM32F1xx_HAL_Driver/Src/stm32f1xx_hal_pcd.c ****   ep->is_stall = 0U;
1922:Drivers/STM32F1xx_HAL_Driver/Src/stm32f1xx_hal_pcd.c ****   ep->num = ep_addr & EP_ADDR_MSK;
1923:Drivers/STM32F1xx_HAL_Driver/Src/stm32f1xx_hal_pcd.c **** 
1924:Drivers/STM32F1xx_HAL_Driver/Src/stm32f1xx_hal_pcd.c ****   __HAL_LOCK(hpcd);
1925:Drivers/STM32F1xx_HAL_Driver/Src/stm32f1xx_hal_pcd.c ****   (void)USB_EPClearStall(hpcd->Instance, ep);
1926:Drivers/STM32F1xx_HAL_Driver/Src/stm32f1xx_hal_pcd.c ****   __HAL_UNLOCK(hpcd);
1927:Drivers/STM32F1xx_HAL_Driver/Src/stm32f1xx_hal_pcd.c **** 
1928:Drivers/STM32F1xx_HAL_Driver/Src/stm32f1xx_hal_pcd.c ****   return HAL_OK;
1929:Drivers/STM32F1xx_HAL_Driver/Src/stm32f1xx_hal_pcd.c **** }
1930:Drivers/STM32F1xx_HAL_Driver/Src/stm32f1xx_hal_pcd.c **** 
1931:Drivers/STM32F1xx_HAL_Driver/Src/stm32f1xx_hal_pcd.c **** /**
1932:Drivers/STM32F1xx_HAL_Driver/Src/stm32f1xx_hal_pcd.c ****    * @brief  Abort an USB EP transaction.
1933:Drivers/STM32F1xx_HAL_Driver/Src/stm32f1xx_hal_pcd.c ****    * @param  hpcd PCD handle
1934:Drivers/STM32F1xx_HAL_Driver/Src/stm32f1xx_hal_pcd.c ****    * @param  ep_addr endpoint address
1935:Drivers/STM32F1xx_HAL_Driver/Src/stm32f1xx_hal_pcd.c ****    * @retval HAL status
1936:Drivers/STM32F1xx_HAL_Driver/Src/stm32f1xx_hal_pcd.c ****    */
1937:Drivers/STM32F1xx_HAL_Driver/Src/stm32f1xx_hal_pcd.c **** HAL_StatusTypeDef HAL_PCD_EP_Abort(PCD_HandleTypeDef *hpcd, uint8_t ep_addr)
1938:Drivers/STM32F1xx_HAL_Driver/Src/stm32f1xx_hal_pcd.c **** {
1939:Drivers/STM32F1xx_HAL_Driver/Src/stm32f1xx_hal_pcd.c ****   HAL_StatusTypeDef ret;
1940:Drivers/STM32F1xx_HAL_Driver/Src/stm32f1xx_hal_pcd.c ****   PCD_EPTypeDef *ep;
1941:Drivers/STM32F1xx_HAL_Driver/Src/stm32f1xx_hal_pcd.c **** 
1942:Drivers/STM32F1xx_HAL_Driver/Src/stm32f1xx_hal_pcd.c ****   if ((0x80U & ep_addr) == 0x80U)
1943:Drivers/STM32F1xx_HAL_Driver/Src/stm32f1xx_hal_pcd.c ****   {
1944:Drivers/STM32F1xx_HAL_Driver/Src/stm32f1xx_hal_pcd.c ****     ep = &hpcd->IN_ep[ep_addr & EP_ADDR_MSK];
1945:Drivers/STM32F1xx_HAL_Driver/Src/stm32f1xx_hal_pcd.c ****   }
1946:Drivers/STM32F1xx_HAL_Driver/Src/stm32f1xx_hal_pcd.c ****   else
1947:Drivers/STM32F1xx_HAL_Driver/Src/stm32f1xx_hal_pcd.c ****   {
1948:Drivers/STM32F1xx_HAL_Driver/Src/stm32f1xx_hal_pcd.c ****     ep = &hpcd->OUT_ep[ep_addr & EP_ADDR_MSK];
1949:Drivers/STM32F1xx_HAL_Driver/Src/stm32f1xx_hal_pcd.c ****   }
1950:Drivers/STM32F1xx_HAL_Driver/Src/stm32f1xx_hal_pcd.c **** 
1951:Drivers/STM32F1xx_HAL_Driver/Src/stm32f1xx_hal_pcd.c ****   /* Stop Xfer */
1952:Drivers/STM32F1xx_HAL_Driver/Src/stm32f1xx_hal_pcd.c ****   ret = USB_EPStopXfer(hpcd->Instance, ep);
1953:Drivers/STM32F1xx_HAL_Driver/Src/stm32f1xx_hal_pcd.c **** 
1954:Drivers/STM32F1xx_HAL_Driver/Src/stm32f1xx_hal_pcd.c ****   return ret;
1955:Drivers/STM32F1xx_HAL_Driver/Src/stm32f1xx_hal_pcd.c **** }
1956:Drivers/STM32F1xx_HAL_Driver/Src/stm32f1xx_hal_pcd.c **** 
1957:Drivers/STM32F1xx_HAL_Driver/Src/stm32f1xx_hal_pcd.c **** /**
1958:Drivers/STM32F1xx_HAL_Driver/Src/stm32f1xx_hal_pcd.c ****   * @brief  Flush an endpoint
1959:Drivers/STM32F1xx_HAL_Driver/Src/stm32f1xx_hal_pcd.c ****   * @param  hpcd PCD handle
1960:Drivers/STM32F1xx_HAL_Driver/Src/stm32f1xx_hal_pcd.c ****   * @param  ep_addr endpoint address
1961:Drivers/STM32F1xx_HAL_Driver/Src/stm32f1xx_hal_pcd.c ****   * @retval HAL status
1962:Drivers/STM32F1xx_HAL_Driver/Src/stm32f1xx_hal_pcd.c ****   */
1963:Drivers/STM32F1xx_HAL_Driver/Src/stm32f1xx_hal_pcd.c **** HAL_StatusTypeDef HAL_PCD_EP_Flush(PCD_HandleTypeDef *hpcd, uint8_t ep_addr)
1964:Drivers/STM32F1xx_HAL_Driver/Src/stm32f1xx_hal_pcd.c **** {
1965:Drivers/STM32F1xx_HAL_Driver/Src/stm32f1xx_hal_pcd.c ****   __HAL_LOCK(hpcd);
1966:Drivers/STM32F1xx_HAL_Driver/Src/stm32f1xx_hal_pcd.c **** 
1967:Drivers/STM32F1xx_HAL_Driver/Src/stm32f1xx_hal_pcd.c ****   if ((ep_addr & 0x80U) == 0x80U)
1968:Drivers/STM32F1xx_HAL_Driver/Src/stm32f1xx_hal_pcd.c ****   {
1969:Drivers/STM32F1xx_HAL_Driver/Src/stm32f1xx_hal_pcd.c ****     (void)USB_FlushTxFifo(hpcd->Instance, (uint32_t)ep_addr & EP_ADDR_MSK);
1970:Drivers/STM32F1xx_HAL_Driver/Src/stm32f1xx_hal_pcd.c ****   }
ARM GAS  C:\Users\jc\AppData\Local\Temp\ccPtFhbx.s 			page 36


1971:Drivers/STM32F1xx_HAL_Driver/Src/stm32f1xx_hal_pcd.c ****   else
1972:Drivers/STM32F1xx_HAL_Driver/Src/stm32f1xx_hal_pcd.c ****   {
1973:Drivers/STM32F1xx_HAL_Driver/Src/stm32f1xx_hal_pcd.c ****     (void)USB_FlushRxFifo(hpcd->Instance);
1974:Drivers/STM32F1xx_HAL_Driver/Src/stm32f1xx_hal_pcd.c ****   }
1975:Drivers/STM32F1xx_HAL_Driver/Src/stm32f1xx_hal_pcd.c **** 
1976:Drivers/STM32F1xx_HAL_Driver/Src/stm32f1xx_hal_pcd.c ****   __HAL_UNLOCK(hpcd);
1977:Drivers/STM32F1xx_HAL_Driver/Src/stm32f1xx_hal_pcd.c **** 
1978:Drivers/STM32F1xx_HAL_Driver/Src/stm32f1xx_hal_pcd.c ****   return HAL_OK;
1979:Drivers/STM32F1xx_HAL_Driver/Src/stm32f1xx_hal_pcd.c **** }
1980:Drivers/STM32F1xx_HAL_Driver/Src/stm32f1xx_hal_pcd.c **** 
1981:Drivers/STM32F1xx_HAL_Driver/Src/stm32f1xx_hal_pcd.c **** /**
1982:Drivers/STM32F1xx_HAL_Driver/Src/stm32f1xx_hal_pcd.c ****   * @brief  Activate remote wakeup signalling
1983:Drivers/STM32F1xx_HAL_Driver/Src/stm32f1xx_hal_pcd.c ****   * @param  hpcd PCD handle
1984:Drivers/STM32F1xx_HAL_Driver/Src/stm32f1xx_hal_pcd.c ****   * @retval HAL status
1985:Drivers/STM32F1xx_HAL_Driver/Src/stm32f1xx_hal_pcd.c ****   */
1986:Drivers/STM32F1xx_HAL_Driver/Src/stm32f1xx_hal_pcd.c **** HAL_StatusTypeDef HAL_PCD_ActivateRemoteWakeup(PCD_HandleTypeDef *hpcd)
1987:Drivers/STM32F1xx_HAL_Driver/Src/stm32f1xx_hal_pcd.c **** {
1988:Drivers/STM32F1xx_HAL_Driver/Src/stm32f1xx_hal_pcd.c ****   return (USB_ActivateRemoteWakeup(hpcd->Instance));
1989:Drivers/STM32F1xx_HAL_Driver/Src/stm32f1xx_hal_pcd.c **** }
1990:Drivers/STM32F1xx_HAL_Driver/Src/stm32f1xx_hal_pcd.c **** 
1991:Drivers/STM32F1xx_HAL_Driver/Src/stm32f1xx_hal_pcd.c **** /**
1992:Drivers/STM32F1xx_HAL_Driver/Src/stm32f1xx_hal_pcd.c ****   * @brief  De-activate remote wakeup signalling.
1993:Drivers/STM32F1xx_HAL_Driver/Src/stm32f1xx_hal_pcd.c ****   * @param  hpcd PCD handle
1994:Drivers/STM32F1xx_HAL_Driver/Src/stm32f1xx_hal_pcd.c ****   * @retval HAL status
1995:Drivers/STM32F1xx_HAL_Driver/Src/stm32f1xx_hal_pcd.c ****   */
1996:Drivers/STM32F1xx_HAL_Driver/Src/stm32f1xx_hal_pcd.c **** HAL_StatusTypeDef HAL_PCD_DeActivateRemoteWakeup(PCD_HandleTypeDef *hpcd)
1997:Drivers/STM32F1xx_HAL_Driver/Src/stm32f1xx_hal_pcd.c **** {
1998:Drivers/STM32F1xx_HAL_Driver/Src/stm32f1xx_hal_pcd.c ****   return (USB_DeActivateRemoteWakeup(hpcd->Instance));
1999:Drivers/STM32F1xx_HAL_Driver/Src/stm32f1xx_hal_pcd.c **** }
2000:Drivers/STM32F1xx_HAL_Driver/Src/stm32f1xx_hal_pcd.c **** 
2001:Drivers/STM32F1xx_HAL_Driver/Src/stm32f1xx_hal_pcd.c **** /**
2002:Drivers/STM32F1xx_HAL_Driver/Src/stm32f1xx_hal_pcd.c ****   * @}
2003:Drivers/STM32F1xx_HAL_Driver/Src/stm32f1xx_hal_pcd.c ****   */
2004:Drivers/STM32F1xx_HAL_Driver/Src/stm32f1xx_hal_pcd.c **** 
2005:Drivers/STM32F1xx_HAL_Driver/Src/stm32f1xx_hal_pcd.c **** /** @defgroup PCD_Exported_Functions_Group4 Peripheral State functions
2006:Drivers/STM32F1xx_HAL_Driver/Src/stm32f1xx_hal_pcd.c ****   *  @brief   Peripheral State functions
2007:Drivers/STM32F1xx_HAL_Driver/Src/stm32f1xx_hal_pcd.c ****   *
2008:Drivers/STM32F1xx_HAL_Driver/Src/stm32f1xx_hal_pcd.c **** @verbatim
2009:Drivers/STM32F1xx_HAL_Driver/Src/stm32f1xx_hal_pcd.c ****  ===============================================================================
2010:Drivers/STM32F1xx_HAL_Driver/Src/stm32f1xx_hal_pcd.c ****                       ##### Peripheral State functions #####
2011:Drivers/STM32F1xx_HAL_Driver/Src/stm32f1xx_hal_pcd.c ****  ===============================================================================
2012:Drivers/STM32F1xx_HAL_Driver/Src/stm32f1xx_hal_pcd.c ****     [..]
2013:Drivers/STM32F1xx_HAL_Driver/Src/stm32f1xx_hal_pcd.c ****     This subsection permits to get in run-time the status of the peripheral
2014:Drivers/STM32F1xx_HAL_Driver/Src/stm32f1xx_hal_pcd.c ****     and the data flow.
2015:Drivers/STM32F1xx_HAL_Driver/Src/stm32f1xx_hal_pcd.c **** 
2016:Drivers/STM32F1xx_HAL_Driver/Src/stm32f1xx_hal_pcd.c **** @endverbatim
2017:Drivers/STM32F1xx_HAL_Driver/Src/stm32f1xx_hal_pcd.c ****   * @{
2018:Drivers/STM32F1xx_HAL_Driver/Src/stm32f1xx_hal_pcd.c ****   */
2019:Drivers/STM32F1xx_HAL_Driver/Src/stm32f1xx_hal_pcd.c **** 
2020:Drivers/STM32F1xx_HAL_Driver/Src/stm32f1xx_hal_pcd.c **** /**
2021:Drivers/STM32F1xx_HAL_Driver/Src/stm32f1xx_hal_pcd.c ****   * @brief  Return the PCD handle state.
2022:Drivers/STM32F1xx_HAL_Driver/Src/stm32f1xx_hal_pcd.c ****   * @param  hpcd PCD handle
2023:Drivers/STM32F1xx_HAL_Driver/Src/stm32f1xx_hal_pcd.c ****   * @retval HAL state
2024:Drivers/STM32F1xx_HAL_Driver/Src/stm32f1xx_hal_pcd.c ****   */
2025:Drivers/STM32F1xx_HAL_Driver/Src/stm32f1xx_hal_pcd.c **** PCD_StateTypeDef HAL_PCD_GetState(PCD_HandleTypeDef const *hpcd)
2026:Drivers/STM32F1xx_HAL_Driver/Src/stm32f1xx_hal_pcd.c **** {
2027:Drivers/STM32F1xx_HAL_Driver/Src/stm32f1xx_hal_pcd.c ****   return hpcd->State;
ARM GAS  C:\Users\jc\AppData\Local\Temp\ccPtFhbx.s 			page 37


2028:Drivers/STM32F1xx_HAL_Driver/Src/stm32f1xx_hal_pcd.c **** }
2029:Drivers/STM32F1xx_HAL_Driver/Src/stm32f1xx_hal_pcd.c **** 
2030:Drivers/STM32F1xx_HAL_Driver/Src/stm32f1xx_hal_pcd.c **** /**
2031:Drivers/STM32F1xx_HAL_Driver/Src/stm32f1xx_hal_pcd.c ****   * @}
2032:Drivers/STM32F1xx_HAL_Driver/Src/stm32f1xx_hal_pcd.c ****   */
2033:Drivers/STM32F1xx_HAL_Driver/Src/stm32f1xx_hal_pcd.c **** 
2034:Drivers/STM32F1xx_HAL_Driver/Src/stm32f1xx_hal_pcd.c **** /**
2035:Drivers/STM32F1xx_HAL_Driver/Src/stm32f1xx_hal_pcd.c ****   * @}
2036:Drivers/STM32F1xx_HAL_Driver/Src/stm32f1xx_hal_pcd.c ****   */
2037:Drivers/STM32F1xx_HAL_Driver/Src/stm32f1xx_hal_pcd.c **** 
2038:Drivers/STM32F1xx_HAL_Driver/Src/stm32f1xx_hal_pcd.c **** /* Private functions ---------------------------------------------------------*/
2039:Drivers/STM32F1xx_HAL_Driver/Src/stm32f1xx_hal_pcd.c **** /** @addtogroup PCD_Private_Functions
2040:Drivers/STM32F1xx_HAL_Driver/Src/stm32f1xx_hal_pcd.c ****   * @{
2041:Drivers/STM32F1xx_HAL_Driver/Src/stm32f1xx_hal_pcd.c ****   */
2042:Drivers/STM32F1xx_HAL_Driver/Src/stm32f1xx_hal_pcd.c **** #if defined (USB_OTG_FS)
2043:Drivers/STM32F1xx_HAL_Driver/Src/stm32f1xx_hal_pcd.c **** /**
2044:Drivers/STM32F1xx_HAL_Driver/Src/stm32f1xx_hal_pcd.c ****   * @brief  Check FIFO for the next packet to be loaded.
2045:Drivers/STM32F1xx_HAL_Driver/Src/stm32f1xx_hal_pcd.c ****   * @param  hpcd PCD handle
2046:Drivers/STM32F1xx_HAL_Driver/Src/stm32f1xx_hal_pcd.c ****   * @param  epnum endpoint number
2047:Drivers/STM32F1xx_HAL_Driver/Src/stm32f1xx_hal_pcd.c ****   * @retval HAL status
2048:Drivers/STM32F1xx_HAL_Driver/Src/stm32f1xx_hal_pcd.c ****   */
2049:Drivers/STM32F1xx_HAL_Driver/Src/stm32f1xx_hal_pcd.c **** static HAL_StatusTypeDef PCD_WriteEmptyTxFifo(PCD_HandleTypeDef *hpcd, uint32_t epnum)
2050:Drivers/STM32F1xx_HAL_Driver/Src/stm32f1xx_hal_pcd.c **** {
2051:Drivers/STM32F1xx_HAL_Driver/Src/stm32f1xx_hal_pcd.c ****   USB_OTG_GlobalTypeDef *USBx = hpcd->Instance;
2052:Drivers/STM32F1xx_HAL_Driver/Src/stm32f1xx_hal_pcd.c ****   uint32_t USBx_BASE = (uint32_t)USBx;
2053:Drivers/STM32F1xx_HAL_Driver/Src/stm32f1xx_hal_pcd.c ****   USB_OTG_EPTypeDef *ep;
2054:Drivers/STM32F1xx_HAL_Driver/Src/stm32f1xx_hal_pcd.c ****   uint32_t len;
2055:Drivers/STM32F1xx_HAL_Driver/Src/stm32f1xx_hal_pcd.c ****   uint32_t len32b;
2056:Drivers/STM32F1xx_HAL_Driver/Src/stm32f1xx_hal_pcd.c ****   uint32_t fifoemptymsk;
2057:Drivers/STM32F1xx_HAL_Driver/Src/stm32f1xx_hal_pcd.c **** 
2058:Drivers/STM32F1xx_HAL_Driver/Src/stm32f1xx_hal_pcd.c ****   ep = &hpcd->IN_ep[epnum];
2059:Drivers/STM32F1xx_HAL_Driver/Src/stm32f1xx_hal_pcd.c **** 
2060:Drivers/STM32F1xx_HAL_Driver/Src/stm32f1xx_hal_pcd.c ****   if (ep->xfer_count > ep->xfer_len)
2061:Drivers/STM32F1xx_HAL_Driver/Src/stm32f1xx_hal_pcd.c ****   {
2062:Drivers/STM32F1xx_HAL_Driver/Src/stm32f1xx_hal_pcd.c ****     return HAL_ERROR;
2063:Drivers/STM32F1xx_HAL_Driver/Src/stm32f1xx_hal_pcd.c ****   }
2064:Drivers/STM32F1xx_HAL_Driver/Src/stm32f1xx_hal_pcd.c **** 
2065:Drivers/STM32F1xx_HAL_Driver/Src/stm32f1xx_hal_pcd.c ****   len = ep->xfer_len - ep->xfer_count;
2066:Drivers/STM32F1xx_HAL_Driver/Src/stm32f1xx_hal_pcd.c **** 
2067:Drivers/STM32F1xx_HAL_Driver/Src/stm32f1xx_hal_pcd.c ****   if (len > ep->maxpacket)
2068:Drivers/STM32F1xx_HAL_Driver/Src/stm32f1xx_hal_pcd.c ****   {
2069:Drivers/STM32F1xx_HAL_Driver/Src/stm32f1xx_hal_pcd.c ****     len = ep->maxpacket;
2070:Drivers/STM32F1xx_HAL_Driver/Src/stm32f1xx_hal_pcd.c ****   }
2071:Drivers/STM32F1xx_HAL_Driver/Src/stm32f1xx_hal_pcd.c **** 
2072:Drivers/STM32F1xx_HAL_Driver/Src/stm32f1xx_hal_pcd.c ****   len32b = (len + 3U) / 4U;
2073:Drivers/STM32F1xx_HAL_Driver/Src/stm32f1xx_hal_pcd.c **** 
2074:Drivers/STM32F1xx_HAL_Driver/Src/stm32f1xx_hal_pcd.c ****   while (((USBx_INEP(epnum)->DTXFSTS & USB_OTG_DTXFSTS_INEPTFSAV) >= len32b) &&
2075:Drivers/STM32F1xx_HAL_Driver/Src/stm32f1xx_hal_pcd.c ****          (ep->xfer_count < ep->xfer_len) && (ep->xfer_len != 0U))
2076:Drivers/STM32F1xx_HAL_Driver/Src/stm32f1xx_hal_pcd.c ****   {
2077:Drivers/STM32F1xx_HAL_Driver/Src/stm32f1xx_hal_pcd.c ****     /* Write the FIFO */
2078:Drivers/STM32F1xx_HAL_Driver/Src/stm32f1xx_hal_pcd.c ****     len = ep->xfer_len - ep->xfer_count;
2079:Drivers/STM32F1xx_HAL_Driver/Src/stm32f1xx_hal_pcd.c **** 
2080:Drivers/STM32F1xx_HAL_Driver/Src/stm32f1xx_hal_pcd.c ****     if (len > ep->maxpacket)
2081:Drivers/STM32F1xx_HAL_Driver/Src/stm32f1xx_hal_pcd.c ****     {
2082:Drivers/STM32F1xx_HAL_Driver/Src/stm32f1xx_hal_pcd.c ****       len = ep->maxpacket;
2083:Drivers/STM32F1xx_HAL_Driver/Src/stm32f1xx_hal_pcd.c ****     }
2084:Drivers/STM32F1xx_HAL_Driver/Src/stm32f1xx_hal_pcd.c ****     len32b = (len + 3U) / 4U;
ARM GAS  C:\Users\jc\AppData\Local\Temp\ccPtFhbx.s 			page 38


2085:Drivers/STM32F1xx_HAL_Driver/Src/stm32f1xx_hal_pcd.c **** 
2086:Drivers/STM32F1xx_HAL_Driver/Src/stm32f1xx_hal_pcd.c ****     (void)USB_WritePacket(USBx, ep->xfer_buff, (uint8_t)epnum, (uint16_t)len);
2087:Drivers/STM32F1xx_HAL_Driver/Src/stm32f1xx_hal_pcd.c **** 
2088:Drivers/STM32F1xx_HAL_Driver/Src/stm32f1xx_hal_pcd.c ****     ep->xfer_buff  += len;
2089:Drivers/STM32F1xx_HAL_Driver/Src/stm32f1xx_hal_pcd.c ****     ep->xfer_count += len;
2090:Drivers/STM32F1xx_HAL_Driver/Src/stm32f1xx_hal_pcd.c ****   }
2091:Drivers/STM32F1xx_HAL_Driver/Src/stm32f1xx_hal_pcd.c **** 
2092:Drivers/STM32F1xx_HAL_Driver/Src/stm32f1xx_hal_pcd.c ****   if (ep->xfer_len <= ep->xfer_count)
2093:Drivers/STM32F1xx_HAL_Driver/Src/stm32f1xx_hal_pcd.c ****   {
2094:Drivers/STM32F1xx_HAL_Driver/Src/stm32f1xx_hal_pcd.c ****     fifoemptymsk = (uint32_t)(0x1UL << (epnum & EP_ADDR_MSK));
2095:Drivers/STM32F1xx_HAL_Driver/Src/stm32f1xx_hal_pcd.c ****     USBx_DEVICE->DIEPEMPMSK &= ~fifoemptymsk;
2096:Drivers/STM32F1xx_HAL_Driver/Src/stm32f1xx_hal_pcd.c ****   }
2097:Drivers/STM32F1xx_HAL_Driver/Src/stm32f1xx_hal_pcd.c **** 
2098:Drivers/STM32F1xx_HAL_Driver/Src/stm32f1xx_hal_pcd.c ****   return HAL_OK;
2099:Drivers/STM32F1xx_HAL_Driver/Src/stm32f1xx_hal_pcd.c **** }
2100:Drivers/STM32F1xx_HAL_Driver/Src/stm32f1xx_hal_pcd.c **** 
2101:Drivers/STM32F1xx_HAL_Driver/Src/stm32f1xx_hal_pcd.c **** 
2102:Drivers/STM32F1xx_HAL_Driver/Src/stm32f1xx_hal_pcd.c **** /**
2103:Drivers/STM32F1xx_HAL_Driver/Src/stm32f1xx_hal_pcd.c ****   * @brief  process EP OUT transfer complete interrupt.
2104:Drivers/STM32F1xx_HAL_Driver/Src/stm32f1xx_hal_pcd.c ****   * @param  hpcd PCD handle
2105:Drivers/STM32F1xx_HAL_Driver/Src/stm32f1xx_hal_pcd.c ****   * @param  epnum endpoint number
2106:Drivers/STM32F1xx_HAL_Driver/Src/stm32f1xx_hal_pcd.c ****   * @retval HAL status
2107:Drivers/STM32F1xx_HAL_Driver/Src/stm32f1xx_hal_pcd.c ****   */
2108:Drivers/STM32F1xx_HAL_Driver/Src/stm32f1xx_hal_pcd.c **** static HAL_StatusTypeDef PCD_EP_OutXfrComplete_int(PCD_HandleTypeDef *hpcd, uint32_t epnum)
2109:Drivers/STM32F1xx_HAL_Driver/Src/stm32f1xx_hal_pcd.c **** {
2110:Drivers/STM32F1xx_HAL_Driver/Src/stm32f1xx_hal_pcd.c ****   const USB_OTG_GlobalTypeDef *USBx = hpcd->Instance;
2111:Drivers/STM32F1xx_HAL_Driver/Src/stm32f1xx_hal_pcd.c ****   uint32_t USBx_BASE = (uint32_t)USBx;
2112:Drivers/STM32F1xx_HAL_Driver/Src/stm32f1xx_hal_pcd.c ****   uint32_t gSNPSiD = *(__IO const uint32_t *)(&USBx->CID + 0x1U);
2113:Drivers/STM32F1xx_HAL_Driver/Src/stm32f1xx_hal_pcd.c ****   uint32_t DoepintReg = USBx_OUTEP(epnum)->DOEPINT;
2114:Drivers/STM32F1xx_HAL_Driver/Src/stm32f1xx_hal_pcd.c **** 
2115:Drivers/STM32F1xx_HAL_Driver/Src/stm32f1xx_hal_pcd.c ****   if (gSNPSiD == USB_OTG_CORE_ID_310A)
2116:Drivers/STM32F1xx_HAL_Driver/Src/stm32f1xx_hal_pcd.c ****   {
2117:Drivers/STM32F1xx_HAL_Driver/Src/stm32f1xx_hal_pcd.c ****     /* StupPktRcvd = 1 this is a setup packet */
2118:Drivers/STM32F1xx_HAL_Driver/Src/stm32f1xx_hal_pcd.c ****     if ((DoepintReg & USB_OTG_DOEPINT_STPKTRX) == USB_OTG_DOEPINT_STPKTRX)
2119:Drivers/STM32F1xx_HAL_Driver/Src/stm32f1xx_hal_pcd.c ****     {
2120:Drivers/STM32F1xx_HAL_Driver/Src/stm32f1xx_hal_pcd.c ****       CLEAR_OUT_EP_INTR(epnum, USB_OTG_DOEPINT_STPKTRX);
2121:Drivers/STM32F1xx_HAL_Driver/Src/stm32f1xx_hal_pcd.c ****     }
2122:Drivers/STM32F1xx_HAL_Driver/Src/stm32f1xx_hal_pcd.c ****     else
2123:Drivers/STM32F1xx_HAL_Driver/Src/stm32f1xx_hal_pcd.c ****     {
2124:Drivers/STM32F1xx_HAL_Driver/Src/stm32f1xx_hal_pcd.c ****       if ((DoepintReg & USB_OTG_DOEPINT_OTEPSPR) == USB_OTG_DOEPINT_OTEPSPR)
2125:Drivers/STM32F1xx_HAL_Driver/Src/stm32f1xx_hal_pcd.c ****       {
2126:Drivers/STM32F1xx_HAL_Driver/Src/stm32f1xx_hal_pcd.c ****         CLEAR_OUT_EP_INTR(epnum, USB_OTG_DOEPINT_OTEPSPR);
2127:Drivers/STM32F1xx_HAL_Driver/Src/stm32f1xx_hal_pcd.c ****       }
2128:Drivers/STM32F1xx_HAL_Driver/Src/stm32f1xx_hal_pcd.c **** 
2129:Drivers/STM32F1xx_HAL_Driver/Src/stm32f1xx_hal_pcd.c **** #if (USE_HAL_PCD_REGISTER_CALLBACKS == 1U)
2130:Drivers/STM32F1xx_HAL_Driver/Src/stm32f1xx_hal_pcd.c ****       hpcd->DataOutStageCallback(hpcd, (uint8_t)epnum);
2131:Drivers/STM32F1xx_HAL_Driver/Src/stm32f1xx_hal_pcd.c **** #else
2132:Drivers/STM32F1xx_HAL_Driver/Src/stm32f1xx_hal_pcd.c ****       HAL_PCD_DataOutStageCallback(hpcd, (uint8_t)epnum);
2133:Drivers/STM32F1xx_HAL_Driver/Src/stm32f1xx_hal_pcd.c **** #endif /* USE_HAL_PCD_REGISTER_CALLBACKS */
2134:Drivers/STM32F1xx_HAL_Driver/Src/stm32f1xx_hal_pcd.c ****     }
2135:Drivers/STM32F1xx_HAL_Driver/Src/stm32f1xx_hal_pcd.c ****   }
2136:Drivers/STM32F1xx_HAL_Driver/Src/stm32f1xx_hal_pcd.c ****   else
2137:Drivers/STM32F1xx_HAL_Driver/Src/stm32f1xx_hal_pcd.c ****   {
2138:Drivers/STM32F1xx_HAL_Driver/Src/stm32f1xx_hal_pcd.c **** #if (USE_HAL_PCD_REGISTER_CALLBACKS == 1U)
2139:Drivers/STM32F1xx_HAL_Driver/Src/stm32f1xx_hal_pcd.c ****     hpcd->DataOutStageCallback(hpcd, (uint8_t)epnum);
2140:Drivers/STM32F1xx_HAL_Driver/Src/stm32f1xx_hal_pcd.c **** #else
2141:Drivers/STM32F1xx_HAL_Driver/Src/stm32f1xx_hal_pcd.c ****     HAL_PCD_DataOutStageCallback(hpcd, (uint8_t)epnum);
ARM GAS  C:\Users\jc\AppData\Local\Temp\ccPtFhbx.s 			page 39


2142:Drivers/STM32F1xx_HAL_Driver/Src/stm32f1xx_hal_pcd.c **** #endif /* USE_HAL_PCD_REGISTER_CALLBACKS */
2143:Drivers/STM32F1xx_HAL_Driver/Src/stm32f1xx_hal_pcd.c ****   }
2144:Drivers/STM32F1xx_HAL_Driver/Src/stm32f1xx_hal_pcd.c **** 
2145:Drivers/STM32F1xx_HAL_Driver/Src/stm32f1xx_hal_pcd.c ****   return HAL_OK;
2146:Drivers/STM32F1xx_HAL_Driver/Src/stm32f1xx_hal_pcd.c **** }
2147:Drivers/STM32F1xx_HAL_Driver/Src/stm32f1xx_hal_pcd.c **** 
2148:Drivers/STM32F1xx_HAL_Driver/Src/stm32f1xx_hal_pcd.c **** 
2149:Drivers/STM32F1xx_HAL_Driver/Src/stm32f1xx_hal_pcd.c **** /**
2150:Drivers/STM32F1xx_HAL_Driver/Src/stm32f1xx_hal_pcd.c ****   * @brief  process EP OUT setup packet received interrupt.
2151:Drivers/STM32F1xx_HAL_Driver/Src/stm32f1xx_hal_pcd.c ****   * @param  hpcd PCD handle
2152:Drivers/STM32F1xx_HAL_Driver/Src/stm32f1xx_hal_pcd.c ****   * @param  epnum endpoint number
2153:Drivers/STM32F1xx_HAL_Driver/Src/stm32f1xx_hal_pcd.c ****   * @retval HAL status
2154:Drivers/STM32F1xx_HAL_Driver/Src/stm32f1xx_hal_pcd.c ****   */
2155:Drivers/STM32F1xx_HAL_Driver/Src/stm32f1xx_hal_pcd.c **** static HAL_StatusTypeDef PCD_EP_OutSetupPacket_int(PCD_HandleTypeDef *hpcd, uint32_t epnum)
2156:Drivers/STM32F1xx_HAL_Driver/Src/stm32f1xx_hal_pcd.c **** {
2157:Drivers/STM32F1xx_HAL_Driver/Src/stm32f1xx_hal_pcd.c ****   const USB_OTG_GlobalTypeDef *USBx = hpcd->Instance;
2158:Drivers/STM32F1xx_HAL_Driver/Src/stm32f1xx_hal_pcd.c ****   uint32_t USBx_BASE = (uint32_t)USBx;
2159:Drivers/STM32F1xx_HAL_Driver/Src/stm32f1xx_hal_pcd.c ****   uint32_t gSNPSiD = *(__IO const uint32_t *)(&USBx->CID + 0x1U);
2160:Drivers/STM32F1xx_HAL_Driver/Src/stm32f1xx_hal_pcd.c ****   uint32_t DoepintReg = USBx_OUTEP(epnum)->DOEPINT;
2161:Drivers/STM32F1xx_HAL_Driver/Src/stm32f1xx_hal_pcd.c **** 
2162:Drivers/STM32F1xx_HAL_Driver/Src/stm32f1xx_hal_pcd.c ****   if ((gSNPSiD > USB_OTG_CORE_ID_300A) &&
2163:Drivers/STM32F1xx_HAL_Driver/Src/stm32f1xx_hal_pcd.c ****       ((DoepintReg & USB_OTG_DOEPINT_STPKTRX) == USB_OTG_DOEPINT_STPKTRX))
2164:Drivers/STM32F1xx_HAL_Driver/Src/stm32f1xx_hal_pcd.c ****   {
2165:Drivers/STM32F1xx_HAL_Driver/Src/stm32f1xx_hal_pcd.c ****     CLEAR_OUT_EP_INTR(epnum, USB_OTG_DOEPINT_STPKTRX);
2166:Drivers/STM32F1xx_HAL_Driver/Src/stm32f1xx_hal_pcd.c ****   }
2167:Drivers/STM32F1xx_HAL_Driver/Src/stm32f1xx_hal_pcd.c **** 
2168:Drivers/STM32F1xx_HAL_Driver/Src/stm32f1xx_hal_pcd.c ****   /* Inform the upper layer that a setup packet is available */
2169:Drivers/STM32F1xx_HAL_Driver/Src/stm32f1xx_hal_pcd.c **** #if (USE_HAL_PCD_REGISTER_CALLBACKS == 1U)
2170:Drivers/STM32F1xx_HAL_Driver/Src/stm32f1xx_hal_pcd.c ****   hpcd->SetupStageCallback(hpcd);
2171:Drivers/STM32F1xx_HAL_Driver/Src/stm32f1xx_hal_pcd.c **** #else
2172:Drivers/STM32F1xx_HAL_Driver/Src/stm32f1xx_hal_pcd.c ****   HAL_PCD_SetupStageCallback(hpcd);
2173:Drivers/STM32F1xx_HAL_Driver/Src/stm32f1xx_hal_pcd.c **** #endif /* USE_HAL_PCD_REGISTER_CALLBACKS */
2174:Drivers/STM32F1xx_HAL_Driver/Src/stm32f1xx_hal_pcd.c **** 
2175:Drivers/STM32F1xx_HAL_Driver/Src/stm32f1xx_hal_pcd.c ****   return HAL_OK;
2176:Drivers/STM32F1xx_HAL_Driver/Src/stm32f1xx_hal_pcd.c **** }
2177:Drivers/STM32F1xx_HAL_Driver/Src/stm32f1xx_hal_pcd.c **** #endif /* defined (USB_OTG_FS) */
2178:Drivers/STM32F1xx_HAL_Driver/Src/stm32f1xx_hal_pcd.c **** 
2179:Drivers/STM32F1xx_HAL_Driver/Src/stm32f1xx_hal_pcd.c **** #if defined (USB)
2180:Drivers/STM32F1xx_HAL_Driver/Src/stm32f1xx_hal_pcd.c **** /**
2181:Drivers/STM32F1xx_HAL_Driver/Src/stm32f1xx_hal_pcd.c ****   * @brief  This function handles PCD Endpoint interrupt request.
2182:Drivers/STM32F1xx_HAL_Driver/Src/stm32f1xx_hal_pcd.c ****   * @param  hpcd PCD handle
2183:Drivers/STM32F1xx_HAL_Driver/Src/stm32f1xx_hal_pcd.c ****   * @retval HAL status
2184:Drivers/STM32F1xx_HAL_Driver/Src/stm32f1xx_hal_pcd.c ****   */
2185:Drivers/STM32F1xx_HAL_Driver/Src/stm32f1xx_hal_pcd.c **** static HAL_StatusTypeDef PCD_EP_ISR_Handler(PCD_HandleTypeDef *hpcd)
2186:Drivers/STM32F1xx_HAL_Driver/Src/stm32f1xx_hal_pcd.c **** {
2187:Drivers/STM32F1xx_HAL_Driver/Src/stm32f1xx_hal_pcd.c ****   PCD_EPTypeDef *ep;
2188:Drivers/STM32F1xx_HAL_Driver/Src/stm32f1xx_hal_pcd.c ****   uint16_t count;
2189:Drivers/STM32F1xx_HAL_Driver/Src/stm32f1xx_hal_pcd.c ****   uint16_t wIstr;
2190:Drivers/STM32F1xx_HAL_Driver/Src/stm32f1xx_hal_pcd.c ****   uint16_t wEPVal;
2191:Drivers/STM32F1xx_HAL_Driver/Src/stm32f1xx_hal_pcd.c ****   uint16_t TxPctSize;
2192:Drivers/STM32F1xx_HAL_Driver/Src/stm32f1xx_hal_pcd.c ****   uint8_t epindex;
2193:Drivers/STM32F1xx_HAL_Driver/Src/stm32f1xx_hal_pcd.c **** 
2194:Drivers/STM32F1xx_HAL_Driver/Src/stm32f1xx_hal_pcd.c **** #if (USE_USB_DOUBLE_BUFFER != 1U)
2195:Drivers/STM32F1xx_HAL_Driver/Src/stm32f1xx_hal_pcd.c ****   count = 0U;
2196:Drivers/STM32F1xx_HAL_Driver/Src/stm32f1xx_hal_pcd.c **** #endif /* USE_USB_DOUBLE_BUFFER */
2197:Drivers/STM32F1xx_HAL_Driver/Src/stm32f1xx_hal_pcd.c **** 
2198:Drivers/STM32F1xx_HAL_Driver/Src/stm32f1xx_hal_pcd.c ****   /* stay in loop while pending interrupts */
ARM GAS  C:\Users\jc\AppData\Local\Temp\ccPtFhbx.s 			page 40


2199:Drivers/STM32F1xx_HAL_Driver/Src/stm32f1xx_hal_pcd.c ****   while ((hpcd->Instance->ISTR & USB_ISTR_CTR) != 0U)
2200:Drivers/STM32F1xx_HAL_Driver/Src/stm32f1xx_hal_pcd.c ****   {
2201:Drivers/STM32F1xx_HAL_Driver/Src/stm32f1xx_hal_pcd.c ****     wIstr = hpcd->Instance->ISTR;
2202:Drivers/STM32F1xx_HAL_Driver/Src/stm32f1xx_hal_pcd.c **** 
2203:Drivers/STM32F1xx_HAL_Driver/Src/stm32f1xx_hal_pcd.c ****     /* extract highest priority endpoint number */
2204:Drivers/STM32F1xx_HAL_Driver/Src/stm32f1xx_hal_pcd.c ****     epindex = (uint8_t)(wIstr & USB_ISTR_EP_ID);
2205:Drivers/STM32F1xx_HAL_Driver/Src/stm32f1xx_hal_pcd.c **** 
2206:Drivers/STM32F1xx_HAL_Driver/Src/stm32f1xx_hal_pcd.c ****     if (epindex == 0U)
2207:Drivers/STM32F1xx_HAL_Driver/Src/stm32f1xx_hal_pcd.c ****     {
2208:Drivers/STM32F1xx_HAL_Driver/Src/stm32f1xx_hal_pcd.c ****       /* Decode and service control endpoint interrupt */
2209:Drivers/STM32F1xx_HAL_Driver/Src/stm32f1xx_hal_pcd.c **** 
2210:Drivers/STM32F1xx_HAL_Driver/Src/stm32f1xx_hal_pcd.c ****       /* DIR bit = origin of the interrupt */
2211:Drivers/STM32F1xx_HAL_Driver/Src/stm32f1xx_hal_pcd.c ****       if ((wIstr & USB_ISTR_DIR) == 0U)
2212:Drivers/STM32F1xx_HAL_Driver/Src/stm32f1xx_hal_pcd.c ****       {
2213:Drivers/STM32F1xx_HAL_Driver/Src/stm32f1xx_hal_pcd.c ****         /* DIR = 0 */
2214:Drivers/STM32F1xx_HAL_Driver/Src/stm32f1xx_hal_pcd.c **** 
2215:Drivers/STM32F1xx_HAL_Driver/Src/stm32f1xx_hal_pcd.c ****         /* DIR = 0 => IN  int */
2216:Drivers/STM32F1xx_HAL_Driver/Src/stm32f1xx_hal_pcd.c ****         /* DIR = 0 implies that (EP_CTR_TX = 1) always */
2217:Drivers/STM32F1xx_HAL_Driver/Src/stm32f1xx_hal_pcd.c ****         PCD_CLEAR_TX_EP_CTR(hpcd->Instance, PCD_ENDP0);
2218:Drivers/STM32F1xx_HAL_Driver/Src/stm32f1xx_hal_pcd.c ****         ep = &hpcd->IN_ep[0];
2219:Drivers/STM32F1xx_HAL_Driver/Src/stm32f1xx_hal_pcd.c **** 
2220:Drivers/STM32F1xx_HAL_Driver/Src/stm32f1xx_hal_pcd.c ****         ep->xfer_count = PCD_GET_EP_TX_CNT(hpcd->Instance, ep->num);
2221:Drivers/STM32F1xx_HAL_Driver/Src/stm32f1xx_hal_pcd.c ****         ep->xfer_buff += ep->xfer_count;
2222:Drivers/STM32F1xx_HAL_Driver/Src/stm32f1xx_hal_pcd.c **** 
2223:Drivers/STM32F1xx_HAL_Driver/Src/stm32f1xx_hal_pcd.c ****         /* TX COMPLETE */
2224:Drivers/STM32F1xx_HAL_Driver/Src/stm32f1xx_hal_pcd.c **** #if (USE_HAL_PCD_REGISTER_CALLBACKS == 1U)
2225:Drivers/STM32F1xx_HAL_Driver/Src/stm32f1xx_hal_pcd.c ****         hpcd->DataInStageCallback(hpcd, 0U);
2226:Drivers/STM32F1xx_HAL_Driver/Src/stm32f1xx_hal_pcd.c **** #else
2227:Drivers/STM32F1xx_HAL_Driver/Src/stm32f1xx_hal_pcd.c ****         HAL_PCD_DataInStageCallback(hpcd, 0U);
2228:Drivers/STM32F1xx_HAL_Driver/Src/stm32f1xx_hal_pcd.c **** #endif /* USE_HAL_PCD_REGISTER_CALLBACKS */
2229:Drivers/STM32F1xx_HAL_Driver/Src/stm32f1xx_hal_pcd.c **** 
2230:Drivers/STM32F1xx_HAL_Driver/Src/stm32f1xx_hal_pcd.c ****         if ((hpcd->USB_Address > 0U) && (ep->xfer_len == 0U))
2231:Drivers/STM32F1xx_HAL_Driver/Src/stm32f1xx_hal_pcd.c ****         {
2232:Drivers/STM32F1xx_HAL_Driver/Src/stm32f1xx_hal_pcd.c ****           hpcd->Instance->DADDR = ((uint16_t)hpcd->USB_Address | USB_DADDR_EF);
2233:Drivers/STM32F1xx_HAL_Driver/Src/stm32f1xx_hal_pcd.c ****           hpcd->USB_Address = 0U;
2234:Drivers/STM32F1xx_HAL_Driver/Src/stm32f1xx_hal_pcd.c ****         }
2235:Drivers/STM32F1xx_HAL_Driver/Src/stm32f1xx_hal_pcd.c ****       }
2236:Drivers/STM32F1xx_HAL_Driver/Src/stm32f1xx_hal_pcd.c ****       else
2237:Drivers/STM32F1xx_HAL_Driver/Src/stm32f1xx_hal_pcd.c ****       {
2238:Drivers/STM32F1xx_HAL_Driver/Src/stm32f1xx_hal_pcd.c ****         /* DIR = 1 */
2239:Drivers/STM32F1xx_HAL_Driver/Src/stm32f1xx_hal_pcd.c **** 
2240:Drivers/STM32F1xx_HAL_Driver/Src/stm32f1xx_hal_pcd.c ****         /* DIR = 1 & CTR_RX => SETUP or OUT int */
2241:Drivers/STM32F1xx_HAL_Driver/Src/stm32f1xx_hal_pcd.c ****         /* DIR = 1 & (CTR_TX | CTR_RX) => 2 int pending */
2242:Drivers/STM32F1xx_HAL_Driver/Src/stm32f1xx_hal_pcd.c ****         ep = &hpcd->OUT_ep[0];
2243:Drivers/STM32F1xx_HAL_Driver/Src/stm32f1xx_hal_pcd.c ****         wEPVal = PCD_GET_ENDPOINT(hpcd->Instance, PCD_ENDP0);
2244:Drivers/STM32F1xx_HAL_Driver/Src/stm32f1xx_hal_pcd.c **** 
2245:Drivers/STM32F1xx_HAL_Driver/Src/stm32f1xx_hal_pcd.c ****         if ((wEPVal & USB_EP_SETUP) != 0U)
2246:Drivers/STM32F1xx_HAL_Driver/Src/stm32f1xx_hal_pcd.c ****         {
2247:Drivers/STM32F1xx_HAL_Driver/Src/stm32f1xx_hal_pcd.c ****           /* Get SETUP Packet */
2248:Drivers/STM32F1xx_HAL_Driver/Src/stm32f1xx_hal_pcd.c ****           ep->xfer_count = PCD_GET_EP_RX_CNT(hpcd->Instance, ep->num);
2249:Drivers/STM32F1xx_HAL_Driver/Src/stm32f1xx_hal_pcd.c **** 
2250:Drivers/STM32F1xx_HAL_Driver/Src/stm32f1xx_hal_pcd.c ****           USB_ReadPMA(hpcd->Instance, (uint8_t *)hpcd->Setup,
2251:Drivers/STM32F1xx_HAL_Driver/Src/stm32f1xx_hal_pcd.c ****                       ep->pmaadress, (uint16_t)ep->xfer_count);
2252:Drivers/STM32F1xx_HAL_Driver/Src/stm32f1xx_hal_pcd.c **** 
2253:Drivers/STM32F1xx_HAL_Driver/Src/stm32f1xx_hal_pcd.c ****           /* SETUP bit kept frozen while CTR_RX = 1 */
2254:Drivers/STM32F1xx_HAL_Driver/Src/stm32f1xx_hal_pcd.c ****           PCD_CLEAR_RX_EP_CTR(hpcd->Instance, PCD_ENDP0);
2255:Drivers/STM32F1xx_HAL_Driver/Src/stm32f1xx_hal_pcd.c **** 
ARM GAS  C:\Users\jc\AppData\Local\Temp\ccPtFhbx.s 			page 41


2256:Drivers/STM32F1xx_HAL_Driver/Src/stm32f1xx_hal_pcd.c ****           /* Process SETUP Packet*/
2257:Drivers/STM32F1xx_HAL_Driver/Src/stm32f1xx_hal_pcd.c **** #if (USE_HAL_PCD_REGISTER_CALLBACKS == 1U)
2258:Drivers/STM32F1xx_HAL_Driver/Src/stm32f1xx_hal_pcd.c ****           hpcd->SetupStageCallback(hpcd);
2259:Drivers/STM32F1xx_HAL_Driver/Src/stm32f1xx_hal_pcd.c **** #else
2260:Drivers/STM32F1xx_HAL_Driver/Src/stm32f1xx_hal_pcd.c ****           HAL_PCD_SetupStageCallback(hpcd);
2261:Drivers/STM32F1xx_HAL_Driver/Src/stm32f1xx_hal_pcd.c **** #endif /* USE_HAL_PCD_REGISTER_CALLBACKS */
2262:Drivers/STM32F1xx_HAL_Driver/Src/stm32f1xx_hal_pcd.c ****         }
2263:Drivers/STM32F1xx_HAL_Driver/Src/stm32f1xx_hal_pcd.c ****         else if ((wEPVal & USB_EP_CTR_RX) != 0U)
2264:Drivers/STM32F1xx_HAL_Driver/Src/stm32f1xx_hal_pcd.c ****         {
2265:Drivers/STM32F1xx_HAL_Driver/Src/stm32f1xx_hal_pcd.c ****           PCD_CLEAR_RX_EP_CTR(hpcd->Instance, PCD_ENDP0);
2266:Drivers/STM32F1xx_HAL_Driver/Src/stm32f1xx_hal_pcd.c **** 
2267:Drivers/STM32F1xx_HAL_Driver/Src/stm32f1xx_hal_pcd.c ****           /* Get Control Data OUT Packet */
2268:Drivers/STM32F1xx_HAL_Driver/Src/stm32f1xx_hal_pcd.c ****           ep->xfer_count = PCD_GET_EP_RX_CNT(hpcd->Instance, ep->num);
2269:Drivers/STM32F1xx_HAL_Driver/Src/stm32f1xx_hal_pcd.c **** 
2270:Drivers/STM32F1xx_HAL_Driver/Src/stm32f1xx_hal_pcd.c ****           if ((ep->xfer_count != 0U) && (ep->xfer_buff != 0U))
2271:Drivers/STM32F1xx_HAL_Driver/Src/stm32f1xx_hal_pcd.c ****           {
2272:Drivers/STM32F1xx_HAL_Driver/Src/stm32f1xx_hal_pcd.c ****             USB_ReadPMA(hpcd->Instance, ep->xfer_buff,
2273:Drivers/STM32F1xx_HAL_Driver/Src/stm32f1xx_hal_pcd.c ****                         ep->pmaadress, (uint16_t)ep->xfer_count);
2274:Drivers/STM32F1xx_HAL_Driver/Src/stm32f1xx_hal_pcd.c **** 
2275:Drivers/STM32F1xx_HAL_Driver/Src/stm32f1xx_hal_pcd.c ****             ep->xfer_buff += ep->xfer_count;
2276:Drivers/STM32F1xx_HAL_Driver/Src/stm32f1xx_hal_pcd.c **** 
2277:Drivers/STM32F1xx_HAL_Driver/Src/stm32f1xx_hal_pcd.c ****             /* Process Control Data OUT Packet */
2278:Drivers/STM32F1xx_HAL_Driver/Src/stm32f1xx_hal_pcd.c **** #if (USE_HAL_PCD_REGISTER_CALLBACKS == 1U)
2279:Drivers/STM32F1xx_HAL_Driver/Src/stm32f1xx_hal_pcd.c ****             hpcd->DataOutStageCallback(hpcd, 0U);
2280:Drivers/STM32F1xx_HAL_Driver/Src/stm32f1xx_hal_pcd.c **** #else
2281:Drivers/STM32F1xx_HAL_Driver/Src/stm32f1xx_hal_pcd.c ****             HAL_PCD_DataOutStageCallback(hpcd, 0U);
2282:Drivers/STM32F1xx_HAL_Driver/Src/stm32f1xx_hal_pcd.c **** #endif /* USE_HAL_PCD_REGISTER_CALLBACKS */
2283:Drivers/STM32F1xx_HAL_Driver/Src/stm32f1xx_hal_pcd.c ****           }
2284:Drivers/STM32F1xx_HAL_Driver/Src/stm32f1xx_hal_pcd.c **** 
2285:Drivers/STM32F1xx_HAL_Driver/Src/stm32f1xx_hal_pcd.c ****           wEPVal = (uint16_t)PCD_GET_ENDPOINT(hpcd->Instance, PCD_ENDP0);
2286:Drivers/STM32F1xx_HAL_Driver/Src/stm32f1xx_hal_pcd.c **** 
2287:Drivers/STM32F1xx_HAL_Driver/Src/stm32f1xx_hal_pcd.c ****           if (((wEPVal & USB_EP_SETUP) == 0U) && ((wEPVal & USB_EP_RX_STRX) != USB_EP_RX_VALID))
2288:Drivers/STM32F1xx_HAL_Driver/Src/stm32f1xx_hal_pcd.c ****           {
2289:Drivers/STM32F1xx_HAL_Driver/Src/stm32f1xx_hal_pcd.c ****             PCD_SET_EP_RX_CNT(hpcd->Instance, PCD_ENDP0, ep->maxpacket);
2290:Drivers/STM32F1xx_HAL_Driver/Src/stm32f1xx_hal_pcd.c ****             PCD_SET_EP_RX_STATUS(hpcd->Instance, PCD_ENDP0, USB_EP_RX_VALID);
2291:Drivers/STM32F1xx_HAL_Driver/Src/stm32f1xx_hal_pcd.c ****           }
2292:Drivers/STM32F1xx_HAL_Driver/Src/stm32f1xx_hal_pcd.c ****         }
2293:Drivers/STM32F1xx_HAL_Driver/Src/stm32f1xx_hal_pcd.c ****       }
2294:Drivers/STM32F1xx_HAL_Driver/Src/stm32f1xx_hal_pcd.c ****     }
2295:Drivers/STM32F1xx_HAL_Driver/Src/stm32f1xx_hal_pcd.c ****     else
2296:Drivers/STM32F1xx_HAL_Driver/Src/stm32f1xx_hal_pcd.c ****     {
2297:Drivers/STM32F1xx_HAL_Driver/Src/stm32f1xx_hal_pcd.c ****       /* Decode and service non control endpoints interrupt */
2298:Drivers/STM32F1xx_HAL_Driver/Src/stm32f1xx_hal_pcd.c ****       /* process related endpoint register */
2299:Drivers/STM32F1xx_HAL_Driver/Src/stm32f1xx_hal_pcd.c ****       wEPVal = PCD_GET_ENDPOINT(hpcd->Instance, epindex);
2300:Drivers/STM32F1xx_HAL_Driver/Src/stm32f1xx_hal_pcd.c **** 
2301:Drivers/STM32F1xx_HAL_Driver/Src/stm32f1xx_hal_pcd.c ****       if ((wEPVal & USB_EP_CTR_RX) != 0U)
2302:Drivers/STM32F1xx_HAL_Driver/Src/stm32f1xx_hal_pcd.c ****       {
2303:Drivers/STM32F1xx_HAL_Driver/Src/stm32f1xx_hal_pcd.c ****         /* clear int flag */
2304:Drivers/STM32F1xx_HAL_Driver/Src/stm32f1xx_hal_pcd.c ****         PCD_CLEAR_RX_EP_CTR(hpcd->Instance, epindex);
2305:Drivers/STM32F1xx_HAL_Driver/Src/stm32f1xx_hal_pcd.c ****         ep = &hpcd->OUT_ep[epindex];
2306:Drivers/STM32F1xx_HAL_Driver/Src/stm32f1xx_hal_pcd.c **** 
2307:Drivers/STM32F1xx_HAL_Driver/Src/stm32f1xx_hal_pcd.c ****         /* OUT Single Buffering */
2308:Drivers/STM32F1xx_HAL_Driver/Src/stm32f1xx_hal_pcd.c ****         if (ep->doublebuffer == 0U)
2309:Drivers/STM32F1xx_HAL_Driver/Src/stm32f1xx_hal_pcd.c ****         {
2310:Drivers/STM32F1xx_HAL_Driver/Src/stm32f1xx_hal_pcd.c ****           count = (uint16_t)PCD_GET_EP_RX_CNT(hpcd->Instance, ep->num);
2311:Drivers/STM32F1xx_HAL_Driver/Src/stm32f1xx_hal_pcd.c **** 
2312:Drivers/STM32F1xx_HAL_Driver/Src/stm32f1xx_hal_pcd.c ****           if (count != 0U)
ARM GAS  C:\Users\jc\AppData\Local\Temp\ccPtFhbx.s 			page 42


2313:Drivers/STM32F1xx_HAL_Driver/Src/stm32f1xx_hal_pcd.c ****           {
2314:Drivers/STM32F1xx_HAL_Driver/Src/stm32f1xx_hal_pcd.c ****             USB_ReadPMA(hpcd->Instance, ep->xfer_buff, ep->pmaadress, count);
2315:Drivers/STM32F1xx_HAL_Driver/Src/stm32f1xx_hal_pcd.c ****           }
2316:Drivers/STM32F1xx_HAL_Driver/Src/stm32f1xx_hal_pcd.c ****         }
2317:Drivers/STM32F1xx_HAL_Driver/Src/stm32f1xx_hal_pcd.c **** #if (USE_USB_DOUBLE_BUFFER == 1U)
2318:Drivers/STM32F1xx_HAL_Driver/Src/stm32f1xx_hal_pcd.c ****         else
2319:Drivers/STM32F1xx_HAL_Driver/Src/stm32f1xx_hal_pcd.c ****         {
2320:Drivers/STM32F1xx_HAL_Driver/Src/stm32f1xx_hal_pcd.c ****           /* manage double buffer bulk out */
2321:Drivers/STM32F1xx_HAL_Driver/Src/stm32f1xx_hal_pcd.c ****           if (ep->type == EP_TYPE_BULK)
2322:Drivers/STM32F1xx_HAL_Driver/Src/stm32f1xx_hal_pcd.c ****           {
2323:Drivers/STM32F1xx_HAL_Driver/Src/stm32f1xx_hal_pcd.c ****             count = HAL_PCD_EP_DB_Receive(hpcd, ep, wEPVal);
2324:Drivers/STM32F1xx_HAL_Driver/Src/stm32f1xx_hal_pcd.c ****           }
2325:Drivers/STM32F1xx_HAL_Driver/Src/stm32f1xx_hal_pcd.c ****           else /* manage double buffer iso out */
2326:Drivers/STM32F1xx_HAL_Driver/Src/stm32f1xx_hal_pcd.c ****           {
2327:Drivers/STM32F1xx_HAL_Driver/Src/stm32f1xx_hal_pcd.c ****             /* free EP OUT Buffer */
2328:Drivers/STM32F1xx_HAL_Driver/Src/stm32f1xx_hal_pcd.c ****             PCD_FREE_USER_BUFFER(hpcd->Instance, ep->num, 0U);
2329:Drivers/STM32F1xx_HAL_Driver/Src/stm32f1xx_hal_pcd.c **** 
2330:Drivers/STM32F1xx_HAL_Driver/Src/stm32f1xx_hal_pcd.c ****             if ((PCD_GET_ENDPOINT(hpcd->Instance, ep->num) & USB_EP_DTOG_RX) != 0U)
2331:Drivers/STM32F1xx_HAL_Driver/Src/stm32f1xx_hal_pcd.c ****             {
2332:Drivers/STM32F1xx_HAL_Driver/Src/stm32f1xx_hal_pcd.c ****               /* read from endpoint BUF0Addr buffer */
2333:Drivers/STM32F1xx_HAL_Driver/Src/stm32f1xx_hal_pcd.c ****               count = (uint16_t)PCD_GET_EP_DBUF0_CNT(hpcd->Instance, ep->num);
2334:Drivers/STM32F1xx_HAL_Driver/Src/stm32f1xx_hal_pcd.c **** 
2335:Drivers/STM32F1xx_HAL_Driver/Src/stm32f1xx_hal_pcd.c ****               if (count != 0U)
2336:Drivers/STM32F1xx_HAL_Driver/Src/stm32f1xx_hal_pcd.c ****               {
2337:Drivers/STM32F1xx_HAL_Driver/Src/stm32f1xx_hal_pcd.c ****                 USB_ReadPMA(hpcd->Instance, ep->xfer_buff, ep->pmaaddr0, count);
2338:Drivers/STM32F1xx_HAL_Driver/Src/stm32f1xx_hal_pcd.c ****               }
2339:Drivers/STM32F1xx_HAL_Driver/Src/stm32f1xx_hal_pcd.c ****             }
2340:Drivers/STM32F1xx_HAL_Driver/Src/stm32f1xx_hal_pcd.c ****             else
2341:Drivers/STM32F1xx_HAL_Driver/Src/stm32f1xx_hal_pcd.c ****             {
2342:Drivers/STM32F1xx_HAL_Driver/Src/stm32f1xx_hal_pcd.c ****               /* read from endpoint BUF1Addr buffer */
2343:Drivers/STM32F1xx_HAL_Driver/Src/stm32f1xx_hal_pcd.c ****               count = (uint16_t)PCD_GET_EP_DBUF1_CNT(hpcd->Instance, ep->num);
2344:Drivers/STM32F1xx_HAL_Driver/Src/stm32f1xx_hal_pcd.c **** 
2345:Drivers/STM32F1xx_HAL_Driver/Src/stm32f1xx_hal_pcd.c ****               if (count != 0U)
2346:Drivers/STM32F1xx_HAL_Driver/Src/stm32f1xx_hal_pcd.c ****               {
2347:Drivers/STM32F1xx_HAL_Driver/Src/stm32f1xx_hal_pcd.c ****                 USB_ReadPMA(hpcd->Instance, ep->xfer_buff, ep->pmaaddr1, count);
2348:Drivers/STM32F1xx_HAL_Driver/Src/stm32f1xx_hal_pcd.c ****               }
2349:Drivers/STM32F1xx_HAL_Driver/Src/stm32f1xx_hal_pcd.c ****             }
2350:Drivers/STM32F1xx_HAL_Driver/Src/stm32f1xx_hal_pcd.c ****           }
2351:Drivers/STM32F1xx_HAL_Driver/Src/stm32f1xx_hal_pcd.c ****         }
2352:Drivers/STM32F1xx_HAL_Driver/Src/stm32f1xx_hal_pcd.c **** #endif /* (USE_USB_DOUBLE_BUFFER == 1U) */
2353:Drivers/STM32F1xx_HAL_Driver/Src/stm32f1xx_hal_pcd.c **** 
2354:Drivers/STM32F1xx_HAL_Driver/Src/stm32f1xx_hal_pcd.c ****         /* multi-packet on the NON control OUT endpoint */
2355:Drivers/STM32F1xx_HAL_Driver/Src/stm32f1xx_hal_pcd.c ****         ep->xfer_count += count;
2356:Drivers/STM32F1xx_HAL_Driver/Src/stm32f1xx_hal_pcd.c ****         ep->xfer_buff += count;
2357:Drivers/STM32F1xx_HAL_Driver/Src/stm32f1xx_hal_pcd.c **** 
2358:Drivers/STM32F1xx_HAL_Driver/Src/stm32f1xx_hal_pcd.c ****         if ((ep->xfer_len == 0U) || (count < ep->maxpacket))
2359:Drivers/STM32F1xx_HAL_Driver/Src/stm32f1xx_hal_pcd.c ****         {
2360:Drivers/STM32F1xx_HAL_Driver/Src/stm32f1xx_hal_pcd.c ****           /* RX COMPLETE */
2361:Drivers/STM32F1xx_HAL_Driver/Src/stm32f1xx_hal_pcd.c **** #if (USE_HAL_PCD_REGISTER_CALLBACKS == 1U)
2362:Drivers/STM32F1xx_HAL_Driver/Src/stm32f1xx_hal_pcd.c ****           hpcd->DataOutStageCallback(hpcd, ep->num);
2363:Drivers/STM32F1xx_HAL_Driver/Src/stm32f1xx_hal_pcd.c **** #else
2364:Drivers/STM32F1xx_HAL_Driver/Src/stm32f1xx_hal_pcd.c ****           HAL_PCD_DataOutStageCallback(hpcd, ep->num);
2365:Drivers/STM32F1xx_HAL_Driver/Src/stm32f1xx_hal_pcd.c **** #endif /* USE_HAL_PCD_REGISTER_CALLBACKS */
2366:Drivers/STM32F1xx_HAL_Driver/Src/stm32f1xx_hal_pcd.c ****         }
2367:Drivers/STM32F1xx_HAL_Driver/Src/stm32f1xx_hal_pcd.c ****         else
2368:Drivers/STM32F1xx_HAL_Driver/Src/stm32f1xx_hal_pcd.c ****         {
2369:Drivers/STM32F1xx_HAL_Driver/Src/stm32f1xx_hal_pcd.c ****           (void)USB_EPStartXfer(hpcd->Instance, ep);
ARM GAS  C:\Users\jc\AppData\Local\Temp\ccPtFhbx.s 			page 43


2370:Drivers/STM32F1xx_HAL_Driver/Src/stm32f1xx_hal_pcd.c ****         }
2371:Drivers/STM32F1xx_HAL_Driver/Src/stm32f1xx_hal_pcd.c ****       }
2372:Drivers/STM32F1xx_HAL_Driver/Src/stm32f1xx_hal_pcd.c **** 
2373:Drivers/STM32F1xx_HAL_Driver/Src/stm32f1xx_hal_pcd.c ****       if ((wEPVal & USB_EP_CTR_TX) != 0U)
2374:Drivers/STM32F1xx_HAL_Driver/Src/stm32f1xx_hal_pcd.c ****       {
2375:Drivers/STM32F1xx_HAL_Driver/Src/stm32f1xx_hal_pcd.c ****         ep = &hpcd->IN_ep[epindex];
2376:Drivers/STM32F1xx_HAL_Driver/Src/stm32f1xx_hal_pcd.c **** 
2377:Drivers/STM32F1xx_HAL_Driver/Src/stm32f1xx_hal_pcd.c ****         /* clear int flag */
2378:Drivers/STM32F1xx_HAL_Driver/Src/stm32f1xx_hal_pcd.c ****         PCD_CLEAR_TX_EP_CTR(hpcd->Instance, epindex);
2379:Drivers/STM32F1xx_HAL_Driver/Src/stm32f1xx_hal_pcd.c **** 
2380:Drivers/STM32F1xx_HAL_Driver/Src/stm32f1xx_hal_pcd.c ****         if (ep->type == EP_TYPE_ISOC)
2381:Drivers/STM32F1xx_HAL_Driver/Src/stm32f1xx_hal_pcd.c ****         {
2382:Drivers/STM32F1xx_HAL_Driver/Src/stm32f1xx_hal_pcd.c ****           ep->xfer_len = 0U;
2383:Drivers/STM32F1xx_HAL_Driver/Src/stm32f1xx_hal_pcd.c **** 
2384:Drivers/STM32F1xx_HAL_Driver/Src/stm32f1xx_hal_pcd.c **** #if (USE_USB_DOUBLE_BUFFER == 1U)
2385:Drivers/STM32F1xx_HAL_Driver/Src/stm32f1xx_hal_pcd.c ****           if (ep->doublebuffer != 0U)
2386:Drivers/STM32F1xx_HAL_Driver/Src/stm32f1xx_hal_pcd.c ****           {
2387:Drivers/STM32F1xx_HAL_Driver/Src/stm32f1xx_hal_pcd.c ****             if ((wEPVal & USB_EP_DTOG_TX) != 0U)
2388:Drivers/STM32F1xx_HAL_Driver/Src/stm32f1xx_hal_pcd.c ****             {
2389:Drivers/STM32F1xx_HAL_Driver/Src/stm32f1xx_hal_pcd.c ****               PCD_SET_EP_DBUF0_CNT(hpcd->Instance, ep->num, ep->is_in, 0U);
2390:Drivers/STM32F1xx_HAL_Driver/Src/stm32f1xx_hal_pcd.c ****             }
2391:Drivers/STM32F1xx_HAL_Driver/Src/stm32f1xx_hal_pcd.c ****             else
2392:Drivers/STM32F1xx_HAL_Driver/Src/stm32f1xx_hal_pcd.c ****             {
2393:Drivers/STM32F1xx_HAL_Driver/Src/stm32f1xx_hal_pcd.c ****               PCD_SET_EP_DBUF1_CNT(hpcd->Instance, ep->num, ep->is_in, 0U);
2394:Drivers/STM32F1xx_HAL_Driver/Src/stm32f1xx_hal_pcd.c ****             }
2395:Drivers/STM32F1xx_HAL_Driver/Src/stm32f1xx_hal_pcd.c ****           }
2396:Drivers/STM32F1xx_HAL_Driver/Src/stm32f1xx_hal_pcd.c **** #endif /* (USE_USB_DOUBLE_BUFFER == 1U) */
2397:Drivers/STM32F1xx_HAL_Driver/Src/stm32f1xx_hal_pcd.c **** 
2398:Drivers/STM32F1xx_HAL_Driver/Src/stm32f1xx_hal_pcd.c ****           /* TX COMPLETE */
2399:Drivers/STM32F1xx_HAL_Driver/Src/stm32f1xx_hal_pcd.c **** #if (USE_HAL_PCD_REGISTER_CALLBACKS == 1U)
2400:Drivers/STM32F1xx_HAL_Driver/Src/stm32f1xx_hal_pcd.c ****           hpcd->DataInStageCallback(hpcd, ep->num);
2401:Drivers/STM32F1xx_HAL_Driver/Src/stm32f1xx_hal_pcd.c **** #else
2402:Drivers/STM32F1xx_HAL_Driver/Src/stm32f1xx_hal_pcd.c ****           HAL_PCD_DataInStageCallback(hpcd, ep->num);
2403:Drivers/STM32F1xx_HAL_Driver/Src/stm32f1xx_hal_pcd.c **** #endif /* USE_HAL_PCD_REGISTER_CALLBACKS */
2404:Drivers/STM32F1xx_HAL_Driver/Src/stm32f1xx_hal_pcd.c ****         }
2405:Drivers/STM32F1xx_HAL_Driver/Src/stm32f1xx_hal_pcd.c ****         else
2406:Drivers/STM32F1xx_HAL_Driver/Src/stm32f1xx_hal_pcd.c ****         {
2407:Drivers/STM32F1xx_HAL_Driver/Src/stm32f1xx_hal_pcd.c ****           /* Manage Single Buffer Transaction */
2408:Drivers/STM32F1xx_HAL_Driver/Src/stm32f1xx_hal_pcd.c ****           if ((wEPVal & USB_EP_KIND) == 0U)
2409:Drivers/STM32F1xx_HAL_Driver/Src/stm32f1xx_hal_pcd.c ****           {
2410:Drivers/STM32F1xx_HAL_Driver/Src/stm32f1xx_hal_pcd.c ****             /* multi-packet on the NON control IN endpoint */
2411:Drivers/STM32F1xx_HAL_Driver/Src/stm32f1xx_hal_pcd.c ****             TxPctSize = (uint16_t)PCD_GET_EP_TX_CNT(hpcd->Instance, ep->num);
2412:Drivers/STM32F1xx_HAL_Driver/Src/stm32f1xx_hal_pcd.c **** 
2413:Drivers/STM32F1xx_HAL_Driver/Src/stm32f1xx_hal_pcd.c ****             if (ep->xfer_len > TxPctSize)
2414:Drivers/STM32F1xx_HAL_Driver/Src/stm32f1xx_hal_pcd.c ****             {
2415:Drivers/STM32F1xx_HAL_Driver/Src/stm32f1xx_hal_pcd.c ****               ep->xfer_len -= TxPctSize;
2416:Drivers/STM32F1xx_HAL_Driver/Src/stm32f1xx_hal_pcd.c ****             }
2417:Drivers/STM32F1xx_HAL_Driver/Src/stm32f1xx_hal_pcd.c ****             else
2418:Drivers/STM32F1xx_HAL_Driver/Src/stm32f1xx_hal_pcd.c ****             {
2419:Drivers/STM32F1xx_HAL_Driver/Src/stm32f1xx_hal_pcd.c ****               ep->xfer_len = 0U;
2420:Drivers/STM32F1xx_HAL_Driver/Src/stm32f1xx_hal_pcd.c ****             }
2421:Drivers/STM32F1xx_HAL_Driver/Src/stm32f1xx_hal_pcd.c **** 
2422:Drivers/STM32F1xx_HAL_Driver/Src/stm32f1xx_hal_pcd.c ****             /* Zero Length Packet? */
2423:Drivers/STM32F1xx_HAL_Driver/Src/stm32f1xx_hal_pcd.c ****             if (ep->xfer_len == 0U)
2424:Drivers/STM32F1xx_HAL_Driver/Src/stm32f1xx_hal_pcd.c ****             {
2425:Drivers/STM32F1xx_HAL_Driver/Src/stm32f1xx_hal_pcd.c ****               /* TX COMPLETE */
2426:Drivers/STM32F1xx_HAL_Driver/Src/stm32f1xx_hal_pcd.c **** #if (USE_HAL_PCD_REGISTER_CALLBACKS == 1U)
ARM GAS  C:\Users\jc\AppData\Local\Temp\ccPtFhbx.s 			page 44


2427:Drivers/STM32F1xx_HAL_Driver/Src/stm32f1xx_hal_pcd.c ****               hpcd->DataInStageCallback(hpcd, ep->num);
2428:Drivers/STM32F1xx_HAL_Driver/Src/stm32f1xx_hal_pcd.c **** #else
2429:Drivers/STM32F1xx_HAL_Driver/Src/stm32f1xx_hal_pcd.c ****               HAL_PCD_DataInStageCallback(hpcd, ep->num);
2430:Drivers/STM32F1xx_HAL_Driver/Src/stm32f1xx_hal_pcd.c **** #endif /* USE_HAL_PCD_REGISTER_CALLBACKS */
2431:Drivers/STM32F1xx_HAL_Driver/Src/stm32f1xx_hal_pcd.c ****             }
2432:Drivers/STM32F1xx_HAL_Driver/Src/stm32f1xx_hal_pcd.c ****             else
2433:Drivers/STM32F1xx_HAL_Driver/Src/stm32f1xx_hal_pcd.c ****             {
2434:Drivers/STM32F1xx_HAL_Driver/Src/stm32f1xx_hal_pcd.c ****               /* Transfer is not yet Done */
2435:Drivers/STM32F1xx_HAL_Driver/Src/stm32f1xx_hal_pcd.c ****               ep->xfer_buff += TxPctSize;
2436:Drivers/STM32F1xx_HAL_Driver/Src/stm32f1xx_hal_pcd.c ****               ep->xfer_count += TxPctSize;
2437:Drivers/STM32F1xx_HAL_Driver/Src/stm32f1xx_hal_pcd.c ****               (void)USB_EPStartXfer(hpcd->Instance, ep);
2438:Drivers/STM32F1xx_HAL_Driver/Src/stm32f1xx_hal_pcd.c ****             }
2439:Drivers/STM32F1xx_HAL_Driver/Src/stm32f1xx_hal_pcd.c ****           }
2440:Drivers/STM32F1xx_HAL_Driver/Src/stm32f1xx_hal_pcd.c **** #if (USE_USB_DOUBLE_BUFFER == 1U)
2441:Drivers/STM32F1xx_HAL_Driver/Src/stm32f1xx_hal_pcd.c ****           /* Double Buffer bulk IN (bulk transfer Len > Ep_Mps) */
2442:Drivers/STM32F1xx_HAL_Driver/Src/stm32f1xx_hal_pcd.c ****           else
2443:Drivers/STM32F1xx_HAL_Driver/Src/stm32f1xx_hal_pcd.c ****           {
2444:Drivers/STM32F1xx_HAL_Driver/Src/stm32f1xx_hal_pcd.c ****             (void)HAL_PCD_EP_DB_Transmit(hpcd, ep, wEPVal);
2445:Drivers/STM32F1xx_HAL_Driver/Src/stm32f1xx_hal_pcd.c ****           }
2446:Drivers/STM32F1xx_HAL_Driver/Src/stm32f1xx_hal_pcd.c **** #endif /* (USE_USB_DOUBLE_BUFFER == 1U) */
2447:Drivers/STM32F1xx_HAL_Driver/Src/stm32f1xx_hal_pcd.c ****         }
2448:Drivers/STM32F1xx_HAL_Driver/Src/stm32f1xx_hal_pcd.c ****       }
2449:Drivers/STM32F1xx_HAL_Driver/Src/stm32f1xx_hal_pcd.c ****     }
2450:Drivers/STM32F1xx_HAL_Driver/Src/stm32f1xx_hal_pcd.c ****   }
2451:Drivers/STM32F1xx_HAL_Driver/Src/stm32f1xx_hal_pcd.c **** 
2452:Drivers/STM32F1xx_HAL_Driver/Src/stm32f1xx_hal_pcd.c ****   return HAL_OK;
2453:Drivers/STM32F1xx_HAL_Driver/Src/stm32f1xx_hal_pcd.c **** }
2454:Drivers/STM32F1xx_HAL_Driver/Src/stm32f1xx_hal_pcd.c **** 
2455:Drivers/STM32F1xx_HAL_Driver/Src/stm32f1xx_hal_pcd.c **** 
2456:Drivers/STM32F1xx_HAL_Driver/Src/stm32f1xx_hal_pcd.c **** #if (USE_USB_DOUBLE_BUFFER == 1U)
2457:Drivers/STM32F1xx_HAL_Driver/Src/stm32f1xx_hal_pcd.c **** /**
2458:Drivers/STM32F1xx_HAL_Driver/Src/stm32f1xx_hal_pcd.c ****   * @brief  Manage double buffer bulk out transaction from ISR
2459:Drivers/STM32F1xx_HAL_Driver/Src/stm32f1xx_hal_pcd.c ****   * @param  hpcd PCD handle
2460:Drivers/STM32F1xx_HAL_Driver/Src/stm32f1xx_hal_pcd.c ****   * @param  ep current endpoint handle
2461:Drivers/STM32F1xx_HAL_Driver/Src/stm32f1xx_hal_pcd.c ****   * @param  wEPVal Last snapshot of EPRx register value taken in ISR
2462:Drivers/STM32F1xx_HAL_Driver/Src/stm32f1xx_hal_pcd.c ****   * @retval HAL status
2463:Drivers/STM32F1xx_HAL_Driver/Src/stm32f1xx_hal_pcd.c ****   */
2464:Drivers/STM32F1xx_HAL_Driver/Src/stm32f1xx_hal_pcd.c **** static uint16_t HAL_PCD_EP_DB_Receive(PCD_HandleTypeDef *hpcd,
2465:Drivers/STM32F1xx_HAL_Driver/Src/stm32f1xx_hal_pcd.c ****                                       PCD_EPTypeDef *ep, uint16_t wEPVal)
2466:Drivers/STM32F1xx_HAL_Driver/Src/stm32f1xx_hal_pcd.c **** {
  27              		.loc 1 2466 1 view -0
  28              		.cfi_startproc
  29              		@ args = 0, pretend = 0, frame = 0
  30              		@ frame_needed = 0, uses_anonymous_args = 0
  31              		.loc 1 2466 1 is_stmt 0 view .LVU1
  32 0000 38B5     		push	{r3, r4, r5, lr}
  33              		.cfi_def_cfa_offset 16
  34              		.cfi_offset 3, -16
  35              		.cfi_offset 4, -12
  36              		.cfi_offset 5, -8
  37              		.cfi_offset 14, -4
2467:Drivers/STM32F1xx_HAL_Driver/Src/stm32f1xx_hal_pcd.c ****   uint16_t count;
  38              		.loc 1 2467 3 is_stmt 1 view .LVU2
2468:Drivers/STM32F1xx_HAL_Driver/Src/stm32f1xx_hal_pcd.c **** 
2469:Drivers/STM32F1xx_HAL_Driver/Src/stm32f1xx_hal_pcd.c ****   /* Manage Buffer0 OUT */
2470:Drivers/STM32F1xx_HAL_Driver/Src/stm32f1xx_hal_pcd.c ****   if ((wEPVal & USB_EP_DTOG_RX) != 0U)
  39              		.loc 1 2470 3 view .LVU3
ARM GAS  C:\Users\jc\AppData\Local\Temp\ccPtFhbx.s 			page 45


  40              		.loc 1 2470 6 is_stmt 0 view .LVU4
  41 0002 12F4804F 		tst	r2, #16384
  42 0006 44D0     		beq	.L2
2471:Drivers/STM32F1xx_HAL_Driver/Src/stm32f1xx_hal_pcd.c ****   {
2472:Drivers/STM32F1xx_HAL_Driver/Src/stm32f1xx_hal_pcd.c ****     /* Get count of received Data on buffer0 */
2473:Drivers/STM32F1xx_HAL_Driver/Src/stm32f1xx_hal_pcd.c ****     count = (uint16_t)PCD_GET_EP_DBUF0_CNT(hpcd->Instance, ep->num);
  43              		.loc 1 2473 5 is_stmt 1 view .LVU5
  44              		.loc 1 2473 23 is_stmt 0 view .LVU6
  45 0008 0468     		ldr	r4, [r0]
  46 000a B4F85030 		ldrh	r3, [r4, #80]
  47 000e 9BB2     		uxth	r3, r3
  48 0010 91F800C0 		ldrb	ip, [r1]	@ zero_extendqisi2
  49 0014 03EBCC03 		add	r3, r3, ip, lsl #3
  50 0018 0233     		adds	r3, r3, #2
  51 001a 04EB4304 		add	r4, r4, r3, lsl #1
  52 001e B4F80044 		ldrh	r4, [r4, #1024]
  53              		.loc 1 2473 11 view .LVU7
  54 0022 C4F30904 		ubfx	r4, r4, #0, #10
  55              	.LVL1:
2474:Drivers/STM32F1xx_HAL_Driver/Src/stm32f1xx_hal_pcd.c **** 
2475:Drivers/STM32F1xx_HAL_Driver/Src/stm32f1xx_hal_pcd.c ****     if (ep->xfer_len >= count)
  56              		.loc 1 2475 5 is_stmt 1 view .LVU8
  57              		.loc 1 2475 11 is_stmt 0 view .LVU9
  58 0026 8B69     		ldr	r3, [r1, #24]
  59              		.loc 1 2475 8 view .LVU10
  60 0028 A342     		cmp	r3, r4
  61 002a 28D3     		bcc	.L3
2476:Drivers/STM32F1xx_HAL_Driver/Src/stm32f1xx_hal_pcd.c ****     {
2477:Drivers/STM32F1xx_HAL_Driver/Src/stm32f1xx_hal_pcd.c ****       ep->xfer_len -= count;
  62              		.loc 1 2477 7 is_stmt 1 view .LVU11
  63              		.loc 1 2477 20 is_stmt 0 view .LVU12
  64 002c 1B1B     		subs	r3, r3, r4
  65 002e 8B61     		str	r3, [r1, #24]
  66              	.L4:
2478:Drivers/STM32F1xx_HAL_Driver/Src/stm32f1xx_hal_pcd.c ****     }
2479:Drivers/STM32F1xx_HAL_Driver/Src/stm32f1xx_hal_pcd.c ****     else
2480:Drivers/STM32F1xx_HAL_Driver/Src/stm32f1xx_hal_pcd.c ****     {
2481:Drivers/STM32F1xx_HAL_Driver/Src/stm32f1xx_hal_pcd.c ****       ep->xfer_len = 0U;
2482:Drivers/STM32F1xx_HAL_Driver/Src/stm32f1xx_hal_pcd.c ****     }
2483:Drivers/STM32F1xx_HAL_Driver/Src/stm32f1xx_hal_pcd.c **** 
2484:Drivers/STM32F1xx_HAL_Driver/Src/stm32f1xx_hal_pcd.c ****     if (ep->xfer_len == 0U)
  67              		.loc 1 2484 5 is_stmt 1 view .LVU13
  68              		.loc 1 2484 11 is_stmt 0 view .LVU14
  69 0030 8B69     		ldr	r3, [r1, #24]
  70              		.loc 1 2484 8 view .LVU15
  71 0032 7BB9     		cbnz	r3, .L5
2485:Drivers/STM32F1xx_HAL_Driver/Src/stm32f1xx_hal_pcd.c ****     {
2486:Drivers/STM32F1xx_HAL_Driver/Src/stm32f1xx_hal_pcd.c ****       /* set NAK to OUT endpoint since double buffer is enabled */
2487:Drivers/STM32F1xx_HAL_Driver/Src/stm32f1xx_hal_pcd.c ****       PCD_SET_EP_RX_STATUS(hpcd->Instance, ep->num, USB_EP_RX_NAK);
  72              		.loc 1 2487 7 is_stmt 1 view .LVU16
  73              	.LBB2:
  74              		.loc 1 2487 7 view .LVU17
  75              		.loc 1 2487 7 view .LVU18
  76 0034 0568     		ldr	r5, [r0]
  77 0036 35F82C30 		ldrh	r3, [r5, ip, lsl #2]
  78 003a 9BB2     		uxth	r3, r3
  79 003c 23F48043 		bic	r3, r3, #16384
ARM GAS  C:\Users\jc\AppData\Local\Temp\ccPtFhbx.s 			page 46


  80 0040 23F07003 		bic	r3, r3, #112
  81              	.LVL2:
  82              		.loc 1 2487 7 view .LVU19
  83              		.loc 1 2487 7 discriminator 3 view .LVU20
  84              		.loc 1 2487 7 discriminator 4 view .LVU21
  85 0044 83F40053 		eor	r3, r3, #8192
  86              	.LVL3:
  87              		.loc 1 2487 7 discriminator 6 view .LVU22
  88 0048 43F40043 		orr	r3, r3, #32768
  89              	.LVL4:
  90              		.loc 1 2487 7 is_stmt 0 discriminator 6 view .LVU23
  91 004c 43F08003 		orr	r3, r3, #128
  92 0050 25F82C30 		strh	r3, [r5, ip, lsl #2]	@ movhi
  93              	.LVL5:
  94              	.L5:
  95              		.loc 1 2487 7 discriminator 6 view .LVU24
  96              	.LBE2:
  97              		.loc 1 2487 7 is_stmt 1 discriminator 7 view .LVU25
2488:Drivers/STM32F1xx_HAL_Driver/Src/stm32f1xx_hal_pcd.c ****     }
2489:Drivers/STM32F1xx_HAL_Driver/Src/stm32f1xx_hal_pcd.c **** 
2490:Drivers/STM32F1xx_HAL_Driver/Src/stm32f1xx_hal_pcd.c ****     /* Check if Buffer1 is in blocked state which requires to toggle */
2491:Drivers/STM32F1xx_HAL_Driver/Src/stm32f1xx_hal_pcd.c ****     if ((wEPVal & USB_EP_DTOG_TX) != 0U)
  98              		.loc 1 2491 5 view .LVU26
  99              		.loc 1 2491 8 is_stmt 0 view .LVU27
 100 0054 12F0400F 		tst	r2, #64
 101 0058 0ED0     		beq	.L6
2492:Drivers/STM32F1xx_HAL_Driver/Src/stm32f1xx_hal_pcd.c ****     {
2493:Drivers/STM32F1xx_HAL_Driver/Src/stm32f1xx_hal_pcd.c ****       PCD_FREE_USER_BUFFER(hpcd->Instance, ep->num, 0U);
 102              		.loc 1 2493 7 is_stmt 1 view .LVU28
 103              		.loc 1 2493 7 view .LVU29
 104              		.loc 1 2493 7 discriminator 1 view .LVU30
 105              	.LBB3:
 106              		.loc 1 2493 7 discriminator 1 view .LVU31
 107              		.loc 1 2493 7 discriminator 1 view .LVU32
 108 005a 0268     		ldr	r2, [r0]
 109              	.LVL6:
 110              		.loc 1 2493 7 is_stmt 0 discriminator 1 view .LVU33
 111 005c 0D78     		ldrb	r5, [r1]	@ zero_extendqisi2
 112 005e 32F82530 		ldrh	r3, [r2, r5, lsl #2]
 113 0062 9BB2     		uxth	r3, r3
 114 0064 23F4E043 		bic	r3, r3, #28672
 115 0068 23F07003 		bic	r3, r3, #112
 116              	.LVL7:
 117              		.loc 1 2493 7 is_stmt 1 view .LVU34
 118              		.loc 1 2493 7 is_stmt 0 discriminator 1 view .LVU35
 119 006c 43F40043 		orr	r3, r3, #32768
 120              	.LVL8:
 121              		.loc 1 2493 7 discriminator 1 view .LVU36
 122 0070 43F0C003 		orr	r3, r3, #192
 123 0074 22F82530 		strh	r3, [r2, r5, lsl #2]	@ movhi
 124              	.LBE3:
 125              		.loc 1 2493 7 is_stmt 1 view .LVU37
 126              	.LVL9:
 127              	.L6:
 128              		.loc 1 2493 7 discriminator 6 view .LVU38
 129              		.loc 1 2493 7 discriminator 6 view .LVU39
2494:Drivers/STM32F1xx_HAL_Driver/Src/stm32f1xx_hal_pcd.c ****     }
ARM GAS  C:\Users\jc\AppData\Local\Temp\ccPtFhbx.s 			page 47


2495:Drivers/STM32F1xx_HAL_Driver/Src/stm32f1xx_hal_pcd.c **** 
2496:Drivers/STM32F1xx_HAL_Driver/Src/stm32f1xx_hal_pcd.c ****     if (count != 0U)
 130              		.loc 1 2496 5 view .LVU40
 131              		.loc 1 2496 8 is_stmt 0 view .LVU41
 132 0078 24B9     		cbnz	r4, .L13
 133              	.LVL10:
 134              	.L7:
2497:Drivers/STM32F1xx_HAL_Driver/Src/stm32f1xx_hal_pcd.c ****     {
2498:Drivers/STM32F1xx_HAL_Driver/Src/stm32f1xx_hal_pcd.c ****       USB_ReadPMA(hpcd->Instance, ep->xfer_buff, ep->pmaaddr0, count);
2499:Drivers/STM32F1xx_HAL_Driver/Src/stm32f1xx_hal_pcd.c ****     }
2500:Drivers/STM32F1xx_HAL_Driver/Src/stm32f1xx_hal_pcd.c ****   }
2501:Drivers/STM32F1xx_HAL_Driver/Src/stm32f1xx_hal_pcd.c ****   /* Manage Buffer 1 DTOG_RX=0 */
2502:Drivers/STM32F1xx_HAL_Driver/Src/stm32f1xx_hal_pcd.c ****   else
2503:Drivers/STM32F1xx_HAL_Driver/Src/stm32f1xx_hal_pcd.c ****   {
2504:Drivers/STM32F1xx_HAL_Driver/Src/stm32f1xx_hal_pcd.c ****     /* Get count of received data */
2505:Drivers/STM32F1xx_HAL_Driver/Src/stm32f1xx_hal_pcd.c ****     count = (uint16_t)PCD_GET_EP_DBUF1_CNT(hpcd->Instance, ep->num);
2506:Drivers/STM32F1xx_HAL_Driver/Src/stm32f1xx_hal_pcd.c **** 
2507:Drivers/STM32F1xx_HAL_Driver/Src/stm32f1xx_hal_pcd.c ****     if (ep->xfer_len >= count)
2508:Drivers/STM32F1xx_HAL_Driver/Src/stm32f1xx_hal_pcd.c ****     {
2509:Drivers/STM32F1xx_HAL_Driver/Src/stm32f1xx_hal_pcd.c ****       ep->xfer_len -= count;
2510:Drivers/STM32F1xx_HAL_Driver/Src/stm32f1xx_hal_pcd.c ****     }
2511:Drivers/STM32F1xx_HAL_Driver/Src/stm32f1xx_hal_pcd.c ****     else
2512:Drivers/STM32F1xx_HAL_Driver/Src/stm32f1xx_hal_pcd.c ****     {
2513:Drivers/STM32F1xx_HAL_Driver/Src/stm32f1xx_hal_pcd.c ****       ep->xfer_len = 0U;
2514:Drivers/STM32F1xx_HAL_Driver/Src/stm32f1xx_hal_pcd.c ****     }
2515:Drivers/STM32F1xx_HAL_Driver/Src/stm32f1xx_hal_pcd.c **** 
2516:Drivers/STM32F1xx_HAL_Driver/Src/stm32f1xx_hal_pcd.c ****     if (ep->xfer_len == 0U)
2517:Drivers/STM32F1xx_HAL_Driver/Src/stm32f1xx_hal_pcd.c ****     {
2518:Drivers/STM32F1xx_HAL_Driver/Src/stm32f1xx_hal_pcd.c ****       /* set NAK on the current endpoint */
2519:Drivers/STM32F1xx_HAL_Driver/Src/stm32f1xx_hal_pcd.c ****       PCD_SET_EP_RX_STATUS(hpcd->Instance, ep->num, USB_EP_RX_NAK);
2520:Drivers/STM32F1xx_HAL_Driver/Src/stm32f1xx_hal_pcd.c ****     }
2521:Drivers/STM32F1xx_HAL_Driver/Src/stm32f1xx_hal_pcd.c **** 
2522:Drivers/STM32F1xx_HAL_Driver/Src/stm32f1xx_hal_pcd.c ****     /*Need to FreeUser Buffer*/
2523:Drivers/STM32F1xx_HAL_Driver/Src/stm32f1xx_hal_pcd.c ****     if ((wEPVal & USB_EP_DTOG_TX) == 0U)
2524:Drivers/STM32F1xx_HAL_Driver/Src/stm32f1xx_hal_pcd.c ****     {
2525:Drivers/STM32F1xx_HAL_Driver/Src/stm32f1xx_hal_pcd.c ****       PCD_FREE_USER_BUFFER(hpcd->Instance, ep->num, 0U);
2526:Drivers/STM32F1xx_HAL_Driver/Src/stm32f1xx_hal_pcd.c ****     }
2527:Drivers/STM32F1xx_HAL_Driver/Src/stm32f1xx_hal_pcd.c **** 
2528:Drivers/STM32F1xx_HAL_Driver/Src/stm32f1xx_hal_pcd.c ****     if (count != 0U)
2529:Drivers/STM32F1xx_HAL_Driver/Src/stm32f1xx_hal_pcd.c ****     {
2530:Drivers/STM32F1xx_HAL_Driver/Src/stm32f1xx_hal_pcd.c ****       USB_ReadPMA(hpcd->Instance, ep->xfer_buff, ep->pmaaddr1, count);
2531:Drivers/STM32F1xx_HAL_Driver/Src/stm32f1xx_hal_pcd.c ****     }
2532:Drivers/STM32F1xx_HAL_Driver/Src/stm32f1xx_hal_pcd.c ****   }
2533:Drivers/STM32F1xx_HAL_Driver/Src/stm32f1xx_hal_pcd.c **** 
2534:Drivers/STM32F1xx_HAL_Driver/Src/stm32f1xx_hal_pcd.c ****   return count;
 135              		.loc 1 2534 3 is_stmt 1 view .LVU42
2535:Drivers/STM32F1xx_HAL_Driver/Src/stm32f1xx_hal_pcd.c **** }
 136              		.loc 1 2535 1 is_stmt 0 view .LVU43
 137 007a 2046     		mov	r0, r4
 138 007c 38BD     		pop	{r3, r4, r5, pc}
 139              	.LVL11:
 140              	.L3:
2481:Drivers/STM32F1xx_HAL_Driver/Src/stm32f1xx_hal_pcd.c ****     }
 141              		.loc 1 2481 7 is_stmt 1 view .LVU44
2481:Drivers/STM32F1xx_HAL_Driver/Src/stm32f1xx_hal_pcd.c ****     }
 142              		.loc 1 2481 20 is_stmt 0 view .LVU45
 143 007e 0023     		movs	r3, #0
ARM GAS  C:\Users\jc\AppData\Local\Temp\ccPtFhbx.s 			page 48


 144 0080 8B61     		str	r3, [r1, #24]
 145 0082 D5E7     		b	.L4
 146              	.LVL12:
 147              	.L13:
2498:Drivers/STM32F1xx_HAL_Driver/Src/stm32f1xx_hal_pcd.c ****     }
 148              		.loc 1 2498 7 is_stmt 1 view .LVU46
 149 0084 2346     		mov	r3, r4
 150 0086 0A89     		ldrh	r2, [r1, #8]
 151 0088 4969     		ldr	r1, [r1, #20]
 152              	.LVL13:
2498:Drivers/STM32F1xx_HAL_Driver/Src/stm32f1xx_hal_pcd.c ****     }
 153              		.loc 1 2498 7 is_stmt 0 view .LVU47
 154 008a 0068     		ldr	r0, [r0]
 155              	.LVL14:
2498:Drivers/STM32F1xx_HAL_Driver/Src/stm32f1xx_hal_pcd.c ****     }
 156              		.loc 1 2498 7 view .LVU48
 157 008c FFF7FEFF 		bl	USB_ReadPMA
 158              	.LVL15:
 159 0090 F3E7     		b	.L7
 160              	.LVL16:
 161              	.L2:
2505:Drivers/STM32F1xx_HAL_Driver/Src/stm32f1xx_hal_pcd.c **** 
 162              		.loc 1 2505 5 is_stmt 1 view .LVU49
2505:Drivers/STM32F1xx_HAL_Driver/Src/stm32f1xx_hal_pcd.c **** 
 163              		.loc 1 2505 23 is_stmt 0 view .LVU50
 164 0092 0468     		ldr	r4, [r0]
 165 0094 B4F85030 		ldrh	r3, [r4, #80]
 166 0098 9BB2     		uxth	r3, r3
 167 009a 91F800C0 		ldrb	ip, [r1]	@ zero_extendqisi2
 168 009e 03EBCC03 		add	r3, r3, ip, lsl #3
 169 00a2 0633     		adds	r3, r3, #6
 170 00a4 04EB4304 		add	r4, r4, r3, lsl #1
 171 00a8 B4F80044 		ldrh	r4, [r4, #1024]
2505:Drivers/STM32F1xx_HAL_Driver/Src/stm32f1xx_hal_pcd.c **** 
 172              		.loc 1 2505 11 view .LVU51
 173 00ac C4F30904 		ubfx	r4, r4, #0, #10
 174              	.LVL17:
2507:Drivers/STM32F1xx_HAL_Driver/Src/stm32f1xx_hal_pcd.c ****     {
 175              		.loc 1 2507 5 is_stmt 1 view .LVU52
2507:Drivers/STM32F1xx_HAL_Driver/Src/stm32f1xx_hal_pcd.c ****     {
 176              		.loc 1 2507 11 is_stmt 0 view .LVU53
 177 00b0 8B69     		ldr	r3, [r1, #24]
2507:Drivers/STM32F1xx_HAL_Driver/Src/stm32f1xx_hal_pcd.c ****     {
 178              		.loc 1 2507 8 view .LVU54
 179 00b2 A342     		cmp	r3, r4
 180 00b4 2FD3     		bcc	.L8
2509:Drivers/STM32F1xx_HAL_Driver/Src/stm32f1xx_hal_pcd.c ****     }
 181              		.loc 1 2509 7 is_stmt 1 view .LVU55
2509:Drivers/STM32F1xx_HAL_Driver/Src/stm32f1xx_hal_pcd.c ****     }
 182              		.loc 1 2509 20 is_stmt 0 view .LVU56
 183 00b6 1B1B     		subs	r3, r3, r4
 184 00b8 8B61     		str	r3, [r1, #24]
 185              	.L9:
2516:Drivers/STM32F1xx_HAL_Driver/Src/stm32f1xx_hal_pcd.c ****     {
 186              		.loc 1 2516 5 is_stmt 1 view .LVU57
2516:Drivers/STM32F1xx_HAL_Driver/Src/stm32f1xx_hal_pcd.c ****     {
 187              		.loc 1 2516 11 is_stmt 0 view .LVU58
ARM GAS  C:\Users\jc\AppData\Local\Temp\ccPtFhbx.s 			page 49


 188 00ba 8B69     		ldr	r3, [r1, #24]
2516:Drivers/STM32F1xx_HAL_Driver/Src/stm32f1xx_hal_pcd.c ****     {
 189              		.loc 1 2516 8 view .LVU59
 190 00bc 7BB9     		cbnz	r3, .L10
2519:Drivers/STM32F1xx_HAL_Driver/Src/stm32f1xx_hal_pcd.c ****     }
 191              		.loc 1 2519 7 is_stmt 1 view .LVU60
 192              	.LBB4:
2519:Drivers/STM32F1xx_HAL_Driver/Src/stm32f1xx_hal_pcd.c ****     }
 193              		.loc 1 2519 7 view .LVU61
2519:Drivers/STM32F1xx_HAL_Driver/Src/stm32f1xx_hal_pcd.c ****     }
 194              		.loc 1 2519 7 view .LVU62
 195 00be 0568     		ldr	r5, [r0]
 196 00c0 35F82C30 		ldrh	r3, [r5, ip, lsl #2]
 197 00c4 9BB2     		uxth	r3, r3
 198 00c6 23F48043 		bic	r3, r3, #16384
 199 00ca 23F07003 		bic	r3, r3, #112
 200              	.LVL18:
2519:Drivers/STM32F1xx_HAL_Driver/Src/stm32f1xx_hal_pcd.c ****     }
 201              		.loc 1 2519 7 view .LVU63
2519:Drivers/STM32F1xx_HAL_Driver/Src/stm32f1xx_hal_pcd.c ****     }
 202              		.loc 1 2519 7 discriminator 3 view .LVU64
2519:Drivers/STM32F1xx_HAL_Driver/Src/stm32f1xx_hal_pcd.c ****     }
 203              		.loc 1 2519 7 discriminator 4 view .LVU65
 204 00ce 83F40053 		eor	r3, r3, #8192
 205              	.LVL19:
2519:Drivers/STM32F1xx_HAL_Driver/Src/stm32f1xx_hal_pcd.c ****     }
 206              		.loc 1 2519 7 discriminator 6 view .LVU66
 207 00d2 43F40043 		orr	r3, r3, #32768
 208              	.LVL20:
2519:Drivers/STM32F1xx_HAL_Driver/Src/stm32f1xx_hal_pcd.c ****     }
 209              		.loc 1 2519 7 is_stmt 0 discriminator 6 view .LVU67
 210 00d6 43F08003 		orr	r3, r3, #128
 211 00da 25F82C30 		strh	r3, [r5, ip, lsl #2]	@ movhi
 212              	.LVL21:
 213              	.L10:
2519:Drivers/STM32F1xx_HAL_Driver/Src/stm32f1xx_hal_pcd.c ****     }
 214              		.loc 1 2519 7 discriminator 6 view .LVU68
 215              	.LBE4:
2519:Drivers/STM32F1xx_HAL_Driver/Src/stm32f1xx_hal_pcd.c ****     }
 216              		.loc 1 2519 7 is_stmt 1 discriminator 7 view .LVU69
2523:Drivers/STM32F1xx_HAL_Driver/Src/stm32f1xx_hal_pcd.c ****     {
 217              		.loc 1 2523 5 view .LVU70
2523:Drivers/STM32F1xx_HAL_Driver/Src/stm32f1xx_hal_pcd.c ****     {
 218              		.loc 1 2523 8 is_stmt 0 view .LVU71
 219 00de 12F0400F 		tst	r2, #64
 220 00e2 0FD1     		bne	.L11
2525:Drivers/STM32F1xx_HAL_Driver/Src/stm32f1xx_hal_pcd.c ****     }
 221              		.loc 1 2525 7 is_stmt 1 view .LVU72
2525:Drivers/STM32F1xx_HAL_Driver/Src/stm32f1xx_hal_pcd.c ****     }
 222              		.loc 1 2525 7 view .LVU73
2525:Drivers/STM32F1xx_HAL_Driver/Src/stm32f1xx_hal_pcd.c ****     }
 223              		.loc 1 2525 7 discriminator 1 view .LVU74
 224              	.LBB5:
2525:Drivers/STM32F1xx_HAL_Driver/Src/stm32f1xx_hal_pcd.c ****     }
 225              		.loc 1 2525 7 discriminator 1 view .LVU75
2525:Drivers/STM32F1xx_HAL_Driver/Src/stm32f1xx_hal_pcd.c ****     }
 226              		.loc 1 2525 7 discriminator 1 view .LVU76
ARM GAS  C:\Users\jc\AppData\Local\Temp\ccPtFhbx.s 			page 50


 227 00e4 0268     		ldr	r2, [r0]
 228              	.LVL22:
2525:Drivers/STM32F1xx_HAL_Driver/Src/stm32f1xx_hal_pcd.c ****     }
 229              		.loc 1 2525 7 is_stmt 0 discriminator 1 view .LVU77
 230 00e6 91F800C0 		ldrb	ip, [r1]	@ zero_extendqisi2
 231 00ea 32F82C30 		ldrh	r3, [r2, ip, lsl #2]
 232 00ee 9BB2     		uxth	r3, r3
 233 00f0 23F4E043 		bic	r3, r3, #28672
 234 00f4 23F07003 		bic	r3, r3, #112
 235              	.LVL23:
2525:Drivers/STM32F1xx_HAL_Driver/Src/stm32f1xx_hal_pcd.c ****     }
 236              		.loc 1 2525 7 is_stmt 1 view .LVU78
2525:Drivers/STM32F1xx_HAL_Driver/Src/stm32f1xx_hal_pcd.c ****     }
 237              		.loc 1 2525 7 is_stmt 0 discriminator 1 view .LVU79
 238 00f8 43F40043 		orr	r3, r3, #32768
 239              	.LVL24:
2525:Drivers/STM32F1xx_HAL_Driver/Src/stm32f1xx_hal_pcd.c ****     }
 240              		.loc 1 2525 7 discriminator 1 view .LVU80
 241 00fc 43F0C003 		orr	r3, r3, #192
 242 0100 22F82C30 		strh	r3, [r2, ip, lsl #2]	@ movhi
 243              	.LBE5:
2525:Drivers/STM32F1xx_HAL_Driver/Src/stm32f1xx_hal_pcd.c ****     }
 244              		.loc 1 2525 7 is_stmt 1 view .LVU81
 245              	.LVL25:
 246              	.L11:
2525:Drivers/STM32F1xx_HAL_Driver/Src/stm32f1xx_hal_pcd.c ****     }
 247              		.loc 1 2525 7 discriminator 6 view .LVU82
2525:Drivers/STM32F1xx_HAL_Driver/Src/stm32f1xx_hal_pcd.c ****     }
 248              		.loc 1 2525 7 discriminator 6 view .LVU83
2528:Drivers/STM32F1xx_HAL_Driver/Src/stm32f1xx_hal_pcd.c ****     {
 249              		.loc 1 2528 5 view .LVU84
2528:Drivers/STM32F1xx_HAL_Driver/Src/stm32f1xx_hal_pcd.c ****     {
 250              		.loc 1 2528 8 is_stmt 0 view .LVU85
 251 0104 002C     		cmp	r4, #0
 252 0106 B8D0     		beq	.L7
2530:Drivers/STM32F1xx_HAL_Driver/Src/stm32f1xx_hal_pcd.c ****     }
 253              		.loc 1 2530 7 is_stmt 1 view .LVU86
 254 0108 2346     		mov	r3, r4
 255 010a 4A89     		ldrh	r2, [r1, #10]
 256 010c 4969     		ldr	r1, [r1, #20]
 257              	.LVL26:
2530:Drivers/STM32F1xx_HAL_Driver/Src/stm32f1xx_hal_pcd.c ****     }
 258              		.loc 1 2530 7 is_stmt 0 view .LVU87
 259 010e 0068     		ldr	r0, [r0]
 260              	.LVL27:
2530:Drivers/STM32F1xx_HAL_Driver/Src/stm32f1xx_hal_pcd.c ****     }
 261              		.loc 1 2530 7 view .LVU88
 262 0110 FFF7FEFF 		bl	USB_ReadPMA
 263              	.LVL28:
 264 0114 B1E7     		b	.L7
 265              	.LVL29:
 266              	.L8:
2513:Drivers/STM32F1xx_HAL_Driver/Src/stm32f1xx_hal_pcd.c ****     }
 267              		.loc 1 2513 7 is_stmt 1 view .LVU89
2513:Drivers/STM32F1xx_HAL_Driver/Src/stm32f1xx_hal_pcd.c ****     }
 268              		.loc 1 2513 20 is_stmt 0 view .LVU90
 269 0116 0023     		movs	r3, #0
ARM GAS  C:\Users\jc\AppData\Local\Temp\ccPtFhbx.s 			page 51


 270 0118 8B61     		str	r3, [r1, #24]
 271 011a CEE7     		b	.L9
 272              		.cfi_endproc
 273              	.LFE100:
 275              		.section	.text.HAL_PCD_MspInit,"ax",%progbits
 276              		.align	1
 277              		.weak	HAL_PCD_MspInit
 278              		.syntax unified
 279              		.thumb
 280              		.thumb_func
 282              	HAL_PCD_MspInit:
 283              	.LVL30:
 284              	.LFB67:
 283:Drivers/STM32F1xx_HAL_Driver/Src/stm32f1xx_hal_pcd.c ****   /* Prevent unused argument(s) compilation warning */
 285              		.loc 1 283 1 is_stmt 1 view -0
 286              		.cfi_startproc
 287              		@ args = 0, pretend = 0, frame = 0
 288              		@ frame_needed = 0, uses_anonymous_args = 0
 289              		@ link register save eliminated.
 285:Drivers/STM32F1xx_HAL_Driver/Src/stm32f1xx_hal_pcd.c **** 
 290              		.loc 1 285 3 view .LVU92
 290:Drivers/STM32F1xx_HAL_Driver/Src/stm32f1xx_hal_pcd.c **** 
 291              		.loc 1 290 1 is_stmt 0 view .LVU93
 292 0000 7047     		bx	lr
 293              		.cfi_endproc
 294              	.LFE67:
 296              		.section	.text.HAL_PCD_Init,"ax",%progbits
 297              		.align	1
 298              		.global	HAL_PCD_Init
 299              		.syntax unified
 300              		.thumb
 301              		.thumb_func
 303              	HAL_PCD_Init:
 304              	.LVL31:
 305              	.LFB65:
 132:Drivers/STM32F1xx_HAL_Driver/Src/stm32f1xx_hal_pcd.c ****   uint8_t i;
 306              		.loc 1 132 1 is_stmt 1 view -0
 307              		.cfi_startproc
 308              		@ args = 0, pretend = 0, frame = 0
 309              		@ frame_needed = 0, uses_anonymous_args = 0
 132:Drivers/STM32F1xx_HAL_Driver/Src/stm32f1xx_hal_pcd.c ****   uint8_t i;
 310              		.loc 1 132 1 is_stmt 0 view .LVU95
 311 0000 38B5     		push	{r3, r4, r5, lr}
 312              		.cfi_def_cfa_offset 16
 313              		.cfi_offset 3, -16
 314              		.cfi_offset 4, -12
 315              		.cfi_offset 5, -8
 316              		.cfi_offset 14, -4
 133:Drivers/STM32F1xx_HAL_Driver/Src/stm32f1xx_hal_pcd.c **** 
 317              		.loc 1 133 3 is_stmt 1 view .LVU96
 136:Drivers/STM32F1xx_HAL_Driver/Src/stm32f1xx_hal_pcd.c ****   {
 318              		.loc 1 136 3 view .LVU97
 136:Drivers/STM32F1xx_HAL_Driver/Src/stm32f1xx_hal_pcd.c ****   {
 319              		.loc 1 136 6 is_stmt 0 view .LVU98
 320 0002 0028     		cmp	r0, #0
 321 0004 6ED0     		beq	.L24
 322 0006 0446     		mov	r4, r0
ARM GAS  C:\Users\jc\AppData\Local\Temp\ccPtFhbx.s 			page 52


 142:Drivers/STM32F1xx_HAL_Driver/Src/stm32f1xx_hal_pcd.c **** 
 323              		.loc 1 142 3 is_stmt 1 view .LVU99
 144:Drivers/STM32F1xx_HAL_Driver/Src/stm32f1xx_hal_pcd.c ****   {
 324              		.loc 1 144 3 view .LVU100
 144:Drivers/STM32F1xx_HAL_Driver/Src/stm32f1xx_hal_pcd.c ****   {
 325              		.loc 1 144 11 is_stmt 0 view .LVU101
 326 0008 90F89132 		ldrb	r3, [r0, #657]	@ zero_extendqisi2
 144:Drivers/STM32F1xx_HAL_Driver/Src/stm32f1xx_hal_pcd.c ****   {
 327              		.loc 1 144 6 view .LVU102
 328 000c A3B1     		cbz	r3, .L27
 329              	.LVL32:
 330              	.L17:
 175:Drivers/STM32F1xx_HAL_Driver/Src/stm32f1xx_hal_pcd.c **** 
 331              		.loc 1 175 3 is_stmt 1 view .LVU103
 175:Drivers/STM32F1xx_HAL_Driver/Src/stm32f1xx_hal_pcd.c **** 
 332              		.loc 1 175 15 is_stmt 0 view .LVU104
 333 000e 0323     		movs	r3, #3
 334 0010 84F89132 		strb	r3, [r4, #657]
 178:Drivers/STM32F1xx_HAL_Driver/Src/stm32f1xx_hal_pcd.c **** 
 335              		.loc 1 178 3 is_stmt 1 view .LVU105
 178:Drivers/STM32F1xx_HAL_Driver/Src/stm32f1xx_hal_pcd.c **** 
 336              		.loc 1 178 25 is_stmt 0 view .LVU106
 337 0014 0023     		movs	r3, #0
 338 0016 6371     		strb	r3, [r4, #5]
 181:Drivers/STM32F1xx_HAL_Driver/Src/stm32f1xx_hal_pcd.c **** 
 339              		.loc 1 181 3 is_stmt 1 view .LVU107
 340 0018 2068     		ldr	r0, [r4]
 341 001a FFF7FEFF 		bl	USB_DisableGlobalInt
 342              	.LVL33:
 184:Drivers/STM32F1xx_HAL_Driver/Src/stm32f1xx_hal_pcd.c ****   {
 343              		.loc 1 184 3 view .LVU108
 184:Drivers/STM32F1xx_HAL_Driver/Src/stm32f1xx_hal_pcd.c ****   {
 344              		.loc 1 184 24 is_stmt 0 view .LVU109
 345 001e 2346     		mov	r3, r4
 346 0020 53F8040B 		ldr	r0, [r3], #4
 184:Drivers/STM32F1xx_HAL_Driver/Src/stm32f1xx_hal_pcd.c ****   {
 347              		.loc 1 184 7 view .LVU110
 348 0024 0ECB     		ldm	r3, {r1, r2, r3}
 349 0026 FFF7FEFF 		bl	USB_CoreInit
 350              	.LVL34:
 184:Drivers/STM32F1xx_HAL_Driver/Src/stm32f1xx_hal_pcd.c ****   {
 351              		.loc 1 184 6 discriminator 1 view .LVU111
 352 002a 50B1     		cbz	r0, .L18
 186:Drivers/STM32F1xx_HAL_Driver/Src/stm32f1xx_hal_pcd.c ****     return HAL_ERROR;
 353              		.loc 1 186 5 is_stmt 1 view .LVU112
 186:Drivers/STM32F1xx_HAL_Driver/Src/stm32f1xx_hal_pcd.c ****     return HAL_ERROR;
 354              		.loc 1 186 17 is_stmt 0 view .LVU113
 355 002c 0223     		movs	r3, #2
 356 002e 84F89132 		strb	r3, [r4, #657]
 187:Drivers/STM32F1xx_HAL_Driver/Src/stm32f1xx_hal_pcd.c ****   }
 357              		.loc 1 187 5 is_stmt 1 view .LVU114
 187:Drivers/STM32F1xx_HAL_Driver/Src/stm32f1xx_hal_pcd.c ****   }
 358              		.loc 1 187 12 is_stmt 0 view .LVU115
 359 0032 0125     		movs	r5, #1
 360              	.LVL35:
 361              	.L16:
 236:Drivers/STM32F1xx_HAL_Driver/Src/stm32f1xx_hal_pcd.c **** 
ARM GAS  C:\Users\jc\AppData\Local\Temp\ccPtFhbx.s 			page 53


 362              		.loc 1 236 1 view .LVU116
 363 0034 2846     		mov	r0, r5
 364 0036 38BD     		pop	{r3, r4, r5, pc}
 365              	.LVL36:
 366              	.L27:
 147:Drivers/STM32F1xx_HAL_Driver/Src/stm32f1xx_hal_pcd.c **** 
 367              		.loc 1 147 5 is_stmt 1 view .LVU117
 147:Drivers/STM32F1xx_HAL_Driver/Src/stm32f1xx_hal_pcd.c **** 
 368              		.loc 1 147 16 is_stmt 0 view .LVU118
 369 0038 80F89032 		strb	r3, [r0, #656]
 171:Drivers/STM32F1xx_HAL_Driver/Src/stm32f1xx_hal_pcd.c **** #endif /* (USE_HAL_PCD_REGISTER_CALLBACKS) */
 370              		.loc 1 171 5 is_stmt 1 view .LVU119
 371 003c FFF7FEFF 		bl	HAL_PCD_MspInit
 372              	.LVL37:
 171:Drivers/STM32F1xx_HAL_Driver/Src/stm32f1xx_hal_pcd.c **** #endif /* (USE_HAL_PCD_REGISTER_CALLBACKS) */
 373              		.loc 1 171 5 is_stmt 0 view .LVU120
 374 0040 E5E7     		b	.L17
 375              	.L18:
 191:Drivers/STM32F1xx_HAL_Driver/Src/stm32f1xx_hal_pcd.c ****   {
 376              		.loc 1 191 3 is_stmt 1 view .LVU121
 191:Drivers/STM32F1xx_HAL_Driver/Src/stm32f1xx_hal_pcd.c ****   {
 377              		.loc 1 191 7 is_stmt 0 view .LVU122
 378 0042 0021     		movs	r1, #0
 379 0044 2068     		ldr	r0, [r4]
 380 0046 FFF7FEFF 		bl	USB_SetCurrentMode
 381              	.LVL38:
 191:Drivers/STM32F1xx_HAL_Driver/Src/stm32f1xx_hal_pcd.c ****   {
 382              		.loc 1 191 6 discriminator 1 view .LVU123
 383 004a 0346     		mov	r3, r0
 384 004c A8B9     		cbnz	r0, .L28
 198:Drivers/STM32F1xx_HAL_Driver/Src/stm32f1xx_hal_pcd.c ****   {
 385              		.loc 1 198 10 view .LVU124
 386 004e 0246     		mov	r2, r0
 387              	.L19:
 388              	.LVL39:
 198:Drivers/STM32F1xx_HAL_Driver/Src/stm32f1xx_hal_pcd.c ****   {
 389              		.loc 1 198 18 is_stmt 1 discriminator 1 view .LVU125
 198:Drivers/STM32F1xx_HAL_Driver/Src/stm32f1xx_hal_pcd.c ****   {
 390              		.loc 1 198 30 is_stmt 0 discriminator 1 view .LVU126
 391 0050 2079     		ldrb	r0, [r4, #4]	@ zero_extendqisi2
 198:Drivers/STM32F1xx_HAL_Driver/Src/stm32f1xx_hal_pcd.c ****   {
 392              		.loc 1 198 18 discriminator 1 view .LVU127
 393 0052 9042     		cmp	r0, r2
 394 0054 16D9     		bls	.L21
 201:Drivers/STM32F1xx_HAL_Driver/Src/stm32f1xx_hal_pcd.c ****     hpcd->IN_ep[i].num = i;
 395              		.loc 1 201 5 is_stmt 1 view .LVU128
 201:Drivers/STM32F1xx_HAL_Driver/Src/stm32f1xx_hal_pcd.c ****     hpcd->IN_ep[i].num = i;
 396              		.loc 1 201 26 is_stmt 0 view .LVU129
 397 0056 02EB8201 		add	r1, r2, r2, lsl #2
 398 005a 04EBC101 		add	r1, r4, r1, lsl #3
 399 005e 0120     		movs	r0, #1
 400 0060 4874     		strb	r0, [r1, #17]
 202:Drivers/STM32F1xx_HAL_Driver/Src/stm32f1xx_hal_pcd.c **** #if defined (USB_OTG_FS)
 401              		.loc 1 202 5 is_stmt 1 view .LVU130
 202:Drivers/STM32F1xx_HAL_Driver/Src/stm32f1xx_hal_pcd.c **** #if defined (USB_OTG_FS)
 402              		.loc 1 202 24 is_stmt 0 view .LVU131
 403 0062 0A74     		strb	r2, [r1, #16]
ARM GAS  C:\Users\jc\AppData\Local\Temp\ccPtFhbx.s 			page 54


 207:Drivers/STM32F1xx_HAL_Driver/Src/stm32f1xx_hal_pcd.c ****     hpcd->IN_ep[i].maxpacket = 0U;
 404              		.loc 1 207 5 is_stmt 1 view .LVU132
 207:Drivers/STM32F1xx_HAL_Driver/Src/stm32f1xx_hal_pcd.c ****     hpcd->IN_ep[i].maxpacket = 0U;
 405              		.loc 1 207 25 is_stmt 0 view .LVU133
 406 0064 0020     		movs	r0, #0
 407 0066 C874     		strb	r0, [r1, #19]
 208:Drivers/STM32F1xx_HAL_Driver/Src/stm32f1xx_hal_pcd.c ****     hpcd->IN_ep[i].xfer_buff = 0U;
 408              		.loc 1 208 5 is_stmt 1 view .LVU134
 208:Drivers/STM32F1xx_HAL_Driver/Src/stm32f1xx_hal_pcd.c ****     hpcd->IN_ep[i].xfer_buff = 0U;
 409              		.loc 1 208 30 is_stmt 0 view .LVU135
 410 0068 0862     		str	r0, [r1, #32]
 209:Drivers/STM32F1xx_HAL_Driver/Src/stm32f1xx_hal_pcd.c ****     hpcd->IN_ep[i].xfer_len = 0U;
 411              		.loc 1 209 5 is_stmt 1 view .LVU136
 209:Drivers/STM32F1xx_HAL_Driver/Src/stm32f1xx_hal_pcd.c ****     hpcd->IN_ep[i].xfer_len = 0U;
 412              		.loc 1 209 30 is_stmt 0 view .LVU137
 413 006a 4862     		str	r0, [r1, #36]
 210:Drivers/STM32F1xx_HAL_Driver/Src/stm32f1xx_hal_pcd.c ****   }
 414              		.loc 1 210 5 is_stmt 1 view .LVU138
 210:Drivers/STM32F1xx_HAL_Driver/Src/stm32f1xx_hal_pcd.c ****   }
 415              		.loc 1 210 29 is_stmt 0 view .LVU139
 416 006c 0132     		adds	r2, r2, #1
 417              	.LVL40:
 210:Drivers/STM32F1xx_HAL_Driver/Src/stm32f1xx_hal_pcd.c ****   }
 418              		.loc 1 210 29 view .LVU140
 419 006e 02EB8201 		add	r1, r2, r2, lsl #2
 420              	.LVL41:
 210:Drivers/STM32F1xx_HAL_Driver/Src/stm32f1xx_hal_pcd.c ****   }
 421              		.loc 1 210 29 view .LVU141
 422 0072 C900     		lsls	r1, r1, #3
 423 0074 6050     		str	r0, [r4, r1]
 424              	.LVL42:
 198:Drivers/STM32F1xx_HAL_Driver/Src/stm32f1xx_hal_pcd.c ****   {
 425              		.loc 1 198 47 is_stmt 1 discriminator 3 view .LVU142
 426 0076 D2B2     		uxtb	r2, r2
 427              	.LVL43:
 198:Drivers/STM32F1xx_HAL_Driver/Src/stm32f1xx_hal_pcd.c ****   {
 428              		.loc 1 198 47 is_stmt 0 discriminator 3 view .LVU143
 429 0078 EAE7     		b	.L19
 430              	.LVL44:
 431              	.L28:
 193:Drivers/STM32F1xx_HAL_Driver/Src/stm32f1xx_hal_pcd.c ****     return HAL_ERROR;
 432              		.loc 1 193 5 is_stmt 1 view .LVU144
 193:Drivers/STM32F1xx_HAL_Driver/Src/stm32f1xx_hal_pcd.c ****     return HAL_ERROR;
 433              		.loc 1 193 17 is_stmt 0 view .LVU145
 434 007a 0223     		movs	r3, #2
 435 007c 84F89132 		strb	r3, [r4, #657]
 194:Drivers/STM32F1xx_HAL_Driver/Src/stm32f1xx_hal_pcd.c ****   }
 436              		.loc 1 194 5 is_stmt 1 view .LVU146
 194:Drivers/STM32F1xx_HAL_Driver/Src/stm32f1xx_hal_pcd.c ****   }
 437              		.loc 1 194 12 is_stmt 0 view .LVU147
 438 0080 0125     		movs	r5, #1
 439 0082 D7E7     		b	.L16
 440              	.L21:
 441              	.LVL45:
 213:Drivers/STM32F1xx_HAL_Driver/Src/stm32f1xx_hal_pcd.c ****   {
 442              		.loc 1 213 18 is_stmt 1 discriminator 1 view .LVU148
 443 0084 9842     		cmp	r0, r3
ARM GAS  C:\Users\jc\AppData\Local\Temp\ccPtFhbx.s 			page 55


 444 0086 17D9     		bls	.L29
 215:Drivers/STM32F1xx_HAL_Driver/Src/stm32f1xx_hal_pcd.c ****     hpcd->OUT_ep[i].num = i;
 445              		.loc 1 215 5 view .LVU149
 215:Drivers/STM32F1xx_HAL_Driver/Src/stm32f1xx_hal_pcd.c ****     hpcd->OUT_ep[i].num = i;
 446              		.loc 1 215 27 is_stmt 0 view .LVU150
 447 0088 03EB8302 		add	r2, r3, r3, lsl #2
 448 008c 04EBC202 		add	r2, r4, r2, lsl #3
 449 0090 0021     		movs	r1, #0
 450 0092 82F85111 		strb	r1, [r2, #337]
 216:Drivers/STM32F1xx_HAL_Driver/Src/stm32f1xx_hal_pcd.c ****     /* Control until ep is activated */
 451              		.loc 1 216 5 is_stmt 1 view .LVU151
 216:Drivers/STM32F1xx_HAL_Driver/Src/stm32f1xx_hal_pcd.c ****     /* Control until ep is activated */
 452              		.loc 1 216 25 is_stmt 0 view .LVU152
 453 0096 82F85031 		strb	r3, [r2, #336]
 218:Drivers/STM32F1xx_HAL_Driver/Src/stm32f1xx_hal_pcd.c ****     hpcd->OUT_ep[i].maxpacket = 0U;
 454              		.loc 1 218 5 is_stmt 1 view .LVU153
 218:Drivers/STM32F1xx_HAL_Driver/Src/stm32f1xx_hal_pcd.c ****     hpcd->OUT_ep[i].maxpacket = 0U;
 455              		.loc 1 218 26 is_stmt 0 view .LVU154
 456 009a 82F85311 		strb	r1, [r2, #339]
 219:Drivers/STM32F1xx_HAL_Driver/Src/stm32f1xx_hal_pcd.c ****     hpcd->OUT_ep[i].xfer_buff = 0U;
 457              		.loc 1 219 5 is_stmt 1 view .LVU155
 219:Drivers/STM32F1xx_HAL_Driver/Src/stm32f1xx_hal_pcd.c ****     hpcd->OUT_ep[i].xfer_buff = 0U;
 458              		.loc 1 219 31 is_stmt 0 view .LVU156
 459 009e C2F86011 		str	r1, [r2, #352]
 220:Drivers/STM32F1xx_HAL_Driver/Src/stm32f1xx_hal_pcd.c ****     hpcd->OUT_ep[i].xfer_len = 0U;
 460              		.loc 1 220 5 is_stmt 1 view .LVU157
 220:Drivers/STM32F1xx_HAL_Driver/Src/stm32f1xx_hal_pcd.c ****     hpcd->OUT_ep[i].xfer_len = 0U;
 461              		.loc 1 220 31 is_stmt 0 view .LVU158
 462 00a2 C2F86411 		str	r1, [r2, #356]
 221:Drivers/STM32F1xx_HAL_Driver/Src/stm32f1xx_hal_pcd.c ****   }
 463              		.loc 1 221 5 is_stmt 1 view .LVU159
 221:Drivers/STM32F1xx_HAL_Driver/Src/stm32f1xx_hal_pcd.c ****   }
 464              		.loc 1 221 30 is_stmt 0 view .LVU160
 465 00a6 03EB8302 		add	r2, r3, r3, lsl #2
 466 00aa 04EBC202 		add	r2, r4, r2, lsl #3
 467 00ae C2F86811 		str	r1, [r2, #360]
 213:Drivers/STM32F1xx_HAL_Driver/Src/stm32f1xx_hal_pcd.c ****   {
 468              		.loc 1 213 47 is_stmt 1 discriminator 3 view .LVU161
 469 00b2 0133     		adds	r3, r3, #1
 470              	.LVL46:
 213:Drivers/STM32F1xx_HAL_Driver/Src/stm32f1xx_hal_pcd.c ****   {
 471              		.loc 1 213 47 is_stmt 0 discriminator 3 view .LVU162
 472 00b4 DBB2     		uxtb	r3, r3
 473 00b6 E5E7     		b	.L21
 474              	.LVL47:
 475              	.L29:
 225:Drivers/STM32F1xx_HAL_Driver/Src/stm32f1xx_hal_pcd.c ****   {
 476              		.loc 1 225 3 is_stmt 1 view .LVU163
 225:Drivers/STM32F1xx_HAL_Driver/Src/stm32f1xx_hal_pcd.c ****   {
 477              		.loc 1 225 23 is_stmt 0 view .LVU164
 478 00b8 2346     		mov	r3, r4
 479              	.LVL48:
 225:Drivers/STM32F1xx_HAL_Driver/Src/stm32f1xx_hal_pcd.c ****   {
 480              		.loc 1 225 23 view .LVU165
 481 00ba 53F8040B 		ldr	r0, [r3], #4
 225:Drivers/STM32F1xx_HAL_Driver/Src/stm32f1xx_hal_pcd.c ****   {
 482              		.loc 1 225 7 view .LVU166
ARM GAS  C:\Users\jc\AppData\Local\Temp\ccPtFhbx.s 			page 56


 483 00be 0ECB     		ldm	r3, {r1, r2, r3}
 484 00c0 FFF7FEFF 		bl	USB_DevInit
 485              	.LVL49:
 225:Drivers/STM32F1xx_HAL_Driver/Src/stm32f1xx_hal_pcd.c ****   {
 486              		.loc 1 225 6 discriminator 1 view .LVU167
 487 00c4 0546     		mov	r5, r0
 488 00c6 20B1     		cbz	r0, .L23
 227:Drivers/STM32F1xx_HAL_Driver/Src/stm32f1xx_hal_pcd.c ****     return HAL_ERROR;
 489              		.loc 1 227 5 is_stmt 1 view .LVU168
 227:Drivers/STM32F1xx_HAL_Driver/Src/stm32f1xx_hal_pcd.c ****     return HAL_ERROR;
 490              		.loc 1 227 17 is_stmt 0 view .LVU169
 491 00c8 0223     		movs	r3, #2
 492 00ca 84F89132 		strb	r3, [r4, #657]
 228:Drivers/STM32F1xx_HAL_Driver/Src/stm32f1xx_hal_pcd.c ****   }
 493              		.loc 1 228 5 is_stmt 1 view .LVU170
 228:Drivers/STM32F1xx_HAL_Driver/Src/stm32f1xx_hal_pcd.c ****   }
 494              		.loc 1 228 12 is_stmt 0 view .LVU171
 495 00ce 0125     		movs	r5, #1
 496 00d0 B0E7     		b	.L16
 497              	.L23:
 231:Drivers/STM32F1xx_HAL_Driver/Src/stm32f1xx_hal_pcd.c ****   hpcd->State = HAL_PCD_STATE_READY;
 498              		.loc 1 231 3 is_stmt 1 view .LVU172
 231:Drivers/STM32F1xx_HAL_Driver/Src/stm32f1xx_hal_pcd.c ****   hpcd->State = HAL_PCD_STATE_READY;
 499              		.loc 1 231 21 is_stmt 0 view .LVU173
 500 00d2 0023     		movs	r3, #0
 501 00d4 6373     		strb	r3, [r4, #13]
 232:Drivers/STM32F1xx_HAL_Driver/Src/stm32f1xx_hal_pcd.c ****   (void)USB_DevDisconnect(hpcd->Instance);
 502              		.loc 1 232 3 is_stmt 1 view .LVU174
 232:Drivers/STM32F1xx_HAL_Driver/Src/stm32f1xx_hal_pcd.c ****   (void)USB_DevDisconnect(hpcd->Instance);
 503              		.loc 1 232 15 is_stmt 0 view .LVU175
 504 00d6 0123     		movs	r3, #1
 505 00d8 84F89132 		strb	r3, [r4, #657]
 233:Drivers/STM32F1xx_HAL_Driver/Src/stm32f1xx_hal_pcd.c **** 
 506              		.loc 1 233 3 is_stmt 1 view .LVU176
 233:Drivers/STM32F1xx_HAL_Driver/Src/stm32f1xx_hal_pcd.c **** 
 507              		.loc 1 233 9 is_stmt 0 view .LVU177
 508 00dc 2068     		ldr	r0, [r4]
 509 00de FFF7FEFF 		bl	USB_DevDisconnect
 510              	.LVL50:
 235:Drivers/STM32F1xx_HAL_Driver/Src/stm32f1xx_hal_pcd.c **** }
 511              		.loc 1 235 3 is_stmt 1 view .LVU178
 235:Drivers/STM32F1xx_HAL_Driver/Src/stm32f1xx_hal_pcd.c **** }
 512              		.loc 1 235 10 is_stmt 0 view .LVU179
 513 00e2 A7E7     		b	.L16
 514              	.LVL51:
 515              	.L24:
 138:Drivers/STM32F1xx_HAL_Driver/Src/stm32f1xx_hal_pcd.c ****   }
 516              		.loc 1 138 12 view .LVU180
 517 00e4 0125     		movs	r5, #1
 518 00e6 A5E7     		b	.L16
 519              		.cfi_endproc
 520              	.LFE65:
 522              		.section	.text.HAL_PCD_MspDeInit,"ax",%progbits
 523              		.align	1
 524              		.weak	HAL_PCD_MspDeInit
 525              		.syntax unified
 526              		.thumb
ARM GAS  C:\Users\jc\AppData\Local\Temp\ccPtFhbx.s 			page 57


 527              		.thumb_func
 529              	HAL_PCD_MspDeInit:
 530              	.LVL52:
 531              	.LFB68:
 298:Drivers/STM32F1xx_HAL_Driver/Src/stm32f1xx_hal_pcd.c ****   /* Prevent unused argument(s) compilation warning */
 532              		.loc 1 298 1 is_stmt 1 view -0
 533              		.cfi_startproc
 534              		@ args = 0, pretend = 0, frame = 0
 535              		@ frame_needed = 0, uses_anonymous_args = 0
 536              		@ link register save eliminated.
 300:Drivers/STM32F1xx_HAL_Driver/Src/stm32f1xx_hal_pcd.c **** 
 537              		.loc 1 300 3 view .LVU182
 305:Drivers/STM32F1xx_HAL_Driver/Src/stm32f1xx_hal_pcd.c **** 
 538              		.loc 1 305 1 is_stmt 0 view .LVU183
 539 0000 7047     		bx	lr
 540              		.cfi_endproc
 541              	.LFE68:
 543              		.section	.text.HAL_PCD_DeInit,"ax",%progbits
 544              		.align	1
 545              		.global	HAL_PCD_DeInit
 546              		.syntax unified
 547              		.thumb
 548              		.thumb_func
 550              	HAL_PCD_DeInit:
 551              	.LVL53:
 552              	.LFB66:
 244:Drivers/STM32F1xx_HAL_Driver/Src/stm32f1xx_hal_pcd.c ****   /* Check the PCD handle allocation */
 553              		.loc 1 244 1 is_stmt 1 view -0
 554              		.cfi_startproc
 555              		@ args = 0, pretend = 0, frame = 0
 556              		@ frame_needed = 0, uses_anonymous_args = 0
 244:Drivers/STM32F1xx_HAL_Driver/Src/stm32f1xx_hal_pcd.c ****   /* Check the PCD handle allocation */
 557              		.loc 1 244 1 is_stmt 0 view .LVU185
 558 0000 38B5     		push	{r3, r4, r5, lr}
 559              		.cfi_def_cfa_offset 16
 560              		.cfi_offset 3, -16
 561              		.cfi_offset 4, -12
 562              		.cfi_offset 5, -8
 563              		.cfi_offset 14, -4
 246:Drivers/STM32F1xx_HAL_Driver/Src/stm32f1xx_hal_pcd.c ****   {
 564              		.loc 1 246 3 is_stmt 1 view .LVU186
 246:Drivers/STM32F1xx_HAL_Driver/Src/stm32f1xx_hal_pcd.c ****   {
 565              		.loc 1 246 6 is_stmt 0 view .LVU187
 566 0002 90B1     		cbz	r0, .L33
 567 0004 0446     		mov	r4, r0
 251:Drivers/STM32F1xx_HAL_Driver/Src/stm32f1xx_hal_pcd.c **** 
 568              		.loc 1 251 3 is_stmt 1 view .LVU188
 251:Drivers/STM32F1xx_HAL_Driver/Src/stm32f1xx_hal_pcd.c **** 
 569              		.loc 1 251 15 is_stmt 0 view .LVU189
 570 0006 0323     		movs	r3, #3
 571 0008 80F89132 		strb	r3, [r0, #657]
 254:Drivers/STM32F1xx_HAL_Driver/Src/stm32f1xx_hal_pcd.c ****   {
 572              		.loc 1 254 3 is_stmt 1 view .LVU190
 254:Drivers/STM32F1xx_HAL_Driver/Src/stm32f1xx_hal_pcd.c ****   {
 573              		.loc 1 254 7 is_stmt 0 view .LVU191
 574 000c 0068     		ldr	r0, [r0]
 575              	.LVL54:
ARM GAS  C:\Users\jc\AppData\Local\Temp\ccPtFhbx.s 			page 58


 254:Drivers/STM32F1xx_HAL_Driver/Src/stm32f1xx_hal_pcd.c ****   {
 576              		.loc 1 254 7 view .LVU192
 577 000e FFF7FEFF 		bl	USB_StopDevice
 578              	.LVL55:
 254:Drivers/STM32F1xx_HAL_Driver/Src/stm32f1xx_hal_pcd.c ****   {
 579              		.loc 1 254 6 discriminator 1 view .LVU193
 580 0012 0546     		mov	r5, r0
 581 0014 10B1     		cbz	r0, .L36
 256:Drivers/STM32F1xx_HAL_Driver/Src/stm32f1xx_hal_pcd.c ****   }
 582              		.loc 1 256 12 view .LVU194
 583 0016 0125     		movs	r5, #1
 584              	.LVL56:
 585              	.L32:
 275:Drivers/STM32F1xx_HAL_Driver/Src/stm32f1xx_hal_pcd.c **** 
 586              		.loc 1 275 1 view .LVU195
 587 0018 2846     		mov	r0, r5
 588 001a 38BD     		pop	{r3, r4, r5, pc}
 589              	.LVL57:
 590              	.L36:
 269:Drivers/STM32F1xx_HAL_Driver/Src/stm32f1xx_hal_pcd.c **** #endif /* USE_HAL_PCD_REGISTER_CALLBACKS */
 591              		.loc 1 269 3 is_stmt 1 view .LVU196
 592 001c 2046     		mov	r0, r4
 593 001e FFF7FEFF 		bl	HAL_PCD_MspDeInit
 594              	.LVL58:
 272:Drivers/STM32F1xx_HAL_Driver/Src/stm32f1xx_hal_pcd.c **** 
 595              		.loc 1 272 3 view .LVU197
 272:Drivers/STM32F1xx_HAL_Driver/Src/stm32f1xx_hal_pcd.c **** 
 596              		.loc 1 272 15 is_stmt 0 view .LVU198
 597 0022 0023     		movs	r3, #0
 598 0024 84F89132 		strb	r3, [r4, #657]
 274:Drivers/STM32F1xx_HAL_Driver/Src/stm32f1xx_hal_pcd.c **** }
 599              		.loc 1 274 3 is_stmt 1 view .LVU199
 274:Drivers/STM32F1xx_HAL_Driver/Src/stm32f1xx_hal_pcd.c **** }
 600              		.loc 1 274 10 is_stmt 0 view .LVU200
 601 0028 F6E7     		b	.L32
 602              	.LVL59:
 603              	.L33:
 248:Drivers/STM32F1xx_HAL_Driver/Src/stm32f1xx_hal_pcd.c ****   }
 604              		.loc 1 248 12 view .LVU201
 605 002a 0125     		movs	r5, #1
 606 002c F4E7     		b	.L32
 607              		.cfi_endproc
 608              	.LFE66:
 610              		.section	.text.HAL_PCD_Start,"ax",%progbits
 611              		.align	1
 612              		.global	HAL_PCD_Start
 613              		.syntax unified
 614              		.thumb
 615              		.thumb_func
 617              	HAL_PCD_Start:
 618              	.LVL60:
 619              	.LFB69:
 856:Drivers/STM32F1xx_HAL_Driver/Src/stm32f1xx_hal_pcd.c ****   __HAL_LOCK(hpcd);
 620              		.loc 1 856 1 is_stmt 1 view -0
 621              		.cfi_startproc
 622              		@ args = 0, pretend = 0, frame = 0
 623              		@ frame_needed = 0, uses_anonymous_args = 0
ARM GAS  C:\Users\jc\AppData\Local\Temp\ccPtFhbx.s 			page 59


 856:Drivers/STM32F1xx_HAL_Driver/Src/stm32f1xx_hal_pcd.c ****   __HAL_LOCK(hpcd);
 624              		.loc 1 856 1 is_stmt 0 view .LVU203
 625 0000 38B5     		push	{r3, r4, r5, lr}
 626              		.cfi_def_cfa_offset 16
 627              		.cfi_offset 3, -16
 628              		.cfi_offset 4, -12
 629              		.cfi_offset 5, -8
 630              		.cfi_offset 14, -4
 857:Drivers/STM32F1xx_HAL_Driver/Src/stm32f1xx_hal_pcd.c ****   __HAL_PCD_ENABLE(hpcd);
 631              		.loc 1 857 3 is_stmt 1 view .LVU204
 857:Drivers/STM32F1xx_HAL_Driver/Src/stm32f1xx_hal_pcd.c ****   __HAL_PCD_ENABLE(hpcd);
 632              		.loc 1 857 3 view .LVU205
 633 0002 90F89032 		ldrb	r3, [r0, #656]	@ zero_extendqisi2
 634 0006 012B     		cmp	r3, #1
 635 0008 11D0     		beq	.L39
 636 000a 0446     		mov	r4, r0
 857:Drivers/STM32F1xx_HAL_Driver/Src/stm32f1xx_hal_pcd.c ****   __HAL_PCD_ENABLE(hpcd);
 637              		.loc 1 857 3 discriminator 2 view .LVU206
 638 000c 0125     		movs	r5, #1
 639 000e 80F89052 		strb	r5, [r0, #656]
 857:Drivers/STM32F1xx_HAL_Driver/Src/stm32f1xx_hal_pcd.c ****   __HAL_PCD_ENABLE(hpcd);
 640              		.loc 1 857 3 view .LVU207
 858:Drivers/STM32F1xx_HAL_Driver/Src/stm32f1xx_hal_pcd.c **** 
 641              		.loc 1 858 3 view .LVU208
 642 0012 0068     		ldr	r0, [r0]
 643              	.LVL61:
 858:Drivers/STM32F1xx_HAL_Driver/Src/stm32f1xx_hal_pcd.c **** 
 644              		.loc 1 858 3 is_stmt 0 view .LVU209
 645 0014 FFF7FEFF 		bl	USB_EnableGlobalInt
 646              	.LVL62:
 861:Drivers/STM32F1xx_HAL_Driver/Src/stm32f1xx_hal_pcd.c **** #endif /* defined (USB) */
 647              		.loc 1 861 3 is_stmt 1 view .LVU210
 648 0018 2946     		mov	r1, r5
 649 001a 2046     		mov	r0, r4
 650 001c FFF7FEFF 		bl	HAL_PCDEx_SetConnectionState
 651              	.LVL63:
 864:Drivers/STM32F1xx_HAL_Driver/Src/stm32f1xx_hal_pcd.c ****   __HAL_UNLOCK(hpcd);
 652              		.loc 1 864 3 view .LVU211
 864:Drivers/STM32F1xx_HAL_Driver/Src/stm32f1xx_hal_pcd.c ****   __HAL_UNLOCK(hpcd);
 653              		.loc 1 864 9 is_stmt 0 view .LVU212
 654 0020 2068     		ldr	r0, [r4]
 655 0022 FFF7FEFF 		bl	USB_DevConnect
 656              	.LVL64:
 865:Drivers/STM32F1xx_HAL_Driver/Src/stm32f1xx_hal_pcd.c **** 
 657              		.loc 1 865 3 is_stmt 1 view .LVU213
 865:Drivers/STM32F1xx_HAL_Driver/Src/stm32f1xx_hal_pcd.c **** 
 658              		.loc 1 865 3 view .LVU214
 659 0026 0020     		movs	r0, #0
 660 0028 84F89002 		strb	r0, [r4, #656]
 865:Drivers/STM32F1xx_HAL_Driver/Src/stm32f1xx_hal_pcd.c **** 
 661              		.loc 1 865 3 view .LVU215
 867:Drivers/STM32F1xx_HAL_Driver/Src/stm32f1xx_hal_pcd.c **** }
 662              		.loc 1 867 3 view .LVU216
 663              	.LVL65:
 664              	.L38:
 868:Drivers/STM32F1xx_HAL_Driver/Src/stm32f1xx_hal_pcd.c **** 
 665              		.loc 1 868 1 is_stmt 0 view .LVU217
ARM GAS  C:\Users\jc\AppData\Local\Temp\ccPtFhbx.s 			page 60


 666 002c 38BD     		pop	{r3, r4, r5, pc}
 667              	.LVL66:
 668              	.L39:
 857:Drivers/STM32F1xx_HAL_Driver/Src/stm32f1xx_hal_pcd.c ****   __HAL_PCD_ENABLE(hpcd);
 669              		.loc 1 857 3 discriminator 1 view .LVU218
 670 002e 0220     		movs	r0, #2
 671              	.LVL67:
 857:Drivers/STM32F1xx_HAL_Driver/Src/stm32f1xx_hal_pcd.c ****   __HAL_PCD_ENABLE(hpcd);
 672              		.loc 1 857 3 discriminator 1 view .LVU219
 673 0030 FCE7     		b	.L38
 674              		.cfi_endproc
 675              	.LFE69:
 677              		.section	.text.HAL_PCD_Stop,"ax",%progbits
 678              		.align	1
 679              		.global	HAL_PCD_Stop
 680              		.syntax unified
 681              		.thumb
 682              		.thumb_func
 684              	HAL_PCD_Stop:
 685              	.LVL68:
 686              	.LFB70:
 876:Drivers/STM32F1xx_HAL_Driver/Src/stm32f1xx_hal_pcd.c ****   __HAL_LOCK(hpcd);
 687              		.loc 1 876 1 is_stmt 1 view -0
 688              		.cfi_startproc
 689              		@ args = 0, pretend = 0, frame = 0
 690              		@ frame_needed = 0, uses_anonymous_args = 0
 877:Drivers/STM32F1xx_HAL_Driver/Src/stm32f1xx_hal_pcd.c ****   __HAL_PCD_DISABLE(hpcd);
 691              		.loc 1 877 3 view .LVU221
 877:Drivers/STM32F1xx_HAL_Driver/Src/stm32f1xx_hal_pcd.c ****   __HAL_PCD_DISABLE(hpcd);
 692              		.loc 1 877 3 view .LVU222
 693 0000 90F89032 		ldrb	r3, [r0, #656]	@ zero_extendqisi2
 694 0004 012B     		cmp	r3, #1
 695 0006 12D0     		beq	.L43
 876:Drivers/STM32F1xx_HAL_Driver/Src/stm32f1xx_hal_pcd.c ****   __HAL_LOCK(hpcd);
 696              		.loc 1 876 1 is_stmt 0 view .LVU223
 697 0008 10B5     		push	{r4, lr}
 698              		.cfi_def_cfa_offset 8
 699              		.cfi_offset 4, -8
 700              		.cfi_offset 14, -4
 701 000a 0446     		mov	r4, r0
 877:Drivers/STM32F1xx_HAL_Driver/Src/stm32f1xx_hal_pcd.c ****   __HAL_PCD_DISABLE(hpcd);
 702              		.loc 1 877 3 is_stmt 1 discriminator 2 view .LVU224
 703 000c 0123     		movs	r3, #1
 704 000e 80F89032 		strb	r3, [r0, #656]
 877:Drivers/STM32F1xx_HAL_Driver/Src/stm32f1xx_hal_pcd.c ****   __HAL_PCD_DISABLE(hpcd);
 705              		.loc 1 877 3 view .LVU225
 878:Drivers/STM32F1xx_HAL_Driver/Src/stm32f1xx_hal_pcd.c **** 
 706              		.loc 1 878 3 view .LVU226
 707 0012 0068     		ldr	r0, [r0]
 708              	.LVL69:
 878:Drivers/STM32F1xx_HAL_Driver/Src/stm32f1xx_hal_pcd.c **** 
 709              		.loc 1 878 3 is_stmt 0 view .LVU227
 710 0014 FFF7FEFF 		bl	USB_DisableGlobalInt
 711              	.LVL70:
 881:Drivers/STM32F1xx_HAL_Driver/Src/stm32f1xx_hal_pcd.c **** #endif /* defined (USB) */
 712              		.loc 1 881 3 is_stmt 1 view .LVU228
 713 0018 0021     		movs	r1, #0
ARM GAS  C:\Users\jc\AppData\Local\Temp\ccPtFhbx.s 			page 61


 714 001a 2046     		mov	r0, r4
 715 001c FFF7FEFF 		bl	HAL_PCDEx_SetConnectionState
 716              	.LVL71:
 884:Drivers/STM32F1xx_HAL_Driver/Src/stm32f1xx_hal_pcd.c **** 
 717              		.loc 1 884 3 view .LVU229
 884:Drivers/STM32F1xx_HAL_Driver/Src/stm32f1xx_hal_pcd.c **** 
 718              		.loc 1 884 9 is_stmt 0 view .LVU230
 719 0020 2068     		ldr	r0, [r4]
 720 0022 FFF7FEFF 		bl	USB_DevDisconnect
 721              	.LVL72:
 890:Drivers/STM32F1xx_HAL_Driver/Src/stm32f1xx_hal_pcd.c **** 
 722              		.loc 1 890 3 is_stmt 1 view .LVU231
 890:Drivers/STM32F1xx_HAL_Driver/Src/stm32f1xx_hal_pcd.c **** 
 723              		.loc 1 890 3 view .LVU232
 724 0026 0020     		movs	r0, #0
 725 0028 84F89002 		strb	r0, [r4, #656]
 890:Drivers/STM32F1xx_HAL_Driver/Src/stm32f1xx_hal_pcd.c **** 
 726              		.loc 1 890 3 view .LVU233
 892:Drivers/STM32F1xx_HAL_Driver/Src/stm32f1xx_hal_pcd.c **** }
 727              		.loc 1 892 3 view .LVU234
 893:Drivers/STM32F1xx_HAL_Driver/Src/stm32f1xx_hal_pcd.c **** 
 728              		.loc 1 893 1 is_stmt 0 view .LVU235
 729 002c 10BD     		pop	{r4, pc}
 730              	.LVL73:
 731              	.L43:
 732              		.cfi_def_cfa_offset 0
 733              		.cfi_restore 4
 734              		.cfi_restore 14
 877:Drivers/STM32F1xx_HAL_Driver/Src/stm32f1xx_hal_pcd.c ****   __HAL_PCD_DISABLE(hpcd);
 735              		.loc 1 877 3 discriminator 1 view .LVU236
 736 002e 0220     		movs	r0, #2
 737              	.LVL74:
 893:Drivers/STM32F1xx_HAL_Driver/Src/stm32f1xx_hal_pcd.c **** 
 738              		.loc 1 893 1 view .LVU237
 739 0030 7047     		bx	lr
 740              		.cfi_endproc
 741              	.LFE70:
 743              		.section	.text.HAL_PCD_WKUP_IRQHandler,"ax",%progbits
 744              		.align	1
 745              		.global	HAL_PCD_WKUP_IRQHandler
 746              		.syntax unified
 747              		.thumb
 748              		.thumb_func
 750              	HAL_PCD_WKUP_IRQHandler:
 751              	.LVL75:
 752              	.LFB72:
1457:Drivers/STM32F1xx_HAL_Driver/Src/stm32f1xx_hal_pcd.c ****   /* Clear EXTI pending Bit */
 753              		.loc 1 1457 1 is_stmt 1 view -0
 754              		.cfi_startproc
 755              		@ args = 0, pretend = 0, frame = 0
 756              		@ frame_needed = 0, uses_anonymous_args = 0
 757              		@ link register save eliminated.
1459:Drivers/STM32F1xx_HAL_Driver/Src/stm32f1xx_hal_pcd.c **** }
 758              		.loc 1 1459 3 view .LVU239
 759 0000 024B     		ldr	r3, .L49
 760 0002 4FF48022 		mov	r2, #262144
 761 0006 5A61     		str	r2, [r3, #20]
ARM GAS  C:\Users\jc\AppData\Local\Temp\ccPtFhbx.s 			page 62


1460:Drivers/STM32F1xx_HAL_Driver/Src/stm32f1xx_hal_pcd.c **** #endif /* defined (USB) */
 762              		.loc 1 1460 1 is_stmt 0 view .LVU240
 763 0008 7047     		bx	lr
 764              	.L50:
 765 000a 00BF     		.align	2
 766              	.L49:
 767 000c 00040140 		.word	1073808384
 768              		.cfi_endproc
 769              	.LFE72:
 771              		.section	.text.HAL_PCD_DataOutStageCallback,"ax",%progbits
 772              		.align	1
 773              		.weak	HAL_PCD_DataOutStageCallback
 774              		.syntax unified
 775              		.thumb
 776              		.thumb_func
 778              	HAL_PCD_DataOutStageCallback:
 779              	.LVL76:
 780              	.LFB73:
1470:Drivers/STM32F1xx_HAL_Driver/Src/stm32f1xx_hal_pcd.c ****   /* Prevent unused argument(s) compilation warning */
 781              		.loc 1 1470 1 is_stmt 1 view -0
 782              		.cfi_startproc
 783              		@ args = 0, pretend = 0, frame = 0
 784              		@ frame_needed = 0, uses_anonymous_args = 0
 785              		@ link register save eliminated.
1472:Drivers/STM32F1xx_HAL_Driver/Src/stm32f1xx_hal_pcd.c ****   UNUSED(epnum);
 786              		.loc 1 1472 3 view .LVU242
1473:Drivers/STM32F1xx_HAL_Driver/Src/stm32f1xx_hal_pcd.c **** 
 787              		.loc 1 1473 3 view .LVU243
1478:Drivers/STM32F1xx_HAL_Driver/Src/stm32f1xx_hal_pcd.c **** 
 788              		.loc 1 1478 1 is_stmt 0 view .LVU244
 789 0000 7047     		bx	lr
 790              		.cfi_endproc
 791              	.LFE73:
 793              		.section	.text.HAL_PCD_DataInStageCallback,"ax",%progbits
 794              		.align	1
 795              		.weak	HAL_PCD_DataInStageCallback
 796              		.syntax unified
 797              		.thumb
 798              		.thumb_func
 800              	HAL_PCD_DataInStageCallback:
 801              	.LVL77:
 802              	.LFB74:
1487:Drivers/STM32F1xx_HAL_Driver/Src/stm32f1xx_hal_pcd.c ****   /* Prevent unused argument(s) compilation warning */
 803              		.loc 1 1487 1 is_stmt 1 view -0
 804              		.cfi_startproc
 805              		@ args = 0, pretend = 0, frame = 0
 806              		@ frame_needed = 0, uses_anonymous_args = 0
 807              		@ link register save eliminated.
1489:Drivers/STM32F1xx_HAL_Driver/Src/stm32f1xx_hal_pcd.c ****   UNUSED(epnum);
 808              		.loc 1 1489 3 view .LVU246
1490:Drivers/STM32F1xx_HAL_Driver/Src/stm32f1xx_hal_pcd.c **** 
 809              		.loc 1 1490 3 view .LVU247
1495:Drivers/STM32F1xx_HAL_Driver/Src/stm32f1xx_hal_pcd.c **** /**
 810              		.loc 1 1495 1 is_stmt 0 view .LVU248
 811 0000 7047     		bx	lr
 812              		.cfi_endproc
 813              	.LFE74:
ARM GAS  C:\Users\jc\AppData\Local\Temp\ccPtFhbx.s 			page 63


 815              		.section	.text.HAL_PCD_EP_DB_Transmit,"ax",%progbits
 816              		.align	1
 817              		.syntax unified
 818              		.thumb
 819              		.thumb_func
 821              	HAL_PCD_EP_DB_Transmit:
 822              	.LVL78:
 823              	.LFB101:
2536:Drivers/STM32F1xx_HAL_Driver/Src/stm32f1xx_hal_pcd.c **** 
2537:Drivers/STM32F1xx_HAL_Driver/Src/stm32f1xx_hal_pcd.c **** 
2538:Drivers/STM32F1xx_HAL_Driver/Src/stm32f1xx_hal_pcd.c **** /**
2539:Drivers/STM32F1xx_HAL_Driver/Src/stm32f1xx_hal_pcd.c ****   * @brief  Manage double buffer bulk IN transaction from ISR
2540:Drivers/STM32F1xx_HAL_Driver/Src/stm32f1xx_hal_pcd.c ****   * @param  hpcd PCD handle
2541:Drivers/STM32F1xx_HAL_Driver/Src/stm32f1xx_hal_pcd.c ****   * @param  ep current endpoint handle
2542:Drivers/STM32F1xx_HAL_Driver/Src/stm32f1xx_hal_pcd.c ****   * @param  wEPVal Last snapshot of EPRx register value taken in ISR
2543:Drivers/STM32F1xx_HAL_Driver/Src/stm32f1xx_hal_pcd.c ****   * @retval HAL status
2544:Drivers/STM32F1xx_HAL_Driver/Src/stm32f1xx_hal_pcd.c ****   */
2545:Drivers/STM32F1xx_HAL_Driver/Src/stm32f1xx_hal_pcd.c **** static HAL_StatusTypeDef HAL_PCD_EP_DB_Transmit(PCD_HandleTypeDef *hpcd,
2546:Drivers/STM32F1xx_HAL_Driver/Src/stm32f1xx_hal_pcd.c ****                                                 PCD_EPTypeDef *ep, uint16_t wEPVal)
2547:Drivers/STM32F1xx_HAL_Driver/Src/stm32f1xx_hal_pcd.c **** {
 824              		.loc 1 2547 1 is_stmt 1 view -0
 825              		.cfi_startproc
 826              		@ args = 0, pretend = 0, frame = 0
 827              		@ frame_needed = 0, uses_anonymous_args = 0
 828              		.loc 1 2547 1 is_stmt 0 view .LVU250
 829 0000 70B5     		push	{r4, r5, r6, lr}
 830              		.cfi_def_cfa_offset 16
 831              		.cfi_offset 4, -16
 832              		.cfi_offset 5, -12
 833              		.cfi_offset 6, -8
 834              		.cfi_offset 14, -4
 835 0002 0546     		mov	r5, r0
 836 0004 0C46     		mov	r4, r1
 837 0006 1646     		mov	r6, r2
2548:Drivers/STM32F1xx_HAL_Driver/Src/stm32f1xx_hal_pcd.c ****   uint32_t len;
 838              		.loc 1 2548 3 is_stmt 1 view .LVU251
2549:Drivers/STM32F1xx_HAL_Driver/Src/stm32f1xx_hal_pcd.c ****   uint16_t TxPctSize;
 839              		.loc 1 2549 3 view .LVU252
2550:Drivers/STM32F1xx_HAL_Driver/Src/stm32f1xx_hal_pcd.c **** 
2551:Drivers/STM32F1xx_HAL_Driver/Src/stm32f1xx_hal_pcd.c ****   /* Data Buffer0 ACK received */
2552:Drivers/STM32F1xx_HAL_Driver/Src/stm32f1xx_hal_pcd.c ****   if ((wEPVal & USB_EP_DTOG_TX) != 0U)
 840              		.loc 1 2552 3 view .LVU253
 841              		.loc 1 2552 6 is_stmt 0 view .LVU254
 842 0008 12F0400F 		tst	r2, #64
 843 000c 00F00E81 		beq	.L54
2553:Drivers/STM32F1xx_HAL_Driver/Src/stm32f1xx_hal_pcd.c ****   {
2554:Drivers/STM32F1xx_HAL_Driver/Src/stm32f1xx_hal_pcd.c ****     /* multi-packet on the NON control IN endpoint */
2555:Drivers/STM32F1xx_HAL_Driver/Src/stm32f1xx_hal_pcd.c ****     TxPctSize = (uint16_t)PCD_GET_EP_DBUF0_CNT(hpcd->Instance, ep->num);
 844              		.loc 1 2555 5 is_stmt 1 view .LVU255
 845              		.loc 1 2555 27 is_stmt 0 view .LVU256
 846 0010 0268     		ldr	r2, [r0]
 847              	.LVL79:
 848              		.loc 1 2555 27 view .LVU257
 849 0012 B2F85030 		ldrh	r3, [r2, #80]
 850 0016 9BB2     		uxth	r3, r3
 851 0018 0978     		ldrb	r1, [r1]	@ zero_extendqisi2
 852              	.LVL80:
ARM GAS  C:\Users\jc\AppData\Local\Temp\ccPtFhbx.s 			page 64


 853              		.loc 1 2555 27 view .LVU258
 854 001a 03EBC103 		add	r3, r3, r1, lsl #3
 855 001e 0233     		adds	r3, r3, #2
 856 0020 02EB4302 		add	r2, r2, r3, lsl #1
 857 0024 B2F80024 		ldrh	r2, [r2, #1024]
 858              		.loc 1 2555 15 view .LVU259
 859 0028 C2F30902 		ubfx	r2, r2, #0, #10
 860              	.LVL81:
2556:Drivers/STM32F1xx_HAL_Driver/Src/stm32f1xx_hal_pcd.c **** 
2557:Drivers/STM32F1xx_HAL_Driver/Src/stm32f1xx_hal_pcd.c ****     if (ep->xfer_len > TxPctSize)
 861              		.loc 1 2557 5 is_stmt 1 view .LVU260
 862              		.loc 1 2557 11 is_stmt 0 view .LVU261
 863 002c A369     		ldr	r3, [r4, #24]
 864              		.loc 1 2557 8 view .LVU262
 865 002e 9342     		cmp	r3, r2
 866 0030 4ED9     		bls	.L55
2558:Drivers/STM32F1xx_HAL_Driver/Src/stm32f1xx_hal_pcd.c ****     {
2559:Drivers/STM32F1xx_HAL_Driver/Src/stm32f1xx_hal_pcd.c ****       ep->xfer_len -= TxPctSize;
 867              		.loc 1 2559 7 is_stmt 1 view .LVU263
 868              		.loc 1 2559 20 is_stmt 0 view .LVU264
 869 0032 9B1A     		subs	r3, r3, r2
 870 0034 A361     		str	r3, [r4, #24]
 871              	.L56:
2560:Drivers/STM32F1xx_HAL_Driver/Src/stm32f1xx_hal_pcd.c ****     }
2561:Drivers/STM32F1xx_HAL_Driver/Src/stm32f1xx_hal_pcd.c ****     else
2562:Drivers/STM32F1xx_HAL_Driver/Src/stm32f1xx_hal_pcd.c ****     {
2563:Drivers/STM32F1xx_HAL_Driver/Src/stm32f1xx_hal_pcd.c ****       ep->xfer_len = 0U;
2564:Drivers/STM32F1xx_HAL_Driver/Src/stm32f1xx_hal_pcd.c ****     }
2565:Drivers/STM32F1xx_HAL_Driver/Src/stm32f1xx_hal_pcd.c **** 
2566:Drivers/STM32F1xx_HAL_Driver/Src/stm32f1xx_hal_pcd.c ****     /* Transfer is completed */
2567:Drivers/STM32F1xx_HAL_Driver/Src/stm32f1xx_hal_pcd.c ****     if (ep->xfer_len == 0U)
 872              		.loc 1 2567 5 is_stmt 1 view .LVU265
 873              		.loc 1 2567 11 is_stmt 0 view .LVU266
 874 0036 A369     		ldr	r3, [r4, #24]
 875              		.loc 1 2567 8 view .LVU267
 876 0038 002B     		cmp	r3, #0
 877 003a 66D1     		bne	.L57
2568:Drivers/STM32F1xx_HAL_Driver/Src/stm32f1xx_hal_pcd.c ****     {
2569:Drivers/STM32F1xx_HAL_Driver/Src/stm32f1xx_hal_pcd.c ****       PCD_SET_EP_DBUF0_CNT(hpcd->Instance, ep->num, ep->is_in, 0U);
 878              		.loc 1 2569 7 is_stmt 1 view .LVU268
 879              		.loc 1 2569 7 view .LVU269
 880 003c 6378     		ldrb	r3, [r4, #1]	@ zero_extendqisi2
 881 003e 002B     		cmp	r3, #0
 882 0040 49D1     		bne	.L58
 883              		.loc 1 2569 7 discriminator 1 view .LVU270
 884              	.LBB6:
 885              		.loc 1 2569 7 discriminator 1 view .LVU271
 886 0042 2B68     		ldr	r3, [r5]
 887              	.LVL82:
 888              		.loc 1 2569 7 view .LVU272
 889              		.loc 1 2569 7 view .LVU273
 890              		.loc 1 2569 7 is_stmt 0 discriminator 1 view .LVU274
 891 0044 B3F85020 		ldrh	r2, [r3, #80]
 892              	.LVL83:
 893              		.loc 1 2569 7 discriminator 1 view .LVU275
 894 0048 92B2     		uxth	r2, r2
 895 004a 1344     		add	r3, r3, r2
ARM GAS  C:\Users\jc\AppData\Local\Temp\ccPtFhbx.s 			page 65


 896              	.LVL84:
 897              		.loc 1 2569 7 is_stmt 1 view .LVU276
 898              		.loc 1 2569 7 is_stmt 0 discriminator 1 view .LVU277
 899 004c 03EB0113 		add	r3, r3, r1, lsl #4
 900              	.LVL85:
 901              		.loc 1 2569 7 is_stmt 1 view .LVU278
 902              	.LBB7:
 903              		.loc 1 2569 7 view .LVU279
 904              		.loc 1 2569 7 view .LVU280
 905              		.loc 1 2569 7 is_stmt 0 discriminator 1 view .LVU281
 906 0050 B3F80424 		ldrh	r2, [r3, #1028]
 907              	.LVL86:
 908              		.loc 1 2569 7 discriminator 1 view .LVU282
 909 0054 C2F30902 		ubfx	r2, r2, #0, #10
 910 0058 A3F80424 		strh	r2, [r3, #1028]	@ movhi
 911              		.loc 1 2569 7 is_stmt 1 view .LVU283
 912              		.loc 1 2569 7 discriminator 4 view .LVU284
 913              		.loc 1 2569 7 discriminator 9 view .LVU285
 914 005c B3F80424 		ldrh	r2, [r3, #1028]
 915 0060 6FEA4242 		mvn	r2, r2, lsl #17
 916 0064 6FEA5242 		mvn	r2, r2, lsr #17
 917 0068 92B2     		uxth	r2, r2
 918 006a A3F80424 		strh	r2, [r3, #1028]	@ movhi
 919              		.loc 1 2569 7 discriminator 15 view .LVU286
 920              	.LBE7:
 921              		.loc 1 2569 7 discriminator 15 view .LVU287
 922              	.LBE6:
 923              		.loc 1 2569 7 discriminator 15 view .LVU288
 924              	.LVL87:
 925              	.L59:
 926              		.loc 1 2569 7 discriminator 18 view .LVU289
 927              		.loc 1 2569 7 discriminator 18 view .LVU290
2570:Drivers/STM32F1xx_HAL_Driver/Src/stm32f1xx_hal_pcd.c ****       PCD_SET_EP_DBUF1_CNT(hpcd->Instance, ep->num, ep->is_in, 0U);
 928              		.loc 1 2570 7 view .LVU291
 929              	.LBB8:
 930              		.loc 1 2570 7 view .LVU292
 931 006e 2B68     		ldr	r3, [r5]
 932              	.LVL88:
 933              		.loc 1 2570 7 view .LVU293
 934              		.loc 1 2570 7 view .LVU294
 935 0070 6278     		ldrb	r2, [r4, #1]	@ zero_extendqisi2
 936 0072 002A     		cmp	r2, #0
 937 0074 3CD1     		bne	.L60
 938              		.loc 1 2570 7 discriminator 1 view .LVU295
 939              	.LBB9:
 940              		.loc 1 2570 7 discriminator 1 view .LVU296
 941              	.LVL89:
 942              		.loc 1 2570 7 view .LVU297
 943              		.loc 1 2570 7 view .LVU298
 944              		.loc 1 2570 7 is_stmt 0 discriminator 1 view .LVU299
 945 0076 B3F85020 		ldrh	r2, [r3, #80]
 946 007a 92B2     		uxth	r2, r2
 947 007c 1344     		add	r3, r3, r2
 948              	.LVL90:
 949              		.loc 1 2570 7 is_stmt 1 view .LVU300
 950              		.loc 1 2570 7 is_stmt 0 discriminator 1 view .LVU301
 951 007e 2278     		ldrb	r2, [r4]	@ zero_extendqisi2
ARM GAS  C:\Users\jc\AppData\Local\Temp\ccPtFhbx.s 			page 66


 952 0080 03EB0213 		add	r3, r3, r2, lsl #4
 953              	.LVL91:
 954              		.loc 1 2570 7 is_stmt 1 view .LVU302
 955              	.LBB10:
 956              		.loc 1 2570 7 view .LVU303
 957              		.loc 1 2570 7 view .LVU304
 958              		.loc 1 2570 7 is_stmt 0 discriminator 1 view .LVU305
 959 0084 B3F80C24 		ldrh	r2, [r3, #1036]
 960 0088 C2F30902 		ubfx	r2, r2, #0, #10
 961 008c A3F80C24 		strh	r2, [r3, #1036]	@ movhi
 962              	.LVL92:
 963              		.loc 1 2570 7 is_stmt 1 view .LVU306
 964              		.loc 1 2570 7 discriminator 4 view .LVU307
 965              		.loc 1 2570 7 discriminator 9 view .LVU308
 966 0090 B3F80C24 		ldrh	r2, [r3, #1036]
 967 0094 6FEA4242 		mvn	r2, r2, lsl #17
 968 0098 6FEA5242 		mvn	r2, r2, lsr #17
 969 009c 92B2     		uxth	r2, r2
 970 009e A3F80C24 		strh	r2, [r3, #1036]	@ movhi
 971              		.loc 1 2570 7 discriminator 15 view .LVU309
 972              	.LBE10:
 973              		.loc 1 2570 7 discriminator 15 view .LVU310
 974              	.LBE9:
 975              		.loc 1 2570 7 discriminator 15 view .LVU311
 976              	.LVL93:
 977              	.L61:
 978              		.loc 1 2570 7 is_stmt 0 discriminator 15 view .LVU312
 979              	.LBE8:
 980              		.loc 1 2570 7 is_stmt 1 discriminator 18 view .LVU313
2571:Drivers/STM32F1xx_HAL_Driver/Src/stm32f1xx_hal_pcd.c **** 
2572:Drivers/STM32F1xx_HAL_Driver/Src/stm32f1xx_hal_pcd.c ****       /* TX COMPLETE */
2573:Drivers/STM32F1xx_HAL_Driver/Src/stm32f1xx_hal_pcd.c **** #if (USE_HAL_PCD_REGISTER_CALLBACKS == 1U)
2574:Drivers/STM32F1xx_HAL_Driver/Src/stm32f1xx_hal_pcd.c ****       hpcd->DataInStageCallback(hpcd, ep->num);
2575:Drivers/STM32F1xx_HAL_Driver/Src/stm32f1xx_hal_pcd.c **** #else
2576:Drivers/STM32F1xx_HAL_Driver/Src/stm32f1xx_hal_pcd.c ****       HAL_PCD_DataInStageCallback(hpcd, ep->num);
 981              		.loc 1 2576 7 view .LVU314
 982 00a2 2178     		ldrb	r1, [r4]	@ zero_extendqisi2
 983 00a4 2846     		mov	r0, r5
 984              	.LVL94:
 985              		.loc 1 2576 7 is_stmt 0 view .LVU315
 986 00a6 FFF7FEFF 		bl	HAL_PCD_DataInStageCallback
 987              	.LVL95:
2577:Drivers/STM32F1xx_HAL_Driver/Src/stm32f1xx_hal_pcd.c **** #endif /* USE_HAL_PCD_REGISTER_CALLBACKS */
2578:Drivers/STM32F1xx_HAL_Driver/Src/stm32f1xx_hal_pcd.c **** 
2579:Drivers/STM32F1xx_HAL_Driver/Src/stm32f1xx_hal_pcd.c ****       if ((wEPVal & USB_EP_DTOG_RX) != 0U)
 988              		.loc 1 2579 7 is_stmt 1 view .LVU316
 989              		.loc 1 2579 10 is_stmt 0 view .LVU317
 990 00aa 16F4804F 		tst	r6, #16384
 991 00ae 41D0     		beq	.L62
2580:Drivers/STM32F1xx_HAL_Driver/Src/stm32f1xx_hal_pcd.c ****       {
2581:Drivers/STM32F1xx_HAL_Driver/Src/stm32f1xx_hal_pcd.c ****         PCD_FREE_USER_BUFFER(hpcd->Instance, ep->num, 1U);
 992              		.loc 1 2581 9 is_stmt 1 view .LVU318
 993              		.loc 1 2581 9 view .LVU319
 994              		.loc 1 2581 9 discriminator 2 view .LVU320
 995              		.loc 1 2581 9 discriminator 4 view .LVU321
 996              	.LBB11:
 997              		.loc 1 2581 9 discriminator 4 view .LVU322
ARM GAS  C:\Users\jc\AppData\Local\Temp\ccPtFhbx.s 			page 67


 998              		.loc 1 2581 9 discriminator 4 view .LVU323
 999 00b0 2A68     		ldr	r2, [r5]
 1000 00b2 2178     		ldrb	r1, [r4]	@ zero_extendqisi2
 1001 00b4 32F82130 		ldrh	r3, [r2, r1, lsl #2]
 1002 00b8 9BB2     		uxth	r3, r3
 1003 00ba 23F4E043 		bic	r3, r3, #28672
 1004 00be 23F07003 		bic	r3, r3, #112
 1005              	.LVL96:
 1006              		.loc 1 2581 9 view .LVU324
 1007              		.loc 1 2581 9 is_stmt 0 discriminator 4 view .LVU325
 1008 00c2 43F44043 		orr	r3, r3, #49152
 1009              	.LVL97:
 1010              		.loc 1 2581 9 discriminator 4 view .LVU326
 1011 00c6 43F08003 		orr	r3, r3, #128
 1012 00ca 22F82130 		strh	r3, [r2, r1, lsl #2]	@ movhi
 1013 00ce 31E0     		b	.L62
 1014              	.LVL98:
 1015              	.L55:
 1016              		.loc 1 2581 9 discriminator 4 view .LVU327
 1017              	.LBE11:
2563:Drivers/STM32F1xx_HAL_Driver/Src/stm32f1xx_hal_pcd.c ****     }
 1018              		.loc 1 2563 7 is_stmt 1 view .LVU328
2563:Drivers/STM32F1xx_HAL_Driver/Src/stm32f1xx_hal_pcd.c ****     }
 1019              		.loc 1 2563 20 is_stmt 0 view .LVU329
 1020 00d0 0023     		movs	r3, #0
 1021 00d2 A361     		str	r3, [r4, #24]
 1022 00d4 AFE7     		b	.L56
 1023              	.L58:
2569:Drivers/STM32F1xx_HAL_Driver/Src/stm32f1xx_hal_pcd.c ****       PCD_SET_EP_DBUF1_CNT(hpcd->Instance, ep->num, ep->is_in, 0U);
 1024              		.loc 1 2569 7 is_stmt 1 discriminator 2 view .LVU330
 1025 00d6 012B     		cmp	r3, #1
 1026 00d8 C9D1     		bne	.L59
2569:Drivers/STM32F1xx_HAL_Driver/Src/stm32f1xx_hal_pcd.c ****       PCD_SET_EP_DBUF1_CNT(hpcd->Instance, ep->num, ep->is_in, 0U);
 1027              		.loc 1 2569 7 discriminator 16 view .LVU331
 1028              	.LBB12:
2569:Drivers/STM32F1xx_HAL_Driver/Src/stm32f1xx_hal_pcd.c ****       PCD_SET_EP_DBUF1_CNT(hpcd->Instance, ep->num, ep->is_in, 0U);
 1029              		.loc 1 2569 7 discriminator 16 view .LVU332
 1030 00da 2B68     		ldr	r3, [r5]
 1031              	.LVL99:
2569:Drivers/STM32F1xx_HAL_Driver/Src/stm32f1xx_hal_pcd.c ****       PCD_SET_EP_DBUF1_CNT(hpcd->Instance, ep->num, ep->is_in, 0U);
 1032              		.loc 1 2569 7 view .LVU333
2569:Drivers/STM32F1xx_HAL_Driver/Src/stm32f1xx_hal_pcd.c ****       PCD_SET_EP_DBUF1_CNT(hpcd->Instance, ep->num, ep->is_in, 0U);
 1033              		.loc 1 2569 7 view .LVU334
2569:Drivers/STM32F1xx_HAL_Driver/Src/stm32f1xx_hal_pcd.c ****       PCD_SET_EP_DBUF1_CNT(hpcd->Instance, ep->num, ep->is_in, 0U);
 1034              		.loc 1 2569 7 is_stmt 0 discriminator 16 view .LVU335
 1035 00dc B3F85020 		ldrh	r2, [r3, #80]
 1036              	.LVL100:
2569:Drivers/STM32F1xx_HAL_Driver/Src/stm32f1xx_hal_pcd.c ****       PCD_SET_EP_DBUF1_CNT(hpcd->Instance, ep->num, ep->is_in, 0U);
 1037              		.loc 1 2569 7 discriminator 16 view .LVU336
 1038 00e0 92B2     		uxth	r2, r2
 1039 00e2 1344     		add	r3, r3, r2
 1040              	.LVL101:
2569:Drivers/STM32F1xx_HAL_Driver/Src/stm32f1xx_hal_pcd.c ****       PCD_SET_EP_DBUF1_CNT(hpcd->Instance, ep->num, ep->is_in, 0U);
 1041              		.loc 1 2569 7 is_stmt 1 view .LVU337
2569:Drivers/STM32F1xx_HAL_Driver/Src/stm32f1xx_hal_pcd.c ****       PCD_SET_EP_DBUF1_CNT(hpcd->Instance, ep->num, ep->is_in, 0U);
 1042              		.loc 1 2569 7 is_stmt 0 discriminator 16 view .LVU338
 1043 00e4 03EB0113 		add	r3, r3, r1, lsl #4
ARM GAS  C:\Users\jc\AppData\Local\Temp\ccPtFhbx.s 			page 68


 1044              	.LVL102:
2569:Drivers/STM32F1xx_HAL_Driver/Src/stm32f1xx_hal_pcd.c ****       PCD_SET_EP_DBUF1_CNT(hpcd->Instance, ep->num, ep->is_in, 0U);
 1045              		.loc 1 2569 7 is_stmt 1 view .LVU339
2569:Drivers/STM32F1xx_HAL_Driver/Src/stm32f1xx_hal_pcd.c ****       PCD_SET_EP_DBUF1_CNT(hpcd->Instance, ep->num, ep->is_in, 0U);
 1046              		.loc 1 2569 7 is_stmt 0 discriminator 16 view .LVU340
 1047 00e8 0022     		movs	r2, #0
 1048              	.LVL103:
2569:Drivers/STM32F1xx_HAL_Driver/Src/stm32f1xx_hal_pcd.c ****       PCD_SET_EP_DBUF1_CNT(hpcd->Instance, ep->num, ep->is_in, 0U);
 1049              		.loc 1 2569 7 discriminator 16 view .LVU341
 1050 00ea A3F80424 		strh	r2, [r3, #1028]	@ movhi
2569:Drivers/STM32F1xx_HAL_Driver/Src/stm32f1xx_hal_pcd.c ****       PCD_SET_EP_DBUF1_CNT(hpcd->Instance, ep->num, ep->is_in, 0U);
 1051              		.loc 1 2569 7 discriminator 16 view .LVU342
 1052 00ee BEE7     		b	.L59
 1053              	.LVL104:
 1054              	.L60:
2569:Drivers/STM32F1xx_HAL_Driver/Src/stm32f1xx_hal_pcd.c ****       PCD_SET_EP_DBUF1_CNT(hpcd->Instance, ep->num, ep->is_in, 0U);
 1055              		.loc 1 2569 7 discriminator 16 view .LVU343
 1056              	.LBE12:
 1057              	.LBB13:
2570:Drivers/STM32F1xx_HAL_Driver/Src/stm32f1xx_hal_pcd.c **** 
 1058              		.loc 1 2570 7 is_stmt 1 discriminator 2 view .LVU344
 1059 00f0 012A     		cmp	r2, #1
 1060 00f2 D6D1     		bne	.L61
2570:Drivers/STM32F1xx_HAL_Driver/Src/stm32f1xx_hal_pcd.c **** 
 1061              		.loc 1 2570 7 discriminator 16 view .LVU345
 1062 00f4 B3F85020 		ldrh	r2, [r3, #80]
 1063 00f8 92B2     		uxth	r2, r2
 1064 00fa 1344     		add	r3, r3, r2
 1065              	.LVL105:
2570:Drivers/STM32F1xx_HAL_Driver/Src/stm32f1xx_hal_pcd.c **** 
 1066              		.loc 1 2570 7 view .LVU346
2570:Drivers/STM32F1xx_HAL_Driver/Src/stm32f1xx_hal_pcd.c **** 
 1067              		.loc 1 2570 7 is_stmt 0 discriminator 16 view .LVU347
 1068 00fc 2278     		ldrb	r2, [r4]	@ zero_extendqisi2
 1069 00fe 03EB0213 		add	r3, r3, r2, lsl #4
 1070              	.LVL106:
2570:Drivers/STM32F1xx_HAL_Driver/Src/stm32f1xx_hal_pcd.c **** 
 1071              		.loc 1 2570 7 is_stmt 1 view .LVU348
2570:Drivers/STM32F1xx_HAL_Driver/Src/stm32f1xx_hal_pcd.c **** 
 1072              		.loc 1 2570 7 is_stmt 0 discriminator 16 view .LVU349
 1073 0102 0022     		movs	r2, #0
 1074 0104 A3F80C24 		strh	r2, [r3, #1036]	@ movhi
2570:Drivers/STM32F1xx_HAL_Driver/Src/stm32f1xx_hal_pcd.c **** 
 1075              		.loc 1 2570 7 discriminator 16 view .LVU350
 1076 0108 CBE7     		b	.L61
 1077              	.LVL107:
 1078              	.L57:
2570:Drivers/STM32F1xx_HAL_Driver/Src/stm32f1xx_hal_pcd.c **** 
 1079              		.loc 1 2570 7 discriminator 16 view .LVU351
 1080              	.LBE13:
2582:Drivers/STM32F1xx_HAL_Driver/Src/stm32f1xx_hal_pcd.c ****       }
2583:Drivers/STM32F1xx_HAL_Driver/Src/stm32f1xx_hal_pcd.c ****     }
2584:Drivers/STM32F1xx_HAL_Driver/Src/stm32f1xx_hal_pcd.c ****     else /* Transfer is not yet Done */
2585:Drivers/STM32F1xx_HAL_Driver/Src/stm32f1xx_hal_pcd.c ****     {
2586:Drivers/STM32F1xx_HAL_Driver/Src/stm32f1xx_hal_pcd.c ****       /* need to Free USB Buff */
2587:Drivers/STM32F1xx_HAL_Driver/Src/stm32f1xx_hal_pcd.c ****       if ((wEPVal & USB_EP_DTOG_RX) != 0U)
 1081              		.loc 1 2587 7 is_stmt 1 view .LVU352
ARM GAS  C:\Users\jc\AppData\Local\Temp\ccPtFhbx.s 			page 69


 1082              		.loc 1 2587 10 is_stmt 0 view .LVU353
 1083 010a 16F4804F 		tst	r6, #16384
 1084 010e 0DD0     		beq	.L63
2588:Drivers/STM32F1xx_HAL_Driver/Src/stm32f1xx_hal_pcd.c ****       {
2589:Drivers/STM32F1xx_HAL_Driver/Src/stm32f1xx_hal_pcd.c ****         PCD_FREE_USER_BUFFER(hpcd->Instance, ep->num, 1U);
 1085              		.loc 1 2589 9 is_stmt 1 view .LVU354
 1086              		.loc 1 2589 9 view .LVU355
 1087              		.loc 1 2589 9 discriminator 2 view .LVU356
 1088              		.loc 1 2589 9 discriminator 4 view .LVU357
 1089              	.LBB14:
 1090              		.loc 1 2589 9 discriminator 4 view .LVU358
 1091              		.loc 1 2589 9 discriminator 4 view .LVU359
 1092 0110 2868     		ldr	r0, [r5]
 1093              	.LVL108:
 1094              		.loc 1 2589 9 is_stmt 0 discriminator 4 view .LVU360
 1095 0112 30F82130 		ldrh	r3, [r0, r1, lsl #2]
 1096 0116 9BB2     		uxth	r3, r3
 1097 0118 23F4E043 		bic	r3, r3, #28672
 1098 011c 23F07003 		bic	r3, r3, #112
 1099              	.LVL109:
 1100              		.loc 1 2589 9 is_stmt 1 view .LVU361
 1101              		.loc 1 2589 9 is_stmt 0 discriminator 4 view .LVU362
 1102 0120 43F44043 		orr	r3, r3, #49152
 1103              	.LVL110:
 1104              		.loc 1 2589 9 discriminator 4 view .LVU363
 1105 0124 43F08003 		orr	r3, r3, #128
 1106 0128 20F82130 		strh	r3, [r0, r1, lsl #2]	@ movhi
 1107              	.LVL111:
 1108              	.L63:
 1109              		.loc 1 2589 9 discriminator 4 view .LVU364
 1110              	.LBE14:
 1111              		.loc 1 2589 9 is_stmt 1 discriminator 6 view .LVU365
 1112              		.loc 1 2589 9 discriminator 6 view .LVU366
2590:Drivers/STM32F1xx_HAL_Driver/Src/stm32f1xx_hal_pcd.c ****       }
2591:Drivers/STM32F1xx_HAL_Driver/Src/stm32f1xx_hal_pcd.c **** 
2592:Drivers/STM32F1xx_HAL_Driver/Src/stm32f1xx_hal_pcd.c ****       /* Still there is data to Fill in the next Buffer */
2593:Drivers/STM32F1xx_HAL_Driver/Src/stm32f1xx_hal_pcd.c ****       if (ep->xfer_fill_db == 1U)
 1113              		.loc 1 2593 7 view .LVU367
 1114              		.loc 1 2593 13 is_stmt 0 view .LVU368
 1115 012c 94F82430 		ldrb	r3, [r4, #36]	@ zero_extendqisi2
 1116              		.loc 1 2593 10 view .LVU369
 1117 0130 012B     		cmp	r3, #1
 1118 0132 12D0     		beq	.L91
 1119              	.LVL112:
 1120              	.L62:
2594:Drivers/STM32F1xx_HAL_Driver/Src/stm32f1xx_hal_pcd.c ****       {
2595:Drivers/STM32F1xx_HAL_Driver/Src/stm32f1xx_hal_pcd.c ****         ep->xfer_buff += TxPctSize;
2596:Drivers/STM32F1xx_HAL_Driver/Src/stm32f1xx_hal_pcd.c ****         ep->xfer_count += TxPctSize;
2597:Drivers/STM32F1xx_HAL_Driver/Src/stm32f1xx_hal_pcd.c **** 
2598:Drivers/STM32F1xx_HAL_Driver/Src/stm32f1xx_hal_pcd.c ****         /* Calculate the len of the new buffer to fill */
2599:Drivers/STM32F1xx_HAL_Driver/Src/stm32f1xx_hal_pcd.c ****         if (ep->xfer_len_db >= ep->maxpacket)
2600:Drivers/STM32F1xx_HAL_Driver/Src/stm32f1xx_hal_pcd.c ****         {
2601:Drivers/STM32F1xx_HAL_Driver/Src/stm32f1xx_hal_pcd.c ****           len = ep->maxpacket;
2602:Drivers/STM32F1xx_HAL_Driver/Src/stm32f1xx_hal_pcd.c ****           ep->xfer_len_db -= len;
2603:Drivers/STM32F1xx_HAL_Driver/Src/stm32f1xx_hal_pcd.c ****         }
2604:Drivers/STM32F1xx_HAL_Driver/Src/stm32f1xx_hal_pcd.c ****         else if (ep->xfer_len_db == 0U)
2605:Drivers/STM32F1xx_HAL_Driver/Src/stm32f1xx_hal_pcd.c ****         {
ARM GAS  C:\Users\jc\AppData\Local\Temp\ccPtFhbx.s 			page 70


2606:Drivers/STM32F1xx_HAL_Driver/Src/stm32f1xx_hal_pcd.c ****           len = TxPctSize;
2607:Drivers/STM32F1xx_HAL_Driver/Src/stm32f1xx_hal_pcd.c ****           ep->xfer_fill_db = 0U;
2608:Drivers/STM32F1xx_HAL_Driver/Src/stm32f1xx_hal_pcd.c ****         }
2609:Drivers/STM32F1xx_HAL_Driver/Src/stm32f1xx_hal_pcd.c ****         else
2610:Drivers/STM32F1xx_HAL_Driver/Src/stm32f1xx_hal_pcd.c ****         {
2611:Drivers/STM32F1xx_HAL_Driver/Src/stm32f1xx_hal_pcd.c ****           ep->xfer_fill_db = 0U;
2612:Drivers/STM32F1xx_HAL_Driver/Src/stm32f1xx_hal_pcd.c ****           len = ep->xfer_len_db;
2613:Drivers/STM32F1xx_HAL_Driver/Src/stm32f1xx_hal_pcd.c ****           ep->xfer_len_db = 0U;
2614:Drivers/STM32F1xx_HAL_Driver/Src/stm32f1xx_hal_pcd.c ****         }
2615:Drivers/STM32F1xx_HAL_Driver/Src/stm32f1xx_hal_pcd.c **** 
2616:Drivers/STM32F1xx_HAL_Driver/Src/stm32f1xx_hal_pcd.c ****         /* Write remaining Data to Buffer */
2617:Drivers/STM32F1xx_HAL_Driver/Src/stm32f1xx_hal_pcd.c ****         /* Set the Double buffer counter for pma buffer1 */
2618:Drivers/STM32F1xx_HAL_Driver/Src/stm32f1xx_hal_pcd.c ****         PCD_SET_EP_DBUF0_CNT(hpcd->Instance, ep->num, ep->is_in, len);
2619:Drivers/STM32F1xx_HAL_Driver/Src/stm32f1xx_hal_pcd.c **** 
2620:Drivers/STM32F1xx_HAL_Driver/Src/stm32f1xx_hal_pcd.c ****         /* Copy user buffer to USB PMA */
2621:Drivers/STM32F1xx_HAL_Driver/Src/stm32f1xx_hal_pcd.c ****         USB_WritePMA(hpcd->Instance, ep->xfer_buff,  ep->pmaaddr0, (uint16_t)len);
2622:Drivers/STM32F1xx_HAL_Driver/Src/stm32f1xx_hal_pcd.c ****       }
2623:Drivers/STM32F1xx_HAL_Driver/Src/stm32f1xx_hal_pcd.c ****     }
2624:Drivers/STM32F1xx_HAL_Driver/Src/stm32f1xx_hal_pcd.c ****   }
2625:Drivers/STM32F1xx_HAL_Driver/Src/stm32f1xx_hal_pcd.c ****   else /* Data Buffer1 ACK received */
2626:Drivers/STM32F1xx_HAL_Driver/Src/stm32f1xx_hal_pcd.c ****   {
2627:Drivers/STM32F1xx_HAL_Driver/Src/stm32f1xx_hal_pcd.c ****     /* multi-packet on the NON control IN endpoint */
2628:Drivers/STM32F1xx_HAL_Driver/Src/stm32f1xx_hal_pcd.c ****     TxPctSize = (uint16_t)PCD_GET_EP_DBUF1_CNT(hpcd->Instance, ep->num);
2629:Drivers/STM32F1xx_HAL_Driver/Src/stm32f1xx_hal_pcd.c **** 
2630:Drivers/STM32F1xx_HAL_Driver/Src/stm32f1xx_hal_pcd.c ****     if (ep->xfer_len >= TxPctSize)
2631:Drivers/STM32F1xx_HAL_Driver/Src/stm32f1xx_hal_pcd.c ****     {
2632:Drivers/STM32F1xx_HAL_Driver/Src/stm32f1xx_hal_pcd.c ****       ep->xfer_len -= TxPctSize;
2633:Drivers/STM32F1xx_HAL_Driver/Src/stm32f1xx_hal_pcd.c ****     }
2634:Drivers/STM32F1xx_HAL_Driver/Src/stm32f1xx_hal_pcd.c ****     else
2635:Drivers/STM32F1xx_HAL_Driver/Src/stm32f1xx_hal_pcd.c ****     {
2636:Drivers/STM32F1xx_HAL_Driver/Src/stm32f1xx_hal_pcd.c ****       ep->xfer_len = 0U;
2637:Drivers/STM32F1xx_HAL_Driver/Src/stm32f1xx_hal_pcd.c ****     }
2638:Drivers/STM32F1xx_HAL_Driver/Src/stm32f1xx_hal_pcd.c **** 
2639:Drivers/STM32F1xx_HAL_Driver/Src/stm32f1xx_hal_pcd.c ****     /* Transfer is completed */
2640:Drivers/STM32F1xx_HAL_Driver/Src/stm32f1xx_hal_pcd.c ****     if (ep->xfer_len == 0U)
2641:Drivers/STM32F1xx_HAL_Driver/Src/stm32f1xx_hal_pcd.c ****     {
2642:Drivers/STM32F1xx_HAL_Driver/Src/stm32f1xx_hal_pcd.c ****       PCD_SET_EP_DBUF0_CNT(hpcd->Instance, ep->num, ep->is_in, 0U);
2643:Drivers/STM32F1xx_HAL_Driver/Src/stm32f1xx_hal_pcd.c ****       PCD_SET_EP_DBUF1_CNT(hpcd->Instance, ep->num, ep->is_in, 0U);
2644:Drivers/STM32F1xx_HAL_Driver/Src/stm32f1xx_hal_pcd.c **** 
2645:Drivers/STM32F1xx_HAL_Driver/Src/stm32f1xx_hal_pcd.c ****       /* TX COMPLETE */
2646:Drivers/STM32F1xx_HAL_Driver/Src/stm32f1xx_hal_pcd.c **** #if (USE_HAL_PCD_REGISTER_CALLBACKS == 1U)
2647:Drivers/STM32F1xx_HAL_Driver/Src/stm32f1xx_hal_pcd.c ****       hpcd->DataInStageCallback(hpcd, ep->num);
2648:Drivers/STM32F1xx_HAL_Driver/Src/stm32f1xx_hal_pcd.c **** #else
2649:Drivers/STM32F1xx_HAL_Driver/Src/stm32f1xx_hal_pcd.c ****       HAL_PCD_DataInStageCallback(hpcd, ep->num);
2650:Drivers/STM32F1xx_HAL_Driver/Src/stm32f1xx_hal_pcd.c **** #endif /* USE_HAL_PCD_REGISTER_CALLBACKS */
2651:Drivers/STM32F1xx_HAL_Driver/Src/stm32f1xx_hal_pcd.c **** 
2652:Drivers/STM32F1xx_HAL_Driver/Src/stm32f1xx_hal_pcd.c ****       /* need to Free USB Buff */
2653:Drivers/STM32F1xx_HAL_Driver/Src/stm32f1xx_hal_pcd.c ****       if ((wEPVal & USB_EP_DTOG_RX) == 0U)
2654:Drivers/STM32F1xx_HAL_Driver/Src/stm32f1xx_hal_pcd.c ****       {
2655:Drivers/STM32F1xx_HAL_Driver/Src/stm32f1xx_hal_pcd.c ****         PCD_FREE_USER_BUFFER(hpcd->Instance, ep->num, 1U);
2656:Drivers/STM32F1xx_HAL_Driver/Src/stm32f1xx_hal_pcd.c ****       }
2657:Drivers/STM32F1xx_HAL_Driver/Src/stm32f1xx_hal_pcd.c ****     }
2658:Drivers/STM32F1xx_HAL_Driver/Src/stm32f1xx_hal_pcd.c ****     else /* Transfer is not yet Done */
2659:Drivers/STM32F1xx_HAL_Driver/Src/stm32f1xx_hal_pcd.c ****     {
2660:Drivers/STM32F1xx_HAL_Driver/Src/stm32f1xx_hal_pcd.c ****       /* need to Free USB Buff */
2661:Drivers/STM32F1xx_HAL_Driver/Src/stm32f1xx_hal_pcd.c ****       if ((wEPVal & USB_EP_DTOG_RX) == 0U)
2662:Drivers/STM32F1xx_HAL_Driver/Src/stm32f1xx_hal_pcd.c ****       {
ARM GAS  C:\Users\jc\AppData\Local\Temp\ccPtFhbx.s 			page 71


2663:Drivers/STM32F1xx_HAL_Driver/Src/stm32f1xx_hal_pcd.c ****         PCD_FREE_USER_BUFFER(hpcd->Instance, ep->num, 1U);
2664:Drivers/STM32F1xx_HAL_Driver/Src/stm32f1xx_hal_pcd.c ****       }
2665:Drivers/STM32F1xx_HAL_Driver/Src/stm32f1xx_hal_pcd.c **** 
2666:Drivers/STM32F1xx_HAL_Driver/Src/stm32f1xx_hal_pcd.c ****       /* Still there is data to Fill in the next Buffer */
2667:Drivers/STM32F1xx_HAL_Driver/Src/stm32f1xx_hal_pcd.c ****       if (ep->xfer_fill_db == 1U)
2668:Drivers/STM32F1xx_HAL_Driver/Src/stm32f1xx_hal_pcd.c ****       {
2669:Drivers/STM32F1xx_HAL_Driver/Src/stm32f1xx_hal_pcd.c ****         ep->xfer_buff += TxPctSize;
2670:Drivers/STM32F1xx_HAL_Driver/Src/stm32f1xx_hal_pcd.c ****         ep->xfer_count += TxPctSize;
2671:Drivers/STM32F1xx_HAL_Driver/Src/stm32f1xx_hal_pcd.c **** 
2672:Drivers/STM32F1xx_HAL_Driver/Src/stm32f1xx_hal_pcd.c ****         /* Calculate the len of the new buffer to fill */
2673:Drivers/STM32F1xx_HAL_Driver/Src/stm32f1xx_hal_pcd.c ****         if (ep->xfer_len_db >= ep->maxpacket)
2674:Drivers/STM32F1xx_HAL_Driver/Src/stm32f1xx_hal_pcd.c ****         {
2675:Drivers/STM32F1xx_HAL_Driver/Src/stm32f1xx_hal_pcd.c ****           len = ep->maxpacket;
2676:Drivers/STM32F1xx_HAL_Driver/Src/stm32f1xx_hal_pcd.c ****           ep->xfer_len_db -= len;
2677:Drivers/STM32F1xx_HAL_Driver/Src/stm32f1xx_hal_pcd.c ****         }
2678:Drivers/STM32F1xx_HAL_Driver/Src/stm32f1xx_hal_pcd.c ****         else if (ep->xfer_len_db == 0U)
2679:Drivers/STM32F1xx_HAL_Driver/Src/stm32f1xx_hal_pcd.c ****         {
2680:Drivers/STM32F1xx_HAL_Driver/Src/stm32f1xx_hal_pcd.c ****           len = TxPctSize;
2681:Drivers/STM32F1xx_HAL_Driver/Src/stm32f1xx_hal_pcd.c ****           ep->xfer_fill_db = 0U;
2682:Drivers/STM32F1xx_HAL_Driver/Src/stm32f1xx_hal_pcd.c ****         }
2683:Drivers/STM32F1xx_HAL_Driver/Src/stm32f1xx_hal_pcd.c ****         else
2684:Drivers/STM32F1xx_HAL_Driver/Src/stm32f1xx_hal_pcd.c ****         {
2685:Drivers/STM32F1xx_HAL_Driver/Src/stm32f1xx_hal_pcd.c ****           len = ep->xfer_len_db;
2686:Drivers/STM32F1xx_HAL_Driver/Src/stm32f1xx_hal_pcd.c ****           ep->xfer_len_db = 0U;
2687:Drivers/STM32F1xx_HAL_Driver/Src/stm32f1xx_hal_pcd.c ****           ep->xfer_fill_db = 0;
2688:Drivers/STM32F1xx_HAL_Driver/Src/stm32f1xx_hal_pcd.c ****         }
2689:Drivers/STM32F1xx_HAL_Driver/Src/stm32f1xx_hal_pcd.c **** 
2690:Drivers/STM32F1xx_HAL_Driver/Src/stm32f1xx_hal_pcd.c ****         /* Set the Double buffer counter for pmabuffer1 */
2691:Drivers/STM32F1xx_HAL_Driver/Src/stm32f1xx_hal_pcd.c ****         PCD_SET_EP_DBUF1_CNT(hpcd->Instance, ep->num, ep->is_in, len);
2692:Drivers/STM32F1xx_HAL_Driver/Src/stm32f1xx_hal_pcd.c **** 
2693:Drivers/STM32F1xx_HAL_Driver/Src/stm32f1xx_hal_pcd.c ****         /* Copy the user buffer to USB PMA */
2694:Drivers/STM32F1xx_HAL_Driver/Src/stm32f1xx_hal_pcd.c ****         USB_WritePMA(hpcd->Instance, ep->xfer_buff,  ep->pmaaddr1, (uint16_t)len);
2695:Drivers/STM32F1xx_HAL_Driver/Src/stm32f1xx_hal_pcd.c ****       }
2696:Drivers/STM32F1xx_HAL_Driver/Src/stm32f1xx_hal_pcd.c ****     }
2697:Drivers/STM32F1xx_HAL_Driver/Src/stm32f1xx_hal_pcd.c ****   }
2698:Drivers/STM32F1xx_HAL_Driver/Src/stm32f1xx_hal_pcd.c **** 
2699:Drivers/STM32F1xx_HAL_Driver/Src/stm32f1xx_hal_pcd.c ****   /*enable endpoint IN*/
2700:Drivers/STM32F1xx_HAL_Driver/Src/stm32f1xx_hal_pcd.c ****   PCD_SET_EP_TX_STATUS(hpcd->Instance, ep->num, USB_EP_TX_VALID);
 1121              		.loc 1 2700 3 is_stmt 1 view .LVU370
 1122              	.LBB15:
 1123              		.loc 1 2700 3 view .LVU371
 1124              		.loc 1 2700 3 view .LVU372
 1125 0134 2A68     		ldr	r2, [r5]
 1126 0136 2178     		ldrb	r1, [r4]	@ zero_extendqisi2
 1127 0138 32F82130 		ldrh	r3, [r2, r1, lsl #2]
 1128 013c 9BB2     		uxth	r3, r3
 1129 013e 23F4E043 		bic	r3, r3, #28672
 1130 0142 23F04003 		bic	r3, r3, #64
 1131              	.LVL113:
 1132              		.loc 1 2700 3 view .LVU373
 1133              		.loc 1 2700 3 discriminator 1 view .LVU374
 1134              		.loc 1 2700 3 discriminator 3 view .LVU375
 1135              		.loc 1 2700 3 discriminator 4 view .LVU376
 1136 0146 83F03003 		eor	r3, r3, #48
 1137              	.LVL114:
 1138              		.loc 1 2700 3 discriminator 6 view .LVU377
 1139 014a 43F40043 		orr	r3, r3, #32768
ARM GAS  C:\Users\jc\AppData\Local\Temp\ccPtFhbx.s 			page 72


 1140              	.LVL115:
 1141              		.loc 1 2700 3 is_stmt 0 discriminator 6 view .LVU378
 1142 014e 43F08003 		orr	r3, r3, #128
 1143 0152 22F82130 		strh	r3, [r2, r1, lsl #2]	@ movhi
 1144              	.LBE15:
 1145              		.loc 1 2700 3 is_stmt 1 view .LVU379
2701:Drivers/STM32F1xx_HAL_Driver/Src/stm32f1xx_hal_pcd.c **** 
2702:Drivers/STM32F1xx_HAL_Driver/Src/stm32f1xx_hal_pcd.c ****   return HAL_OK;
 1146              		.loc 1 2702 3 view .LVU380
2703:Drivers/STM32F1xx_HAL_Driver/Src/stm32f1xx_hal_pcd.c **** }
 1147              		.loc 1 2703 1 is_stmt 0 view .LVU381
 1148 0156 0020     		movs	r0, #0
 1149 0158 70BD     		pop	{r4, r5, r6, pc}
 1150              	.LVL116:
 1151              	.L91:
2595:Drivers/STM32F1xx_HAL_Driver/Src/stm32f1xx_hal_pcd.c ****         ep->xfer_count += TxPctSize;
 1152              		.loc 1 2595 9 is_stmt 1 view .LVU382
2595:Drivers/STM32F1xx_HAL_Driver/Src/stm32f1xx_hal_pcd.c ****         ep->xfer_count += TxPctSize;
 1153              		.loc 1 2595 11 is_stmt 0 view .LVU383
 1154 015a 6369     		ldr	r3, [r4, #20]
2595:Drivers/STM32F1xx_HAL_Driver/Src/stm32f1xx_hal_pcd.c ****         ep->xfer_count += TxPctSize;
 1155              		.loc 1 2595 23 view .LVU384
 1156 015c 1344     		add	r3, r3, r2
 1157 015e 6361     		str	r3, [r4, #20]
2596:Drivers/STM32F1xx_HAL_Driver/Src/stm32f1xx_hal_pcd.c **** 
 1158              		.loc 1 2596 9 is_stmt 1 view .LVU385
2596:Drivers/STM32F1xx_HAL_Driver/Src/stm32f1xx_hal_pcd.c **** 
 1159              		.loc 1 2596 11 is_stmt 0 view .LVU386
 1160 0160 E369     		ldr	r3, [r4, #28]
2596:Drivers/STM32F1xx_HAL_Driver/Src/stm32f1xx_hal_pcd.c **** 
 1161              		.loc 1 2596 24 view .LVU387
 1162 0162 1344     		add	r3, r3, r2
 1163 0164 E361     		str	r3, [r4, #28]
2599:Drivers/STM32F1xx_HAL_Driver/Src/stm32f1xx_hal_pcd.c ****         {
 1164              		.loc 1 2599 9 is_stmt 1 view .LVU388
2599:Drivers/STM32F1xx_HAL_Driver/Src/stm32f1xx_hal_pcd.c ****         {
 1165              		.loc 1 2599 15 is_stmt 0 view .LVU389
 1166 0166 216A     		ldr	r1, [r4, #32]
2599:Drivers/STM32F1xx_HAL_Driver/Src/stm32f1xx_hal_pcd.c ****         {
 1167              		.loc 1 2599 34 view .LVU390
 1168 0168 2369     		ldr	r3, [r4, #16]
2599:Drivers/STM32F1xx_HAL_Driver/Src/stm32f1xx_hal_pcd.c ****         {
 1169              		.loc 1 2599 12 view .LVU391
 1170 016a 9942     		cmp	r1, r3
 1171 016c 24D3     		bcc	.L64
2601:Drivers/STM32F1xx_HAL_Driver/Src/stm32f1xx_hal_pcd.c ****           ep->xfer_len_db -= len;
 1172              		.loc 1 2601 11 is_stmt 1 view .LVU392
 1173              	.LVL117:
2602:Drivers/STM32F1xx_HAL_Driver/Src/stm32f1xx_hal_pcd.c ****         }
 1174              		.loc 1 2602 11 view .LVU393
2602:Drivers/STM32F1xx_HAL_Driver/Src/stm32f1xx_hal_pcd.c ****         }
 1175              		.loc 1 2602 27 is_stmt 0 view .LVU394
 1176 016e C91A     		subs	r1, r1, r3
 1177 0170 2162     		str	r1, [r4, #32]
 1178              	.L65:
2618:Drivers/STM32F1xx_HAL_Driver/Src/stm32f1xx_hal_pcd.c **** 
 1179              		.loc 1 2618 9 is_stmt 1 view .LVU395
ARM GAS  C:\Users\jc\AppData\Local\Temp\ccPtFhbx.s 			page 73


2618:Drivers/STM32F1xx_HAL_Driver/Src/stm32f1xx_hal_pcd.c **** 
 1180              		.loc 1 2618 9 view .LVU396
 1181 0172 6278     		ldrb	r2, [r4, #1]	@ zero_extendqisi2
 1182              	.LVL118:
2618:Drivers/STM32F1xx_HAL_Driver/Src/stm32f1xx_hal_pcd.c **** 
 1183              		.loc 1 2618 9 is_stmt 0 view .LVU397
 1184 0174 002A     		cmp	r2, #0
 1185 0176 44D1     		bne	.L67
2618:Drivers/STM32F1xx_HAL_Driver/Src/stm32f1xx_hal_pcd.c **** 
 1186              		.loc 1 2618 9 is_stmt 1 discriminator 1 view .LVU398
 1187              	.LBB16:
2618:Drivers/STM32F1xx_HAL_Driver/Src/stm32f1xx_hal_pcd.c **** 
 1188              		.loc 1 2618 9 discriminator 1 view .LVU399
 1189 0178 2A68     		ldr	r2, [r5]
 1190              	.LVL119:
2618:Drivers/STM32F1xx_HAL_Driver/Src/stm32f1xx_hal_pcd.c **** 
 1191              		.loc 1 2618 9 view .LVU400
2618:Drivers/STM32F1xx_HAL_Driver/Src/stm32f1xx_hal_pcd.c **** 
 1192              		.loc 1 2618 9 view .LVU401
2618:Drivers/STM32F1xx_HAL_Driver/Src/stm32f1xx_hal_pcd.c **** 
 1193              		.loc 1 2618 9 is_stmt 0 discriminator 1 view .LVU402
 1194 017a B2F85010 		ldrh	r1, [r2, #80]
 1195 017e 89B2     		uxth	r1, r1
 1196 0180 0A44     		add	r2, r2, r1
 1197              	.LVL120:
2618:Drivers/STM32F1xx_HAL_Driver/Src/stm32f1xx_hal_pcd.c **** 
 1198              		.loc 1 2618 9 is_stmt 1 view .LVU403
2618:Drivers/STM32F1xx_HAL_Driver/Src/stm32f1xx_hal_pcd.c **** 
 1199              		.loc 1 2618 9 is_stmt 0 discriminator 1 view .LVU404
 1200 0182 2178     		ldrb	r1, [r4]	@ zero_extendqisi2
 1201 0184 02EB0112 		add	r2, r2, r1, lsl #4
 1202              	.LVL121:
2618:Drivers/STM32F1xx_HAL_Driver/Src/stm32f1xx_hal_pcd.c **** 
 1203              		.loc 1 2618 9 is_stmt 1 view .LVU405
 1204              	.LBB17:
2618:Drivers/STM32F1xx_HAL_Driver/Src/stm32f1xx_hal_pcd.c **** 
 1205              		.loc 1 2618 9 view .LVU406
2618:Drivers/STM32F1xx_HAL_Driver/Src/stm32f1xx_hal_pcd.c **** 
 1206              		.loc 1 2618 9 view .LVU407
2618:Drivers/STM32F1xx_HAL_Driver/Src/stm32f1xx_hal_pcd.c **** 
 1207              		.loc 1 2618 9 is_stmt 0 discriminator 1 view .LVU408
 1208 0188 B2F80414 		ldrh	r1, [r2, #1028]
 1209 018c C1F30901 		ubfx	r1, r1, #0, #10
 1210 0190 A2F80414 		strh	r1, [r2, #1028]	@ movhi
2618:Drivers/STM32F1xx_HAL_Driver/Src/stm32f1xx_hal_pcd.c **** 
 1211              		.loc 1 2618 9 is_stmt 1 view .LVU409
2618:Drivers/STM32F1xx_HAL_Driver/Src/stm32f1xx_hal_pcd.c **** 
 1212              		.loc 1 2618 9 is_stmt 0 discriminator 1 view .LVU410
 1213 0194 3E2B     		cmp	r3, #62
 1214 0196 1BD9     		bls	.L68
2618:Drivers/STM32F1xx_HAL_Driver/Src/stm32f1xx_hal_pcd.c **** 
 1215              		.loc 1 2618 9 is_stmt 1 discriminator 3 view .LVU411
2618:Drivers/STM32F1xx_HAL_Driver/Src/stm32f1xx_hal_pcd.c **** 
 1216              		.loc 1 2618 9 discriminator 3 view .LVU412
 1217 0198 5809     		lsrs	r0, r3, #5
 1218              	.LVL122:
2618:Drivers/STM32F1xx_HAL_Driver/Src/stm32f1xx_hal_pcd.c **** 
ARM GAS  C:\Users\jc\AppData\Local\Temp\ccPtFhbx.s 			page 74


 1219              		.loc 1 2618 9 view .LVU413
2618:Drivers/STM32F1xx_HAL_Driver/Src/stm32f1xx_hal_pcd.c **** 
 1220              		.loc 1 2618 9 is_stmt 0 discriminator 3 view .LVU414
 1221 019a 13F01F0F 		tst	r3, #31
 1222 019e 00D1     		bne	.L69
2618:Drivers/STM32F1xx_HAL_Driver/Src/stm32f1xx_hal_pcd.c **** 
 1223              		.loc 1 2618 9 is_stmt 1 discriminator 5 view .LVU415
 1224 01a0 0138     		subs	r0, r0, #1
 1225              	.LVL123:
 1226              	.L69:
2618:Drivers/STM32F1xx_HAL_Driver/Src/stm32f1xx_hal_pcd.c **** 
 1227              		.loc 1 2618 9 discriminator 7 view .LVU416
 1228 01a2 B2F80414 		ldrh	r1, [r2, #1028]
 1229 01a6 89B2     		uxth	r1, r1
 1230 01a8 8002     		lsls	r0, r0, #10
 1231              	.LVL124:
2618:Drivers/STM32F1xx_HAL_Driver/Src/stm32f1xx_hal_pcd.c **** 
 1232              		.loc 1 2618 9 is_stmt 0 discriminator 7 view .LVU417
 1233 01aa 80B2     		uxth	r0, r0
 1234 01ac 0143     		orrs	r1, r1, r0
 1235 01ae 41F40041 		orr	r1, r1, #32768
 1236 01b2 A2F80414 		strh	r1, [r2, #1028]	@ movhi
2618:Drivers/STM32F1xx_HAL_Driver/Src/stm32f1xx_hal_pcd.c **** 
 1237              		.loc 1 2618 9 is_stmt 1 view .LVU418
 1238 01b6 26E0     		b	.L70
 1239              	.LVL125:
 1240              	.L64:
2618:Drivers/STM32F1xx_HAL_Driver/Src/stm32f1xx_hal_pcd.c **** 
 1241              		.loc 1 2618 9 is_stmt 0 view .LVU419
 1242              	.LBE17:
 1243              	.LBE16:
2604:Drivers/STM32F1xx_HAL_Driver/Src/stm32f1xx_hal_pcd.c ****         {
 1244              		.loc 1 2604 14 is_stmt 1 view .LVU420
2604:Drivers/STM32F1xx_HAL_Driver/Src/stm32f1xx_hal_pcd.c ****         {
 1245              		.loc 1 2604 17 is_stmt 0 view .LVU421
 1246 01b8 21B9     		cbnz	r1, .L66
2606:Drivers/STM32F1xx_HAL_Driver/Src/stm32f1xx_hal_pcd.c ****           ep->xfer_fill_db = 0U;
 1247              		.loc 1 2606 11 is_stmt 1 view .LVU422
 1248              	.LVL126:
2607:Drivers/STM32F1xx_HAL_Driver/Src/stm32f1xx_hal_pcd.c ****         }
 1249              		.loc 1 2607 11 view .LVU423
2607:Drivers/STM32F1xx_HAL_Driver/Src/stm32f1xx_hal_pcd.c ****         }
 1250              		.loc 1 2607 28 is_stmt 0 view .LVU424
 1251 01ba 0023     		movs	r3, #0
 1252 01bc 84F82430 		strb	r3, [r4, #36]
2606:Drivers/STM32F1xx_HAL_Driver/Src/stm32f1xx_hal_pcd.c ****           ep->xfer_fill_db = 0U;
 1253              		.loc 1 2606 15 view .LVU425
 1254 01c0 1346     		mov	r3, r2
 1255 01c2 D6E7     		b	.L65
 1256              	.LVL127:
 1257              	.L66:
2611:Drivers/STM32F1xx_HAL_Driver/Src/stm32f1xx_hal_pcd.c ****           len = ep->xfer_len_db;
 1258              		.loc 1 2611 11 is_stmt 1 view .LVU426
2611:Drivers/STM32F1xx_HAL_Driver/Src/stm32f1xx_hal_pcd.c ****           len = ep->xfer_len_db;
 1259              		.loc 1 2611 28 is_stmt 0 view .LVU427
 1260 01c4 0023     		movs	r3, #0
 1261 01c6 84F82430 		strb	r3, [r4, #36]
ARM GAS  C:\Users\jc\AppData\Local\Temp\ccPtFhbx.s 			page 75


2612:Drivers/STM32F1xx_HAL_Driver/Src/stm32f1xx_hal_pcd.c ****           ep->xfer_len_db = 0U;
 1262              		.loc 1 2612 11 is_stmt 1 view .LVU428
 1263              	.LVL128:
2613:Drivers/STM32F1xx_HAL_Driver/Src/stm32f1xx_hal_pcd.c ****         }
 1264              		.loc 1 2613 11 view .LVU429
2613:Drivers/STM32F1xx_HAL_Driver/Src/stm32f1xx_hal_pcd.c ****         }
 1265              		.loc 1 2613 27 is_stmt 0 view .LVU430
 1266 01ca 2362     		str	r3, [r4, #32]
2612:Drivers/STM32F1xx_HAL_Driver/Src/stm32f1xx_hal_pcd.c ****           ep->xfer_len_db = 0U;
 1267              		.loc 1 2612 15 view .LVU431
 1268 01cc 0B46     		mov	r3, r1
 1269 01ce D0E7     		b	.L65
 1270              	.LVL129:
 1271              	.L68:
 1272              	.LBB19:
 1273              	.LBB18:
2618:Drivers/STM32F1xx_HAL_Driver/Src/stm32f1xx_hal_pcd.c **** 
 1274              		.loc 1 2618 9 is_stmt 1 discriminator 4 view .LVU432
 1275 01d0 4BB9     		cbnz	r3, .L71
2618:Drivers/STM32F1xx_HAL_Driver/Src/stm32f1xx_hal_pcd.c **** 
 1276              		.loc 1 2618 9 discriminator 9 view .LVU433
 1277 01d2 B2F80414 		ldrh	r1, [r2, #1028]
 1278 01d6 6FEA4141 		mvn	r1, r1, lsl #17
 1279 01da 6FEA5141 		mvn	r1, r1, lsr #17
 1280 01de 89B2     		uxth	r1, r1
 1281 01e0 A2F80414 		strh	r1, [r2, #1028]	@ movhi
 1282 01e4 0FE0     		b	.L70
 1283              	.L71:
2618:Drivers/STM32F1xx_HAL_Driver/Src/stm32f1xx_hal_pcd.c **** 
 1284              		.loc 1 2618 9 discriminator 10 view .LVU434
2618:Drivers/STM32F1xx_HAL_Driver/Src/stm32f1xx_hal_pcd.c **** 
 1285              		.loc 1 2618 9 discriminator 10 view .LVU435
 1286 01e6 5908     		lsrs	r1, r3, #1
 1287              	.LVL130:
2618:Drivers/STM32F1xx_HAL_Driver/Src/stm32f1xx_hal_pcd.c **** 
 1288              		.loc 1 2618 9 view .LVU436
2618:Drivers/STM32F1xx_HAL_Driver/Src/stm32f1xx_hal_pcd.c **** 
 1289              		.loc 1 2618 9 is_stmt 0 discriminator 10 view .LVU437
 1290 01e8 13F0010F 		tst	r3, #1
 1291 01ec 00D0     		beq	.L72
2618:Drivers/STM32F1xx_HAL_Driver/Src/stm32f1xx_hal_pcd.c **** 
 1292              		.loc 1 2618 9 is_stmt 1 discriminator 12 view .LVU438
 1293 01ee 0131     		adds	r1, r1, #1
 1294              	.LVL131:
 1295              	.L72:
2618:Drivers/STM32F1xx_HAL_Driver/Src/stm32f1xx_hal_pcd.c **** 
 1296              		.loc 1 2618 9 discriminator 14 view .LVU439
 1297 01f0 B2F80404 		ldrh	r0, [r2, #1028]
 1298 01f4 80B2     		uxth	r0, r0
 1299 01f6 8902     		lsls	r1, r1, #10
 1300              	.LVL132:
2618:Drivers/STM32F1xx_HAL_Driver/Src/stm32f1xx_hal_pcd.c **** 
 1301              		.loc 1 2618 9 is_stmt 0 discriminator 14 view .LVU440
 1302 01f8 89B2     		uxth	r1, r1
 1303 01fa 0143     		orrs	r1, r1, r0
 1304 01fc A2F80414 		strh	r1, [r2, #1028]	@ movhi
 1305 0200 01E0     		b	.L70
ARM GAS  C:\Users\jc\AppData\Local\Temp\ccPtFhbx.s 			page 76


 1306              	.LVL133:
 1307              	.L67:
2618:Drivers/STM32F1xx_HAL_Driver/Src/stm32f1xx_hal_pcd.c **** 
 1308              		.loc 1 2618 9 discriminator 14 view .LVU441
 1309              	.LBE18:
 1310              	.LBE19:
2618:Drivers/STM32F1xx_HAL_Driver/Src/stm32f1xx_hal_pcd.c **** 
 1311              		.loc 1 2618 9 is_stmt 1 discriminator 2 view .LVU442
 1312 0202 012A     		cmp	r2, #1
 1313 0204 06D0     		beq	.L92
 1314              	.L70:
2618:Drivers/STM32F1xx_HAL_Driver/Src/stm32f1xx_hal_pcd.c **** 
 1315              		.loc 1 2618 9 discriminator 18 view .LVU443
2618:Drivers/STM32F1xx_HAL_Driver/Src/stm32f1xx_hal_pcd.c **** 
 1316              		.loc 1 2618 9 discriminator 18 view .LVU444
2621:Drivers/STM32F1xx_HAL_Driver/Src/stm32f1xx_hal_pcd.c ****       }
 1317              		.loc 1 2621 9 view .LVU445
 1318 0206 9BB2     		uxth	r3, r3
 1319              	.LVL134:
2621:Drivers/STM32F1xx_HAL_Driver/Src/stm32f1xx_hal_pcd.c ****       }
 1320              		.loc 1 2621 9 is_stmt 0 view .LVU446
 1321 0208 2289     		ldrh	r2, [r4, #8]
 1322 020a 6169     		ldr	r1, [r4, #20]
 1323 020c 2868     		ldr	r0, [r5]
 1324 020e FFF7FEFF 		bl	USB_WritePMA
 1325              	.LVL135:
 1326 0212 8FE7     		b	.L62
 1327              	.LVL136:
 1328              	.L92:
2618:Drivers/STM32F1xx_HAL_Driver/Src/stm32f1xx_hal_pcd.c **** 
 1329              		.loc 1 2618 9 is_stmt 1 discriminator 16 view .LVU447
 1330              	.LBB20:
2618:Drivers/STM32F1xx_HAL_Driver/Src/stm32f1xx_hal_pcd.c **** 
 1331              		.loc 1 2618 9 discriminator 16 view .LVU448
 1332 0214 2A68     		ldr	r2, [r5]
 1333              	.LVL137:
2618:Drivers/STM32F1xx_HAL_Driver/Src/stm32f1xx_hal_pcd.c **** 
 1334              		.loc 1 2618 9 view .LVU449
2618:Drivers/STM32F1xx_HAL_Driver/Src/stm32f1xx_hal_pcd.c **** 
 1335              		.loc 1 2618 9 view .LVU450
2618:Drivers/STM32F1xx_HAL_Driver/Src/stm32f1xx_hal_pcd.c **** 
 1336              		.loc 1 2618 9 is_stmt 0 discriminator 16 view .LVU451
 1337 0216 B2F85010 		ldrh	r1, [r2, #80]
 1338 021a 89B2     		uxth	r1, r1
 1339 021c 0A44     		add	r2, r2, r1
 1340              	.LVL138:
2618:Drivers/STM32F1xx_HAL_Driver/Src/stm32f1xx_hal_pcd.c **** 
 1341              		.loc 1 2618 9 is_stmt 1 view .LVU452
2618:Drivers/STM32F1xx_HAL_Driver/Src/stm32f1xx_hal_pcd.c **** 
 1342              		.loc 1 2618 9 is_stmt 0 discriminator 16 view .LVU453
 1343 021e 2178     		ldrb	r1, [r4]	@ zero_extendqisi2
 1344 0220 02EB0112 		add	r2, r2, r1, lsl #4
 1345              	.LVL139:
2618:Drivers/STM32F1xx_HAL_Driver/Src/stm32f1xx_hal_pcd.c **** 
 1346              		.loc 1 2618 9 is_stmt 1 view .LVU454
2618:Drivers/STM32F1xx_HAL_Driver/Src/stm32f1xx_hal_pcd.c **** 
 1347              		.loc 1 2618 9 is_stmt 0 discriminator 16 view .LVU455
ARM GAS  C:\Users\jc\AppData\Local\Temp\ccPtFhbx.s 			page 77


 1348 0224 99B2     		uxth	r1, r3
 1349 0226 A2F80414 		strh	r1, [r2, #1028]	@ movhi
2618:Drivers/STM32F1xx_HAL_Driver/Src/stm32f1xx_hal_pcd.c **** 
 1350              		.loc 1 2618 9 discriminator 16 view .LVU456
 1351 022a ECE7     		b	.L70
 1352              	.LVL140:
 1353              	.L54:
2618:Drivers/STM32F1xx_HAL_Driver/Src/stm32f1xx_hal_pcd.c **** 
 1354              		.loc 1 2618 9 discriminator 16 view .LVU457
 1355              	.LBE20:
2628:Drivers/STM32F1xx_HAL_Driver/Src/stm32f1xx_hal_pcd.c **** 
 1356              		.loc 1 2628 5 is_stmt 1 view .LVU458
2628:Drivers/STM32F1xx_HAL_Driver/Src/stm32f1xx_hal_pcd.c **** 
 1357              		.loc 1 2628 27 is_stmt 0 view .LVU459
 1358 022c 0268     		ldr	r2, [r0]
 1359              	.LVL141:
2628:Drivers/STM32F1xx_HAL_Driver/Src/stm32f1xx_hal_pcd.c **** 
 1360              		.loc 1 2628 27 view .LVU460
 1361 022e B2F85030 		ldrh	r3, [r2, #80]
 1362 0232 9BB2     		uxth	r3, r3
 1363 0234 0978     		ldrb	r1, [r1]	@ zero_extendqisi2
 1364              	.LVL142:
2628:Drivers/STM32F1xx_HAL_Driver/Src/stm32f1xx_hal_pcd.c **** 
 1365              		.loc 1 2628 27 view .LVU461
 1366 0236 03EBC103 		add	r3, r3, r1, lsl #3
 1367 023a 0633     		adds	r3, r3, #6
 1368 023c 02EB4302 		add	r2, r2, r3, lsl #1
 1369 0240 B2F80024 		ldrh	r2, [r2, #1024]
2628:Drivers/STM32F1xx_HAL_Driver/Src/stm32f1xx_hal_pcd.c **** 
 1370              		.loc 1 2628 15 view .LVU462
 1371 0244 C2F30902 		ubfx	r2, r2, #0, #10
 1372              	.LVL143:
2630:Drivers/STM32F1xx_HAL_Driver/Src/stm32f1xx_hal_pcd.c ****     {
 1373              		.loc 1 2630 5 is_stmt 1 view .LVU463
2630:Drivers/STM32F1xx_HAL_Driver/Src/stm32f1xx_hal_pcd.c ****     {
 1374              		.loc 1 2630 11 is_stmt 0 view .LVU464
 1375 0248 A369     		ldr	r3, [r4, #24]
2630:Drivers/STM32F1xx_HAL_Driver/Src/stm32f1xx_hal_pcd.c ****     {
 1376              		.loc 1 2630 8 view .LVU465
 1377 024a 9342     		cmp	r3, r2
 1378 024c 4FD3     		bcc	.L73
2632:Drivers/STM32F1xx_HAL_Driver/Src/stm32f1xx_hal_pcd.c ****     }
 1379              		.loc 1 2632 7 is_stmt 1 view .LVU466
2632:Drivers/STM32F1xx_HAL_Driver/Src/stm32f1xx_hal_pcd.c ****     }
 1380              		.loc 1 2632 20 is_stmt 0 view .LVU467
 1381 024e 9B1A     		subs	r3, r3, r2
 1382 0250 A361     		str	r3, [r4, #24]
 1383              	.L74:
2640:Drivers/STM32F1xx_HAL_Driver/Src/stm32f1xx_hal_pcd.c ****     {
 1384              		.loc 1 2640 5 is_stmt 1 view .LVU468
2640:Drivers/STM32F1xx_HAL_Driver/Src/stm32f1xx_hal_pcd.c ****     {
 1385              		.loc 1 2640 11 is_stmt 0 view .LVU469
 1386 0252 A369     		ldr	r3, [r4, #24]
2640:Drivers/STM32F1xx_HAL_Driver/Src/stm32f1xx_hal_pcd.c ****     {
 1387              		.loc 1 2640 8 view .LVU470
 1388 0254 002B     		cmp	r3, #0
 1389 0256 67D1     		bne	.L75
ARM GAS  C:\Users\jc\AppData\Local\Temp\ccPtFhbx.s 			page 78


2642:Drivers/STM32F1xx_HAL_Driver/Src/stm32f1xx_hal_pcd.c ****       PCD_SET_EP_DBUF1_CNT(hpcd->Instance, ep->num, ep->is_in, 0U);
 1390              		.loc 1 2642 7 is_stmt 1 view .LVU471
2642:Drivers/STM32F1xx_HAL_Driver/Src/stm32f1xx_hal_pcd.c ****       PCD_SET_EP_DBUF1_CNT(hpcd->Instance, ep->num, ep->is_in, 0U);
 1391              		.loc 1 2642 7 view .LVU472
 1392 0258 6378     		ldrb	r3, [r4, #1]	@ zero_extendqisi2
 1393 025a 002B     		cmp	r3, #0
 1394 025c 4AD1     		bne	.L76
2642:Drivers/STM32F1xx_HAL_Driver/Src/stm32f1xx_hal_pcd.c ****       PCD_SET_EP_DBUF1_CNT(hpcd->Instance, ep->num, ep->is_in, 0U);
 1395              		.loc 1 2642 7 discriminator 1 view .LVU473
 1396              	.LBB21:
2642:Drivers/STM32F1xx_HAL_Driver/Src/stm32f1xx_hal_pcd.c ****       PCD_SET_EP_DBUF1_CNT(hpcd->Instance, ep->num, ep->is_in, 0U);
 1397              		.loc 1 2642 7 discriminator 1 view .LVU474
 1398 025e 2B68     		ldr	r3, [r5]
 1399              	.LVL144:
2642:Drivers/STM32F1xx_HAL_Driver/Src/stm32f1xx_hal_pcd.c ****       PCD_SET_EP_DBUF1_CNT(hpcd->Instance, ep->num, ep->is_in, 0U);
 1400              		.loc 1 2642 7 view .LVU475
2642:Drivers/STM32F1xx_HAL_Driver/Src/stm32f1xx_hal_pcd.c ****       PCD_SET_EP_DBUF1_CNT(hpcd->Instance, ep->num, ep->is_in, 0U);
 1401              		.loc 1 2642 7 view .LVU476
2642:Drivers/STM32F1xx_HAL_Driver/Src/stm32f1xx_hal_pcd.c ****       PCD_SET_EP_DBUF1_CNT(hpcd->Instance, ep->num, ep->is_in, 0U);
 1402              		.loc 1 2642 7 is_stmt 0 discriminator 1 view .LVU477
 1403 0260 B3F85020 		ldrh	r2, [r3, #80]
 1404              	.LVL145:
2642:Drivers/STM32F1xx_HAL_Driver/Src/stm32f1xx_hal_pcd.c ****       PCD_SET_EP_DBUF1_CNT(hpcd->Instance, ep->num, ep->is_in, 0U);
 1405              		.loc 1 2642 7 discriminator 1 view .LVU478
 1406 0264 92B2     		uxth	r2, r2
 1407 0266 1344     		add	r3, r3, r2
 1408              	.LVL146:
2642:Drivers/STM32F1xx_HAL_Driver/Src/stm32f1xx_hal_pcd.c ****       PCD_SET_EP_DBUF1_CNT(hpcd->Instance, ep->num, ep->is_in, 0U);
 1409              		.loc 1 2642 7 is_stmt 1 view .LVU479
2642:Drivers/STM32F1xx_HAL_Driver/Src/stm32f1xx_hal_pcd.c ****       PCD_SET_EP_DBUF1_CNT(hpcd->Instance, ep->num, ep->is_in, 0U);
 1410              		.loc 1 2642 7 is_stmt 0 discriminator 1 view .LVU480
 1411 0268 03EB0113 		add	r3, r3, r1, lsl #4
 1412              	.LVL147:
2642:Drivers/STM32F1xx_HAL_Driver/Src/stm32f1xx_hal_pcd.c ****       PCD_SET_EP_DBUF1_CNT(hpcd->Instance, ep->num, ep->is_in, 0U);
 1413              		.loc 1 2642 7 is_stmt 1 view .LVU481
 1414              	.LBB22:
2642:Drivers/STM32F1xx_HAL_Driver/Src/stm32f1xx_hal_pcd.c ****       PCD_SET_EP_DBUF1_CNT(hpcd->Instance, ep->num, ep->is_in, 0U);
 1415              		.loc 1 2642 7 view .LVU482
2642:Drivers/STM32F1xx_HAL_Driver/Src/stm32f1xx_hal_pcd.c ****       PCD_SET_EP_DBUF1_CNT(hpcd->Instance, ep->num, ep->is_in, 0U);
 1416              		.loc 1 2642 7 view .LVU483
2642:Drivers/STM32F1xx_HAL_Driver/Src/stm32f1xx_hal_pcd.c ****       PCD_SET_EP_DBUF1_CNT(hpcd->Instance, ep->num, ep->is_in, 0U);
 1417              		.loc 1 2642 7 is_stmt 0 discriminator 1 view .LVU484
 1418 026c B3F80424 		ldrh	r2, [r3, #1028]
 1419              	.LVL148:
2642:Drivers/STM32F1xx_HAL_Driver/Src/stm32f1xx_hal_pcd.c ****       PCD_SET_EP_DBUF1_CNT(hpcd->Instance, ep->num, ep->is_in, 0U);
 1420              		.loc 1 2642 7 discriminator 1 view .LVU485
 1421 0270 C2F30902 		ubfx	r2, r2, #0, #10
 1422 0274 A3F80424 		strh	r2, [r3, #1028]	@ movhi
2642:Drivers/STM32F1xx_HAL_Driver/Src/stm32f1xx_hal_pcd.c ****       PCD_SET_EP_DBUF1_CNT(hpcd->Instance, ep->num, ep->is_in, 0U);
 1423              		.loc 1 2642 7 is_stmt 1 view .LVU486
2642:Drivers/STM32F1xx_HAL_Driver/Src/stm32f1xx_hal_pcd.c ****       PCD_SET_EP_DBUF1_CNT(hpcd->Instance, ep->num, ep->is_in, 0U);
 1424              		.loc 1 2642 7 discriminator 4 view .LVU487
2642:Drivers/STM32F1xx_HAL_Driver/Src/stm32f1xx_hal_pcd.c ****       PCD_SET_EP_DBUF1_CNT(hpcd->Instance, ep->num, ep->is_in, 0U);
 1425              		.loc 1 2642 7 discriminator 9 view .LVU488
 1426 0278 B3F80424 		ldrh	r2, [r3, #1028]
 1427 027c 6FEA4242 		mvn	r2, r2, lsl #17
 1428 0280 6FEA5242 		mvn	r2, r2, lsr #17
ARM GAS  C:\Users\jc\AppData\Local\Temp\ccPtFhbx.s 			page 79


 1429 0284 92B2     		uxth	r2, r2
 1430 0286 A3F80424 		strh	r2, [r3, #1028]	@ movhi
2642:Drivers/STM32F1xx_HAL_Driver/Src/stm32f1xx_hal_pcd.c ****       PCD_SET_EP_DBUF1_CNT(hpcd->Instance, ep->num, ep->is_in, 0U);
 1431              		.loc 1 2642 7 discriminator 15 view .LVU489
 1432              	.LBE22:
2642:Drivers/STM32F1xx_HAL_Driver/Src/stm32f1xx_hal_pcd.c ****       PCD_SET_EP_DBUF1_CNT(hpcd->Instance, ep->num, ep->is_in, 0U);
 1433              		.loc 1 2642 7 discriminator 15 view .LVU490
 1434              	.LBE21:
2642:Drivers/STM32F1xx_HAL_Driver/Src/stm32f1xx_hal_pcd.c ****       PCD_SET_EP_DBUF1_CNT(hpcd->Instance, ep->num, ep->is_in, 0U);
 1435              		.loc 1 2642 7 discriminator 15 view .LVU491
 1436              	.LVL149:
 1437              	.L77:
2642:Drivers/STM32F1xx_HAL_Driver/Src/stm32f1xx_hal_pcd.c ****       PCD_SET_EP_DBUF1_CNT(hpcd->Instance, ep->num, ep->is_in, 0U);
 1438              		.loc 1 2642 7 discriminator 18 view .LVU492
2642:Drivers/STM32F1xx_HAL_Driver/Src/stm32f1xx_hal_pcd.c ****       PCD_SET_EP_DBUF1_CNT(hpcd->Instance, ep->num, ep->is_in, 0U);
 1439              		.loc 1 2642 7 discriminator 18 view .LVU493
2643:Drivers/STM32F1xx_HAL_Driver/Src/stm32f1xx_hal_pcd.c **** 
 1440              		.loc 1 2643 7 view .LVU494
 1441              	.LBB23:
2643:Drivers/STM32F1xx_HAL_Driver/Src/stm32f1xx_hal_pcd.c **** 
 1442              		.loc 1 2643 7 view .LVU495
 1443 028a 2B68     		ldr	r3, [r5]
 1444              	.LVL150:
2643:Drivers/STM32F1xx_HAL_Driver/Src/stm32f1xx_hal_pcd.c **** 
 1445              		.loc 1 2643 7 view .LVU496
2643:Drivers/STM32F1xx_HAL_Driver/Src/stm32f1xx_hal_pcd.c **** 
 1446              		.loc 1 2643 7 view .LVU497
 1447 028c 6278     		ldrb	r2, [r4, #1]	@ zero_extendqisi2
 1448 028e 002A     		cmp	r2, #0
 1449 0290 3DD1     		bne	.L78
2643:Drivers/STM32F1xx_HAL_Driver/Src/stm32f1xx_hal_pcd.c **** 
 1450              		.loc 1 2643 7 discriminator 1 view .LVU498
 1451              	.LBB24:
2643:Drivers/STM32F1xx_HAL_Driver/Src/stm32f1xx_hal_pcd.c **** 
 1452              		.loc 1 2643 7 discriminator 1 view .LVU499
 1453              	.LVL151:
2643:Drivers/STM32F1xx_HAL_Driver/Src/stm32f1xx_hal_pcd.c **** 
 1454              		.loc 1 2643 7 view .LVU500
2643:Drivers/STM32F1xx_HAL_Driver/Src/stm32f1xx_hal_pcd.c **** 
 1455              		.loc 1 2643 7 view .LVU501
2643:Drivers/STM32F1xx_HAL_Driver/Src/stm32f1xx_hal_pcd.c **** 
 1456              		.loc 1 2643 7 is_stmt 0 discriminator 1 view .LVU502
 1457 0292 B3F85020 		ldrh	r2, [r3, #80]
 1458 0296 92B2     		uxth	r2, r2
 1459 0298 1344     		add	r3, r3, r2
 1460              	.LVL152:
2643:Drivers/STM32F1xx_HAL_Driver/Src/stm32f1xx_hal_pcd.c **** 
 1461              		.loc 1 2643 7 is_stmt 1 view .LVU503
2643:Drivers/STM32F1xx_HAL_Driver/Src/stm32f1xx_hal_pcd.c **** 
 1462              		.loc 1 2643 7 is_stmt 0 discriminator 1 view .LVU504
 1463 029a 2278     		ldrb	r2, [r4]	@ zero_extendqisi2
 1464 029c 03EB0213 		add	r3, r3, r2, lsl #4
 1465              	.LVL153:
2643:Drivers/STM32F1xx_HAL_Driver/Src/stm32f1xx_hal_pcd.c **** 
 1466              		.loc 1 2643 7 is_stmt 1 view .LVU505
 1467              	.LBB25:
2643:Drivers/STM32F1xx_HAL_Driver/Src/stm32f1xx_hal_pcd.c **** 
ARM GAS  C:\Users\jc\AppData\Local\Temp\ccPtFhbx.s 			page 80


 1468              		.loc 1 2643 7 view .LVU506
2643:Drivers/STM32F1xx_HAL_Driver/Src/stm32f1xx_hal_pcd.c **** 
 1469              		.loc 1 2643 7 view .LVU507
2643:Drivers/STM32F1xx_HAL_Driver/Src/stm32f1xx_hal_pcd.c **** 
 1470              		.loc 1 2643 7 is_stmt 0 discriminator 1 view .LVU508
 1471 02a0 B3F80C24 		ldrh	r2, [r3, #1036]
 1472 02a4 C2F30902 		ubfx	r2, r2, #0, #10
 1473 02a8 A3F80C24 		strh	r2, [r3, #1036]	@ movhi
 1474              	.LVL154:
2643:Drivers/STM32F1xx_HAL_Driver/Src/stm32f1xx_hal_pcd.c **** 
 1475              		.loc 1 2643 7 is_stmt 1 view .LVU509
2643:Drivers/STM32F1xx_HAL_Driver/Src/stm32f1xx_hal_pcd.c **** 
 1476              		.loc 1 2643 7 discriminator 4 view .LVU510
2643:Drivers/STM32F1xx_HAL_Driver/Src/stm32f1xx_hal_pcd.c **** 
 1477              		.loc 1 2643 7 discriminator 9 view .LVU511
 1478 02ac B3F80C24 		ldrh	r2, [r3, #1036]
 1479 02b0 6FEA4242 		mvn	r2, r2, lsl #17
 1480 02b4 6FEA5242 		mvn	r2, r2, lsr #17
 1481 02b8 92B2     		uxth	r2, r2
 1482 02ba A3F80C24 		strh	r2, [r3, #1036]	@ movhi
2643:Drivers/STM32F1xx_HAL_Driver/Src/stm32f1xx_hal_pcd.c **** 
 1483              		.loc 1 2643 7 discriminator 15 view .LVU512
 1484              	.LBE25:
2643:Drivers/STM32F1xx_HAL_Driver/Src/stm32f1xx_hal_pcd.c **** 
 1485              		.loc 1 2643 7 discriminator 15 view .LVU513
 1486              	.LBE24:
2643:Drivers/STM32F1xx_HAL_Driver/Src/stm32f1xx_hal_pcd.c **** 
 1487              		.loc 1 2643 7 discriminator 15 view .LVU514
 1488              	.LVL155:
 1489              	.L79:
2643:Drivers/STM32F1xx_HAL_Driver/Src/stm32f1xx_hal_pcd.c **** 
 1490              		.loc 1 2643 7 is_stmt 0 discriminator 15 view .LVU515
 1491              	.LBE23:
2643:Drivers/STM32F1xx_HAL_Driver/Src/stm32f1xx_hal_pcd.c **** 
 1492              		.loc 1 2643 7 is_stmt 1 discriminator 18 view .LVU516
2649:Drivers/STM32F1xx_HAL_Driver/Src/stm32f1xx_hal_pcd.c **** #endif /* USE_HAL_PCD_REGISTER_CALLBACKS */
 1493              		.loc 1 2649 7 view .LVU517
 1494 02be 2178     		ldrb	r1, [r4]	@ zero_extendqisi2
 1495 02c0 2846     		mov	r0, r5
 1496              	.LVL156:
2649:Drivers/STM32F1xx_HAL_Driver/Src/stm32f1xx_hal_pcd.c **** #endif /* USE_HAL_PCD_REGISTER_CALLBACKS */
 1497              		.loc 1 2649 7 is_stmt 0 view .LVU518
 1498 02c2 FFF7FEFF 		bl	HAL_PCD_DataInStageCallback
 1499              	.LVL157:
2653:Drivers/STM32F1xx_HAL_Driver/Src/stm32f1xx_hal_pcd.c ****       {
 1500              		.loc 1 2653 7 is_stmt 1 view .LVU519
2653:Drivers/STM32F1xx_HAL_Driver/Src/stm32f1xx_hal_pcd.c ****       {
 1501              		.loc 1 2653 10 is_stmt 0 view .LVU520
 1502 02c6 16F4804F 		tst	r6, #16384
 1503 02ca 7FF433AF 		bne	.L62
2655:Drivers/STM32F1xx_HAL_Driver/Src/stm32f1xx_hal_pcd.c ****       }
 1504              		.loc 1 2655 9 is_stmt 1 view .LVU521
2655:Drivers/STM32F1xx_HAL_Driver/Src/stm32f1xx_hal_pcd.c ****       }
 1505              		.loc 1 2655 9 view .LVU522
2655:Drivers/STM32F1xx_HAL_Driver/Src/stm32f1xx_hal_pcd.c ****       }
 1506              		.loc 1 2655 9 discriminator 2 view .LVU523
2655:Drivers/STM32F1xx_HAL_Driver/Src/stm32f1xx_hal_pcd.c ****       }
ARM GAS  C:\Users\jc\AppData\Local\Temp\ccPtFhbx.s 			page 81


 1507              		.loc 1 2655 9 discriminator 4 view .LVU524
 1508              	.LBB26:
2655:Drivers/STM32F1xx_HAL_Driver/Src/stm32f1xx_hal_pcd.c ****       }
 1509              		.loc 1 2655 9 discriminator 4 view .LVU525
2655:Drivers/STM32F1xx_HAL_Driver/Src/stm32f1xx_hal_pcd.c ****       }
 1510              		.loc 1 2655 9 discriminator 4 view .LVU526
 1511 02ce 2A68     		ldr	r2, [r5]
 1512 02d0 2178     		ldrb	r1, [r4]	@ zero_extendqisi2
 1513 02d2 32F82130 		ldrh	r3, [r2, r1, lsl #2]
 1514 02d6 9BB2     		uxth	r3, r3
 1515 02d8 23F4E043 		bic	r3, r3, #28672
 1516 02dc 23F07003 		bic	r3, r3, #112
 1517              	.LVL158:
2655:Drivers/STM32F1xx_HAL_Driver/Src/stm32f1xx_hal_pcd.c ****       }
 1518              		.loc 1 2655 9 view .LVU527
2655:Drivers/STM32F1xx_HAL_Driver/Src/stm32f1xx_hal_pcd.c ****       }
 1519              		.loc 1 2655 9 is_stmt 0 discriminator 4 view .LVU528
 1520 02e0 43F44043 		orr	r3, r3, #49152
 1521              	.LVL159:
2655:Drivers/STM32F1xx_HAL_Driver/Src/stm32f1xx_hal_pcd.c ****       }
 1522              		.loc 1 2655 9 discriminator 4 view .LVU529
 1523 02e4 43F08003 		orr	r3, r3, #128
 1524 02e8 22F82130 		strh	r3, [r2, r1, lsl #2]	@ movhi
 1525 02ec 22E7     		b	.L62
 1526              	.LVL160:
 1527              	.L73:
2655:Drivers/STM32F1xx_HAL_Driver/Src/stm32f1xx_hal_pcd.c ****       }
 1528              		.loc 1 2655 9 discriminator 4 view .LVU530
 1529              	.LBE26:
2636:Drivers/STM32F1xx_HAL_Driver/Src/stm32f1xx_hal_pcd.c ****     }
 1530              		.loc 1 2636 7 is_stmt 1 view .LVU531
2636:Drivers/STM32F1xx_HAL_Driver/Src/stm32f1xx_hal_pcd.c ****     }
 1531              		.loc 1 2636 20 is_stmt 0 view .LVU532
 1532 02ee 0023     		movs	r3, #0
 1533 02f0 A361     		str	r3, [r4, #24]
 1534 02f2 AEE7     		b	.L74
 1535              	.L76:
2642:Drivers/STM32F1xx_HAL_Driver/Src/stm32f1xx_hal_pcd.c ****       PCD_SET_EP_DBUF1_CNT(hpcd->Instance, ep->num, ep->is_in, 0U);
 1536              		.loc 1 2642 7 is_stmt 1 discriminator 2 view .LVU533
 1537 02f4 012B     		cmp	r3, #1
 1538 02f6 C8D1     		bne	.L77
2642:Drivers/STM32F1xx_HAL_Driver/Src/stm32f1xx_hal_pcd.c ****       PCD_SET_EP_DBUF1_CNT(hpcd->Instance, ep->num, ep->is_in, 0U);
 1539              		.loc 1 2642 7 discriminator 16 view .LVU534
 1540              	.LBB27:
2642:Drivers/STM32F1xx_HAL_Driver/Src/stm32f1xx_hal_pcd.c ****       PCD_SET_EP_DBUF1_CNT(hpcd->Instance, ep->num, ep->is_in, 0U);
 1541              		.loc 1 2642 7 discriminator 16 view .LVU535
 1542 02f8 2B68     		ldr	r3, [r5]
 1543              	.LVL161:
2642:Drivers/STM32F1xx_HAL_Driver/Src/stm32f1xx_hal_pcd.c ****       PCD_SET_EP_DBUF1_CNT(hpcd->Instance, ep->num, ep->is_in, 0U);
 1544              		.loc 1 2642 7 view .LVU536
2642:Drivers/STM32F1xx_HAL_Driver/Src/stm32f1xx_hal_pcd.c ****       PCD_SET_EP_DBUF1_CNT(hpcd->Instance, ep->num, ep->is_in, 0U);
 1545              		.loc 1 2642 7 view .LVU537
2642:Drivers/STM32F1xx_HAL_Driver/Src/stm32f1xx_hal_pcd.c ****       PCD_SET_EP_DBUF1_CNT(hpcd->Instance, ep->num, ep->is_in, 0U);
 1546              		.loc 1 2642 7 is_stmt 0 discriminator 16 view .LVU538
 1547 02fa B3F85020 		ldrh	r2, [r3, #80]
 1548              	.LVL162:
2642:Drivers/STM32F1xx_HAL_Driver/Src/stm32f1xx_hal_pcd.c ****       PCD_SET_EP_DBUF1_CNT(hpcd->Instance, ep->num, ep->is_in, 0U);
ARM GAS  C:\Users\jc\AppData\Local\Temp\ccPtFhbx.s 			page 82


 1549              		.loc 1 2642 7 discriminator 16 view .LVU539
 1550 02fe 92B2     		uxth	r2, r2
 1551 0300 1344     		add	r3, r3, r2
 1552              	.LVL163:
2642:Drivers/STM32F1xx_HAL_Driver/Src/stm32f1xx_hal_pcd.c ****       PCD_SET_EP_DBUF1_CNT(hpcd->Instance, ep->num, ep->is_in, 0U);
 1553              		.loc 1 2642 7 is_stmt 1 view .LVU540
2642:Drivers/STM32F1xx_HAL_Driver/Src/stm32f1xx_hal_pcd.c ****       PCD_SET_EP_DBUF1_CNT(hpcd->Instance, ep->num, ep->is_in, 0U);
 1554              		.loc 1 2642 7 is_stmt 0 discriminator 16 view .LVU541
 1555 0302 03EB0113 		add	r3, r3, r1, lsl #4
 1556              	.LVL164:
2642:Drivers/STM32F1xx_HAL_Driver/Src/stm32f1xx_hal_pcd.c ****       PCD_SET_EP_DBUF1_CNT(hpcd->Instance, ep->num, ep->is_in, 0U);
 1557              		.loc 1 2642 7 is_stmt 1 view .LVU542
2642:Drivers/STM32F1xx_HAL_Driver/Src/stm32f1xx_hal_pcd.c ****       PCD_SET_EP_DBUF1_CNT(hpcd->Instance, ep->num, ep->is_in, 0U);
 1558              		.loc 1 2642 7 is_stmt 0 discriminator 16 view .LVU543
 1559 0306 0022     		movs	r2, #0
 1560              	.LVL165:
2642:Drivers/STM32F1xx_HAL_Driver/Src/stm32f1xx_hal_pcd.c ****       PCD_SET_EP_DBUF1_CNT(hpcd->Instance, ep->num, ep->is_in, 0U);
 1561              		.loc 1 2642 7 discriminator 16 view .LVU544
 1562 0308 A3F80424 		strh	r2, [r3, #1028]	@ movhi
2642:Drivers/STM32F1xx_HAL_Driver/Src/stm32f1xx_hal_pcd.c ****       PCD_SET_EP_DBUF1_CNT(hpcd->Instance, ep->num, ep->is_in, 0U);
 1563              		.loc 1 2642 7 discriminator 16 view .LVU545
 1564 030c BDE7     		b	.L77
 1565              	.LVL166:
 1566              	.L78:
2642:Drivers/STM32F1xx_HAL_Driver/Src/stm32f1xx_hal_pcd.c ****       PCD_SET_EP_DBUF1_CNT(hpcd->Instance, ep->num, ep->is_in, 0U);
 1567              		.loc 1 2642 7 discriminator 16 view .LVU546
 1568              	.LBE27:
 1569              	.LBB28:
2643:Drivers/STM32F1xx_HAL_Driver/Src/stm32f1xx_hal_pcd.c **** 
 1570              		.loc 1 2643 7 is_stmt 1 discriminator 2 view .LVU547
 1571 030e 012A     		cmp	r2, #1
 1572 0310 D5D1     		bne	.L79
2643:Drivers/STM32F1xx_HAL_Driver/Src/stm32f1xx_hal_pcd.c **** 
 1573              		.loc 1 2643 7 discriminator 16 view .LVU548
 1574 0312 B3F85020 		ldrh	r2, [r3, #80]
 1575 0316 92B2     		uxth	r2, r2
 1576 0318 1344     		add	r3, r3, r2
 1577              	.LVL167:
2643:Drivers/STM32F1xx_HAL_Driver/Src/stm32f1xx_hal_pcd.c **** 
 1578              		.loc 1 2643 7 view .LVU549
2643:Drivers/STM32F1xx_HAL_Driver/Src/stm32f1xx_hal_pcd.c **** 
 1579              		.loc 1 2643 7 is_stmt 0 discriminator 16 view .LVU550
 1580 031a 2278     		ldrb	r2, [r4]	@ zero_extendqisi2
 1581 031c 03EB0213 		add	r3, r3, r2, lsl #4
 1582              	.LVL168:
2643:Drivers/STM32F1xx_HAL_Driver/Src/stm32f1xx_hal_pcd.c **** 
 1583              		.loc 1 2643 7 is_stmt 1 view .LVU551
2643:Drivers/STM32F1xx_HAL_Driver/Src/stm32f1xx_hal_pcd.c **** 
 1584              		.loc 1 2643 7 is_stmt 0 discriminator 16 view .LVU552
 1585 0320 0022     		movs	r2, #0
 1586 0322 A3F80C24 		strh	r2, [r3, #1036]	@ movhi
2643:Drivers/STM32F1xx_HAL_Driver/Src/stm32f1xx_hal_pcd.c **** 
 1587              		.loc 1 2643 7 discriminator 16 view .LVU553
 1588 0326 CAE7     		b	.L79
 1589              	.LVL169:
 1590              	.L75:
2643:Drivers/STM32F1xx_HAL_Driver/Src/stm32f1xx_hal_pcd.c **** 
ARM GAS  C:\Users\jc\AppData\Local\Temp\ccPtFhbx.s 			page 83


 1591              		.loc 1 2643 7 discriminator 16 view .LVU554
 1592              	.LBE28:
2661:Drivers/STM32F1xx_HAL_Driver/Src/stm32f1xx_hal_pcd.c ****       {
 1593              		.loc 1 2661 7 is_stmt 1 view .LVU555
2661:Drivers/STM32F1xx_HAL_Driver/Src/stm32f1xx_hal_pcd.c ****       {
 1594              		.loc 1 2661 10 is_stmt 0 view .LVU556
 1595 0328 16F4804F 		tst	r6, #16384
 1596 032c 0DD1     		bne	.L80
2663:Drivers/STM32F1xx_HAL_Driver/Src/stm32f1xx_hal_pcd.c ****       }
 1597              		.loc 1 2663 9 is_stmt 1 view .LVU557
2663:Drivers/STM32F1xx_HAL_Driver/Src/stm32f1xx_hal_pcd.c ****       }
 1598              		.loc 1 2663 9 view .LVU558
2663:Drivers/STM32F1xx_HAL_Driver/Src/stm32f1xx_hal_pcd.c ****       }
 1599              		.loc 1 2663 9 discriminator 2 view .LVU559
2663:Drivers/STM32F1xx_HAL_Driver/Src/stm32f1xx_hal_pcd.c ****       }
 1600              		.loc 1 2663 9 discriminator 4 view .LVU560
 1601              	.LBB29:
2663:Drivers/STM32F1xx_HAL_Driver/Src/stm32f1xx_hal_pcd.c ****       }
 1602              		.loc 1 2663 9 discriminator 4 view .LVU561
2663:Drivers/STM32F1xx_HAL_Driver/Src/stm32f1xx_hal_pcd.c ****       }
 1603              		.loc 1 2663 9 discriminator 4 view .LVU562
 1604 032e 2868     		ldr	r0, [r5]
 1605              	.LVL170:
2663:Drivers/STM32F1xx_HAL_Driver/Src/stm32f1xx_hal_pcd.c ****       }
 1606              		.loc 1 2663 9 is_stmt 0 discriminator 4 view .LVU563
 1607 0330 30F82130 		ldrh	r3, [r0, r1, lsl #2]
 1608 0334 9BB2     		uxth	r3, r3
 1609 0336 23F4E043 		bic	r3, r3, #28672
 1610 033a 23F07003 		bic	r3, r3, #112
 1611              	.LVL171:
2663:Drivers/STM32F1xx_HAL_Driver/Src/stm32f1xx_hal_pcd.c ****       }
 1612              		.loc 1 2663 9 is_stmt 1 view .LVU564
2663:Drivers/STM32F1xx_HAL_Driver/Src/stm32f1xx_hal_pcd.c ****       }
 1613              		.loc 1 2663 9 is_stmt 0 discriminator 4 view .LVU565
 1614 033e 43F44043 		orr	r3, r3, #49152
 1615              	.LVL172:
2663:Drivers/STM32F1xx_HAL_Driver/Src/stm32f1xx_hal_pcd.c ****       }
 1616              		.loc 1 2663 9 discriminator 4 view .LVU566
 1617 0342 43F08003 		orr	r3, r3, #128
 1618 0346 20F82130 		strh	r3, [r0, r1, lsl #2]	@ movhi
 1619              	.LVL173:
 1620              	.L80:
2663:Drivers/STM32F1xx_HAL_Driver/Src/stm32f1xx_hal_pcd.c ****       }
 1621              		.loc 1 2663 9 discriminator 4 view .LVU567
 1622              	.LBE29:
2663:Drivers/STM32F1xx_HAL_Driver/Src/stm32f1xx_hal_pcd.c ****       }
 1623              		.loc 1 2663 9 is_stmt 1 discriminator 6 view .LVU568
2663:Drivers/STM32F1xx_HAL_Driver/Src/stm32f1xx_hal_pcd.c ****       }
 1624              		.loc 1 2663 9 discriminator 6 view .LVU569
2667:Drivers/STM32F1xx_HAL_Driver/Src/stm32f1xx_hal_pcd.c ****       {
 1625              		.loc 1 2667 7 view .LVU570
2667:Drivers/STM32F1xx_HAL_Driver/Src/stm32f1xx_hal_pcd.c ****       {
 1626              		.loc 1 2667 13 is_stmt 0 view .LVU571
 1627 034a 94F82430 		ldrb	r3, [r4, #36]	@ zero_extendqisi2
2667:Drivers/STM32F1xx_HAL_Driver/Src/stm32f1xx_hal_pcd.c ****       {
 1628              		.loc 1 2667 10 view .LVU572
 1629 034e 012B     		cmp	r3, #1
ARM GAS  C:\Users\jc\AppData\Local\Temp\ccPtFhbx.s 			page 84


 1630 0350 7FF4F0AE 		bne	.L62
2669:Drivers/STM32F1xx_HAL_Driver/Src/stm32f1xx_hal_pcd.c ****         ep->xfer_count += TxPctSize;
 1631              		.loc 1 2669 9 is_stmt 1 view .LVU573
2669:Drivers/STM32F1xx_HAL_Driver/Src/stm32f1xx_hal_pcd.c ****         ep->xfer_count += TxPctSize;
 1632              		.loc 1 2669 11 is_stmt 0 view .LVU574
 1633 0354 6369     		ldr	r3, [r4, #20]
2669:Drivers/STM32F1xx_HAL_Driver/Src/stm32f1xx_hal_pcd.c ****         ep->xfer_count += TxPctSize;
 1634              		.loc 1 2669 23 view .LVU575
 1635 0356 1344     		add	r3, r3, r2
 1636 0358 6361     		str	r3, [r4, #20]
2670:Drivers/STM32F1xx_HAL_Driver/Src/stm32f1xx_hal_pcd.c **** 
 1637              		.loc 1 2670 9 is_stmt 1 view .LVU576
2670:Drivers/STM32F1xx_HAL_Driver/Src/stm32f1xx_hal_pcd.c **** 
 1638              		.loc 1 2670 11 is_stmt 0 view .LVU577
 1639 035a E369     		ldr	r3, [r4, #28]
2670:Drivers/STM32F1xx_HAL_Driver/Src/stm32f1xx_hal_pcd.c **** 
 1640              		.loc 1 2670 24 view .LVU578
 1641 035c 1344     		add	r3, r3, r2
 1642 035e E361     		str	r3, [r4, #28]
2673:Drivers/STM32F1xx_HAL_Driver/Src/stm32f1xx_hal_pcd.c ****         {
 1643              		.loc 1 2673 9 is_stmt 1 view .LVU579
2673:Drivers/STM32F1xx_HAL_Driver/Src/stm32f1xx_hal_pcd.c ****         {
 1644              		.loc 1 2673 15 is_stmt 0 view .LVU580
 1645 0360 216A     		ldr	r1, [r4, #32]
2673:Drivers/STM32F1xx_HAL_Driver/Src/stm32f1xx_hal_pcd.c ****         {
 1646              		.loc 1 2673 34 view .LVU581
 1647 0362 2369     		ldr	r3, [r4, #16]
2673:Drivers/STM32F1xx_HAL_Driver/Src/stm32f1xx_hal_pcd.c ****         {
 1648              		.loc 1 2673 12 view .LVU582
 1649 0364 9942     		cmp	r1, r3
 1650 0366 24D3     		bcc	.L81
2675:Drivers/STM32F1xx_HAL_Driver/Src/stm32f1xx_hal_pcd.c ****           ep->xfer_len_db -= len;
 1651              		.loc 1 2675 11 is_stmt 1 view .LVU583
 1652              	.LVL174:
2676:Drivers/STM32F1xx_HAL_Driver/Src/stm32f1xx_hal_pcd.c ****         }
 1653              		.loc 1 2676 11 view .LVU584
2676:Drivers/STM32F1xx_HAL_Driver/Src/stm32f1xx_hal_pcd.c ****         }
 1654              		.loc 1 2676 27 is_stmt 0 view .LVU585
 1655 0368 C91A     		subs	r1, r1, r3
 1656 036a 2162     		str	r1, [r4, #32]
 1657              	.L82:
2691:Drivers/STM32F1xx_HAL_Driver/Src/stm32f1xx_hal_pcd.c **** 
 1658              		.loc 1 2691 9 is_stmt 1 view .LVU586
 1659              	.LBB30:
2691:Drivers/STM32F1xx_HAL_Driver/Src/stm32f1xx_hal_pcd.c **** 
 1660              		.loc 1 2691 9 view .LVU587
 1661 036c 2A68     		ldr	r2, [r5]
 1662              	.LVL175:
2691:Drivers/STM32F1xx_HAL_Driver/Src/stm32f1xx_hal_pcd.c **** 
 1663              		.loc 1 2691 9 view .LVU588
2691:Drivers/STM32F1xx_HAL_Driver/Src/stm32f1xx_hal_pcd.c **** 
 1664              		.loc 1 2691 9 view .LVU589
 1665 036e 6178     		ldrb	r1, [r4, #1]	@ zero_extendqisi2
 1666 0370 0029     		cmp	r1, #0
 1667 0372 43D1     		bne	.L84
2691:Drivers/STM32F1xx_HAL_Driver/Src/stm32f1xx_hal_pcd.c **** 
 1668              		.loc 1 2691 9 discriminator 1 view .LVU590
ARM GAS  C:\Users\jc\AppData\Local\Temp\ccPtFhbx.s 			page 85


 1669              	.LBB31:
2691:Drivers/STM32F1xx_HAL_Driver/Src/stm32f1xx_hal_pcd.c **** 
 1670              		.loc 1 2691 9 discriminator 1 view .LVU591
 1671              	.LVL176:
2691:Drivers/STM32F1xx_HAL_Driver/Src/stm32f1xx_hal_pcd.c **** 
 1672              		.loc 1 2691 9 view .LVU592
2691:Drivers/STM32F1xx_HAL_Driver/Src/stm32f1xx_hal_pcd.c **** 
 1673              		.loc 1 2691 9 view .LVU593
2691:Drivers/STM32F1xx_HAL_Driver/Src/stm32f1xx_hal_pcd.c **** 
 1674              		.loc 1 2691 9 is_stmt 0 discriminator 1 view .LVU594
 1675 0374 B2F85010 		ldrh	r1, [r2, #80]
 1676 0378 89B2     		uxth	r1, r1
 1677 037a 0A44     		add	r2, r2, r1
 1678              	.LVL177:
2691:Drivers/STM32F1xx_HAL_Driver/Src/stm32f1xx_hal_pcd.c **** 
 1679              		.loc 1 2691 9 is_stmt 1 view .LVU595
2691:Drivers/STM32F1xx_HAL_Driver/Src/stm32f1xx_hal_pcd.c **** 
 1680              		.loc 1 2691 9 is_stmt 0 discriminator 1 view .LVU596
 1681 037c 2178     		ldrb	r1, [r4]	@ zero_extendqisi2
 1682 037e 02EB0112 		add	r2, r2, r1, lsl #4
 1683              	.LVL178:
2691:Drivers/STM32F1xx_HAL_Driver/Src/stm32f1xx_hal_pcd.c **** 
 1684              		.loc 1 2691 9 is_stmt 1 view .LVU597
 1685              	.LBB32:
2691:Drivers/STM32F1xx_HAL_Driver/Src/stm32f1xx_hal_pcd.c **** 
 1686              		.loc 1 2691 9 view .LVU598
2691:Drivers/STM32F1xx_HAL_Driver/Src/stm32f1xx_hal_pcd.c **** 
 1687              		.loc 1 2691 9 view .LVU599
2691:Drivers/STM32F1xx_HAL_Driver/Src/stm32f1xx_hal_pcd.c **** 
 1688              		.loc 1 2691 9 is_stmt 0 discriminator 1 view .LVU600
 1689 0382 B2F80C14 		ldrh	r1, [r2, #1036]
 1690 0386 C1F30901 		ubfx	r1, r1, #0, #10
 1691 038a A2F80C14 		strh	r1, [r2, #1036]	@ movhi
 1692              	.LVL179:
2691:Drivers/STM32F1xx_HAL_Driver/Src/stm32f1xx_hal_pcd.c **** 
 1693              		.loc 1 2691 9 is_stmt 1 view .LVU601
2691:Drivers/STM32F1xx_HAL_Driver/Src/stm32f1xx_hal_pcd.c **** 
 1694              		.loc 1 2691 9 is_stmt 0 discriminator 1 view .LVU602
 1695 038e 3E2B     		cmp	r3, #62
 1696 0390 1BD9     		bls	.L85
2691:Drivers/STM32F1xx_HAL_Driver/Src/stm32f1xx_hal_pcd.c **** 
 1697              		.loc 1 2691 9 is_stmt 1 discriminator 3 view .LVU603
2691:Drivers/STM32F1xx_HAL_Driver/Src/stm32f1xx_hal_pcd.c **** 
 1698              		.loc 1 2691 9 discriminator 3 view .LVU604
 1699 0392 5809     		lsrs	r0, r3, #5
 1700              	.LVL180:
2691:Drivers/STM32F1xx_HAL_Driver/Src/stm32f1xx_hal_pcd.c **** 
 1701              		.loc 1 2691 9 view .LVU605
2691:Drivers/STM32F1xx_HAL_Driver/Src/stm32f1xx_hal_pcd.c **** 
 1702              		.loc 1 2691 9 is_stmt 0 discriminator 3 view .LVU606
 1703 0394 13F01F0F 		tst	r3, #31
 1704 0398 00D1     		bne	.L86
2691:Drivers/STM32F1xx_HAL_Driver/Src/stm32f1xx_hal_pcd.c **** 
 1705              		.loc 1 2691 9 is_stmt 1 discriminator 5 view .LVU607
 1706 039a 0138     		subs	r0, r0, #1
 1707              	.LVL181:
 1708              	.L86:
ARM GAS  C:\Users\jc\AppData\Local\Temp\ccPtFhbx.s 			page 86


2691:Drivers/STM32F1xx_HAL_Driver/Src/stm32f1xx_hal_pcd.c **** 
 1709              		.loc 1 2691 9 discriminator 7 view .LVU608
 1710 039c B2F80C14 		ldrh	r1, [r2, #1036]
 1711 03a0 89B2     		uxth	r1, r1
 1712 03a2 8002     		lsls	r0, r0, #10
 1713              	.LVL182:
2691:Drivers/STM32F1xx_HAL_Driver/Src/stm32f1xx_hal_pcd.c **** 
 1714              		.loc 1 2691 9 is_stmt 0 discriminator 7 view .LVU609
 1715 03a4 80B2     		uxth	r0, r0
 1716 03a6 0143     		orrs	r1, r1, r0
 1717 03a8 41F40041 		orr	r1, r1, #32768
 1718 03ac A2F80C14 		strh	r1, [r2, #1036]	@ movhi
2691:Drivers/STM32F1xx_HAL_Driver/Src/stm32f1xx_hal_pcd.c **** 
 1719              		.loc 1 2691 9 is_stmt 1 view .LVU610
 1720 03b0 26E0     		b	.L87
 1721              	.LVL183:
 1722              	.L81:
2691:Drivers/STM32F1xx_HAL_Driver/Src/stm32f1xx_hal_pcd.c **** 
 1723              		.loc 1 2691 9 is_stmt 0 view .LVU611
 1724              	.LBE32:
 1725              	.LBE31:
 1726              	.LBE30:
2678:Drivers/STM32F1xx_HAL_Driver/Src/stm32f1xx_hal_pcd.c ****         {
 1727              		.loc 1 2678 14 is_stmt 1 view .LVU612
2678:Drivers/STM32F1xx_HAL_Driver/Src/stm32f1xx_hal_pcd.c ****         {
 1728              		.loc 1 2678 17 is_stmt 0 view .LVU613
 1729 03b2 21B9     		cbnz	r1, .L83
2680:Drivers/STM32F1xx_HAL_Driver/Src/stm32f1xx_hal_pcd.c ****           ep->xfer_fill_db = 0U;
 1730              		.loc 1 2680 11 is_stmt 1 view .LVU614
 1731              	.LVL184:
2681:Drivers/STM32F1xx_HAL_Driver/Src/stm32f1xx_hal_pcd.c ****         }
 1732              		.loc 1 2681 11 view .LVU615
2681:Drivers/STM32F1xx_HAL_Driver/Src/stm32f1xx_hal_pcd.c ****         }
 1733              		.loc 1 2681 28 is_stmt 0 view .LVU616
 1734 03b4 0023     		movs	r3, #0
 1735 03b6 84F82430 		strb	r3, [r4, #36]
2680:Drivers/STM32F1xx_HAL_Driver/Src/stm32f1xx_hal_pcd.c ****           ep->xfer_fill_db = 0U;
 1736              		.loc 1 2680 15 view .LVU617
 1737 03ba 1346     		mov	r3, r2
 1738 03bc D6E7     		b	.L82
 1739              	.LVL185:
 1740              	.L83:
2685:Drivers/STM32F1xx_HAL_Driver/Src/stm32f1xx_hal_pcd.c ****           ep->xfer_len_db = 0U;
 1741              		.loc 1 2685 11 is_stmt 1 view .LVU618
2686:Drivers/STM32F1xx_HAL_Driver/Src/stm32f1xx_hal_pcd.c ****           ep->xfer_fill_db = 0;
 1742              		.loc 1 2686 11 view .LVU619
2686:Drivers/STM32F1xx_HAL_Driver/Src/stm32f1xx_hal_pcd.c ****           ep->xfer_fill_db = 0;
 1743              		.loc 1 2686 27 is_stmt 0 view .LVU620
 1744 03be 0023     		movs	r3, #0
 1745 03c0 2362     		str	r3, [r4, #32]
2687:Drivers/STM32F1xx_HAL_Driver/Src/stm32f1xx_hal_pcd.c ****         }
 1746              		.loc 1 2687 11 is_stmt 1 view .LVU621
2687:Drivers/STM32F1xx_HAL_Driver/Src/stm32f1xx_hal_pcd.c ****         }
 1747              		.loc 1 2687 28 is_stmt 0 view .LVU622
 1748 03c2 84F82430 		strb	r3, [r4, #36]
2685:Drivers/STM32F1xx_HAL_Driver/Src/stm32f1xx_hal_pcd.c ****           ep->xfer_len_db = 0U;
 1749              		.loc 1 2685 15 view .LVU623
ARM GAS  C:\Users\jc\AppData\Local\Temp\ccPtFhbx.s 			page 87


 1750 03c6 0B46     		mov	r3, r1
 1751 03c8 D0E7     		b	.L82
 1752              	.LVL186:
 1753              	.L85:
 1754              	.LBB35:
 1755              	.LBB34:
 1756              	.LBB33:
2691:Drivers/STM32F1xx_HAL_Driver/Src/stm32f1xx_hal_pcd.c **** 
 1757              		.loc 1 2691 9 is_stmt 1 discriminator 4 view .LVU624
 1758 03ca 4BB9     		cbnz	r3, .L88
2691:Drivers/STM32F1xx_HAL_Driver/Src/stm32f1xx_hal_pcd.c **** 
 1759              		.loc 1 2691 9 discriminator 9 view .LVU625
 1760 03cc B2F80C14 		ldrh	r1, [r2, #1036]
 1761 03d0 6FEA4141 		mvn	r1, r1, lsl #17
 1762 03d4 6FEA5141 		mvn	r1, r1, lsr #17
 1763 03d8 89B2     		uxth	r1, r1
 1764 03da A2F80C14 		strh	r1, [r2, #1036]	@ movhi
 1765 03de 0FE0     		b	.L87
 1766              	.L88:
2691:Drivers/STM32F1xx_HAL_Driver/Src/stm32f1xx_hal_pcd.c **** 
 1767              		.loc 1 2691 9 discriminator 10 view .LVU626
2691:Drivers/STM32F1xx_HAL_Driver/Src/stm32f1xx_hal_pcd.c **** 
 1768              		.loc 1 2691 9 discriminator 10 view .LVU627
 1769 03e0 5908     		lsrs	r1, r3, #1
 1770              	.LVL187:
2691:Drivers/STM32F1xx_HAL_Driver/Src/stm32f1xx_hal_pcd.c **** 
 1771              		.loc 1 2691 9 view .LVU628
2691:Drivers/STM32F1xx_HAL_Driver/Src/stm32f1xx_hal_pcd.c **** 
 1772              		.loc 1 2691 9 is_stmt 0 discriminator 10 view .LVU629
 1773 03e2 13F0010F 		tst	r3, #1
 1774 03e6 00D0     		beq	.L89
2691:Drivers/STM32F1xx_HAL_Driver/Src/stm32f1xx_hal_pcd.c **** 
 1775              		.loc 1 2691 9 is_stmt 1 discriminator 12 view .LVU630
 1776 03e8 0131     		adds	r1, r1, #1
 1777              	.LVL188:
 1778              	.L89:
2691:Drivers/STM32F1xx_HAL_Driver/Src/stm32f1xx_hal_pcd.c **** 
 1779              		.loc 1 2691 9 discriminator 14 view .LVU631
 1780 03ea B2F80C04 		ldrh	r0, [r2, #1036]
 1781 03ee 80B2     		uxth	r0, r0
 1782 03f0 8902     		lsls	r1, r1, #10
 1783              	.LVL189:
2691:Drivers/STM32F1xx_HAL_Driver/Src/stm32f1xx_hal_pcd.c **** 
 1784              		.loc 1 2691 9 is_stmt 0 discriminator 14 view .LVU632
 1785 03f2 89B2     		uxth	r1, r1
 1786 03f4 0143     		orrs	r1, r1, r0
 1787 03f6 A2F80C14 		strh	r1, [r2, #1036]	@ movhi
 1788 03fa 01E0     		b	.L87
 1789              	.LVL190:
 1790              	.L84:
2691:Drivers/STM32F1xx_HAL_Driver/Src/stm32f1xx_hal_pcd.c **** 
 1791              		.loc 1 2691 9 discriminator 14 view .LVU633
 1792              	.LBE33:
 1793              	.LBE34:
2691:Drivers/STM32F1xx_HAL_Driver/Src/stm32f1xx_hal_pcd.c **** 
 1794              		.loc 1 2691 9 is_stmt 1 discriminator 2 view .LVU634
 1795 03fc 0129     		cmp	r1, #1
ARM GAS  C:\Users\jc\AppData\Local\Temp\ccPtFhbx.s 			page 88


 1796 03fe 06D0     		beq	.L93
 1797              	.LVL191:
 1798              	.L87:
2691:Drivers/STM32F1xx_HAL_Driver/Src/stm32f1xx_hal_pcd.c **** 
 1799              		.loc 1 2691 9 is_stmt 0 discriminator 2 view .LVU635
 1800              	.LBE35:
2691:Drivers/STM32F1xx_HAL_Driver/Src/stm32f1xx_hal_pcd.c **** 
 1801              		.loc 1 2691 9 is_stmt 1 discriminator 18 view .LVU636
2694:Drivers/STM32F1xx_HAL_Driver/Src/stm32f1xx_hal_pcd.c ****       }
 1802              		.loc 1 2694 9 view .LVU637
 1803 0400 9BB2     		uxth	r3, r3
 1804              	.LVL192:
2694:Drivers/STM32F1xx_HAL_Driver/Src/stm32f1xx_hal_pcd.c ****       }
 1805              		.loc 1 2694 9 is_stmt 0 view .LVU638
 1806 0402 6289     		ldrh	r2, [r4, #10]
 1807 0404 6169     		ldr	r1, [r4, #20]
 1808 0406 2868     		ldr	r0, [r5]
 1809 0408 FFF7FEFF 		bl	USB_WritePMA
 1810              	.LVL193:
 1811 040c 92E6     		b	.L62
 1812              	.LVL194:
 1813              	.L93:
 1814              	.LBB36:
2691:Drivers/STM32F1xx_HAL_Driver/Src/stm32f1xx_hal_pcd.c **** 
 1815              		.loc 1 2691 9 is_stmt 1 discriminator 16 view .LVU639
 1816 040e B2F85010 		ldrh	r1, [r2, #80]
 1817 0412 89B2     		uxth	r1, r1
 1818 0414 0A44     		add	r2, r2, r1
 1819              	.LVL195:
2691:Drivers/STM32F1xx_HAL_Driver/Src/stm32f1xx_hal_pcd.c **** 
 1820              		.loc 1 2691 9 view .LVU640
2691:Drivers/STM32F1xx_HAL_Driver/Src/stm32f1xx_hal_pcd.c **** 
 1821              		.loc 1 2691 9 is_stmt 0 discriminator 16 view .LVU641
 1822 0416 2178     		ldrb	r1, [r4]	@ zero_extendqisi2
 1823 0418 02EB0112 		add	r2, r2, r1, lsl #4
 1824              	.LVL196:
2691:Drivers/STM32F1xx_HAL_Driver/Src/stm32f1xx_hal_pcd.c **** 
 1825              		.loc 1 2691 9 is_stmt 1 view .LVU642
2691:Drivers/STM32F1xx_HAL_Driver/Src/stm32f1xx_hal_pcd.c **** 
 1826              		.loc 1 2691 9 is_stmt 0 discriminator 16 view .LVU643
 1827 041c 99B2     		uxth	r1, r3
 1828 041e A2F80C14 		strh	r1, [r2, #1036]	@ movhi
2691:Drivers/STM32F1xx_HAL_Driver/Src/stm32f1xx_hal_pcd.c **** 
 1829              		.loc 1 2691 9 discriminator 16 view .LVU644
 1830 0422 EDE7     		b	.L87
 1831              	.LBE36:
 1832              		.cfi_endproc
 1833              	.LFE101:
 1835              		.section	.text.HAL_PCD_SetupStageCallback,"ax",%progbits
 1836              		.align	1
 1837              		.weak	HAL_PCD_SetupStageCallback
 1838              		.syntax unified
 1839              		.thumb
 1840              		.thumb_func
 1842              	HAL_PCD_SetupStageCallback:
 1843              	.LVL197:
 1844              	.LFB75:
ARM GAS  C:\Users\jc\AppData\Local\Temp\ccPtFhbx.s 			page 89


1502:Drivers/STM32F1xx_HAL_Driver/Src/stm32f1xx_hal_pcd.c ****   /* Prevent unused argument(s) compilation warning */
 1845              		.loc 1 1502 1 is_stmt 1 view -0
 1846              		.cfi_startproc
 1847              		@ args = 0, pretend = 0, frame = 0
 1848              		@ frame_needed = 0, uses_anonymous_args = 0
 1849              		@ link register save eliminated.
1504:Drivers/STM32F1xx_HAL_Driver/Src/stm32f1xx_hal_pcd.c **** 
 1850              		.loc 1 1504 3 view .LVU646
1509:Drivers/STM32F1xx_HAL_Driver/Src/stm32f1xx_hal_pcd.c **** 
 1851              		.loc 1 1509 1 is_stmt 0 view .LVU647
 1852 0000 7047     		bx	lr
 1853              		.cfi_endproc
 1854              	.LFE75:
 1856              		.section	.text.PCD_EP_ISR_Handler,"ax",%progbits
 1857              		.align	1
 1858              		.syntax unified
 1859              		.thumb
 1860              		.thumb_func
 1862              	PCD_EP_ISR_Handler:
 1863              	.LVL198:
 1864              	.LFB99:
2186:Drivers/STM32F1xx_HAL_Driver/Src/stm32f1xx_hal_pcd.c ****   PCD_EPTypeDef *ep;
 1865              		.loc 1 2186 1 is_stmt 1 view -0
 1866              		.cfi_startproc
 1867              		@ args = 0, pretend = 0, frame = 0
 1868              		@ frame_needed = 0, uses_anonymous_args = 0
2186:Drivers/STM32F1xx_HAL_Driver/Src/stm32f1xx_hal_pcd.c ****   PCD_EPTypeDef *ep;
 1869              		.loc 1 2186 1 is_stmt 0 view .LVU649
 1870 0000 2DE9F041 		push	{r4, r5, r6, r7, r8, lr}
 1871              		.cfi_def_cfa_offset 24
 1872              		.cfi_offset 4, -24
 1873              		.cfi_offset 5, -20
 1874              		.cfi_offset 6, -16
 1875              		.cfi_offset 7, -12
 1876              		.cfi_offset 8, -8
 1877              		.cfi_offset 14, -4
 1878 0004 0546     		mov	r5, r0
2187:Drivers/STM32F1xx_HAL_Driver/Src/stm32f1xx_hal_pcd.c ****   uint16_t count;
 1879              		.loc 1 2187 3 is_stmt 1 view .LVU650
2188:Drivers/STM32F1xx_HAL_Driver/Src/stm32f1xx_hal_pcd.c ****   uint16_t wIstr;
 1880              		.loc 1 2188 3 view .LVU651
2189:Drivers/STM32F1xx_HAL_Driver/Src/stm32f1xx_hal_pcd.c ****   uint16_t wEPVal;
 1881              		.loc 1 2189 3 view .LVU652
2190:Drivers/STM32F1xx_HAL_Driver/Src/stm32f1xx_hal_pcd.c ****   uint16_t TxPctSize;
 1882              		.loc 1 2190 3 view .LVU653
2191:Drivers/STM32F1xx_HAL_Driver/Src/stm32f1xx_hal_pcd.c ****   uint8_t epindex;
 1883              		.loc 1 2191 3 view .LVU654
2192:Drivers/STM32F1xx_HAL_Driver/Src/stm32f1xx_hal_pcd.c **** 
 1884              		.loc 1 2192 3 view .LVU655
2199:Drivers/STM32F1xx_HAL_Driver/Src/stm32f1xx_hal_pcd.c ****   {
 1885              		.loc 1 2199 3 view .LVU656
 1886              	.LVL199:
 1887              	.L96:
2199:Drivers/STM32F1xx_HAL_Driver/Src/stm32f1xx_hal_pcd.c ****   {
 1888              		.loc 1 2199 48 view .LVU657
2199:Drivers/STM32F1xx_HAL_Driver/Src/stm32f1xx_hal_pcd.c ****   {
 1889              		.loc 1 2199 15 is_stmt 0 view .LVU658
ARM GAS  C:\Users\jc\AppData\Local\Temp\ccPtFhbx.s 			page 90


 1890 0006 2868     		ldr	r0, [r5]
2199:Drivers/STM32F1xx_HAL_Driver/Src/stm32f1xx_hal_pcd.c ****   {
 1891              		.loc 1 2199 25 view .LVU659
 1892 0008 B0F84430 		ldrh	r3, [r0, #68]
2199:Drivers/STM32F1xx_HAL_Driver/Src/stm32f1xx_hal_pcd.c ****   {
 1893              		.loc 1 2199 48 view .LVU660
 1894 000c 13F4004F 		tst	r3, #32768
 1895 0010 00F09D82 		beq	.L125
2201:Drivers/STM32F1xx_HAL_Driver/Src/stm32f1xx_hal_pcd.c **** 
 1896              		.loc 1 2201 5 is_stmt 1 view .LVU661
2201:Drivers/STM32F1xx_HAL_Driver/Src/stm32f1xx_hal_pcd.c **** 
 1897              		.loc 1 2201 11 is_stmt 0 view .LVU662
 1898 0014 B0F84440 		ldrh	r4, [r0, #68]
 1899 0018 A3B2     		uxth	r3, r4
 1900              	.LVL200:
2204:Drivers/STM32F1xx_HAL_Driver/Src/stm32f1xx_hal_pcd.c **** 
 1901              		.loc 1 2204 5 is_stmt 1 view .LVU663
2206:Drivers/STM32F1xx_HAL_Driver/Src/stm32f1xx_hal_pcd.c ****     {
 1902              		.loc 1 2206 5 view .LVU664
2206:Drivers/STM32F1xx_HAL_Driver/Src/stm32f1xx_hal_pcd.c ****     {
 1903              		.loc 1 2206 8 is_stmt 0 view .LVU665
 1904 001a 14F00F04 		ands	r4, r4, #15
 1905              	.LVL201:
2206:Drivers/STM32F1xx_HAL_Driver/Src/stm32f1xx_hal_pcd.c ****     {
 1906              		.loc 1 2206 8 view .LVU666
 1907 001e 40F0DE80 		bne	.L97
2211:Drivers/STM32F1xx_HAL_Driver/Src/stm32f1xx_hal_pcd.c ****       {
 1908              		.loc 1 2211 7 is_stmt 1 view .LVU667
2211:Drivers/STM32F1xx_HAL_Driver/Src/stm32f1xx_hal_pcd.c ****       {
 1909              		.loc 1 2211 10 is_stmt 0 view .LVU668
 1910 0022 13F0100F 		tst	r3, #16
 1911 0026 6BD0     		beq	.L126
2242:Drivers/STM32F1xx_HAL_Driver/Src/stm32f1xx_hal_pcd.c ****         wEPVal = PCD_GET_ENDPOINT(hpcd->Instance, PCD_ENDP0);
 1912              		.loc 1 2242 9 is_stmt 1 view .LVU669
 1913              	.LVL202:
2243:Drivers/STM32F1xx_HAL_Driver/Src/stm32f1xx_hal_pcd.c **** 
 1914              		.loc 1 2243 9 view .LVU670
2243:Drivers/STM32F1xx_HAL_Driver/Src/stm32f1xx_hal_pcd.c **** 
 1915              		.loc 1 2243 16 is_stmt 0 view .LVU671
 1916 0028 0388     		ldrh	r3, [r0]
 1917              	.LVL203:
2243:Drivers/STM32F1xx_HAL_Driver/Src/stm32f1xx_hal_pcd.c **** 
 1918              		.loc 1 2243 16 view .LVU672
 1919 002a 9AB2     		uxth	r2, r3
 1920              	.LVL204:
2245:Drivers/STM32F1xx_HAL_Driver/Src/stm32f1xx_hal_pcd.c ****         {
 1921              		.loc 1 2245 9 is_stmt 1 view .LVU673
2245:Drivers/STM32F1xx_HAL_Driver/Src/stm32f1xx_hal_pcd.c ****         {
 1922              		.loc 1 2245 12 is_stmt 0 view .LVU674
 1923 002c 13F4006F 		tst	r3, #2048
 1924 0030 40F09980 		bne	.L127
2263:Drivers/STM32F1xx_HAL_Driver/Src/stm32f1xx_hal_pcd.c ****         {
 1925              		.loc 1 2263 14 is_stmt 1 view .LVU675
2263:Drivers/STM32F1xx_HAL_Driver/Src/stm32f1xx_hal_pcd.c ****         {
 1926              		.loc 1 2263 17 is_stmt 0 view .LVU676
 1927 0034 12F4004F 		tst	r2, #32768
 1928 0038 E5D0     		beq	.L96
ARM GAS  C:\Users\jc\AppData\Local\Temp\ccPtFhbx.s 			page 91


2265:Drivers/STM32F1xx_HAL_Driver/Src/stm32f1xx_hal_pcd.c **** 
 1929              		.loc 1 2265 11 is_stmt 1 view .LVU677
 1930              	.LBB37:
2265:Drivers/STM32F1xx_HAL_Driver/Src/stm32f1xx_hal_pcd.c **** 
 1931              		.loc 1 2265 11 view .LVU678
2265:Drivers/STM32F1xx_HAL_Driver/Src/stm32f1xx_hal_pcd.c **** 
 1932              		.loc 1 2265 11 view .LVU679
 1933 003a 0388     		ldrh	r3, [r0]
 1934 003c 23F07003 		bic	r3, r3, #112
 1935 0040 1B05     		lsls	r3, r3, #20
 1936 0042 1B0D     		lsrs	r3, r3, #20
 1937              	.LVL205:
2265:Drivers/STM32F1xx_HAL_Driver/Src/stm32f1xx_hal_pcd.c **** 
 1938              		.loc 1 2265 11 view .LVU680
 1939 0044 43F08003 		orr	r3, r3, #128
 1940              	.LVL206:
2265:Drivers/STM32F1xx_HAL_Driver/Src/stm32f1xx_hal_pcd.c **** 
 1941              		.loc 1 2265 11 is_stmt 0 view .LVU681
 1942 0048 0380     		strh	r3, [r0]	@ movhi
 1943              	.LBE37:
2265:Drivers/STM32F1xx_HAL_Driver/Src/stm32f1xx_hal_pcd.c **** 
 1944              		.loc 1 2265 11 is_stmt 1 view .LVU682
2268:Drivers/STM32F1xx_HAL_Driver/Src/stm32f1xx_hal_pcd.c **** 
 1945              		.loc 1 2268 11 view .LVU683
2268:Drivers/STM32F1xx_HAL_Driver/Src/stm32f1xx_hal_pcd.c **** 
 1946              		.loc 1 2268 28 is_stmt 0 view .LVU684
 1947 004a 2868     		ldr	r0, [r5]
 1948 004c B0F85030 		ldrh	r3, [r0, #80]
 1949 0050 9BB2     		uxth	r3, r3
 1950 0052 95F85021 		ldrb	r2, [r5, #336]	@ zero_extendqisi2
 1951              	.LVL207:
2268:Drivers/STM32F1xx_HAL_Driver/Src/stm32f1xx_hal_pcd.c **** 
 1952              		.loc 1 2268 28 view .LVU685
 1953 0056 03EBC203 		add	r3, r3, r2, lsl #3
 1954 005a 0633     		adds	r3, r3, #6
 1955 005c 00EB4303 		add	r3, r0, r3, lsl #1
 1956 0060 B3F80034 		ldrh	r3, [r3, #1024]
 1957 0064 C3F30903 		ubfx	r3, r3, #0, #10
2268:Drivers/STM32F1xx_HAL_Driver/Src/stm32f1xx_hal_pcd.c **** 
 1958              		.loc 1 2268 26 view .LVU686
 1959 0068 C5F86C31 		str	r3, [r5, #364]
2270:Drivers/STM32F1xx_HAL_Driver/Src/stm32f1xx_hal_pcd.c ****           {
 1960              		.loc 1 2270 11 is_stmt 1 view .LVU687
2270:Drivers/STM32F1xx_HAL_Driver/Src/stm32f1xx_hal_pcd.c ****           {
 1961              		.loc 1 2270 14 is_stmt 0 view .LVU688
 1962 006c 8BB1     		cbz	r3, .L101
2270:Drivers/STM32F1xx_HAL_Driver/Src/stm32f1xx_hal_pcd.c ****           {
 1963              		.loc 1 2270 44 discriminator 1 view .LVU689
 1964 006e D5F86411 		ldr	r1, [r5, #356]
2270:Drivers/STM32F1xx_HAL_Driver/Src/stm32f1xx_hal_pcd.c ****           {
 1965              		.loc 1 2270 38 discriminator 1 view .LVU690
 1966 0072 71B1     		cbz	r1, .L101
2272:Drivers/STM32F1xx_HAL_Driver/Src/stm32f1xx_hal_pcd.c ****                         ep->pmaadress, (uint16_t)ep->xfer_count);
 1967              		.loc 1 2272 13 is_stmt 1 view .LVU691
 1968 0074 B5F85621 		ldrh	r2, [r5, #342]
 1969 0078 FFF7FEFF 		bl	USB_ReadPMA
 1970              	.LVL208:
ARM GAS  C:\Users\jc\AppData\Local\Temp\ccPtFhbx.s 			page 92


2275:Drivers/STM32F1xx_HAL_Driver/Src/stm32f1xx_hal_pcd.c **** 
 1971              		.loc 1 2275 13 view .LVU692
2275:Drivers/STM32F1xx_HAL_Driver/Src/stm32f1xx_hal_pcd.c **** 
 1972              		.loc 1 2275 15 is_stmt 0 view .LVU693
 1973 007c D5F86431 		ldr	r3, [r5, #356]
2275:Drivers/STM32F1xx_HAL_Driver/Src/stm32f1xx_hal_pcd.c **** 
 1974              		.loc 1 2275 32 view .LVU694
 1975 0080 D5F86C21 		ldr	r2, [r5, #364]
2275:Drivers/STM32F1xx_HAL_Driver/Src/stm32f1xx_hal_pcd.c **** 
 1976              		.loc 1 2275 27 view .LVU695
 1977 0084 1344     		add	r3, r3, r2
 1978 0086 C5F86431 		str	r3, [r5, #356]
2281:Drivers/STM32F1xx_HAL_Driver/Src/stm32f1xx_hal_pcd.c **** #endif /* USE_HAL_PCD_REGISTER_CALLBACKS */
 1979              		.loc 1 2281 13 is_stmt 1 view .LVU696
 1980 008a 0021     		movs	r1, #0
 1981 008c 2846     		mov	r0, r5
 1982 008e FFF7FEFF 		bl	HAL_PCD_DataOutStageCallback
 1983              	.LVL209:
 1984              	.L101:
2285:Drivers/STM32F1xx_HAL_Driver/Src/stm32f1xx_hal_pcd.c **** 
 1985              		.loc 1 2285 11 view .LVU697
2285:Drivers/STM32F1xx_HAL_Driver/Src/stm32f1xx_hal_pcd.c **** 
 1986              		.loc 1 2285 30 is_stmt 0 view .LVU698
 1987 0092 2A68     		ldr	r2, [r5]
2285:Drivers/STM32F1xx_HAL_Driver/Src/stm32f1xx_hal_pcd.c **** 
 1988              		.loc 1 2285 18 view .LVU699
 1989 0094 1388     		ldrh	r3, [r2]
 1990 0096 99B2     		uxth	r1, r3
 1991              	.LVL210:
2287:Drivers/STM32F1xx_HAL_Driver/Src/stm32f1xx_hal_pcd.c ****           {
 1992              		.loc 1 2287 11 is_stmt 1 view .LVU700
2287:Drivers/STM32F1xx_HAL_Driver/Src/stm32f1xx_hal_pcd.c ****           {
 1993              		.loc 1 2287 14 is_stmt 0 view .LVU701
 1994 0098 13F4006F 		tst	r3, #2048
 1995 009c B3D1     		bne	.L96
2287:Drivers/STM32F1xx_HAL_Driver/Src/stm32f1xx_hal_pcd.c ****           {
 1996              		.loc 1 2287 47 discriminator 1 view .LVU702
 1997 009e 01F44051 		and	r1, r1, #12288
 1998              	.LVL211:
2287:Drivers/STM32F1xx_HAL_Driver/Src/stm32f1xx_hal_pcd.c ****           {
 1999              		.loc 1 2287 47 discriminator 1 view .LVU703
 2000 00a2 B1F5405F 		cmp	r1, #12288
 2001 00a6 AED0     		beq	.L96
2289:Drivers/STM32F1xx_HAL_Driver/Src/stm32f1xx_hal_pcd.c ****             PCD_SET_EP_RX_STATUS(hpcd->Instance, PCD_ENDP0, USB_EP_RX_VALID);
 2002              		.loc 1 2289 13 is_stmt 1 view .LVU704
 2003              	.LBB38:
2289:Drivers/STM32F1xx_HAL_Driver/Src/stm32f1xx_hal_pcd.c ****             PCD_SET_EP_RX_STATUS(hpcd->Instance, PCD_ENDP0, USB_EP_RX_VALID);
 2004              		.loc 1 2289 13 view .LVU705
 2005              	.LVL212:
2289:Drivers/STM32F1xx_HAL_Driver/Src/stm32f1xx_hal_pcd.c ****             PCD_SET_EP_RX_STATUS(hpcd->Instance, PCD_ENDP0, USB_EP_RX_VALID);
 2006              		.loc 1 2289 13 view .LVU706
2289:Drivers/STM32F1xx_HAL_Driver/Src/stm32f1xx_hal_pcd.c ****             PCD_SET_EP_RX_STATUS(hpcd->Instance, PCD_ENDP0, USB_EP_RX_VALID);
 2007              		.loc 1 2289 13 view .LVU707
 2008 00a8 B2F85030 		ldrh	r3, [r2, #80]
 2009              	.LVL213:
2289:Drivers/STM32F1xx_HAL_Driver/Src/stm32f1xx_hal_pcd.c ****             PCD_SET_EP_RX_STATUS(hpcd->Instance, PCD_ENDP0, USB_EP_RX_VALID);
 2010              		.loc 1 2289 13 is_stmt 0 view .LVU708
ARM GAS  C:\Users\jc\AppData\Local\Temp\ccPtFhbx.s 			page 93


 2011 00ac 9BB2     		uxth	r3, r3
 2012 00ae 1A44     		add	r2, r2, r3
 2013              	.LVL214:
2289:Drivers/STM32F1xx_HAL_Driver/Src/stm32f1xx_hal_pcd.c ****             PCD_SET_EP_RX_STATUS(hpcd->Instance, PCD_ENDP0, USB_EP_RX_VALID);
 2014              		.loc 1 2289 13 is_stmt 1 view .LVU709
2289:Drivers/STM32F1xx_HAL_Driver/Src/stm32f1xx_hal_pcd.c ****             PCD_SET_EP_RX_STATUS(hpcd->Instance, PCD_ENDP0, USB_EP_RX_VALID);
 2015              		.loc 1 2289 13 view .LVU710
 2016              	.LBB39:
2289:Drivers/STM32F1xx_HAL_Driver/Src/stm32f1xx_hal_pcd.c ****             PCD_SET_EP_RX_STATUS(hpcd->Instance, PCD_ENDP0, USB_EP_RX_VALID);
 2017              		.loc 1 2289 13 view .LVU711
2289:Drivers/STM32F1xx_HAL_Driver/Src/stm32f1xx_hal_pcd.c ****             PCD_SET_EP_RX_STATUS(hpcd->Instance, PCD_ENDP0, USB_EP_RX_VALID);
 2018              		.loc 1 2289 13 view .LVU712
 2019 00b0 B2F80C34 		ldrh	r3, [r2, #1036]
 2020 00b4 C3F30903 		ubfx	r3, r3, #0, #10
 2021 00b8 A2F80C34 		strh	r3, [r2, #1036]	@ movhi
2289:Drivers/STM32F1xx_HAL_Driver/Src/stm32f1xx_hal_pcd.c ****             PCD_SET_EP_RX_STATUS(hpcd->Instance, PCD_ENDP0, USB_EP_RX_VALID);
 2022              		.loc 1 2289 13 view .LVU713
 2023 00bc D5F86031 		ldr	r3, [r5, #352]
 2024 00c0 3E2B     		cmp	r3, #62
 2025 00c2 73D9     		bls	.L102
2289:Drivers/STM32F1xx_HAL_Driver/Src/stm32f1xx_hal_pcd.c ****             PCD_SET_EP_RX_STATUS(hpcd->Instance, PCD_ENDP0, USB_EP_RX_VALID);
 2026              		.loc 1 2289 13 discriminator 1 view .LVU714
2289:Drivers/STM32F1xx_HAL_Driver/Src/stm32f1xx_hal_pcd.c ****             PCD_SET_EP_RX_STATUS(hpcd->Instance, PCD_ENDP0, USB_EP_RX_VALID);
 2027              		.loc 1 2289 13 discriminator 1 view .LVU715
 2028 00c4 5909     		lsrs	r1, r3, #5
 2029              	.LVL215:
2289:Drivers/STM32F1xx_HAL_Driver/Src/stm32f1xx_hal_pcd.c ****             PCD_SET_EP_RX_STATUS(hpcd->Instance, PCD_ENDP0, USB_EP_RX_VALID);
 2030              		.loc 1 2289 13 view .LVU716
2289:Drivers/STM32F1xx_HAL_Driver/Src/stm32f1xx_hal_pcd.c ****             PCD_SET_EP_RX_STATUS(hpcd->Instance, PCD_ENDP0, USB_EP_RX_VALID);
 2031              		.loc 1 2289 13 is_stmt 0 discriminator 1 view .LVU717
 2032 00c6 13F01F0F 		tst	r3, #31
 2033 00ca 00D1     		bne	.L103
2289:Drivers/STM32F1xx_HAL_Driver/Src/stm32f1xx_hal_pcd.c ****             PCD_SET_EP_RX_STATUS(hpcd->Instance, PCD_ENDP0, USB_EP_RX_VALID);
 2034              		.loc 1 2289 13 is_stmt 1 discriminator 3 view .LVU718
 2035 00cc 0139     		subs	r1, r1, #1
 2036              	.LVL216:
 2037              	.L103:
2289:Drivers/STM32F1xx_HAL_Driver/Src/stm32f1xx_hal_pcd.c ****             PCD_SET_EP_RX_STATUS(hpcd->Instance, PCD_ENDP0, USB_EP_RX_VALID);
 2038              		.loc 1 2289 13 discriminator 5 view .LVU719
 2039 00ce B2F80C34 		ldrh	r3, [r2, #1036]
 2040 00d2 9BB2     		uxth	r3, r3
 2041 00d4 8902     		lsls	r1, r1, #10
 2042              	.LVL217:
2289:Drivers/STM32F1xx_HAL_Driver/Src/stm32f1xx_hal_pcd.c ****             PCD_SET_EP_RX_STATUS(hpcd->Instance, PCD_ENDP0, USB_EP_RX_VALID);
 2043              		.loc 1 2289 13 is_stmt 0 discriminator 5 view .LVU720
 2044 00d6 89B2     		uxth	r1, r1
 2045 00d8 0B43     		orrs	r3, r3, r1
 2046 00da 43F40043 		orr	r3, r3, #32768
 2047 00de A2F80C34 		strh	r3, [r2, #1036]	@ movhi
2289:Drivers/STM32F1xx_HAL_Driver/Src/stm32f1xx_hal_pcd.c ****             PCD_SET_EP_RX_STATUS(hpcd->Instance, PCD_ENDP0, USB_EP_RX_VALID);
 2048              		.loc 1 2289 13 is_stmt 1 view .LVU721
 2049              	.LVL218:
 2050              	.L104:
2289:Drivers/STM32F1xx_HAL_Driver/Src/stm32f1xx_hal_pcd.c ****             PCD_SET_EP_RX_STATUS(hpcd->Instance, PCD_ENDP0, USB_EP_RX_VALID);
 2051              		.loc 1 2289 13 discriminator 13 view .LVU722
 2052              	.LBE39:
2289:Drivers/STM32F1xx_HAL_Driver/Src/stm32f1xx_hal_pcd.c ****             PCD_SET_EP_RX_STATUS(hpcd->Instance, PCD_ENDP0, USB_EP_RX_VALID);
ARM GAS  C:\Users\jc\AppData\Local\Temp\ccPtFhbx.s 			page 94


 2053              		.loc 1 2289 13 discriminator 13 view .LVU723
 2054              	.LBE38:
2289:Drivers/STM32F1xx_HAL_Driver/Src/stm32f1xx_hal_pcd.c ****             PCD_SET_EP_RX_STATUS(hpcd->Instance, PCD_ENDP0, USB_EP_RX_VALID);
 2055              		.loc 1 2289 13 discriminator 13 view .LVU724
2290:Drivers/STM32F1xx_HAL_Driver/Src/stm32f1xx_hal_pcd.c ****           }
 2056              		.loc 1 2290 13 view .LVU725
 2057              	.LBB41:
2290:Drivers/STM32F1xx_HAL_Driver/Src/stm32f1xx_hal_pcd.c ****           }
 2058              		.loc 1 2290 13 view .LVU726
2290:Drivers/STM32F1xx_HAL_Driver/Src/stm32f1xx_hal_pcd.c ****           }
 2059              		.loc 1 2290 13 view .LVU727
 2060 00e2 2A68     		ldr	r2, [r5]
 2061              	.LVL219:
2290:Drivers/STM32F1xx_HAL_Driver/Src/stm32f1xx_hal_pcd.c ****           }
 2062              		.loc 1 2290 13 is_stmt 0 view .LVU728
 2063 00e4 1388     		ldrh	r3, [r2]
 2064 00e6 9BB2     		uxth	r3, r3
 2065 00e8 23F48043 		bic	r3, r3, #16384
 2066 00ec 23F07003 		bic	r3, r3, #112
 2067              	.LVL220:
2290:Drivers/STM32F1xx_HAL_Driver/Src/stm32f1xx_hal_pcd.c ****           }
 2068              		.loc 1 2290 13 is_stmt 1 view .LVU729
2290:Drivers/STM32F1xx_HAL_Driver/Src/stm32f1xx_hal_pcd.c ****           }
 2069              		.loc 1 2290 13 discriminator 1 view .LVU730
2290:Drivers/STM32F1xx_HAL_Driver/Src/stm32f1xx_hal_pcd.c ****           }
 2070              		.loc 1 2290 13 discriminator 3 view .LVU731
2290:Drivers/STM32F1xx_HAL_Driver/Src/stm32f1xx_hal_pcd.c ****           }
 2071              		.loc 1 2290 13 discriminator 4 view .LVU732
 2072 00f0 83F44053 		eor	r3, r3, #12288
 2073              	.LVL221:
2290:Drivers/STM32F1xx_HAL_Driver/Src/stm32f1xx_hal_pcd.c ****           }
 2074              		.loc 1 2290 13 discriminator 6 view .LVU733
 2075 00f4 43F40043 		orr	r3, r3, #32768
 2076              	.LVL222:
2290:Drivers/STM32F1xx_HAL_Driver/Src/stm32f1xx_hal_pcd.c ****           }
 2077              		.loc 1 2290 13 is_stmt 0 discriminator 6 view .LVU734
 2078 00f8 43F08003 		orr	r3, r3, #128
 2079 00fc 1380     		strh	r3, [r2]	@ movhi
 2080 00fe 82E7     		b	.L96
 2081              	.LVL223:
 2082              	.L126:
2290:Drivers/STM32F1xx_HAL_Driver/Src/stm32f1xx_hal_pcd.c ****           }
 2083              		.loc 1 2290 13 discriminator 6 view .LVU735
 2084              	.LBE41:
2217:Drivers/STM32F1xx_HAL_Driver/Src/stm32f1xx_hal_pcd.c ****         ep = &hpcd->IN_ep[0];
 2085              		.loc 1 2217 9 is_stmt 1 view .LVU736
 2086              	.LBB42:
2217:Drivers/STM32F1xx_HAL_Driver/Src/stm32f1xx_hal_pcd.c ****         ep = &hpcd->IN_ep[0];
 2087              		.loc 1 2217 9 view .LVU737
2217:Drivers/STM32F1xx_HAL_Driver/Src/stm32f1xx_hal_pcd.c ****         ep = &hpcd->IN_ep[0];
 2088              		.loc 1 2217 9 view .LVU738
 2089 0100 0388     		ldrh	r3, [r0]
 2090              	.LVL224:
2217:Drivers/STM32F1xx_HAL_Driver/Src/stm32f1xx_hal_pcd.c ****         ep = &hpcd->IN_ep[0];
 2091              		.loc 1 2217 9 is_stmt 0 view .LVU739
 2092 0102 9BB2     		uxth	r3, r3
 2093 0104 23F4E143 		bic	r3, r3, #28800
ARM GAS  C:\Users\jc\AppData\Local\Temp\ccPtFhbx.s 			page 95


 2094 0108 23F07003 		bic	r3, r3, #112
 2095              	.LVL225:
2217:Drivers/STM32F1xx_HAL_Driver/Src/stm32f1xx_hal_pcd.c ****         ep = &hpcd->IN_ep[0];
 2096              		.loc 1 2217 9 is_stmt 1 view .LVU740
 2097 010c 6FEA4343 		mvn	r3, r3, lsl #17
 2098              	.LVL226:
2217:Drivers/STM32F1xx_HAL_Driver/Src/stm32f1xx_hal_pcd.c ****         ep = &hpcd->IN_ep[0];
 2099              		.loc 1 2217 9 is_stmt 0 view .LVU741
 2100 0110 6FEA5343 		mvn	r3, r3, lsr #17
 2101 0114 9BB2     		uxth	r3, r3
 2102 0116 0380     		strh	r3, [r0]	@ movhi
 2103              	.LBE42:
2217:Drivers/STM32F1xx_HAL_Driver/Src/stm32f1xx_hal_pcd.c ****         ep = &hpcd->IN_ep[0];
 2104              		.loc 1 2217 9 is_stmt 1 view .LVU742
2218:Drivers/STM32F1xx_HAL_Driver/Src/stm32f1xx_hal_pcd.c **** 
 2105              		.loc 1 2218 9 view .LVU743
 2106              	.LVL227:
2220:Drivers/STM32F1xx_HAL_Driver/Src/stm32f1xx_hal_pcd.c ****         ep->xfer_buff += ep->xfer_count;
 2107              		.loc 1 2220 9 view .LVU744
2220:Drivers/STM32F1xx_HAL_Driver/Src/stm32f1xx_hal_pcd.c ****         ep->xfer_buff += ep->xfer_count;
 2108              		.loc 1 2220 26 is_stmt 0 view .LVU745
 2109 0118 2A68     		ldr	r2, [r5]
 2110 011a B2F85030 		ldrh	r3, [r2, #80]
 2111 011e 9BB2     		uxth	r3, r3
 2112 0120 297C     		ldrb	r1, [r5, #16]	@ zero_extendqisi2
 2113 0122 03EBC103 		add	r3, r3, r1, lsl #3
 2114 0126 0233     		adds	r3, r3, #2
 2115 0128 02EB4302 		add	r2, r2, r3, lsl #1
 2116 012c B2F80034 		ldrh	r3, [r2, #1024]
 2117 0130 C3F30903 		ubfx	r3, r3, #0, #10
2220:Drivers/STM32F1xx_HAL_Driver/Src/stm32f1xx_hal_pcd.c ****         ep->xfer_buff += ep->xfer_count;
 2118              		.loc 1 2220 24 view .LVU746
 2119 0134 EB62     		str	r3, [r5, #44]
2221:Drivers/STM32F1xx_HAL_Driver/Src/stm32f1xx_hal_pcd.c **** 
 2120              		.loc 1 2221 9 is_stmt 1 view .LVU747
2221:Drivers/STM32F1xx_HAL_Driver/Src/stm32f1xx_hal_pcd.c **** 
 2121              		.loc 1 2221 11 is_stmt 0 view .LVU748
 2122 0136 6A6A     		ldr	r2, [r5, #36]
2221:Drivers/STM32F1xx_HAL_Driver/Src/stm32f1xx_hal_pcd.c **** 
 2123              		.loc 1 2221 23 view .LVU749
 2124 0138 1A44     		add	r2, r2, r3
 2125 013a 6A62     		str	r2, [r5, #36]
2227:Drivers/STM32F1xx_HAL_Driver/Src/stm32f1xx_hal_pcd.c **** #endif /* USE_HAL_PCD_REGISTER_CALLBACKS */
 2126              		.loc 1 2227 9 is_stmt 1 view .LVU750
 2127 013c 0021     		movs	r1, #0
 2128 013e 2846     		mov	r0, r5
 2129 0140 FFF7FEFF 		bl	HAL_PCD_DataInStageCallback
 2130              	.LVL228:
2230:Drivers/STM32F1xx_HAL_Driver/Src/stm32f1xx_hal_pcd.c ****         {
 2131              		.loc 1 2230 9 view .LVU751
2230:Drivers/STM32F1xx_HAL_Driver/Src/stm32f1xx_hal_pcd.c ****         {
 2132              		.loc 1 2230 18 is_stmt 0 view .LVU752
 2133 0144 6B7B     		ldrb	r3, [r5, #13]	@ zero_extendqisi2
2230:Drivers/STM32F1xx_HAL_Driver/Src/stm32f1xx_hal_pcd.c ****         {
 2134              		.loc 1 2230 12 view .LVU753
 2135 0146 002B     		cmp	r3, #0
 2136 0148 3FF45DAF 		beq	.L96
ARM GAS  C:\Users\jc\AppData\Local\Temp\ccPtFhbx.s 			page 96


2230:Drivers/STM32F1xx_HAL_Driver/Src/stm32f1xx_hal_pcd.c ****         {
 2137              		.loc 1 2230 44 discriminator 1 view .LVU754
 2138 014c AB6A     		ldr	r3, [r5, #40]
2230:Drivers/STM32F1xx_HAL_Driver/Src/stm32f1xx_hal_pcd.c ****         {
 2139              		.loc 1 2230 38 discriminator 1 view .LVU755
 2140 014e 002B     		cmp	r3, #0
 2141 0150 7FF459AF 		bne	.L96
2232:Drivers/STM32F1xx_HAL_Driver/Src/stm32f1xx_hal_pcd.c ****           hpcd->USB_Address = 0U;
 2142              		.loc 1 2232 11 is_stmt 1 view .LVU756
2232:Drivers/STM32F1xx_HAL_Driver/Src/stm32f1xx_hal_pcd.c ****           hpcd->USB_Address = 0U;
 2143              		.loc 1 2232 50 is_stmt 0 view .LVU757
 2144 0154 6B7B     		ldrb	r3, [r5, #13]	@ zero_extendqisi2
2232:Drivers/STM32F1xx_HAL_Driver/Src/stm32f1xx_hal_pcd.c ****           hpcd->USB_Address = 0U;
 2145              		.loc 1 2232 15 view .LVU758
 2146 0156 2A68     		ldr	r2, [r5]
2232:Drivers/STM32F1xx_HAL_Driver/Src/stm32f1xx_hal_pcd.c ****           hpcd->USB_Address = 0U;
 2147              		.loc 1 2232 33 view .LVU759
 2148 0158 43F08003 		orr	r3, r3, #128
 2149 015c A2F84C30 		strh	r3, [r2, #76]	@ movhi
2233:Drivers/STM32F1xx_HAL_Driver/Src/stm32f1xx_hal_pcd.c ****         }
 2150              		.loc 1 2233 11 is_stmt 1 view .LVU760
2233:Drivers/STM32F1xx_HAL_Driver/Src/stm32f1xx_hal_pcd.c ****         }
 2151              		.loc 1 2233 29 is_stmt 0 view .LVU761
 2152 0160 0023     		movs	r3, #0
 2153 0162 6B73     		strb	r3, [r5, #13]
 2154 0164 4FE7     		b	.L96
 2155              	.LVL229:
 2156              	.L127:
2248:Drivers/STM32F1xx_HAL_Driver/Src/stm32f1xx_hal_pcd.c **** 
 2157              		.loc 1 2248 11 is_stmt 1 view .LVU762
2248:Drivers/STM32F1xx_HAL_Driver/Src/stm32f1xx_hal_pcd.c **** 
 2158              		.loc 1 2248 28 is_stmt 0 view .LVU763
 2159 0166 B0F85030 		ldrh	r3, [r0, #80]
 2160 016a 9BB2     		uxth	r3, r3
 2161 016c 95F85021 		ldrb	r2, [r5, #336]	@ zero_extendqisi2
 2162              	.LVL230:
2248:Drivers/STM32F1xx_HAL_Driver/Src/stm32f1xx_hal_pcd.c **** 
 2163              		.loc 1 2248 28 view .LVU764
 2164 0170 03EBC203 		add	r3, r3, r2, lsl #3
 2165 0174 0633     		adds	r3, r3, #6
 2166 0176 00EB4303 		add	r3, r0, r3, lsl #1
 2167 017a B3F80034 		ldrh	r3, [r3, #1024]
 2168 017e C3F30903 		ubfx	r3, r3, #0, #10
2248:Drivers/STM32F1xx_HAL_Driver/Src/stm32f1xx_hal_pcd.c **** 
 2169              		.loc 1 2248 26 view .LVU765
 2170 0182 C5F86C31 		str	r3, [r5, #364]
2250:Drivers/STM32F1xx_HAL_Driver/Src/stm32f1xx_hal_pcd.c ****                       ep->pmaadress, (uint16_t)ep->xfer_count);
 2171              		.loc 1 2250 11 is_stmt 1 view .LVU766
 2172 0186 B5F85621 		ldrh	r2, [r5, #342]
 2173 018a 05F52671 		add	r1, r5, #664
 2174 018e FFF7FEFF 		bl	USB_ReadPMA
 2175              	.LVL231:
2254:Drivers/STM32F1xx_HAL_Driver/Src/stm32f1xx_hal_pcd.c **** 
 2176              		.loc 1 2254 11 view .LVU767
 2177              	.LBB43:
2254:Drivers/STM32F1xx_HAL_Driver/Src/stm32f1xx_hal_pcd.c **** 
 2178              		.loc 1 2254 11 view .LVU768
ARM GAS  C:\Users\jc\AppData\Local\Temp\ccPtFhbx.s 			page 97


2254:Drivers/STM32F1xx_HAL_Driver/Src/stm32f1xx_hal_pcd.c **** 
 2179              		.loc 1 2254 11 view .LVU769
 2180 0192 2A68     		ldr	r2, [r5]
 2181 0194 1388     		ldrh	r3, [r2]
 2182 0196 23F07003 		bic	r3, r3, #112
 2183 019a 1B05     		lsls	r3, r3, #20
 2184 019c 1B0D     		lsrs	r3, r3, #20
 2185              	.LVL232:
2254:Drivers/STM32F1xx_HAL_Driver/Src/stm32f1xx_hal_pcd.c **** 
 2186              		.loc 1 2254 11 view .LVU770
 2187 019e 43F08003 		orr	r3, r3, #128
 2188              	.LVL233:
2254:Drivers/STM32F1xx_HAL_Driver/Src/stm32f1xx_hal_pcd.c **** 
 2189              		.loc 1 2254 11 is_stmt 0 view .LVU771
 2190 01a2 1380     		strh	r3, [r2]	@ movhi
 2191              	.LBE43:
2254:Drivers/STM32F1xx_HAL_Driver/Src/stm32f1xx_hal_pcd.c **** 
 2192              		.loc 1 2254 11 is_stmt 1 view .LVU772
2260:Drivers/STM32F1xx_HAL_Driver/Src/stm32f1xx_hal_pcd.c **** #endif /* USE_HAL_PCD_REGISTER_CALLBACKS */
 2193              		.loc 1 2260 11 view .LVU773
 2194 01a4 2846     		mov	r0, r5
 2195 01a6 FFF7FEFF 		bl	HAL_PCD_SetupStageCallback
 2196              	.LVL234:
 2197 01aa 2CE7     		b	.L96
 2198              	.LVL235:
 2199              	.L102:
 2200              	.LBB44:
 2201              	.LBB40:
2289:Drivers/STM32F1xx_HAL_Driver/Src/stm32f1xx_hal_pcd.c ****             PCD_SET_EP_RX_STATUS(hpcd->Instance, PCD_ENDP0, USB_EP_RX_VALID);
 2202              		.loc 1 2289 13 discriminator 2 view .LVU774
 2203 01ac 4BB9     		cbnz	r3, .L105
2289:Drivers/STM32F1xx_HAL_Driver/Src/stm32f1xx_hal_pcd.c ****             PCD_SET_EP_RX_STATUS(hpcd->Instance, PCD_ENDP0, USB_EP_RX_VALID);
 2204              		.loc 1 2289 13 discriminator 7 view .LVU775
 2205 01ae B2F80C34 		ldrh	r3, [r2, #1036]
 2206 01b2 6FEA4343 		mvn	r3, r3, lsl #17
 2207 01b6 6FEA5343 		mvn	r3, r3, lsr #17
 2208 01ba 9BB2     		uxth	r3, r3
 2209 01bc A2F80C34 		strh	r3, [r2, #1036]	@ movhi
 2210 01c0 8FE7     		b	.L104
 2211              	.L105:
2289:Drivers/STM32F1xx_HAL_Driver/Src/stm32f1xx_hal_pcd.c ****             PCD_SET_EP_RX_STATUS(hpcd->Instance, PCD_ENDP0, USB_EP_RX_VALID);
 2212              		.loc 1 2289 13 discriminator 8 view .LVU776
2289:Drivers/STM32F1xx_HAL_Driver/Src/stm32f1xx_hal_pcd.c ****             PCD_SET_EP_RX_STATUS(hpcd->Instance, PCD_ENDP0, USB_EP_RX_VALID);
 2213              		.loc 1 2289 13 discriminator 8 view .LVU777
 2214 01c2 5908     		lsrs	r1, r3, #1
 2215              	.LVL236:
2289:Drivers/STM32F1xx_HAL_Driver/Src/stm32f1xx_hal_pcd.c ****             PCD_SET_EP_RX_STATUS(hpcd->Instance, PCD_ENDP0, USB_EP_RX_VALID);
 2216              		.loc 1 2289 13 view .LVU778
2289:Drivers/STM32F1xx_HAL_Driver/Src/stm32f1xx_hal_pcd.c ****             PCD_SET_EP_RX_STATUS(hpcd->Instance, PCD_ENDP0, USB_EP_RX_VALID);
 2217              		.loc 1 2289 13 is_stmt 0 discriminator 8 view .LVU779
 2218 01c4 13F0010F 		tst	r3, #1
 2219 01c8 00D0     		beq	.L106
2289:Drivers/STM32F1xx_HAL_Driver/Src/stm32f1xx_hal_pcd.c ****             PCD_SET_EP_RX_STATUS(hpcd->Instance, PCD_ENDP0, USB_EP_RX_VALID);
 2220              		.loc 1 2289 13 is_stmt 1 discriminator 10 view .LVU780
 2221 01ca 0131     		adds	r1, r1, #1
 2222              	.LVL237:
 2223              	.L106:
ARM GAS  C:\Users\jc\AppData\Local\Temp\ccPtFhbx.s 			page 98


2289:Drivers/STM32F1xx_HAL_Driver/Src/stm32f1xx_hal_pcd.c ****             PCD_SET_EP_RX_STATUS(hpcd->Instance, PCD_ENDP0, USB_EP_RX_VALID);
 2224              		.loc 1 2289 13 discriminator 12 view .LVU781
 2225 01cc B2F80C34 		ldrh	r3, [r2, #1036]
 2226 01d0 98B2     		uxth	r0, r3
 2227 01d2 8B02     		lsls	r3, r1, #10
 2228 01d4 9BB2     		uxth	r3, r3
 2229 01d6 0343     		orrs	r3, r3, r0
 2230 01d8 A2F80C34 		strh	r3, [r2, #1036]	@ movhi
 2231 01dc 81E7     		b	.L104
 2232              	.LVL238:
 2233              	.L97:
2289:Drivers/STM32F1xx_HAL_Driver/Src/stm32f1xx_hal_pcd.c ****             PCD_SET_EP_RX_STATUS(hpcd->Instance, PCD_ENDP0, USB_EP_RX_VALID);
 2234              		.loc 1 2289 13 is_stmt 0 discriminator 12 view .LVU782
 2235              	.LBE40:
 2236              	.LBE44:
2299:Drivers/STM32F1xx_HAL_Driver/Src/stm32f1xx_hal_pcd.c **** 
 2237              		.loc 1 2299 7 is_stmt 1 view .LVU783
2299:Drivers/STM32F1xx_HAL_Driver/Src/stm32f1xx_hal_pcd.c **** 
 2238              		.loc 1 2299 14 is_stmt 0 view .LVU784
 2239 01de 30F82430 		ldrh	r3, [r0, r4, lsl #2]
 2240              	.LVL239:
2299:Drivers/STM32F1xx_HAL_Driver/Src/stm32f1xx_hal_pcd.c **** 
 2241              		.loc 1 2299 14 view .LVU785
 2242 01e2 9EB2     		uxth	r6, r3
 2243              	.LVL240:
2301:Drivers/STM32F1xx_HAL_Driver/Src/stm32f1xx_hal_pcd.c ****       {
 2244              		.loc 1 2301 7 is_stmt 1 view .LVU786
2301:Drivers/STM32F1xx_HAL_Driver/Src/stm32f1xx_hal_pcd.c ****       {
 2245              		.loc 1 2301 10 is_stmt 0 view .LVU787
 2246 01e4 13F4004F 		tst	r3, #32768
 2247 01e8 50D1     		bne	.L128
 2248              	.L107:
2373:Drivers/STM32F1xx_HAL_Driver/Src/stm32f1xx_hal_pcd.c ****       {
 2249              		.loc 1 2373 7 is_stmt 1 view .LVU788
2373:Drivers/STM32F1xx_HAL_Driver/Src/stm32f1xx_hal_pcd.c ****       {
 2250              		.loc 1 2373 10 is_stmt 0 view .LVU789
 2251 01ea 16F0800F 		tst	r6, #128
 2252 01ee 3FF40AAF 		beq	.L96
2375:Drivers/STM32F1xx_HAL_Driver/Src/stm32f1xx_hal_pcd.c **** 
 2253              		.loc 1 2375 9 is_stmt 1 view .LVU790
2375:Drivers/STM32F1xx_HAL_Driver/Src/stm32f1xx_hal_pcd.c **** 
 2254              		.loc 1 2375 12 is_stmt 0 view .LVU791
 2255 01f2 04EB8401 		add	r1, r4, r4, lsl #2
 2256 01f6 C900     		lsls	r1, r1, #3
 2257 01f8 1031     		adds	r1, r1, #16
 2258 01fa 2944     		add	r1, r1, r5
 2259              	.LVL241:
2378:Drivers/STM32F1xx_HAL_Driver/Src/stm32f1xx_hal_pcd.c **** 
 2260              		.loc 1 2378 9 is_stmt 1 view .LVU792
 2261              	.LBB45:
2378:Drivers/STM32F1xx_HAL_Driver/Src/stm32f1xx_hal_pcd.c **** 
 2262              		.loc 1 2378 9 view .LVU793
2378:Drivers/STM32F1xx_HAL_Driver/Src/stm32f1xx_hal_pcd.c **** 
 2263              		.loc 1 2378 9 view .LVU794
 2264 01fc 2A68     		ldr	r2, [r5]
 2265 01fe 32F82430 		ldrh	r3, [r2, r4, lsl #2]
 2266 0202 9BB2     		uxth	r3, r3
ARM GAS  C:\Users\jc\AppData\Local\Temp\ccPtFhbx.s 			page 99


 2267 0204 23F4E143 		bic	r3, r3, #28800
 2268 0208 23F07003 		bic	r3, r3, #112
 2269              	.LVL242:
2378:Drivers/STM32F1xx_HAL_Driver/Src/stm32f1xx_hal_pcd.c **** 
 2270              		.loc 1 2378 9 view .LVU795
 2271 020c 6FEA4343 		mvn	r3, r3, lsl #17
 2272              	.LVL243:
2378:Drivers/STM32F1xx_HAL_Driver/Src/stm32f1xx_hal_pcd.c **** 
 2273              		.loc 1 2378 9 is_stmt 0 view .LVU796
 2274 0210 6FEA5343 		mvn	r3, r3, lsr #17
 2275 0214 9BB2     		uxth	r3, r3
 2276 0216 22F82430 		strh	r3, [r2, r4, lsl #2]	@ movhi
 2277              	.LBE45:
2378:Drivers/STM32F1xx_HAL_Driver/Src/stm32f1xx_hal_pcd.c **** 
 2278              		.loc 1 2378 9 is_stmt 1 view .LVU797
2380:Drivers/STM32F1xx_HAL_Driver/Src/stm32f1xx_hal_pcd.c ****         {
 2279              		.loc 1 2380 9 view .LVU798
2380:Drivers/STM32F1xx_HAL_Driver/Src/stm32f1xx_hal_pcd.c ****         {
 2280              		.loc 1 2380 15 is_stmt 0 view .LVU799
 2281 021a 04EB8403 		add	r3, r4, r4, lsl #2
 2282 021e 05EBC303 		add	r3, r5, r3, lsl #3
 2283 0222 DB7C     		ldrb	r3, [r3, #19]	@ zero_extendqisi2
2380:Drivers/STM32F1xx_HAL_Driver/Src/stm32f1xx_hal_pcd.c ****         {
 2284              		.loc 1 2380 12 view .LVU800
 2285 0224 012B     		cmp	r3, #1
 2286 0226 00F0F280 		beq	.L129
2408:Drivers/STM32F1xx_HAL_Driver/Src/stm32f1xx_hal_pcd.c ****           {
 2287              		.loc 1 2408 11 is_stmt 1 view .LVU801
2408:Drivers/STM32F1xx_HAL_Driver/Src/stm32f1xx_hal_pcd.c ****           {
 2288              		.loc 1 2408 14 is_stmt 0 view .LVU802
 2289 022a 16F4807F 		tst	r6, #256
 2290 022e 40F08981 		bne	.L119
2411:Drivers/STM32F1xx_HAL_Driver/Src/stm32f1xx_hal_pcd.c **** 
 2291              		.loc 1 2411 13 is_stmt 1 view .LVU803
2411:Drivers/STM32F1xx_HAL_Driver/Src/stm32f1xx_hal_pcd.c **** 
 2292              		.loc 1 2411 35 is_stmt 0 view .LVU804
 2293 0232 2868     		ldr	r0, [r5]
 2294 0234 B0F85030 		ldrh	r3, [r0, #80]
 2295 0238 9BB2     		uxth	r3, r3
 2296 023a 04EB8402 		add	r2, r4, r4, lsl #2
 2297 023e 05EBC202 		add	r2, r5, r2, lsl #3
 2298 0242 167C     		ldrb	r6, [r2, #16]	@ zero_extendqisi2
 2299              	.LVL244:
2411:Drivers/STM32F1xx_HAL_Driver/Src/stm32f1xx_hal_pcd.c **** 
 2300              		.loc 1 2411 35 view .LVU805
 2301 0244 03EBC603 		add	r3, r3, r6, lsl #3
 2302 0248 0233     		adds	r3, r3, #2
 2303 024a 00EB4303 		add	r3, r0, r3, lsl #1
 2304 024e B3F80034 		ldrh	r3, [r3, #1024]
2411:Drivers/STM32F1xx_HAL_Driver/Src/stm32f1xx_hal_pcd.c **** 
 2305              		.loc 1 2411 23 view .LVU806
 2306 0252 C3F30903 		ubfx	r3, r3, #0, #10
 2307              	.LVL245:
2413:Drivers/STM32F1xx_HAL_Driver/Src/stm32f1xx_hal_pcd.c ****             {
 2308              		.loc 1 2413 13 is_stmt 1 view .LVU807
2413:Drivers/STM32F1xx_HAL_Driver/Src/stm32f1xx_hal_pcd.c ****             {
 2309              		.loc 1 2413 19 is_stmt 0 view .LVU808
ARM GAS  C:\Users\jc\AppData\Local\Temp\ccPtFhbx.s 			page 100


 2310 0256 621C     		adds	r2, r4, #1
 2311 0258 02EB8202 		add	r2, r2, r2, lsl #2
 2312 025c 55F83220 		ldr	r2, [r5, r2, lsl #3]
2413:Drivers/STM32F1xx_HAL_Driver/Src/stm32f1xx_hal_pcd.c ****             {
 2313              		.loc 1 2413 16 view .LVU809
 2314 0260 9A42     		cmp	r2, r3
 2315 0262 40F25281 		bls	.L120
2415:Drivers/STM32F1xx_HAL_Driver/Src/stm32f1xx_hal_pcd.c ****             }
 2316              		.loc 1 2415 15 is_stmt 1 view .LVU810
2415:Drivers/STM32F1xx_HAL_Driver/Src/stm32f1xx_hal_pcd.c ****             }
 2317              		.loc 1 2415 28 is_stmt 0 view .LVU811
 2318 0266 671C     		adds	r7, r4, #1
 2319 0268 07EB8707 		add	r7, r7, r7, lsl #2
 2320 026c D21A     		subs	r2, r2, r3
 2321 026e 45F83720 		str	r2, [r5, r7, lsl #3]
 2322              	.L121:
2423:Drivers/STM32F1xx_HAL_Driver/Src/stm32f1xx_hal_pcd.c ****             {
 2323              		.loc 1 2423 13 is_stmt 1 view .LVU812
2423:Drivers/STM32F1xx_HAL_Driver/Src/stm32f1xx_hal_pcd.c ****             {
 2324              		.loc 1 2423 19 is_stmt 0 view .LVU813
 2325 0272 621C     		adds	r2, r4, #1
 2326 0274 02EB8202 		add	r2, r2, r2, lsl #2
 2327 0278 55F83220 		ldr	r2, [r5, r2, lsl #3]
2423:Drivers/STM32F1xx_HAL_Driver/Src/stm32f1xx_hal_pcd.c ****             {
 2328              		.loc 1 2423 16 view .LVU814
 2329 027c 002A     		cmp	r2, #0
 2330 027e 40F04B81 		bne	.L122
2429:Drivers/STM32F1xx_HAL_Driver/Src/stm32f1xx_hal_pcd.c **** #endif /* USE_HAL_PCD_REGISTER_CALLBACKS */
 2331              		.loc 1 2429 15 is_stmt 1 view .LVU815
 2332 0282 3146     		mov	r1, r6
 2333              	.LVL246:
2429:Drivers/STM32F1xx_HAL_Driver/Src/stm32f1xx_hal_pcd.c **** #endif /* USE_HAL_PCD_REGISTER_CALLBACKS */
 2334              		.loc 1 2429 15 is_stmt 0 view .LVU816
 2335 0284 2846     		mov	r0, r5
 2336 0286 FFF7FEFF 		bl	HAL_PCD_DataInStageCallback
 2337              	.LVL247:
2429:Drivers/STM32F1xx_HAL_Driver/Src/stm32f1xx_hal_pcd.c **** #endif /* USE_HAL_PCD_REGISTER_CALLBACKS */
 2338              		.loc 1 2429 15 view .LVU817
 2339 028a BCE6     		b	.L96
 2340              	.LVL248:
 2341              	.L128:
2304:Drivers/STM32F1xx_HAL_Driver/Src/stm32f1xx_hal_pcd.c ****         ep = &hpcd->OUT_ep[epindex];
 2342              		.loc 1 2304 9 is_stmt 1 view .LVU818
 2343              	.LBB46:
2304:Drivers/STM32F1xx_HAL_Driver/Src/stm32f1xx_hal_pcd.c ****         ep = &hpcd->OUT_ep[epindex];
 2344              		.loc 1 2304 9 view .LVU819
2304:Drivers/STM32F1xx_HAL_Driver/Src/stm32f1xx_hal_pcd.c ****         ep = &hpcd->OUT_ep[epindex];
 2345              		.loc 1 2304 9 view .LVU820
 2346 028c 30F82430 		ldrh	r3, [r0, r4, lsl #2]
 2347 0290 23F07003 		bic	r3, r3, #112
 2348 0294 1B05     		lsls	r3, r3, #20
 2349 0296 1B0D     		lsrs	r3, r3, #20
 2350              	.LVL249:
2304:Drivers/STM32F1xx_HAL_Driver/Src/stm32f1xx_hal_pcd.c ****         ep = &hpcd->OUT_ep[epindex];
 2351              		.loc 1 2304 9 view .LVU821
 2352 0298 43F08003 		orr	r3, r3, #128
 2353              	.LVL250:
ARM GAS  C:\Users\jc\AppData\Local\Temp\ccPtFhbx.s 			page 101


2304:Drivers/STM32F1xx_HAL_Driver/Src/stm32f1xx_hal_pcd.c ****         ep = &hpcd->OUT_ep[epindex];
 2354              		.loc 1 2304 9 is_stmt 0 view .LVU822
 2355 029c 20F82430 		strh	r3, [r0, r4, lsl #2]	@ movhi
 2356              	.LBE46:
2304:Drivers/STM32F1xx_HAL_Driver/Src/stm32f1xx_hal_pcd.c ****         ep = &hpcd->OUT_ep[epindex];
 2357              		.loc 1 2304 9 is_stmt 1 view .LVU823
2305:Drivers/STM32F1xx_HAL_Driver/Src/stm32f1xx_hal_pcd.c **** 
 2358              		.loc 1 2305 9 view .LVU824
2305:Drivers/STM32F1xx_HAL_Driver/Src/stm32f1xx_hal_pcd.c **** 
 2359              		.loc 1 2305 12 is_stmt 0 view .LVU825
 2360 02a0 04EB8401 		add	r1, r4, r4, lsl #2
 2361 02a4 C900     		lsls	r1, r1, #3
 2362 02a6 01F5A871 		add	r1, r1, #336
 2363 02aa 05EB0108 		add	r8, r5, r1
 2364              	.LVL251:
2308:Drivers/STM32F1xx_HAL_Driver/Src/stm32f1xx_hal_pcd.c ****         {
 2365              		.loc 1 2308 9 is_stmt 1 view .LVU826
2308:Drivers/STM32F1xx_HAL_Driver/Src/stm32f1xx_hal_pcd.c ****         {
 2366              		.loc 1 2308 15 is_stmt 0 view .LVU827
 2367 02ae 04EB8403 		add	r3, r4, r4, lsl #2
 2368 02b2 05EBC303 		add	r3, r5, r3, lsl #3
 2369 02b6 93F85C31 		ldrb	r3, [r3, #348]	@ zero_extendqisi2
2308:Drivers/STM32F1xx_HAL_Driver/Src/stm32f1xx_hal_pcd.c ****         {
 2370              		.loc 1 2308 12 view .LVU828
 2371 02ba 002B     		cmp	r3, #0
 2372 02bc 42D1     		bne	.L108
2310:Drivers/STM32F1xx_HAL_Driver/Src/stm32f1xx_hal_pcd.c **** 
 2373              		.loc 1 2310 11 is_stmt 1 view .LVU829
2310:Drivers/STM32F1xx_HAL_Driver/Src/stm32f1xx_hal_pcd.c **** 
 2374              		.loc 1 2310 29 is_stmt 0 view .LVU830
 2375 02be 2868     		ldr	r0, [r5]
 2376 02c0 B0F85030 		ldrh	r3, [r0, #80]
 2377 02c4 9BB2     		uxth	r3, r3
 2378 02c6 04EB8402 		add	r2, r4, r4, lsl #2
 2379 02ca 05EBC202 		add	r2, r5, r2, lsl #3
 2380 02ce 92F85021 		ldrb	r2, [r2, #336]	@ zero_extendqisi2
 2381 02d2 03EBC203 		add	r3, r3, r2, lsl #3
 2382 02d6 0633     		adds	r3, r3, #6
 2383 02d8 00EB4303 		add	r3, r0, r3, lsl #1
 2384 02dc B3F80074 		ldrh	r7, [r3, #1024]
2310:Drivers/STM32F1xx_HAL_Driver/Src/stm32f1xx_hal_pcd.c **** 
 2385              		.loc 1 2310 17 view .LVU831
 2386 02e0 C7F30907 		ubfx	r7, r7, #0, #10
 2387              	.LVL252:
2312:Drivers/STM32F1xx_HAL_Driver/Src/stm32f1xx_hal_pcd.c ****           {
 2388              		.loc 1 2312 11 is_stmt 1 view .LVU832
2312:Drivers/STM32F1xx_HAL_Driver/Src/stm32f1xx_hal_pcd.c ****           {
 2389              		.loc 1 2312 14 is_stmt 0 view .LVU833
 2390 02e4 17BB     		cbnz	r7, .L130
 2391              	.L109:
2355:Drivers/STM32F1xx_HAL_Driver/Src/stm32f1xx_hal_pcd.c ****         ep->xfer_buff += count;
 2392              		.loc 1 2355 9 is_stmt 1 view .LVU834
2355:Drivers/STM32F1xx_HAL_Driver/Src/stm32f1xx_hal_pcd.c ****         ep->xfer_buff += count;
 2393              		.loc 1 2355 11 is_stmt 0 view .LVU835
 2394 02e6 04EB8403 		add	r3, r4, r4, lsl #2
 2395 02ea 05EBC303 		add	r3, r5, r3, lsl #3
 2396 02ee D3F86C21 		ldr	r2, [r3, #364]
ARM GAS  C:\Users\jc\AppData\Local\Temp\ccPtFhbx.s 			page 102


2355:Drivers/STM32F1xx_HAL_Driver/Src/stm32f1xx_hal_pcd.c ****         ep->xfer_buff += count;
 2397              		.loc 1 2355 24 view .LVU836
 2398 02f2 3A44     		add	r2, r2, r7
 2399 02f4 C3F86C21 		str	r2, [r3, #364]
2356:Drivers/STM32F1xx_HAL_Driver/Src/stm32f1xx_hal_pcd.c **** 
 2400              		.loc 1 2356 9 is_stmt 1 view .LVU837
2356:Drivers/STM32F1xx_HAL_Driver/Src/stm32f1xx_hal_pcd.c **** 
 2401              		.loc 1 2356 11 is_stmt 0 view .LVU838
 2402 02f8 D3F86421 		ldr	r2, [r3, #356]
2356:Drivers/STM32F1xx_HAL_Driver/Src/stm32f1xx_hal_pcd.c **** 
 2403              		.loc 1 2356 23 view .LVU839
 2404 02fc 3A44     		add	r2, r2, r7
 2405 02fe C3F86421 		str	r2, [r3, #356]
2358:Drivers/STM32F1xx_HAL_Driver/Src/stm32f1xx_hal_pcd.c ****         {
 2406              		.loc 1 2358 9 is_stmt 1 view .LVU840
2358:Drivers/STM32F1xx_HAL_Driver/Src/stm32f1xx_hal_pcd.c ****         {
 2407              		.loc 1 2358 16 is_stmt 0 view .LVU841
 2408 0302 D3F86831 		ldr	r3, [r3, #360]
2358:Drivers/STM32F1xx_HAL_Driver/Src/stm32f1xx_hal_pcd.c ****         {
 2409              		.loc 1 2358 12 view .LVU842
 2410 0306 3BB1     		cbz	r3, .L112
2358:Drivers/STM32F1xx_HAL_Driver/Src/stm32f1xx_hal_pcd.c ****         {
 2411              		.loc 1 2358 48 discriminator 1 view .LVU843
 2412 0308 04EB8403 		add	r3, r4, r4, lsl #2
 2413 030c 05EBC303 		add	r3, r5, r3, lsl #3
 2414 0310 D3F86031 		ldr	r3, [r3, #352]
2358:Drivers/STM32F1xx_HAL_Driver/Src/stm32f1xx_hal_pcd.c ****         {
 2415              		.loc 1 2358 34 discriminator 1 view .LVU844
 2416 0314 9F42     		cmp	r7, r3
 2417 0316 75D2     		bcs	.L113
 2418              	.L112:
2364:Drivers/STM32F1xx_HAL_Driver/Src/stm32f1xx_hal_pcd.c **** #endif /* USE_HAL_PCD_REGISTER_CALLBACKS */
 2419              		.loc 1 2364 11 is_stmt 1 view .LVU845
 2420 0318 04EB8403 		add	r3, r4, r4, lsl #2
 2421 031c 05EBC303 		add	r3, r5, r3, lsl #3
 2422 0320 93F85011 		ldrb	r1, [r3, #336]	@ zero_extendqisi2
 2423 0324 2846     		mov	r0, r5
 2424 0326 FFF7FEFF 		bl	HAL_PCD_DataOutStageCallback
 2425              	.LVL253:
 2426 032a 5EE7     		b	.L107
 2427              	.L130:
2314:Drivers/STM32F1xx_HAL_Driver/Src/stm32f1xx_hal_pcd.c ****           }
 2428              		.loc 1 2314 13 view .LVU846
 2429 032c 04EB8401 		add	r1, r4, r4, lsl #2
 2430 0330 05EBC101 		add	r1, r5, r1, lsl #3
 2431 0334 3B46     		mov	r3, r7
 2432 0336 B1F85621 		ldrh	r2, [r1, #342]
 2433 033a D1F86411 		ldr	r1, [r1, #356]
 2434 033e FFF7FEFF 		bl	USB_ReadPMA
 2435              	.LVL254:
 2436 0342 D0E7     		b	.L109
 2437              	.LVL255:
 2438              	.L108:
2321:Drivers/STM32F1xx_HAL_Driver/Src/stm32f1xx_hal_pcd.c ****           {
 2439              		.loc 1 2321 11 view .LVU847
2321:Drivers/STM32F1xx_HAL_Driver/Src/stm32f1xx_hal_pcd.c ****           {
 2440              		.loc 1 2321 17 is_stmt 0 view .LVU848
ARM GAS  C:\Users\jc\AppData\Local\Temp\ccPtFhbx.s 			page 103


 2441 0344 04EB8403 		add	r3, r4, r4, lsl #2
 2442 0348 05EBC303 		add	r3, r5, r3, lsl #3
 2443 034c 93F85331 		ldrb	r3, [r3, #339]	@ zero_extendqisi2
2321:Drivers/STM32F1xx_HAL_Driver/Src/stm32f1xx_hal_pcd.c ****           {
 2444              		.loc 1 2321 14 view .LVU849
 2445 0350 022B     		cmp	r3, #2
 2446 0352 35D0     		beq	.L131
2328:Drivers/STM32F1xx_HAL_Driver/Src/stm32f1xx_hal_pcd.c **** 
 2447              		.loc 1 2328 13 is_stmt 1 view .LVU850
2328:Drivers/STM32F1xx_HAL_Driver/Src/stm32f1xx_hal_pcd.c **** 
 2448              		.loc 1 2328 13 view .LVU851
2328:Drivers/STM32F1xx_HAL_Driver/Src/stm32f1xx_hal_pcd.c **** 
 2449              		.loc 1 2328 13 discriminator 1 view .LVU852
 2450              	.LBB47:
2328:Drivers/STM32F1xx_HAL_Driver/Src/stm32f1xx_hal_pcd.c **** 
 2451              		.loc 1 2328 13 discriminator 1 view .LVU853
2328:Drivers/STM32F1xx_HAL_Driver/Src/stm32f1xx_hal_pcd.c **** 
 2452              		.loc 1 2328 13 discriminator 1 view .LVU854
 2453 0354 2968     		ldr	r1, [r5]
 2454 0356 04EB8402 		add	r2, r4, r4, lsl #2
 2455 035a 05EBC202 		add	r2, r5, r2, lsl #3
 2456 035e 92F85001 		ldrb	r0, [r2, #336]	@ zero_extendqisi2
 2457 0362 31F82030 		ldrh	r3, [r1, r0, lsl #2]
 2458 0366 9BB2     		uxth	r3, r3
 2459 0368 23F4E043 		bic	r3, r3, #28672
 2460 036c 23F07003 		bic	r3, r3, #112
 2461              	.LVL256:
2328:Drivers/STM32F1xx_HAL_Driver/Src/stm32f1xx_hal_pcd.c **** 
 2462              		.loc 1 2328 13 view .LVU855
2328:Drivers/STM32F1xx_HAL_Driver/Src/stm32f1xx_hal_pcd.c **** 
 2463              		.loc 1 2328 13 is_stmt 0 discriminator 1 view .LVU856
 2464 0370 43F40043 		orr	r3, r3, #32768
 2465              	.LVL257:
2328:Drivers/STM32F1xx_HAL_Driver/Src/stm32f1xx_hal_pcd.c **** 
 2466              		.loc 1 2328 13 discriminator 1 view .LVU857
 2467 0374 43F0C003 		orr	r3, r3, #192
 2468 0378 21F82030 		strh	r3, [r1, r0, lsl #2]	@ movhi
 2469              	.LBE47:
2328:Drivers/STM32F1xx_HAL_Driver/Src/stm32f1xx_hal_pcd.c **** 
 2470              		.loc 1 2328 13 is_stmt 1 view .LVU858
2328:Drivers/STM32F1xx_HAL_Driver/Src/stm32f1xx_hal_pcd.c **** 
 2471              		.loc 1 2328 13 discriminator 6 view .LVU859
2328:Drivers/STM32F1xx_HAL_Driver/Src/stm32f1xx_hal_pcd.c **** 
 2472              		.loc 1 2328 13 discriminator 6 view .LVU860
2330:Drivers/STM32F1xx_HAL_Driver/Src/stm32f1xx_hal_pcd.c ****             {
 2473              		.loc 1 2330 13 view .LVU861
2330:Drivers/STM32F1xx_HAL_Driver/Src/stm32f1xx_hal_pcd.c ****             {
 2474              		.loc 1 2330 18 is_stmt 0 view .LVU862
 2475 037c 2868     		ldr	r0, [r5]
 2476 037e 92F85021 		ldrb	r2, [r2, #336]	@ zero_extendqisi2
 2477 0382 30F82230 		ldrh	r3, [r0, r2, lsl #2]
2330:Drivers/STM32F1xx_HAL_Driver/Src/stm32f1xx_hal_pcd.c ****             {
 2478              		.loc 1 2330 16 view .LVU863
 2479 0386 13F4804F 		tst	r3, #16384
 2480 038a 20D0     		beq	.L111
2333:Drivers/STM32F1xx_HAL_Driver/Src/stm32f1xx_hal_pcd.c **** 
 2481              		.loc 1 2333 15 is_stmt 1 view .LVU864
ARM GAS  C:\Users\jc\AppData\Local\Temp\ccPtFhbx.s 			page 104


2333:Drivers/STM32F1xx_HAL_Driver/Src/stm32f1xx_hal_pcd.c **** 
 2482              		.loc 1 2333 33 is_stmt 0 view .LVU865
 2483 038c B0F85030 		ldrh	r3, [r0, #80]
 2484 0390 9BB2     		uxth	r3, r3
 2485 0392 03EBC203 		add	r3, r3, r2, lsl #3
 2486 0396 0233     		adds	r3, r3, #2
 2487 0398 00EB4303 		add	r3, r0, r3, lsl #1
 2488 039c B3F80074 		ldrh	r7, [r3, #1024]
2333:Drivers/STM32F1xx_HAL_Driver/Src/stm32f1xx_hal_pcd.c **** 
 2489              		.loc 1 2333 21 view .LVU866
 2490 03a0 C7F30907 		ubfx	r7, r7, #0, #10
 2491              	.LVL258:
2335:Drivers/STM32F1xx_HAL_Driver/Src/stm32f1xx_hal_pcd.c ****               {
 2492              		.loc 1 2335 15 is_stmt 1 view .LVU867
2335:Drivers/STM32F1xx_HAL_Driver/Src/stm32f1xx_hal_pcd.c ****               {
 2493              		.loc 1 2335 18 is_stmt 0 view .LVU868
 2494 03a4 002F     		cmp	r7, #0
 2495 03a6 9ED0     		beq	.L109
2337:Drivers/STM32F1xx_HAL_Driver/Src/stm32f1xx_hal_pcd.c ****               }
 2496              		.loc 1 2337 17 is_stmt 1 view .LVU869
 2497 03a8 04EB8401 		add	r1, r4, r4, lsl #2
 2498 03ac 05EBC101 		add	r1, r5, r1, lsl #3
 2499 03b0 3B46     		mov	r3, r7
 2500 03b2 B1F85821 		ldrh	r2, [r1, #344]
 2501 03b6 D1F86411 		ldr	r1, [r1, #356]
 2502 03ba FFF7FEFF 		bl	USB_ReadPMA
 2503              	.LVL259:
 2504 03be 92E7     		b	.L109
 2505              	.LVL260:
 2506              	.L131:
2323:Drivers/STM32F1xx_HAL_Driver/Src/stm32f1xx_hal_pcd.c ****           }
 2507              		.loc 1 2323 13 view .LVU870
2323:Drivers/STM32F1xx_HAL_Driver/Src/stm32f1xx_hal_pcd.c ****           }
 2508              		.loc 1 2323 21 is_stmt 0 view .LVU871
 2509 03c0 3246     		mov	r2, r6
 2510 03c2 4146     		mov	r1, r8
 2511 03c4 2846     		mov	r0, r5
 2512 03c6 FFF7FEFF 		bl	HAL_PCD_EP_DB_Receive
 2513              	.LVL261:
 2514 03ca 0746     		mov	r7, r0
 2515              	.LVL262:
2323:Drivers/STM32F1xx_HAL_Driver/Src/stm32f1xx_hal_pcd.c ****           }
 2516              		.loc 1 2323 21 view .LVU872
 2517 03cc 8BE7     		b	.L109
 2518              	.LVL263:
 2519              	.L111:
2343:Drivers/STM32F1xx_HAL_Driver/Src/stm32f1xx_hal_pcd.c **** 
 2520              		.loc 1 2343 15 is_stmt 1 view .LVU873
2343:Drivers/STM32F1xx_HAL_Driver/Src/stm32f1xx_hal_pcd.c **** 
 2521              		.loc 1 2343 33 is_stmt 0 view .LVU874
 2522 03ce B0F85030 		ldrh	r3, [r0, #80]
 2523 03d2 9BB2     		uxth	r3, r3
 2524 03d4 03EBC203 		add	r3, r3, r2, lsl #3
 2525 03d8 0633     		adds	r3, r3, #6
 2526 03da 00EB4303 		add	r3, r0, r3, lsl #1
 2527 03de B3F80074 		ldrh	r7, [r3, #1024]
2343:Drivers/STM32F1xx_HAL_Driver/Src/stm32f1xx_hal_pcd.c **** 
ARM GAS  C:\Users\jc\AppData\Local\Temp\ccPtFhbx.s 			page 105


 2528              		.loc 1 2343 21 view .LVU875
 2529 03e2 C7F30907 		ubfx	r7, r7, #0, #10
 2530              	.LVL264:
2345:Drivers/STM32F1xx_HAL_Driver/Src/stm32f1xx_hal_pcd.c ****               {
 2531              		.loc 1 2345 15 is_stmt 1 view .LVU876
2345:Drivers/STM32F1xx_HAL_Driver/Src/stm32f1xx_hal_pcd.c ****               {
 2532              		.loc 1 2345 18 is_stmt 0 view .LVU877
 2533 03e6 002F     		cmp	r7, #0
 2534 03e8 3FF47DAF 		beq	.L109
2347:Drivers/STM32F1xx_HAL_Driver/Src/stm32f1xx_hal_pcd.c ****               }
 2535              		.loc 1 2347 17 is_stmt 1 view .LVU878
 2536 03ec 04EB8401 		add	r1, r4, r4, lsl #2
 2537 03f0 05EBC101 		add	r1, r5, r1, lsl #3
 2538 03f4 3B46     		mov	r3, r7
 2539 03f6 B1F85A21 		ldrh	r2, [r1, #346]
 2540 03fa D1F86411 		ldr	r1, [r1, #356]
 2541 03fe FFF7FEFF 		bl	USB_ReadPMA
 2542              	.LVL265:
 2543 0402 70E7     		b	.L109
 2544              	.LVL266:
 2545              	.L113:
2369:Drivers/STM32F1xx_HAL_Driver/Src/stm32f1xx_hal_pcd.c ****         }
 2546              		.loc 1 2369 11 view .LVU879
2369:Drivers/STM32F1xx_HAL_Driver/Src/stm32f1xx_hal_pcd.c ****         }
 2547              		.loc 1 2369 17 is_stmt 0 view .LVU880
 2548 0404 4146     		mov	r1, r8
 2549 0406 2868     		ldr	r0, [r5]
 2550 0408 FFF7FEFF 		bl	USB_EPStartXfer
 2551              	.LVL267:
 2552 040c EDE6     		b	.L107
 2553              	.LVL268:
 2554              	.L129:
2382:Drivers/STM32F1xx_HAL_Driver/Src/stm32f1xx_hal_pcd.c **** 
 2555              		.loc 1 2382 11 is_stmt 1 view .LVU881
2382:Drivers/STM32F1xx_HAL_Driver/Src/stm32f1xx_hal_pcd.c **** 
 2556              		.loc 1 2382 24 is_stmt 0 view .LVU882
 2557 040e 631C     		adds	r3, r4, #1
 2558 0410 03EB8303 		add	r3, r3, r3, lsl #2
 2559 0414 DB00     		lsls	r3, r3, #3
 2560 0416 0022     		movs	r2, #0
 2561 0418 EA50     		str	r2, [r5, r3]
2385:Drivers/STM32F1xx_HAL_Driver/Src/stm32f1xx_hal_pcd.c ****           {
 2562              		.loc 1 2385 11 is_stmt 1 view .LVU883
2385:Drivers/STM32F1xx_HAL_Driver/Src/stm32f1xx_hal_pcd.c ****           {
 2563              		.loc 1 2385 17 is_stmt 0 view .LVU884
 2564 041a 04EB8403 		add	r3, r4, r4, lsl #2
 2565 041e 05EBC303 		add	r3, r5, r3, lsl #3
 2566 0422 1B7F     		ldrb	r3, [r3, #28]	@ zero_extendqisi2
2385:Drivers/STM32F1xx_HAL_Driver/Src/stm32f1xx_hal_pcd.c ****           {
 2567              		.loc 1 2385 14 view .LVU885
 2568 0424 1BB3     		cbz	r3, .L115
2387:Drivers/STM32F1xx_HAL_Driver/Src/stm32f1xx_hal_pcd.c ****             {
 2569              		.loc 1 2387 13 is_stmt 1 view .LVU886
2387:Drivers/STM32F1xx_HAL_Driver/Src/stm32f1xx_hal_pcd.c ****             {
 2570              		.loc 1 2387 16 is_stmt 0 view .LVU887
 2571 0426 16F0400F 		tst	r6, #64
 2572 042a 3BD0     		beq	.L116
ARM GAS  C:\Users\jc\AppData\Local\Temp\ccPtFhbx.s 			page 106


2389:Drivers/STM32F1xx_HAL_Driver/Src/stm32f1xx_hal_pcd.c ****             }
 2573              		.loc 1 2389 15 is_stmt 1 view .LVU888
2389:Drivers/STM32F1xx_HAL_Driver/Src/stm32f1xx_hal_pcd.c ****             }
 2574              		.loc 1 2389 15 view .LVU889
 2575 042c 04EB8403 		add	r3, r4, r4, lsl #2
 2576 0430 05EBC303 		add	r3, r5, r3, lsl #3
 2577 0434 5B7C     		ldrb	r3, [r3, #17]	@ zero_extendqisi2
 2578 0436 1BBB     		cbnz	r3, .L117
2389:Drivers/STM32F1xx_HAL_Driver/Src/stm32f1xx_hal_pcd.c ****             }
 2579              		.loc 1 2389 15 discriminator 1 view .LVU890
 2580              	.LBB48:
2389:Drivers/STM32F1xx_HAL_Driver/Src/stm32f1xx_hal_pcd.c ****             }
 2581              		.loc 1 2389 15 discriminator 1 view .LVU891
 2582 0438 2B68     		ldr	r3, [r5]
 2583              	.LVL269:
2389:Drivers/STM32F1xx_HAL_Driver/Src/stm32f1xx_hal_pcd.c ****             }
 2584              		.loc 1 2389 15 view .LVU892
2389:Drivers/STM32F1xx_HAL_Driver/Src/stm32f1xx_hal_pcd.c ****             }
 2585              		.loc 1 2389 15 view .LVU893
2389:Drivers/STM32F1xx_HAL_Driver/Src/stm32f1xx_hal_pcd.c ****             }
 2586              		.loc 1 2389 15 is_stmt 0 discriminator 1 view .LVU894
 2587 043a B3F85020 		ldrh	r2, [r3, #80]
 2588 043e 92B2     		uxth	r2, r2
 2589 0440 1344     		add	r3, r3, r2
 2590              	.LVL270:
2389:Drivers/STM32F1xx_HAL_Driver/Src/stm32f1xx_hal_pcd.c ****             }
 2591              		.loc 1 2389 15 is_stmt 1 view .LVU895
2389:Drivers/STM32F1xx_HAL_Driver/Src/stm32f1xx_hal_pcd.c ****             }
 2592              		.loc 1 2389 15 is_stmt 0 discriminator 1 view .LVU896
 2593 0442 04EB8402 		add	r2, r4, r4, lsl #2
 2594 0446 05EBC202 		add	r2, r5, r2, lsl #3
 2595 044a 127C     		ldrb	r2, [r2, #16]	@ zero_extendqisi2
 2596 044c 03EB0213 		add	r3, r3, r2, lsl #4
 2597              	.LVL271:
2389:Drivers/STM32F1xx_HAL_Driver/Src/stm32f1xx_hal_pcd.c ****             }
 2598              		.loc 1 2389 15 is_stmt 1 view .LVU897
 2599              	.LBB49:
2389:Drivers/STM32F1xx_HAL_Driver/Src/stm32f1xx_hal_pcd.c ****             }
 2600              		.loc 1 2389 15 view .LVU898
2389:Drivers/STM32F1xx_HAL_Driver/Src/stm32f1xx_hal_pcd.c ****             }
 2601              		.loc 1 2389 15 view .LVU899
2389:Drivers/STM32F1xx_HAL_Driver/Src/stm32f1xx_hal_pcd.c ****             }
 2602              		.loc 1 2389 15 is_stmt 0 discriminator 1 view .LVU900
 2603 0450 B3F80424 		ldrh	r2, [r3, #1028]
 2604 0454 C2F30902 		ubfx	r2, r2, #0, #10
 2605 0458 A3F80424 		strh	r2, [r3, #1028]	@ movhi
2389:Drivers/STM32F1xx_HAL_Driver/Src/stm32f1xx_hal_pcd.c ****             }
 2606              		.loc 1 2389 15 is_stmt 1 view .LVU901
2389:Drivers/STM32F1xx_HAL_Driver/Src/stm32f1xx_hal_pcd.c ****             }
 2607              		.loc 1 2389 15 discriminator 4 view .LVU902
2389:Drivers/STM32F1xx_HAL_Driver/Src/stm32f1xx_hal_pcd.c ****             }
 2608              		.loc 1 2389 15 discriminator 9 view .LVU903
 2609 045c B3F80424 		ldrh	r2, [r3, #1028]
 2610 0460 6FEA4242 		mvn	r2, r2, lsl #17
 2611 0464 6FEA5242 		mvn	r2, r2, lsr #17
 2612 0468 92B2     		uxth	r2, r2
 2613 046a A3F80424 		strh	r2, [r3, #1028]	@ movhi
ARM GAS  C:\Users\jc\AppData\Local\Temp\ccPtFhbx.s 			page 107


2389:Drivers/STM32F1xx_HAL_Driver/Src/stm32f1xx_hal_pcd.c ****             }
 2614              		.loc 1 2389 15 discriminator 15 view .LVU904
 2615              	.LBE49:
2389:Drivers/STM32F1xx_HAL_Driver/Src/stm32f1xx_hal_pcd.c ****             }
 2616              		.loc 1 2389 15 discriminator 15 view .LVU905
 2617              	.LBE48:
2389:Drivers/STM32F1xx_HAL_Driver/Src/stm32f1xx_hal_pcd.c ****             }
 2618              		.loc 1 2389 15 discriminator 15 view .LVU906
 2619              	.LVL272:
 2620              	.L115:
2393:Drivers/STM32F1xx_HAL_Driver/Src/stm32f1xx_hal_pcd.c ****             }
 2621              		.loc 1 2393 15 discriminator 18 view .LVU907
2402:Drivers/STM32F1xx_HAL_Driver/Src/stm32f1xx_hal_pcd.c **** #endif /* USE_HAL_PCD_REGISTER_CALLBACKS */
 2622              		.loc 1 2402 11 view .LVU908
 2623 046e 04EB8404 		add	r4, r4, r4, lsl #2
 2624 0472 05EBC404 		add	r4, r5, r4, lsl #3
 2625 0476 217C     		ldrb	r1, [r4, #16]	@ zero_extendqisi2
 2626              	.LVL273:
2402:Drivers/STM32F1xx_HAL_Driver/Src/stm32f1xx_hal_pcd.c **** #endif /* USE_HAL_PCD_REGISTER_CALLBACKS */
 2627              		.loc 1 2402 11 is_stmt 0 view .LVU909
 2628 0478 2846     		mov	r0, r5
 2629 047a FFF7FEFF 		bl	HAL_PCD_DataInStageCallback
 2630              	.LVL274:
 2631 047e C2E5     		b	.L96
 2632              	.LVL275:
 2633              	.L117:
2389:Drivers/STM32F1xx_HAL_Driver/Src/stm32f1xx_hal_pcd.c ****             }
 2634              		.loc 1 2389 15 is_stmt 1 discriminator 2 view .LVU910
 2635 0480 012B     		cmp	r3, #1
 2636 0482 F4D1     		bne	.L115
2389:Drivers/STM32F1xx_HAL_Driver/Src/stm32f1xx_hal_pcd.c ****             }
 2637              		.loc 1 2389 15 discriminator 16 view .LVU911
 2638              	.LBB50:
2389:Drivers/STM32F1xx_HAL_Driver/Src/stm32f1xx_hal_pcd.c ****             }
 2639              		.loc 1 2389 15 discriminator 16 view .LVU912
 2640 0484 2B68     		ldr	r3, [r5]
 2641              	.LVL276:
2389:Drivers/STM32F1xx_HAL_Driver/Src/stm32f1xx_hal_pcd.c ****             }
 2642              		.loc 1 2389 15 view .LVU913
2389:Drivers/STM32F1xx_HAL_Driver/Src/stm32f1xx_hal_pcd.c ****             }
 2643              		.loc 1 2389 15 view .LVU914
2389:Drivers/STM32F1xx_HAL_Driver/Src/stm32f1xx_hal_pcd.c ****             }
 2644              		.loc 1 2389 15 is_stmt 0 discriminator 16 view .LVU915
 2645 0486 B3F85020 		ldrh	r2, [r3, #80]
 2646 048a 92B2     		uxth	r2, r2
 2647 048c 1344     		add	r3, r3, r2
 2648              	.LVL277:
2389:Drivers/STM32F1xx_HAL_Driver/Src/stm32f1xx_hal_pcd.c ****             }
 2649              		.loc 1 2389 15 is_stmt 1 view .LVU916
2389:Drivers/STM32F1xx_HAL_Driver/Src/stm32f1xx_hal_pcd.c ****             }
 2650              		.loc 1 2389 15 is_stmt 0 discriminator 16 view .LVU917
 2651 048e 04EB8402 		add	r2, r4, r4, lsl #2
 2652 0492 05EBC202 		add	r2, r5, r2, lsl #3
 2653 0496 127C     		ldrb	r2, [r2, #16]	@ zero_extendqisi2
 2654 0498 03EB0213 		add	r3, r3, r2, lsl #4
 2655              	.LVL278:
2389:Drivers/STM32F1xx_HAL_Driver/Src/stm32f1xx_hal_pcd.c ****             }
ARM GAS  C:\Users\jc\AppData\Local\Temp\ccPtFhbx.s 			page 108


 2656              		.loc 1 2389 15 is_stmt 1 view .LVU918
2389:Drivers/STM32F1xx_HAL_Driver/Src/stm32f1xx_hal_pcd.c ****             }
 2657              		.loc 1 2389 15 is_stmt 0 discriminator 16 view .LVU919
 2658 049c 0022     		movs	r2, #0
 2659 049e A3F80424 		strh	r2, [r3, #1028]	@ movhi
2389:Drivers/STM32F1xx_HAL_Driver/Src/stm32f1xx_hal_pcd.c ****             }
 2660              		.loc 1 2389 15 discriminator 16 view .LVU920
 2661 04a2 E4E7     		b	.L115
 2662              	.LVL279:
 2663              	.L116:
2389:Drivers/STM32F1xx_HAL_Driver/Src/stm32f1xx_hal_pcd.c ****             }
 2664              		.loc 1 2389 15 discriminator 16 view .LVU921
 2665              	.LBE50:
2393:Drivers/STM32F1xx_HAL_Driver/Src/stm32f1xx_hal_pcd.c ****             }
 2666              		.loc 1 2393 15 is_stmt 1 view .LVU922
 2667              	.LBB51:
2393:Drivers/STM32F1xx_HAL_Driver/Src/stm32f1xx_hal_pcd.c ****             }
 2668              		.loc 1 2393 15 view .LVU923
 2669 04a4 2B68     		ldr	r3, [r5]
 2670              	.LVL280:
2393:Drivers/STM32F1xx_HAL_Driver/Src/stm32f1xx_hal_pcd.c ****             }
 2671              		.loc 1 2393 15 view .LVU924
2393:Drivers/STM32F1xx_HAL_Driver/Src/stm32f1xx_hal_pcd.c ****             }
 2672              		.loc 1 2393 15 view .LVU925
 2673 04a6 04EB8402 		add	r2, r4, r4, lsl #2
 2674 04aa 05EBC202 		add	r2, r5, r2, lsl #3
 2675 04ae 527C     		ldrb	r2, [r2, #17]	@ zero_extendqisi2
 2676 04b0 D2B9     		cbnz	r2, .L118
2393:Drivers/STM32F1xx_HAL_Driver/Src/stm32f1xx_hal_pcd.c ****             }
 2677              		.loc 1 2393 15 discriminator 1 view .LVU926
 2678              	.LBB52:
2393:Drivers/STM32F1xx_HAL_Driver/Src/stm32f1xx_hal_pcd.c ****             }
 2679              		.loc 1 2393 15 discriminator 1 view .LVU927
 2680              	.LVL281:
2393:Drivers/STM32F1xx_HAL_Driver/Src/stm32f1xx_hal_pcd.c ****             }
 2681              		.loc 1 2393 15 view .LVU928
2393:Drivers/STM32F1xx_HAL_Driver/Src/stm32f1xx_hal_pcd.c ****             }
 2682              		.loc 1 2393 15 view .LVU929
2393:Drivers/STM32F1xx_HAL_Driver/Src/stm32f1xx_hal_pcd.c ****             }
 2683              		.loc 1 2393 15 is_stmt 0 discriminator 1 view .LVU930
 2684 04b2 B3F85020 		ldrh	r2, [r3, #80]
 2685 04b6 92B2     		uxth	r2, r2
 2686 04b8 1344     		add	r3, r3, r2
 2687              	.LVL282:
2393:Drivers/STM32F1xx_HAL_Driver/Src/stm32f1xx_hal_pcd.c ****             }
 2688              		.loc 1 2393 15 is_stmt 1 view .LVU931
2393:Drivers/STM32F1xx_HAL_Driver/Src/stm32f1xx_hal_pcd.c ****             }
 2689              		.loc 1 2393 15 is_stmt 0 discriminator 1 view .LVU932
 2690 04ba 04EB8402 		add	r2, r4, r4, lsl #2
 2691 04be 05EBC202 		add	r2, r5, r2, lsl #3
 2692 04c2 127C     		ldrb	r2, [r2, #16]	@ zero_extendqisi2
 2693 04c4 03EB0213 		add	r3, r3, r2, lsl #4
 2694              	.LVL283:
2393:Drivers/STM32F1xx_HAL_Driver/Src/stm32f1xx_hal_pcd.c ****             }
 2695              		.loc 1 2393 15 is_stmt 1 view .LVU933
 2696              	.LBB53:
2393:Drivers/STM32F1xx_HAL_Driver/Src/stm32f1xx_hal_pcd.c ****             }
ARM GAS  C:\Users\jc\AppData\Local\Temp\ccPtFhbx.s 			page 109


 2697              		.loc 1 2393 15 view .LVU934
2393:Drivers/STM32F1xx_HAL_Driver/Src/stm32f1xx_hal_pcd.c ****             }
 2698              		.loc 1 2393 15 view .LVU935
2393:Drivers/STM32F1xx_HAL_Driver/Src/stm32f1xx_hal_pcd.c ****             }
 2699              		.loc 1 2393 15 is_stmt 0 discriminator 1 view .LVU936
 2700 04c8 B3F80C24 		ldrh	r2, [r3, #1036]
 2701 04cc C2F30902 		ubfx	r2, r2, #0, #10
 2702 04d0 A3F80C24 		strh	r2, [r3, #1036]	@ movhi
 2703              	.LVL284:
2393:Drivers/STM32F1xx_HAL_Driver/Src/stm32f1xx_hal_pcd.c ****             }
 2704              		.loc 1 2393 15 is_stmt 1 view .LVU937
2393:Drivers/STM32F1xx_HAL_Driver/Src/stm32f1xx_hal_pcd.c ****             }
 2705              		.loc 1 2393 15 discriminator 4 view .LVU938
2393:Drivers/STM32F1xx_HAL_Driver/Src/stm32f1xx_hal_pcd.c ****             }
 2706              		.loc 1 2393 15 discriminator 9 view .LVU939
 2707 04d4 B3F80C24 		ldrh	r2, [r3, #1036]
 2708 04d8 6FEA4242 		mvn	r2, r2, lsl #17
 2709 04dc 6FEA5242 		mvn	r2, r2, lsr #17
 2710 04e0 92B2     		uxth	r2, r2
 2711 04e2 A3F80C24 		strh	r2, [r3, #1036]	@ movhi
2393:Drivers/STM32F1xx_HAL_Driver/Src/stm32f1xx_hal_pcd.c ****             }
 2712              		.loc 1 2393 15 discriminator 15 view .LVU940
 2713              	.LBE53:
2393:Drivers/STM32F1xx_HAL_Driver/Src/stm32f1xx_hal_pcd.c ****             }
 2714              		.loc 1 2393 15 discriminator 15 view .LVU941
 2715              	.LBE52:
2393:Drivers/STM32F1xx_HAL_Driver/Src/stm32f1xx_hal_pcd.c ****             }
 2716              		.loc 1 2393 15 discriminator 15 view .LVU942
 2717              	.LBB55:
 2718              	.LBB54:
 2719 04e6 C2E7     		b	.L115
 2720              	.LVL285:
 2721              	.L118:
2393:Drivers/STM32F1xx_HAL_Driver/Src/stm32f1xx_hal_pcd.c ****             }
 2722              		.loc 1 2393 15 is_stmt 0 discriminator 15 view .LVU943
 2723              	.LBE54:
 2724              	.LBE55:
2393:Drivers/STM32F1xx_HAL_Driver/Src/stm32f1xx_hal_pcd.c ****             }
 2725              		.loc 1 2393 15 is_stmt 1 discriminator 2 view .LVU944
 2726 04e8 012A     		cmp	r2, #1
 2727 04ea C0D1     		bne	.L115
2393:Drivers/STM32F1xx_HAL_Driver/Src/stm32f1xx_hal_pcd.c ****             }
 2728              		.loc 1 2393 15 discriminator 16 view .LVU945
 2729 04ec B3F85020 		ldrh	r2, [r3, #80]
 2730 04f0 92B2     		uxth	r2, r2
 2731 04f2 1344     		add	r3, r3, r2
 2732              	.LVL286:
2393:Drivers/STM32F1xx_HAL_Driver/Src/stm32f1xx_hal_pcd.c ****             }
 2733              		.loc 1 2393 15 view .LVU946
2393:Drivers/STM32F1xx_HAL_Driver/Src/stm32f1xx_hal_pcd.c ****             }
 2734              		.loc 1 2393 15 is_stmt 0 discriminator 16 view .LVU947
 2735 04f4 04EB8402 		add	r2, r4, r4, lsl #2
 2736 04f8 05EBC202 		add	r2, r5, r2, lsl #3
 2737 04fc 127C     		ldrb	r2, [r2, #16]	@ zero_extendqisi2
 2738 04fe 03EB0213 		add	r3, r3, r2, lsl #4
 2739              	.LVL287:
2393:Drivers/STM32F1xx_HAL_Driver/Src/stm32f1xx_hal_pcd.c ****             }
ARM GAS  C:\Users\jc\AppData\Local\Temp\ccPtFhbx.s 			page 110


 2740              		.loc 1 2393 15 is_stmt 1 view .LVU948
2393:Drivers/STM32F1xx_HAL_Driver/Src/stm32f1xx_hal_pcd.c ****             }
 2741              		.loc 1 2393 15 is_stmt 0 discriminator 16 view .LVU949
 2742 0502 0022     		movs	r2, #0
 2743 0504 A3F80C24 		strh	r2, [r3, #1036]	@ movhi
2393:Drivers/STM32F1xx_HAL_Driver/Src/stm32f1xx_hal_pcd.c ****             }
 2744              		.loc 1 2393 15 discriminator 16 view .LVU950
 2745 0508 B1E7     		b	.L115
 2746              	.LVL288:
 2747              	.L120:
2393:Drivers/STM32F1xx_HAL_Driver/Src/stm32f1xx_hal_pcd.c ****             }
 2748              		.loc 1 2393 15 discriminator 16 view .LVU951
 2749              	.LBE51:
2419:Drivers/STM32F1xx_HAL_Driver/Src/stm32f1xx_hal_pcd.c ****             }
 2750              		.loc 1 2419 15 is_stmt 1 view .LVU952
2419:Drivers/STM32F1xx_HAL_Driver/Src/stm32f1xx_hal_pcd.c ****             }
 2751              		.loc 1 2419 28 is_stmt 0 view .LVU953
 2752 050a 621C     		adds	r2, r4, #1
 2753 050c 02EB8202 		add	r2, r2, r2, lsl #2
 2754 0510 D200     		lsls	r2, r2, #3
 2755 0512 0027     		movs	r7, #0
 2756 0514 AF50     		str	r7, [r5, r2]
 2757 0516 ACE6     		b	.L121
 2758              	.L122:
2435:Drivers/STM32F1xx_HAL_Driver/Src/stm32f1xx_hal_pcd.c ****               ep->xfer_count += TxPctSize;
 2759              		.loc 1 2435 15 is_stmt 1 view .LVU954
2435:Drivers/STM32F1xx_HAL_Driver/Src/stm32f1xx_hal_pcd.c ****               ep->xfer_count += TxPctSize;
 2760              		.loc 1 2435 17 is_stmt 0 view .LVU955
 2761 0518 04EB8402 		add	r2, r4, r4, lsl #2
 2762 051c 05EBC202 		add	r2, r5, r2, lsl #3
 2763 0520 566A     		ldr	r6, [r2, #36]
2435:Drivers/STM32F1xx_HAL_Driver/Src/stm32f1xx_hal_pcd.c ****               ep->xfer_count += TxPctSize;
 2764              		.loc 1 2435 29 view .LVU956
 2765 0522 1E44     		add	r6, r6, r3
 2766 0524 5662     		str	r6, [r2, #36]
2436:Drivers/STM32F1xx_HAL_Driver/Src/stm32f1xx_hal_pcd.c ****               (void)USB_EPStartXfer(hpcd->Instance, ep);
 2767              		.loc 1 2436 15 is_stmt 1 view .LVU957
2436:Drivers/STM32F1xx_HAL_Driver/Src/stm32f1xx_hal_pcd.c ****               (void)USB_EPStartXfer(hpcd->Instance, ep);
 2768              		.loc 1 2436 17 is_stmt 0 view .LVU958
 2769 0526 0134     		adds	r4, r4, #1
 2770 0528 04EB8402 		add	r2, r4, r4, lsl #2
 2771 052c 05EBC202 		add	r2, r5, r2, lsl #3
 2772 0530 5268     		ldr	r2, [r2, #4]
2436:Drivers/STM32F1xx_HAL_Driver/Src/stm32f1xx_hal_pcd.c ****               (void)USB_EPStartXfer(hpcd->Instance, ep);
 2773              		.loc 1 2436 30 view .LVU959
 2774 0532 04EB8404 		add	r4, r4, r4, lsl #2
 2775 0536 05EBC404 		add	r4, r5, r4, lsl #3
 2776 053a 1344     		add	r3, r3, r2
 2777              	.LVL289:
2436:Drivers/STM32F1xx_HAL_Driver/Src/stm32f1xx_hal_pcd.c ****               (void)USB_EPStartXfer(hpcd->Instance, ep);
 2778              		.loc 1 2436 30 view .LVU960
 2779 053c 6360     		str	r3, [r4, #4]
2437:Drivers/STM32F1xx_HAL_Driver/Src/stm32f1xx_hal_pcd.c ****             }
 2780              		.loc 1 2437 15 is_stmt 1 view .LVU961
2437:Drivers/STM32F1xx_HAL_Driver/Src/stm32f1xx_hal_pcd.c ****             }
 2781              		.loc 1 2437 21 is_stmt 0 view .LVU962
 2782 053e FFF7FEFF 		bl	USB_EPStartXfer
ARM GAS  C:\Users\jc\AppData\Local\Temp\ccPtFhbx.s 			page 111


 2783              	.LVL290:
2437:Drivers/STM32F1xx_HAL_Driver/Src/stm32f1xx_hal_pcd.c ****             }
 2784              		.loc 1 2437 21 view .LVU963
 2785 0542 60E5     		b	.L96
 2786              	.LVL291:
 2787              	.L119:
2444:Drivers/STM32F1xx_HAL_Driver/Src/stm32f1xx_hal_pcd.c ****           }
 2788              		.loc 1 2444 13 is_stmt 1 view .LVU964
2444:Drivers/STM32F1xx_HAL_Driver/Src/stm32f1xx_hal_pcd.c ****           }
 2789              		.loc 1 2444 19 is_stmt 0 view .LVU965
 2790 0544 3246     		mov	r2, r6
 2791 0546 2846     		mov	r0, r5
 2792 0548 FFF7FEFF 		bl	HAL_PCD_EP_DB_Transmit
 2793              	.LVL292:
2444:Drivers/STM32F1xx_HAL_Driver/Src/stm32f1xx_hal_pcd.c ****           }
 2794              		.loc 1 2444 19 view .LVU966
 2795 054c 5BE5     		b	.L96
 2796              	.LVL293:
 2797              	.L125:
2452:Drivers/STM32F1xx_HAL_Driver/Src/stm32f1xx_hal_pcd.c **** }
 2798              		.loc 1 2452 3 is_stmt 1 view .LVU967
2453:Drivers/STM32F1xx_HAL_Driver/Src/stm32f1xx_hal_pcd.c **** 
 2799              		.loc 1 2453 1 is_stmt 0 view .LVU968
 2800 054e 0020     		movs	r0, #0
 2801 0550 BDE8F081 		pop	{r4, r5, r6, r7, r8, pc}
2453:Drivers/STM32F1xx_HAL_Driver/Src/stm32f1xx_hal_pcd.c **** 
 2802              		.loc 1 2453 1 view .LVU969
 2803              		.cfi_endproc
 2804              	.LFE99:
 2806              		.section	.text.HAL_PCD_SOFCallback,"ax",%progbits
 2807              		.align	1
 2808              		.weak	HAL_PCD_SOFCallback
 2809              		.syntax unified
 2810              		.thumb
 2811              		.thumb_func
 2813              	HAL_PCD_SOFCallback:
 2814              	.LVL294:
 2815              	.LFB76:
1517:Drivers/STM32F1xx_HAL_Driver/Src/stm32f1xx_hal_pcd.c ****   /* Prevent unused argument(s) compilation warning */
 2816              		.loc 1 1517 1 is_stmt 1 view -0
 2817              		.cfi_startproc
 2818              		@ args = 0, pretend = 0, frame = 0
 2819              		@ frame_needed = 0, uses_anonymous_args = 0
 2820              		@ link register save eliminated.
1519:Drivers/STM32F1xx_HAL_Driver/Src/stm32f1xx_hal_pcd.c **** 
 2821              		.loc 1 1519 3 view .LVU971
1524:Drivers/STM32F1xx_HAL_Driver/Src/stm32f1xx_hal_pcd.c **** 
 2822              		.loc 1 1524 1 is_stmt 0 view .LVU972
 2823 0000 7047     		bx	lr
 2824              		.cfi_endproc
 2825              	.LFE76:
 2827              		.section	.text.HAL_PCD_ResetCallback,"ax",%progbits
 2828              		.align	1
 2829              		.weak	HAL_PCD_ResetCallback
 2830              		.syntax unified
 2831              		.thumb
 2832              		.thumb_func
ARM GAS  C:\Users\jc\AppData\Local\Temp\ccPtFhbx.s 			page 112


 2834              	HAL_PCD_ResetCallback:
 2835              	.LVL295:
 2836              	.LFB77:
1532:Drivers/STM32F1xx_HAL_Driver/Src/stm32f1xx_hal_pcd.c ****   /* Prevent unused argument(s) compilation warning */
 2837              		.loc 1 1532 1 is_stmt 1 view -0
 2838              		.cfi_startproc
 2839              		@ args = 0, pretend = 0, frame = 0
 2840              		@ frame_needed = 0, uses_anonymous_args = 0
 2841              		@ link register save eliminated.
1534:Drivers/STM32F1xx_HAL_Driver/Src/stm32f1xx_hal_pcd.c **** 
 2842              		.loc 1 1534 3 view .LVU974
1539:Drivers/STM32F1xx_HAL_Driver/Src/stm32f1xx_hal_pcd.c **** 
 2843              		.loc 1 1539 1 is_stmt 0 view .LVU975
 2844 0000 7047     		bx	lr
 2845              		.cfi_endproc
 2846              	.LFE77:
 2848              		.section	.text.HAL_PCD_SuspendCallback,"ax",%progbits
 2849              		.align	1
 2850              		.weak	HAL_PCD_SuspendCallback
 2851              		.syntax unified
 2852              		.thumb
 2853              		.thumb_func
 2855              	HAL_PCD_SuspendCallback:
 2856              	.LVL296:
 2857              	.LFB78:
1547:Drivers/STM32F1xx_HAL_Driver/Src/stm32f1xx_hal_pcd.c ****   /* Prevent unused argument(s) compilation warning */
 2858              		.loc 1 1547 1 is_stmt 1 view -0
 2859              		.cfi_startproc
 2860              		@ args = 0, pretend = 0, frame = 0
 2861              		@ frame_needed = 0, uses_anonymous_args = 0
 2862              		@ link register save eliminated.
1549:Drivers/STM32F1xx_HAL_Driver/Src/stm32f1xx_hal_pcd.c **** 
 2863              		.loc 1 1549 3 view .LVU977
1554:Drivers/STM32F1xx_HAL_Driver/Src/stm32f1xx_hal_pcd.c **** 
 2864              		.loc 1 1554 1 is_stmt 0 view .LVU978
 2865 0000 7047     		bx	lr
 2866              		.cfi_endproc
 2867              	.LFE78:
 2869              		.section	.text.HAL_PCD_ResumeCallback,"ax",%progbits
 2870              		.align	1
 2871              		.weak	HAL_PCD_ResumeCallback
 2872              		.syntax unified
 2873              		.thumb
 2874              		.thumb_func
 2876              	HAL_PCD_ResumeCallback:
 2877              	.LVL297:
 2878              	.LFB79:
1562:Drivers/STM32F1xx_HAL_Driver/Src/stm32f1xx_hal_pcd.c ****   /* Prevent unused argument(s) compilation warning */
 2879              		.loc 1 1562 1 is_stmt 1 view -0
 2880              		.cfi_startproc
 2881              		@ args = 0, pretend = 0, frame = 0
 2882              		@ frame_needed = 0, uses_anonymous_args = 0
 2883              		@ link register save eliminated.
1564:Drivers/STM32F1xx_HAL_Driver/Src/stm32f1xx_hal_pcd.c **** 
 2884              		.loc 1 1564 3 view .LVU980
1569:Drivers/STM32F1xx_HAL_Driver/Src/stm32f1xx_hal_pcd.c **** 
 2885              		.loc 1 1569 1 is_stmt 0 view .LVU981
ARM GAS  C:\Users\jc\AppData\Local\Temp\ccPtFhbx.s 			page 113


 2886 0000 7047     		bx	lr
 2887              		.cfi_endproc
 2888              	.LFE79:
 2890              		.section	.text.HAL_PCD_ISOOUTIncompleteCallback,"ax",%progbits
 2891              		.align	1
 2892              		.weak	HAL_PCD_ISOOUTIncompleteCallback
 2893              		.syntax unified
 2894              		.thumb
 2895              		.thumb_func
 2897              	HAL_PCD_ISOOUTIncompleteCallback:
 2898              	.LVL298:
 2899              	.LFB80:
1578:Drivers/STM32F1xx_HAL_Driver/Src/stm32f1xx_hal_pcd.c ****   /* Prevent unused argument(s) compilation warning */
 2900              		.loc 1 1578 1 is_stmt 1 view -0
 2901              		.cfi_startproc
 2902              		@ args = 0, pretend = 0, frame = 0
 2903              		@ frame_needed = 0, uses_anonymous_args = 0
 2904              		@ link register save eliminated.
1580:Drivers/STM32F1xx_HAL_Driver/Src/stm32f1xx_hal_pcd.c ****   UNUSED(epnum);
 2905              		.loc 1 1580 3 view .LVU983
1581:Drivers/STM32F1xx_HAL_Driver/Src/stm32f1xx_hal_pcd.c **** 
 2906              		.loc 1 1581 3 view .LVU984
1586:Drivers/STM32F1xx_HAL_Driver/Src/stm32f1xx_hal_pcd.c **** 
 2907              		.loc 1 1586 1 is_stmt 0 view .LVU985
 2908 0000 7047     		bx	lr
 2909              		.cfi_endproc
 2910              	.LFE80:
 2912              		.section	.text.HAL_PCD_ISOINIncompleteCallback,"ax",%progbits
 2913              		.align	1
 2914              		.weak	HAL_PCD_ISOINIncompleteCallback
 2915              		.syntax unified
 2916              		.thumb
 2917              		.thumb_func
 2919              	HAL_PCD_ISOINIncompleteCallback:
 2920              	.LVL299:
 2921              	.LFB81:
1595:Drivers/STM32F1xx_HAL_Driver/Src/stm32f1xx_hal_pcd.c ****   /* Prevent unused argument(s) compilation warning */
 2922              		.loc 1 1595 1 is_stmt 1 view -0
 2923              		.cfi_startproc
 2924              		@ args = 0, pretend = 0, frame = 0
 2925              		@ frame_needed = 0, uses_anonymous_args = 0
 2926              		@ link register save eliminated.
1597:Drivers/STM32F1xx_HAL_Driver/Src/stm32f1xx_hal_pcd.c ****   UNUSED(epnum);
 2927              		.loc 1 1597 3 view .LVU987
1598:Drivers/STM32F1xx_HAL_Driver/Src/stm32f1xx_hal_pcd.c **** 
 2928              		.loc 1 1598 3 view .LVU988
1603:Drivers/STM32F1xx_HAL_Driver/Src/stm32f1xx_hal_pcd.c **** 
 2929              		.loc 1 1603 1 is_stmt 0 view .LVU989
 2930 0000 7047     		bx	lr
 2931              		.cfi_endproc
 2932              	.LFE81:
 2934              		.section	.text.HAL_PCD_ConnectCallback,"ax",%progbits
 2935              		.align	1
 2936              		.weak	HAL_PCD_ConnectCallback
 2937              		.syntax unified
 2938              		.thumb
 2939              		.thumb_func
ARM GAS  C:\Users\jc\AppData\Local\Temp\ccPtFhbx.s 			page 114


 2941              	HAL_PCD_ConnectCallback:
 2942              	.LVL300:
 2943              	.LFB82:
1611:Drivers/STM32F1xx_HAL_Driver/Src/stm32f1xx_hal_pcd.c ****   /* Prevent unused argument(s) compilation warning */
 2944              		.loc 1 1611 1 is_stmt 1 view -0
 2945              		.cfi_startproc
 2946              		@ args = 0, pretend = 0, frame = 0
 2947              		@ frame_needed = 0, uses_anonymous_args = 0
 2948              		@ link register save eliminated.
1613:Drivers/STM32F1xx_HAL_Driver/Src/stm32f1xx_hal_pcd.c **** 
 2949              		.loc 1 1613 3 view .LVU991
1618:Drivers/STM32F1xx_HAL_Driver/Src/stm32f1xx_hal_pcd.c **** 
 2950              		.loc 1 1618 1 is_stmt 0 view .LVU992
 2951 0000 7047     		bx	lr
 2952              		.cfi_endproc
 2953              	.LFE82:
 2955              		.section	.text.HAL_PCD_DisconnectCallback,"ax",%progbits
 2956              		.align	1
 2957              		.weak	HAL_PCD_DisconnectCallback
 2958              		.syntax unified
 2959              		.thumb
 2960              		.thumb_func
 2962              	HAL_PCD_DisconnectCallback:
 2963              	.LVL301:
 2964              	.LFB83:
1626:Drivers/STM32F1xx_HAL_Driver/Src/stm32f1xx_hal_pcd.c ****   /* Prevent unused argument(s) compilation warning */
 2965              		.loc 1 1626 1 is_stmt 1 view -0
 2966              		.cfi_startproc
 2967              		@ args = 0, pretend = 0, frame = 0
 2968              		@ frame_needed = 0, uses_anonymous_args = 0
 2969              		@ link register save eliminated.
1628:Drivers/STM32F1xx_HAL_Driver/Src/stm32f1xx_hal_pcd.c **** 
 2970              		.loc 1 1628 3 view .LVU994
1633:Drivers/STM32F1xx_HAL_Driver/Src/stm32f1xx_hal_pcd.c **** 
 2971              		.loc 1 1633 1 is_stmt 0 view .LVU995
 2972 0000 7047     		bx	lr
 2973              		.cfi_endproc
 2974              	.LFE83:
 2976              		.section	.text.HAL_PCD_DevConnect,"ax",%progbits
 2977              		.align	1
 2978              		.global	HAL_PCD_DevConnect
 2979              		.syntax unified
 2980              		.thumb
 2981              		.thumb_func
 2983              	HAL_PCD_DevConnect:
 2984              	.LVL302:
 2985              	.LFB84:
1660:Drivers/STM32F1xx_HAL_Driver/Src/stm32f1xx_hal_pcd.c ****   __HAL_LOCK(hpcd);
 2986              		.loc 1 1660 1 is_stmt 1 view -0
 2987              		.cfi_startproc
 2988              		@ args = 0, pretend = 0, frame = 0
 2989              		@ frame_needed = 0, uses_anonymous_args = 0
1661:Drivers/STM32F1xx_HAL_Driver/Src/stm32f1xx_hal_pcd.c **** 
 2990              		.loc 1 1661 3 view .LVU997
1661:Drivers/STM32F1xx_HAL_Driver/Src/stm32f1xx_hal_pcd.c **** 
 2991              		.loc 1 1661 3 view .LVU998
 2992 0000 90F89032 		ldrb	r3, [r0, #656]	@ zero_extendqisi2
ARM GAS  C:\Users\jc\AppData\Local\Temp\ccPtFhbx.s 			page 115


 2993 0004 012B     		cmp	r3, #1
 2994 0006 0DD0     		beq	.L142
1660:Drivers/STM32F1xx_HAL_Driver/Src/stm32f1xx_hal_pcd.c ****   __HAL_LOCK(hpcd);
 2995              		.loc 1 1660 1 is_stmt 0 view .LVU999
 2996 0008 10B5     		push	{r4, lr}
 2997              		.cfi_def_cfa_offset 8
 2998              		.cfi_offset 4, -8
 2999              		.cfi_offset 14, -4
 3000 000a 0446     		mov	r4, r0
1661:Drivers/STM32F1xx_HAL_Driver/Src/stm32f1xx_hal_pcd.c **** 
 3001              		.loc 1 1661 3 is_stmt 1 discriminator 2 view .LVU1000
 3002 000c 0121     		movs	r1, #1
 3003 000e 80F89012 		strb	r1, [r0, #656]
1661:Drivers/STM32F1xx_HAL_Driver/Src/stm32f1xx_hal_pcd.c **** 
 3004              		.loc 1 1661 3 view .LVU1001
1664:Drivers/STM32F1xx_HAL_Driver/Src/stm32f1xx_hal_pcd.c **** #endif /* defined (USB) */
 3005              		.loc 1 1664 3 view .LVU1002
 3006 0012 FFF7FEFF 		bl	HAL_PCDEx_SetConnectionState
 3007              	.LVL303:
1667:Drivers/STM32F1xx_HAL_Driver/Src/stm32f1xx_hal_pcd.c ****   __HAL_UNLOCK(hpcd);
 3008              		.loc 1 1667 3 view .LVU1003
1667:Drivers/STM32F1xx_HAL_Driver/Src/stm32f1xx_hal_pcd.c ****   __HAL_UNLOCK(hpcd);
 3009              		.loc 1 1667 9 is_stmt 0 view .LVU1004
 3010 0016 2068     		ldr	r0, [r4]
 3011 0018 FFF7FEFF 		bl	USB_DevConnect
 3012              	.LVL304:
1668:Drivers/STM32F1xx_HAL_Driver/Src/stm32f1xx_hal_pcd.c **** 
 3013              		.loc 1 1668 3 is_stmt 1 view .LVU1005
1668:Drivers/STM32F1xx_HAL_Driver/Src/stm32f1xx_hal_pcd.c **** 
 3014              		.loc 1 1668 3 view .LVU1006
 3015 001c 0020     		movs	r0, #0
 3016 001e 84F89002 		strb	r0, [r4, #656]
1668:Drivers/STM32F1xx_HAL_Driver/Src/stm32f1xx_hal_pcd.c **** 
 3017              		.loc 1 1668 3 view .LVU1007
1670:Drivers/STM32F1xx_HAL_Driver/Src/stm32f1xx_hal_pcd.c **** }
 3018              		.loc 1 1670 3 view .LVU1008
1671:Drivers/STM32F1xx_HAL_Driver/Src/stm32f1xx_hal_pcd.c **** 
 3019              		.loc 1 1671 1 is_stmt 0 view .LVU1009
 3020 0022 10BD     		pop	{r4, pc}
 3021              	.LVL305:
 3022              	.L142:
 3023              		.cfi_def_cfa_offset 0
 3024              		.cfi_restore 4
 3025              		.cfi_restore 14
1661:Drivers/STM32F1xx_HAL_Driver/Src/stm32f1xx_hal_pcd.c **** 
 3026              		.loc 1 1661 3 discriminator 1 view .LVU1010
 3027 0024 0220     		movs	r0, #2
 3028              	.LVL306:
1671:Drivers/STM32F1xx_HAL_Driver/Src/stm32f1xx_hal_pcd.c **** 
 3029              		.loc 1 1671 1 view .LVU1011
 3030 0026 7047     		bx	lr
 3031              		.cfi_endproc
 3032              	.LFE84:
 3034              		.section	.text.HAL_PCD_DevDisconnect,"ax",%progbits
 3035              		.align	1
 3036              		.global	HAL_PCD_DevDisconnect
 3037              		.syntax unified
ARM GAS  C:\Users\jc\AppData\Local\Temp\ccPtFhbx.s 			page 116


 3038              		.thumb
 3039              		.thumb_func
 3041              	HAL_PCD_DevDisconnect:
 3042              	.LVL307:
 3043              	.LFB85:
1679:Drivers/STM32F1xx_HAL_Driver/Src/stm32f1xx_hal_pcd.c ****   __HAL_LOCK(hpcd);
 3044              		.loc 1 1679 1 is_stmt 1 view -0
 3045              		.cfi_startproc
 3046              		@ args = 0, pretend = 0, frame = 0
 3047              		@ frame_needed = 0, uses_anonymous_args = 0
1680:Drivers/STM32F1xx_HAL_Driver/Src/stm32f1xx_hal_pcd.c **** 
 3048              		.loc 1 1680 3 view .LVU1013
1680:Drivers/STM32F1xx_HAL_Driver/Src/stm32f1xx_hal_pcd.c **** 
 3049              		.loc 1 1680 3 view .LVU1014
 3050 0000 90F89032 		ldrb	r3, [r0, #656]	@ zero_extendqisi2
 3051 0004 012B     		cmp	r3, #1
 3052 0006 0ED0     		beq	.L149
1679:Drivers/STM32F1xx_HAL_Driver/Src/stm32f1xx_hal_pcd.c ****   __HAL_LOCK(hpcd);
 3053              		.loc 1 1679 1 is_stmt 0 view .LVU1015
 3054 0008 10B5     		push	{r4, lr}
 3055              		.cfi_def_cfa_offset 8
 3056              		.cfi_offset 4, -8
 3057              		.cfi_offset 14, -4
 3058 000a 0446     		mov	r4, r0
1680:Drivers/STM32F1xx_HAL_Driver/Src/stm32f1xx_hal_pcd.c **** 
 3059              		.loc 1 1680 3 is_stmt 1 discriminator 2 view .LVU1016
 3060 000c 0123     		movs	r3, #1
 3061 000e 80F89032 		strb	r3, [r0, #656]
1680:Drivers/STM32F1xx_HAL_Driver/Src/stm32f1xx_hal_pcd.c **** 
 3062              		.loc 1 1680 3 view .LVU1017
1683:Drivers/STM32F1xx_HAL_Driver/Src/stm32f1xx_hal_pcd.c **** #endif /* defined (USB) */
 3063              		.loc 1 1683 3 view .LVU1018
 3064 0012 0021     		movs	r1, #0
 3065 0014 FFF7FEFF 		bl	HAL_PCDEx_SetConnectionState
 3066              	.LVL308:
1686:Drivers/STM32F1xx_HAL_Driver/Src/stm32f1xx_hal_pcd.c ****   __HAL_UNLOCK(hpcd);
 3067              		.loc 1 1686 3 view .LVU1019
1686:Drivers/STM32F1xx_HAL_Driver/Src/stm32f1xx_hal_pcd.c ****   __HAL_UNLOCK(hpcd);
 3068              		.loc 1 1686 9 is_stmt 0 view .LVU1020
 3069 0018 2068     		ldr	r0, [r4]
 3070 001a FFF7FEFF 		bl	USB_DevDisconnect
 3071              	.LVL309:
1687:Drivers/STM32F1xx_HAL_Driver/Src/stm32f1xx_hal_pcd.c **** 
 3072              		.loc 1 1687 3 is_stmt 1 view .LVU1021
1687:Drivers/STM32F1xx_HAL_Driver/Src/stm32f1xx_hal_pcd.c **** 
 3073              		.loc 1 1687 3 view .LVU1022
 3074 001e 0020     		movs	r0, #0
 3075 0020 84F89002 		strb	r0, [r4, #656]
1687:Drivers/STM32F1xx_HAL_Driver/Src/stm32f1xx_hal_pcd.c **** 
 3076              		.loc 1 1687 3 view .LVU1023
1689:Drivers/STM32F1xx_HAL_Driver/Src/stm32f1xx_hal_pcd.c **** }
 3077              		.loc 1 1689 3 view .LVU1024
1690:Drivers/STM32F1xx_HAL_Driver/Src/stm32f1xx_hal_pcd.c **** 
 3078              		.loc 1 1690 1 is_stmt 0 view .LVU1025
 3079 0024 10BD     		pop	{r4, pc}
 3080              	.LVL310:
 3081              	.L149:
ARM GAS  C:\Users\jc\AppData\Local\Temp\ccPtFhbx.s 			page 117


 3082              		.cfi_def_cfa_offset 0
 3083              		.cfi_restore 4
 3084              		.cfi_restore 14
1680:Drivers/STM32F1xx_HAL_Driver/Src/stm32f1xx_hal_pcd.c **** 
 3085              		.loc 1 1680 3 discriminator 1 view .LVU1026
 3086 0026 0220     		movs	r0, #2
 3087              	.LVL311:
1690:Drivers/STM32F1xx_HAL_Driver/Src/stm32f1xx_hal_pcd.c **** 
 3088              		.loc 1 1690 1 view .LVU1027
 3089 0028 7047     		bx	lr
 3090              		.cfi_endproc
 3091              	.LFE85:
 3093              		.section	.text.HAL_PCD_SetAddress,"ax",%progbits
 3094              		.align	1
 3095              		.global	HAL_PCD_SetAddress
 3096              		.syntax unified
 3097              		.thumb
 3098              		.thumb_func
 3100              	HAL_PCD_SetAddress:
 3101              	.LVL312:
 3102              	.LFB86:
1699:Drivers/STM32F1xx_HAL_Driver/Src/stm32f1xx_hal_pcd.c ****   __HAL_LOCK(hpcd);
 3103              		.loc 1 1699 1 is_stmt 1 view -0
 3104              		.cfi_startproc
 3105              		@ args = 0, pretend = 0, frame = 0
 3106              		@ frame_needed = 0, uses_anonymous_args = 0
1700:Drivers/STM32F1xx_HAL_Driver/Src/stm32f1xx_hal_pcd.c ****   hpcd->USB_Address = address;
 3107              		.loc 1 1700 3 view .LVU1029
1700:Drivers/STM32F1xx_HAL_Driver/Src/stm32f1xx_hal_pcd.c ****   hpcd->USB_Address = address;
 3108              		.loc 1 1700 3 view .LVU1030
 3109 0000 90F89032 		ldrb	r3, [r0, #656]	@ zero_extendqisi2
 3110 0004 012B     		cmp	r3, #1
 3111 0006 0CD0     		beq	.L156
1699:Drivers/STM32F1xx_HAL_Driver/Src/stm32f1xx_hal_pcd.c ****   __HAL_LOCK(hpcd);
 3112              		.loc 1 1699 1 is_stmt 0 view .LVU1031
 3113 0008 10B5     		push	{r4, lr}
 3114              		.cfi_def_cfa_offset 8
 3115              		.cfi_offset 4, -8
 3116              		.cfi_offset 14, -4
 3117 000a 0446     		mov	r4, r0
1700:Drivers/STM32F1xx_HAL_Driver/Src/stm32f1xx_hal_pcd.c ****   hpcd->USB_Address = address;
 3118              		.loc 1 1700 3 is_stmt 1 discriminator 2 view .LVU1032
 3119 000c 0123     		movs	r3, #1
 3120 000e 80F89032 		strb	r3, [r0, #656]
1700:Drivers/STM32F1xx_HAL_Driver/Src/stm32f1xx_hal_pcd.c ****   hpcd->USB_Address = address;
 3121              		.loc 1 1700 3 view .LVU1033
1701:Drivers/STM32F1xx_HAL_Driver/Src/stm32f1xx_hal_pcd.c ****   (void)USB_SetDevAddress(hpcd->Instance, address);
 3122              		.loc 1 1701 3 view .LVU1034
1701:Drivers/STM32F1xx_HAL_Driver/Src/stm32f1xx_hal_pcd.c ****   (void)USB_SetDevAddress(hpcd->Instance, address);
 3123              		.loc 1 1701 21 is_stmt 0 view .LVU1035
 3124 0012 4173     		strb	r1, [r0, #13]
1702:Drivers/STM32F1xx_HAL_Driver/Src/stm32f1xx_hal_pcd.c ****   __HAL_UNLOCK(hpcd);
 3125              		.loc 1 1702 3 is_stmt 1 view .LVU1036
1702:Drivers/STM32F1xx_HAL_Driver/Src/stm32f1xx_hal_pcd.c ****   __HAL_UNLOCK(hpcd);
 3126              		.loc 1 1702 9 is_stmt 0 view .LVU1037
 3127 0014 0068     		ldr	r0, [r0]
 3128              	.LVL313:
ARM GAS  C:\Users\jc\AppData\Local\Temp\ccPtFhbx.s 			page 118


1702:Drivers/STM32F1xx_HAL_Driver/Src/stm32f1xx_hal_pcd.c ****   __HAL_UNLOCK(hpcd);
 3129              		.loc 1 1702 9 view .LVU1038
 3130 0016 FFF7FEFF 		bl	USB_SetDevAddress
 3131              	.LVL314:
1703:Drivers/STM32F1xx_HAL_Driver/Src/stm32f1xx_hal_pcd.c **** 
 3132              		.loc 1 1703 3 is_stmt 1 view .LVU1039
1703:Drivers/STM32F1xx_HAL_Driver/Src/stm32f1xx_hal_pcd.c **** 
 3133              		.loc 1 1703 3 view .LVU1040
 3134 001a 0020     		movs	r0, #0
 3135 001c 84F89002 		strb	r0, [r4, #656]
1703:Drivers/STM32F1xx_HAL_Driver/Src/stm32f1xx_hal_pcd.c **** 
 3136              		.loc 1 1703 3 view .LVU1041
1705:Drivers/STM32F1xx_HAL_Driver/Src/stm32f1xx_hal_pcd.c **** }
 3137              		.loc 1 1705 3 view .LVU1042
1706:Drivers/STM32F1xx_HAL_Driver/Src/stm32f1xx_hal_pcd.c **** /**
 3138              		.loc 1 1706 1 is_stmt 0 view .LVU1043
 3139 0020 10BD     		pop	{r4, pc}
 3140              	.LVL315:
 3141              	.L156:
 3142              		.cfi_def_cfa_offset 0
 3143              		.cfi_restore 4
 3144              		.cfi_restore 14
1700:Drivers/STM32F1xx_HAL_Driver/Src/stm32f1xx_hal_pcd.c ****   hpcd->USB_Address = address;
 3145              		.loc 1 1700 3 discriminator 1 view .LVU1044
 3146 0022 0220     		movs	r0, #2
 3147              	.LVL316:
1706:Drivers/STM32F1xx_HAL_Driver/Src/stm32f1xx_hal_pcd.c **** /**
 3148              		.loc 1 1706 1 view .LVU1045
 3149 0024 7047     		bx	lr
 3150              		.cfi_endproc
 3151              	.LFE86:
 3153              		.section	.text.HAL_PCD_IRQHandler,"ax",%progbits
 3154              		.align	1
 3155              		.global	HAL_PCD_IRQHandler
 3156              		.syntax unified
 3157              		.thumb
 3158              		.thumb_func
 3160              	HAL_PCD_IRQHandler:
 3161              	.LVL317:
 3162              	.LFB71:
1322:Drivers/STM32F1xx_HAL_Driver/Src/stm32f1xx_hal_pcd.c ****   uint32_t wIstr = USB_ReadInterrupts(hpcd->Instance);
 3163              		.loc 1 1322 1 is_stmt 1 view -0
 3164              		.cfi_startproc
 3165              		@ args = 0, pretend = 0, frame = 16
 3166              		@ frame_needed = 0, uses_anonymous_args = 0
1322:Drivers/STM32F1xx_HAL_Driver/Src/stm32f1xx_hal_pcd.c ****   uint32_t wIstr = USB_ReadInterrupts(hpcd->Instance);
 3167              		.loc 1 1322 1 is_stmt 0 view .LVU1047
 3168 0000 10B5     		push	{r4, lr}
 3169              		.cfi_def_cfa_offset 8
 3170              		.cfi_offset 4, -8
 3171              		.cfi_offset 14, -4
 3172 0002 84B0     		sub	sp, sp, #16
 3173              		.cfi_def_cfa_offset 24
 3174 0004 0446     		mov	r4, r0
1323:Drivers/STM32F1xx_HAL_Driver/Src/stm32f1xx_hal_pcd.c ****   uint16_t store_ep[8];
 3175              		.loc 1 1323 3 is_stmt 1 view .LVU1048
1323:Drivers/STM32F1xx_HAL_Driver/Src/stm32f1xx_hal_pcd.c ****   uint16_t store_ep[8];
ARM GAS  C:\Users\jc\AppData\Local\Temp\ccPtFhbx.s 			page 119


 3176              		.loc 1 1323 20 is_stmt 0 view .LVU1049
 3177 0006 0068     		ldr	r0, [r0]
 3178              	.LVL318:
1323:Drivers/STM32F1xx_HAL_Driver/Src/stm32f1xx_hal_pcd.c ****   uint16_t store_ep[8];
 3179              		.loc 1 1323 20 view .LVU1050
 3180 0008 FFF7FEFF 		bl	USB_ReadInterrupts
 3181              	.LVL319:
1324:Drivers/STM32F1xx_HAL_Driver/Src/stm32f1xx_hal_pcd.c ****   uint8_t i;
 3182              		.loc 1 1324 3 is_stmt 1 view .LVU1051
1325:Drivers/STM32F1xx_HAL_Driver/Src/stm32f1xx_hal_pcd.c **** 
 3183              		.loc 1 1325 3 view .LVU1052
1327:Drivers/STM32F1xx_HAL_Driver/Src/stm32f1xx_hal_pcd.c ****   {
 3184              		.loc 1 1327 3 view .LVU1053
1327:Drivers/STM32F1xx_HAL_Driver/Src/stm32f1xx_hal_pcd.c ****   {
 3185              		.loc 1 1327 6 is_stmt 0 view .LVU1054
 3186 000c 10F4004F 		tst	r0, #32768
 3187 0010 20D1     		bne	.L180
1336:Drivers/STM32F1xx_HAL_Driver/Src/stm32f1xx_hal_pcd.c ****   {
 3188              		.loc 1 1336 3 is_stmt 1 view .LVU1055
1336:Drivers/STM32F1xx_HAL_Driver/Src/stm32f1xx_hal_pcd.c ****   {
 3189              		.loc 1 1336 6 is_stmt 0 view .LVU1056
 3190 0012 10F4806F 		tst	r0, #1024
 3191 0016 21D1     		bne	.L181
1351:Drivers/STM32F1xx_HAL_Driver/Src/stm32f1xx_hal_pcd.c ****   {
 3192              		.loc 1 1351 3 is_stmt 1 view .LVU1057
1351:Drivers/STM32F1xx_HAL_Driver/Src/stm32f1xx_hal_pcd.c ****   {
 3193              		.loc 1 1351 6 is_stmt 0 view .LVU1058
 3194 0018 10F4804F 		tst	r0, #16384
 3195 001c 2FD1     		bne	.L182
1358:Drivers/STM32F1xx_HAL_Driver/Src/stm32f1xx_hal_pcd.c ****   {
 3196              		.loc 1 1358 3 is_stmt 1 view .LVU1059
1358:Drivers/STM32F1xx_HAL_Driver/Src/stm32f1xx_hal_pcd.c ****   {
 3197              		.loc 1 1358 6 is_stmt 0 view .LVU1060
 3198 001e 10F4005F 		tst	r0, #8192
 3199 0022 37D1     		bne	.L183
1365:Drivers/STM32F1xx_HAL_Driver/Src/stm32f1xx_hal_pcd.c ****   {
 3200              		.loc 1 1365 3 is_stmt 1 view .LVU1061
1365:Drivers/STM32F1xx_HAL_Driver/Src/stm32f1xx_hal_pcd.c ****   {
 3201              		.loc 1 1365 6 is_stmt 0 view .LVU1062
 3202 0024 10F4805F 		tst	r0, #4096
 3203 0028 3ED1     		bne	.L184
1381:Drivers/STM32F1xx_HAL_Driver/Src/stm32f1xx_hal_pcd.c ****   {
 3204              		.loc 1 1381 3 is_stmt 1 view .LVU1063
1381:Drivers/STM32F1xx_HAL_Driver/Src/stm32f1xx_hal_pcd.c ****   {
 3205              		.loc 1 1381 6 is_stmt 0 view .LVU1064
 3206 002a 10F4006F 		tst	r0, #2048
 3207 002e 40F08780 		bne	.L185
1428:Drivers/STM32F1xx_HAL_Driver/Src/stm32f1xx_hal_pcd.c ****   {
 3208              		.loc 1 1428 3 is_stmt 1 view .LVU1065
1428:Drivers/STM32F1xx_HAL_Driver/Src/stm32f1xx_hal_pcd.c ****   {
 3209              		.loc 1 1428 6 is_stmt 0 view .LVU1066
 3210 0032 10F4007F 		tst	r0, #512
 3211 0036 40F0AE80 		bne	.L186
1441:Drivers/STM32F1xx_HAL_Driver/Src/stm32f1xx_hal_pcd.c ****   {
 3212              		.loc 1 1441 3 is_stmt 1 view .LVU1067
1441:Drivers/STM32F1xx_HAL_Driver/Src/stm32f1xx_hal_pcd.c ****   {
 3213              		.loc 1 1441 6 is_stmt 0 view .LVU1068
ARM GAS  C:\Users\jc\AppData\Local\Temp\ccPtFhbx.s 			page 120


 3214 003a 10F4807F 		tst	r0, #256
 3215 003e 27D0     		beq	.L161
1444:Drivers/STM32F1xx_HAL_Driver/Src/stm32f1xx_hal_pcd.c **** 
 3216              		.loc 1 1444 5 is_stmt 1 view .LVU1069
 3217 0040 2268     		ldr	r2, [r4]
 3218 0042 B2F84430 		ldrh	r3, [r2, #68]
 3219 0046 9BB2     		uxth	r3, r3
 3220 0048 23F48073 		bic	r3, r3, #256
 3221 004c 9BB2     		uxth	r3, r3
 3222 004e A2F84430 		strh	r3, [r2, #68]	@ movhi
1446:Drivers/STM32F1xx_HAL_Driver/Src/stm32f1xx_hal_pcd.c ****   }
 3223              		.loc 1 1446 5 view .LVU1070
 3224 0052 1DE0     		b	.L161
 3225              	.L180:
1331:Drivers/STM32F1xx_HAL_Driver/Src/stm32f1xx_hal_pcd.c **** 
 3226              		.loc 1 1331 5 view .LVU1071
1331:Drivers/STM32F1xx_HAL_Driver/Src/stm32f1xx_hal_pcd.c **** 
 3227              		.loc 1 1331 11 is_stmt 0 view .LVU1072
 3228 0054 2046     		mov	r0, r4
 3229              	.LVL320:
1331:Drivers/STM32F1xx_HAL_Driver/Src/stm32f1xx_hal_pcd.c **** 
 3230              		.loc 1 1331 11 view .LVU1073
 3231 0056 FFF7FEFF 		bl	PCD_EP_ISR_Handler
 3232              	.LVL321:
1333:Drivers/STM32F1xx_HAL_Driver/Src/stm32f1xx_hal_pcd.c ****   }
 3233              		.loc 1 1333 5 is_stmt 1 view .LVU1074
 3234 005a 19E0     		b	.L161
 3235              	.LVL322:
 3236              	.L181:
1338:Drivers/STM32F1xx_HAL_Driver/Src/stm32f1xx_hal_pcd.c **** 
 3237              		.loc 1 1338 5 view .LVU1075
 3238 005c 2268     		ldr	r2, [r4]
 3239 005e B2F84430 		ldrh	r3, [r2, #68]
 3240 0062 9BB2     		uxth	r3, r3
 3241 0064 23F48063 		bic	r3, r3, #1024
 3242 0068 9BB2     		uxth	r3, r3
 3243 006a A2F84430 		strh	r3, [r2, #68]	@ movhi
1343:Drivers/STM32F1xx_HAL_Driver/Src/stm32f1xx_hal_pcd.c **** #endif /* USE_HAL_PCD_REGISTER_CALLBACKS */
 3244              		.loc 1 1343 5 view .LVU1076
 3245 006e 2046     		mov	r0, r4
 3246              	.LVL323:
1343:Drivers/STM32F1xx_HAL_Driver/Src/stm32f1xx_hal_pcd.c **** #endif /* USE_HAL_PCD_REGISTER_CALLBACKS */
 3247              		.loc 1 1343 5 is_stmt 0 view .LVU1077
 3248 0070 FFF7FEFF 		bl	HAL_PCD_ResetCallback
 3249              	.LVL324:
1346:Drivers/STM32F1xx_HAL_Driver/Src/stm32f1xx_hal_pcd.c **** 
 3250              		.loc 1 1346 5 is_stmt 1 view .LVU1078
1346:Drivers/STM32F1xx_HAL_Driver/Src/stm32f1xx_hal_pcd.c **** 
 3251              		.loc 1 1346 11 is_stmt 0 view .LVU1079
 3252 0074 0021     		movs	r1, #0
 3253 0076 2046     		mov	r0, r4
 3254 0078 FFF7FEFF 		bl	HAL_PCD_SetAddress
 3255              	.LVL325:
1348:Drivers/STM32F1xx_HAL_Driver/Src/stm32f1xx_hal_pcd.c ****   }
 3256              		.loc 1 1348 5 is_stmt 1 view .LVU1080
 3257 007c 08E0     		b	.L161
 3258              	.LVL326:
ARM GAS  C:\Users\jc\AppData\Local\Temp\ccPtFhbx.s 			page 121


 3259              	.L182:
1353:Drivers/STM32F1xx_HAL_Driver/Src/stm32f1xx_hal_pcd.c **** 
 3260              		.loc 1 1353 5 view .LVU1081
 3261 007e 2268     		ldr	r2, [r4]
 3262 0080 B2F84430 		ldrh	r3, [r2, #68]
 3263 0084 9BB2     		uxth	r3, r3
 3264 0086 23F48043 		bic	r3, r3, #16384
 3265 008a 9BB2     		uxth	r3, r3
 3266 008c A2F84430 		strh	r3, [r2, #68]	@ movhi
1355:Drivers/STM32F1xx_HAL_Driver/Src/stm32f1xx_hal_pcd.c ****   }
 3267              		.loc 1 1355 5 view .LVU1082
 3268              	.LVL327:
 3269              	.L161:
1448:Drivers/STM32F1xx_HAL_Driver/Src/stm32f1xx_hal_pcd.c **** 
 3270              		.loc 1 1448 1 is_stmt 0 view .LVU1083
 3271 0090 04B0     		add	sp, sp, #16
 3272              		.cfi_remember_state
 3273              		.cfi_def_cfa_offset 8
 3274              		@ sp needed
 3275 0092 10BD     		pop	{r4, pc}
 3276              	.LVL328:
 3277              	.L183:
 3278              		.cfi_restore_state
1360:Drivers/STM32F1xx_HAL_Driver/Src/stm32f1xx_hal_pcd.c **** 
 3279              		.loc 1 1360 5 is_stmt 1 view .LVU1084
 3280 0094 2268     		ldr	r2, [r4]
 3281 0096 B2F84430 		ldrh	r3, [r2, #68]
 3282 009a 9BB2     		uxth	r3, r3
 3283 009c 23F40053 		bic	r3, r3, #8192
 3284 00a0 9BB2     		uxth	r3, r3
 3285 00a2 A2F84430 		strh	r3, [r2, #68]	@ movhi
1362:Drivers/STM32F1xx_HAL_Driver/Src/stm32f1xx_hal_pcd.c ****   }
 3286              		.loc 1 1362 5 view .LVU1085
 3287 00a6 F3E7     		b	.L161
 3288              	.L184:
1367:Drivers/STM32F1xx_HAL_Driver/Src/stm32f1xx_hal_pcd.c ****     hpcd->Instance->CNTR &= (uint16_t) ~(USB_CNTR_FSUSP);
 3289              		.loc 1 1367 5 view .LVU1086
1367:Drivers/STM32F1xx_HAL_Driver/Src/stm32f1xx_hal_pcd.c ****     hpcd->Instance->CNTR &= (uint16_t) ~(USB_CNTR_FSUSP);
 3290              		.loc 1 1367 9 is_stmt 0 view .LVU1087
 3291 00a8 2268     		ldr	r2, [r4]
1367:Drivers/STM32F1xx_HAL_Driver/Src/stm32f1xx_hal_pcd.c ****     hpcd->Instance->CNTR &= (uint16_t) ~(USB_CNTR_FSUSP);
 3292              		.loc 1 1367 19 view .LVU1088
 3293 00aa B2F84030 		ldrh	r3, [r2, #64]
 3294 00ae 9BB2     		uxth	r3, r3
1367:Drivers/STM32F1xx_HAL_Driver/Src/stm32f1xx_hal_pcd.c ****     hpcd->Instance->CNTR &= (uint16_t) ~(USB_CNTR_FSUSP);
 3295              		.loc 1 1367 26 view .LVU1089
 3296 00b0 23F00403 		bic	r3, r3, #4
 3297 00b4 9BB2     		uxth	r3, r3
 3298 00b6 A2F84030 		strh	r3, [r2, #64]	@ movhi
1368:Drivers/STM32F1xx_HAL_Driver/Src/stm32f1xx_hal_pcd.c **** 
 3299              		.loc 1 1368 5 is_stmt 1 view .LVU1090
1368:Drivers/STM32F1xx_HAL_Driver/Src/stm32f1xx_hal_pcd.c **** 
 3300              		.loc 1 1368 9 is_stmt 0 view .LVU1091
 3301 00ba 2268     		ldr	r2, [r4]
1368:Drivers/STM32F1xx_HAL_Driver/Src/stm32f1xx_hal_pcd.c **** 
 3302              		.loc 1 1368 19 view .LVU1092
 3303 00bc B2F84030 		ldrh	r3, [r2, #64]
ARM GAS  C:\Users\jc\AppData\Local\Temp\ccPtFhbx.s 			page 122


 3304 00c0 9BB2     		uxth	r3, r3
1368:Drivers/STM32F1xx_HAL_Driver/Src/stm32f1xx_hal_pcd.c **** 
 3305              		.loc 1 1368 26 view .LVU1093
 3306 00c2 23F00803 		bic	r3, r3, #8
 3307 00c6 9BB2     		uxth	r3, r3
 3308 00c8 A2F84030 		strh	r3, [r2, #64]	@ movhi
1373:Drivers/STM32F1xx_HAL_Driver/Src/stm32f1xx_hal_pcd.c **** #endif /* USE_HAL_PCD_REGISTER_CALLBACKS */
 3309              		.loc 1 1373 5 is_stmt 1 view .LVU1094
 3310 00cc 2046     		mov	r0, r4
 3311              	.LVL329:
1373:Drivers/STM32F1xx_HAL_Driver/Src/stm32f1xx_hal_pcd.c **** #endif /* USE_HAL_PCD_REGISTER_CALLBACKS */
 3312              		.loc 1 1373 5 is_stmt 0 view .LVU1095
 3313 00ce FFF7FEFF 		bl	HAL_PCD_ResumeCallback
 3314              	.LVL330:
1376:Drivers/STM32F1xx_HAL_Driver/Src/stm32f1xx_hal_pcd.c **** 
 3315              		.loc 1 1376 5 is_stmt 1 view .LVU1096
 3316 00d2 2268     		ldr	r2, [r4]
 3317 00d4 B2F84430 		ldrh	r3, [r2, #68]
 3318 00d8 9BB2     		uxth	r3, r3
 3319 00da 23F48053 		bic	r3, r3, #4096
 3320 00de 9BB2     		uxth	r3, r3
 3321 00e0 A2F84430 		strh	r3, [r2, #68]	@ movhi
1378:Drivers/STM32F1xx_HAL_Driver/Src/stm32f1xx_hal_pcd.c ****   }
 3322              		.loc 1 1378 5 view .LVU1097
 3323 00e4 D4E7     		b	.L161
 3324              	.LVL331:
 3325              	.L170:
1388:Drivers/STM32F1xx_HAL_Driver/Src/stm32f1xx_hal_pcd.c ****     }
 3326              		.loc 1 1388 7 view .LVU1098
1388:Drivers/STM32F1xx_HAL_Driver/Src/stm32f1xx_hal_pcd.c ****     }
 3327              		.loc 1 1388 21 is_stmt 0 view .LVU1099
 3328 00e6 2268     		ldr	r2, [r4]
 3329 00e8 32F82310 		ldrh	r1, [r2, r3, lsl #2]
1388:Drivers/STM32F1xx_HAL_Driver/Src/stm32f1xx_hal_pcd.c ****     }
 3330              		.loc 1 1388 19 view .LVU1100
 3331 00ec 04AA     		add	r2, sp, #16
 3332 00ee 02EB4302 		add	r2, r2, r3, lsl #1
 3333 00f2 22F8101C 		strh	r1, [r2, #-16]	@ movhi
1386:Drivers/STM32F1xx_HAL_Driver/Src/stm32f1xx_hal_pcd.c ****     {
 3334              		.loc 1 1386 27 is_stmt 1 discriminator 3 view .LVU1101
 3335 00f6 0133     		adds	r3, r3, #1
 3336              	.LVL332:
1386:Drivers/STM32F1xx_HAL_Driver/Src/stm32f1xx_hal_pcd.c ****     {
 3337              		.loc 1 1386 27 is_stmt 0 discriminator 3 view .LVU1102
 3338 00f8 DBB2     		uxtb	r3, r3
 3339              	.LVL333:
 3340              	.L168:
1386:Drivers/STM32F1xx_HAL_Driver/Src/stm32f1xx_hal_pcd.c ****     {
 3341              		.loc 1 1386 20 is_stmt 1 discriminator 1 view .LVU1103
 3342 00fa 072B     		cmp	r3, #7
 3343 00fc F3D9     		bls	.L170
1392:Drivers/STM32F1xx_HAL_Driver/Src/stm32f1xx_hal_pcd.c **** 
 3344              		.loc 1 1392 5 view .LVU1104
1392:Drivers/STM32F1xx_HAL_Driver/Src/stm32f1xx_hal_pcd.c **** 
 3345              		.loc 1 1392 9 is_stmt 0 view .LVU1105
 3346 00fe 2268     		ldr	r2, [r4]
1392:Drivers/STM32F1xx_HAL_Driver/Src/stm32f1xx_hal_pcd.c **** 
ARM GAS  C:\Users\jc\AppData\Local\Temp\ccPtFhbx.s 			page 123


 3347              		.loc 1 1392 19 view .LVU1106
 3348 0100 B2F84030 		ldrh	r3, [r2, #64]
 3349              	.LVL334:
1392:Drivers/STM32F1xx_HAL_Driver/Src/stm32f1xx_hal_pcd.c **** 
 3350              		.loc 1 1392 19 view .LVU1107
 3351 0104 9BB2     		uxth	r3, r3
1392:Drivers/STM32F1xx_HAL_Driver/Src/stm32f1xx_hal_pcd.c **** 
 3352              		.loc 1 1392 26 view .LVU1108
 3353 0106 43F00103 		orr	r3, r3, #1
 3354 010a A2F84030 		strh	r3, [r2, #64]	@ movhi
1395:Drivers/STM32F1xx_HAL_Driver/Src/stm32f1xx_hal_pcd.c **** 
 3355              		.loc 1 1395 5 is_stmt 1 view .LVU1109
1395:Drivers/STM32F1xx_HAL_Driver/Src/stm32f1xx_hal_pcd.c **** 
 3356              		.loc 1 1395 9 is_stmt 0 view .LVU1110
 3357 010e 2268     		ldr	r2, [r4]
1395:Drivers/STM32F1xx_HAL_Driver/Src/stm32f1xx_hal_pcd.c **** 
 3358              		.loc 1 1395 19 view .LVU1111
 3359 0110 B2F84030 		ldrh	r3, [r2, #64]
 3360 0114 9BB2     		uxth	r3, r3
1395:Drivers/STM32F1xx_HAL_Driver/Src/stm32f1xx_hal_pcd.c **** 
 3361              		.loc 1 1395 26 view .LVU1112
 3362 0116 23F00103 		bic	r3, r3, #1
 3363 011a 9BB2     		uxth	r3, r3
 3364 011c A2F84030 		strh	r3, [r2, #64]	@ movhi
1398:Drivers/STM32F1xx_HAL_Driver/Src/stm32f1xx_hal_pcd.c ****     {
 3365              		.loc 1 1398 5 is_stmt 1 view .LVU1113
 3366              	.L171:
1400:Drivers/STM32F1xx_HAL_Driver/Src/stm32f1xx_hal_pcd.c **** 
 3367              		.loc 1 1400 5 view .LVU1114
1398:Drivers/STM32F1xx_HAL_Driver/Src/stm32f1xx_hal_pcd.c ****     {
 3368              		.loc 1 1398 52 discriminator 1 view .LVU1115
1398:Drivers/STM32F1xx_HAL_Driver/Src/stm32f1xx_hal_pcd.c ****     {
 3369              		.loc 1 1398 17 is_stmt 0 discriminator 1 view .LVU1116
 3370 0120 2368     		ldr	r3, [r4]
1398:Drivers/STM32F1xx_HAL_Driver/Src/stm32f1xx_hal_pcd.c ****     {
 3371              		.loc 1 1398 27 discriminator 1 view .LVU1117
 3372 0122 B3F84420 		ldrh	r2, [r3, #68]
1398:Drivers/STM32F1xx_HAL_Driver/Src/stm32f1xx_hal_pcd.c ****     {
 3373              		.loc 1 1398 52 discriminator 1 view .LVU1118
 3374 0126 12F4806F 		tst	r2, #1024
 3375 012a F9D0     		beq	.L171
1403:Drivers/STM32F1xx_HAL_Driver/Src/stm32f1xx_hal_pcd.c **** 
 3376              		.loc 1 1403 5 is_stmt 1 view .LVU1119
 3377 012c B3F84420 		ldrh	r2, [r3, #68]
 3378 0130 92B2     		uxth	r2, r2
 3379 0132 22F48062 		bic	r2, r2, #1024
 3380 0136 92B2     		uxth	r2, r2
 3381 0138 A3F84420 		strh	r2, [r3, #68]	@ movhi
1406:Drivers/STM32F1xx_HAL_Driver/Src/stm32f1xx_hal_pcd.c ****     {
 3382              		.loc 1 1406 5 view .LVU1120
 3383              	.LVL335:
1406:Drivers/STM32F1xx_HAL_Driver/Src/stm32f1xx_hal_pcd.c ****     {
 3384              		.loc 1 1406 12 is_stmt 0 view .LVU1121
 3385 013c 0023     		movs	r3, #0
1406:Drivers/STM32F1xx_HAL_Driver/Src/stm32f1xx_hal_pcd.c ****     {
 3386              		.loc 1 1406 5 view .LVU1122
 3387 013e 0BE0     		b	.L172
ARM GAS  C:\Users\jc\AppData\Local\Temp\ccPtFhbx.s 			page 124


 3388              	.LVL336:
 3389              	.L185:
1386:Drivers/STM32F1xx_HAL_Driver/Src/stm32f1xx_hal_pcd.c ****     {
 3390              		.loc 1 1386 12 view .LVU1123
 3391 0140 0023     		movs	r3, #0
 3392 0142 DAE7     		b	.L168
 3393              	.LVL337:
 3394              	.L173:
1408:Drivers/STM32F1xx_HAL_Driver/Src/stm32f1xx_hal_pcd.c ****     }
 3395              		.loc 1 1408 7 is_stmt 1 view .LVU1124
 3396 0144 2268     		ldr	r2, [r4]
 3397 0146 04A9     		add	r1, sp, #16
 3398 0148 01EB4301 		add	r1, r1, r3, lsl #1
 3399 014c 31F8101C 		ldrh	r1, [r1, #-16]
 3400 0150 22F82310 		strh	r1, [r2, r3, lsl #2]	@ movhi
1406:Drivers/STM32F1xx_HAL_Driver/Src/stm32f1xx_hal_pcd.c ****     {
 3401              		.loc 1 1406 27 discriminator 3 view .LVU1125
 3402 0154 0133     		adds	r3, r3, #1
 3403              	.LVL338:
1406:Drivers/STM32F1xx_HAL_Driver/Src/stm32f1xx_hal_pcd.c ****     {
 3404              		.loc 1 1406 27 is_stmt 0 discriminator 3 view .LVU1126
 3405 0156 DBB2     		uxtb	r3, r3
 3406              	.LVL339:
 3407              	.L172:
1406:Drivers/STM32F1xx_HAL_Driver/Src/stm32f1xx_hal_pcd.c ****     {
 3408              		.loc 1 1406 20 is_stmt 1 discriminator 1 view .LVU1127
 3409 0158 072B     		cmp	r3, #7
 3410 015a F3D9     		bls	.L173
1412:Drivers/STM32F1xx_HAL_Driver/Src/stm32f1xx_hal_pcd.c **** 
 3411              		.loc 1 1412 5 view .LVU1128
1412:Drivers/STM32F1xx_HAL_Driver/Src/stm32f1xx_hal_pcd.c **** 
 3412              		.loc 1 1412 9 is_stmt 0 view .LVU1129
 3413 015c 2268     		ldr	r2, [r4]
1412:Drivers/STM32F1xx_HAL_Driver/Src/stm32f1xx_hal_pcd.c **** 
 3414              		.loc 1 1412 19 view .LVU1130
 3415 015e B2F84030 		ldrh	r3, [r2, #64]
 3416              	.LVL340:
1412:Drivers/STM32F1xx_HAL_Driver/Src/stm32f1xx_hal_pcd.c **** 
 3417              		.loc 1 1412 19 view .LVU1131
 3418 0162 9BB2     		uxth	r3, r3
1412:Drivers/STM32F1xx_HAL_Driver/Src/stm32f1xx_hal_pcd.c **** 
 3419              		.loc 1 1412 26 view .LVU1132
 3420 0164 43F00803 		orr	r3, r3, #8
 3421 0168 A2F84030 		strh	r3, [r2, #64]	@ movhi
1415:Drivers/STM32F1xx_HAL_Driver/Src/stm32f1xx_hal_pcd.c **** 
 3422              		.loc 1 1415 5 is_stmt 1 view .LVU1133
 3423 016c 2268     		ldr	r2, [r4]
 3424 016e B2F84430 		ldrh	r3, [r2, #68]
 3425 0172 9BB2     		uxth	r3, r3
 3426 0174 23F40063 		bic	r3, r3, #2048
 3427 0178 9BB2     		uxth	r3, r3
 3428 017a A2F84430 		strh	r3, [r2, #68]	@ movhi
1417:Drivers/STM32F1xx_HAL_Driver/Src/stm32f1xx_hal_pcd.c **** 
 3429              		.loc 1 1417 5 view .LVU1134
1417:Drivers/STM32F1xx_HAL_Driver/Src/stm32f1xx_hal_pcd.c **** 
 3430              		.loc 1 1417 9 is_stmt 0 view .LVU1135
 3431 017e 2268     		ldr	r2, [r4]
ARM GAS  C:\Users\jc\AppData\Local\Temp\ccPtFhbx.s 			page 125


1417:Drivers/STM32F1xx_HAL_Driver/Src/stm32f1xx_hal_pcd.c **** 
 3432              		.loc 1 1417 19 view .LVU1136
 3433 0180 B2F84030 		ldrh	r3, [r2, #64]
 3434 0184 9BB2     		uxth	r3, r3
1417:Drivers/STM32F1xx_HAL_Driver/Src/stm32f1xx_hal_pcd.c **** 
 3435              		.loc 1 1417 26 view .LVU1137
 3436 0186 43F00403 		orr	r3, r3, #4
 3437 018a A2F84030 		strh	r3, [r2, #64]	@ movhi
1422:Drivers/STM32F1xx_HAL_Driver/Src/stm32f1xx_hal_pcd.c **** #endif /* USE_HAL_PCD_REGISTER_CALLBACKS */
 3438              		.loc 1 1422 5 is_stmt 1 view .LVU1138
 3439 018e 2046     		mov	r0, r4
 3440              	.LVL341:
1422:Drivers/STM32F1xx_HAL_Driver/Src/stm32f1xx_hal_pcd.c **** #endif /* USE_HAL_PCD_REGISTER_CALLBACKS */
 3441              		.loc 1 1422 5 is_stmt 0 view .LVU1139
 3442 0190 FFF7FEFF 		bl	HAL_PCD_SuspendCallback
 3443              	.LVL342:
1425:Drivers/STM32F1xx_HAL_Driver/Src/stm32f1xx_hal_pcd.c ****   }
 3444              		.loc 1 1425 5 is_stmt 1 view .LVU1140
 3445 0194 7CE7     		b	.L161
 3446              	.LVL343:
 3447              	.L186:
1430:Drivers/STM32F1xx_HAL_Driver/Src/stm32f1xx_hal_pcd.c **** 
 3448              		.loc 1 1430 5 view .LVU1141
 3449 0196 2268     		ldr	r2, [r4]
 3450 0198 B2F84430 		ldrh	r3, [r2, #68]
 3451 019c 9BB2     		uxth	r3, r3
 3452 019e 23F40073 		bic	r3, r3, #512
 3453 01a2 9BB2     		uxth	r3, r3
 3454 01a4 A2F84430 		strh	r3, [r2, #68]	@ movhi
1435:Drivers/STM32F1xx_HAL_Driver/Src/stm32f1xx_hal_pcd.c **** #endif /* USE_HAL_PCD_REGISTER_CALLBACKS */
 3455              		.loc 1 1435 5 view .LVU1142
 3456 01a8 2046     		mov	r0, r4
 3457              	.LVL344:
1435:Drivers/STM32F1xx_HAL_Driver/Src/stm32f1xx_hal_pcd.c **** #endif /* USE_HAL_PCD_REGISTER_CALLBACKS */
 3458              		.loc 1 1435 5 is_stmt 0 view .LVU1143
 3459 01aa FFF7FEFF 		bl	HAL_PCD_SOFCallback
 3460              	.LVL345:
1438:Drivers/STM32F1xx_HAL_Driver/Src/stm32f1xx_hal_pcd.c ****   }
 3461              		.loc 1 1438 5 is_stmt 1 view .LVU1144
 3462 01ae 6FE7     		b	.L161
 3463              		.cfi_endproc
 3464              	.LFE71:
 3466              		.section	.text.HAL_PCD_EP_Open,"ax",%progbits
 3467              		.align	1
 3468              		.global	HAL_PCD_EP_Open
 3469              		.syntax unified
 3470              		.thumb
 3471              		.thumb_func
 3473              	HAL_PCD_EP_Open:
 3474              	.LVL346:
 3475              	.LFB87:
1717:Drivers/STM32F1xx_HAL_Driver/Src/stm32f1xx_hal_pcd.c ****   HAL_StatusTypeDef  ret = HAL_OK;
 3476              		.loc 1 1717 1 view -0
 3477              		.cfi_startproc
 3478              		@ args = 0, pretend = 0, frame = 0
 3479              		@ frame_needed = 0, uses_anonymous_args = 0
1717:Drivers/STM32F1xx_HAL_Driver/Src/stm32f1xx_hal_pcd.c ****   HAL_StatusTypeDef  ret = HAL_OK;
ARM GAS  C:\Users\jc\AppData\Local\Temp\ccPtFhbx.s 			page 126


 3480              		.loc 1 1717 1 is_stmt 0 view .LVU1146
 3481 0000 10B5     		push	{r4, lr}
 3482              		.cfi_def_cfa_offset 8
 3483              		.cfi_offset 4, -8
 3484              		.cfi_offset 14, -4
 3485 0002 0446     		mov	r4, r0
 3486 0004 0846     		mov	r0, r1
 3487              	.LVL347:
1718:Drivers/STM32F1xx_HAL_Driver/Src/stm32f1xx_hal_pcd.c ****   PCD_EPTypeDef *ep;
 3488              		.loc 1 1718 3 is_stmt 1 view .LVU1147
1719:Drivers/STM32F1xx_HAL_Driver/Src/stm32f1xx_hal_pcd.c **** 
 3489              		.loc 1 1719 3 view .LVU1148
1721:Drivers/STM32F1xx_HAL_Driver/Src/stm32f1xx_hal_pcd.c ****   {
 3490              		.loc 1 1721 3 view .LVU1149
1721:Drivers/STM32F1xx_HAL_Driver/Src/stm32f1xx_hal_pcd.c ****   {
 3491              		.loc 1 1721 6 is_stmt 0 view .LVU1150
 3492 0006 11F0800F 		tst	r1, #128
 3493 000a 26D1     		bne	.L194
1728:Drivers/STM32F1xx_HAL_Driver/Src/stm32f1xx_hal_pcd.c ****     ep->is_in = 0U;
 3494              		.loc 1 1728 5 is_stmt 1 view .LVU1151
1728:Drivers/STM32F1xx_HAL_Driver/Src/stm32f1xx_hal_pcd.c ****     ep->is_in = 0U;
 3495              		.loc 1 1728 32 is_stmt 0 view .LVU1152
 3496 000c 01F0070C 		and	ip, r1, #7
1728:Drivers/STM32F1xx_HAL_Driver/Src/stm32f1xx_hal_pcd.c ****     ep->is_in = 0U;
 3497              		.loc 1 1728 8 view .LVU1153
 3498 0010 0CEB8C0E 		add	lr, ip, ip, lsl #2
 3499 0014 4FEACE0E 		lsl	lr, lr, #3
 3500 0018 0EF5A87E 		add	lr, lr, #336
 3501 001c 04EB0E01 		add	r1, r4, lr
 3502              	.LVL348:
1729:Drivers/STM32F1xx_HAL_Driver/Src/stm32f1xx_hal_pcd.c ****   }
 3503              		.loc 1 1729 5 is_stmt 1 view .LVU1154
1729:Drivers/STM32F1xx_HAL_Driver/Src/stm32f1xx_hal_pcd.c ****   }
 3504              		.loc 1 1729 15 is_stmt 0 view .LVU1155
 3505 0020 0CEB8C0C 		add	ip, ip, ip, lsl #2
 3506 0024 04EBCC0C 		add	ip, r4, ip, lsl #3
 3507 0028 4FF0000E 		mov	lr, #0
 3508 002c 8CF851E1 		strb	lr, [ip, #337]
 3509              	.L189:
1732:Drivers/STM32F1xx_HAL_Driver/Src/stm32f1xx_hal_pcd.c ****   ep->maxpacket = ep_mps;
 3510              		.loc 1 1732 3 is_stmt 1 view .LVU1156
1732:Drivers/STM32F1xx_HAL_Driver/Src/stm32f1xx_hal_pcd.c ****   ep->maxpacket = ep_mps;
 3511              		.loc 1 1732 21 is_stmt 0 view .LVU1157
 3512 0030 00F00700 		and	r0, r0, #7
 3513              	.LVL349:
1732:Drivers/STM32F1xx_HAL_Driver/Src/stm32f1xx_hal_pcd.c ****   ep->maxpacket = ep_mps;
 3514              		.loc 1 1732 11 view .LVU1158
 3515 0034 0870     		strb	r0, [r1]
1733:Drivers/STM32F1xx_HAL_Driver/Src/stm32f1xx_hal_pcd.c ****   ep->type = ep_type;
 3516              		.loc 1 1733 3 is_stmt 1 view .LVU1159
1733:Drivers/STM32F1xx_HAL_Driver/Src/stm32f1xx_hal_pcd.c ****   ep->type = ep_type;
 3517              		.loc 1 1733 17 is_stmt 0 view .LVU1160
 3518 0036 0A61     		str	r2, [r1, #16]
1734:Drivers/STM32F1xx_HAL_Driver/Src/stm32f1xx_hal_pcd.c **** 
 3519              		.loc 1 1734 3 is_stmt 1 view .LVU1161
1734:Drivers/STM32F1xx_HAL_Driver/Src/stm32f1xx_hal_pcd.c **** 
 3520              		.loc 1 1734 12 is_stmt 0 view .LVU1162
ARM GAS  C:\Users\jc\AppData\Local\Temp\ccPtFhbx.s 			page 127


 3521 0038 CB70     		strb	r3, [r1, #3]
1745:Drivers/STM32F1xx_HAL_Driver/Src/stm32f1xx_hal_pcd.c ****   {
 3522              		.loc 1 1745 3 is_stmt 1 view .LVU1163
1745:Drivers/STM32F1xx_HAL_Driver/Src/stm32f1xx_hal_pcd.c ****   {
 3523              		.loc 1 1745 6 is_stmt 0 view .LVU1164
 3524 003a 022B     		cmp	r3, #2
 3525 003c 1DD0     		beq	.L195
 3526              	.LVL350:
 3527              	.L190:
1750:Drivers/STM32F1xx_HAL_Driver/Src/stm32f1xx_hal_pcd.c ****   (void)USB_ActivateEndpoint(hpcd->Instance, ep);
 3528              		.loc 1 1750 3 is_stmt 1 view .LVU1165
1750:Drivers/STM32F1xx_HAL_Driver/Src/stm32f1xx_hal_pcd.c ****   (void)USB_ActivateEndpoint(hpcd->Instance, ep);
 3529              		.loc 1 1750 3 view .LVU1166
 3530 003e 94F89032 		ldrb	r3, [r4, #656]	@ zero_extendqisi2
 3531 0042 012B     		cmp	r3, #1
 3532 0044 1CD0     		beq	.L192
1750:Drivers/STM32F1xx_HAL_Driver/Src/stm32f1xx_hal_pcd.c ****   (void)USB_ActivateEndpoint(hpcd->Instance, ep);
 3533              		.loc 1 1750 3 discriminator 2 view .LVU1167
 3534 0046 0123     		movs	r3, #1
 3535 0048 84F89032 		strb	r3, [r4, #656]
 3536              	.LVL351:
1750:Drivers/STM32F1xx_HAL_Driver/Src/stm32f1xx_hal_pcd.c ****   (void)USB_ActivateEndpoint(hpcd->Instance, ep);
 3537              		.loc 1 1750 3 view .LVU1168
1751:Drivers/STM32F1xx_HAL_Driver/Src/stm32f1xx_hal_pcd.c ****   __HAL_UNLOCK(hpcd);
 3538              		.loc 1 1751 3 view .LVU1169
1751:Drivers/STM32F1xx_HAL_Driver/Src/stm32f1xx_hal_pcd.c ****   __HAL_UNLOCK(hpcd);
 3539              		.loc 1 1751 9 is_stmt 0 view .LVU1170
 3540 004c 2068     		ldr	r0, [r4]
 3541 004e FFF7FEFF 		bl	USB_ActivateEndpoint
 3542              	.LVL352:
1752:Drivers/STM32F1xx_HAL_Driver/Src/stm32f1xx_hal_pcd.c **** 
 3543              		.loc 1 1752 3 is_stmt 1 view .LVU1171
1752:Drivers/STM32F1xx_HAL_Driver/Src/stm32f1xx_hal_pcd.c **** 
 3544              		.loc 1 1752 3 view .LVU1172
 3545 0052 0020     		movs	r0, #0
 3546 0054 84F89002 		strb	r0, [r4, #656]
1752:Drivers/STM32F1xx_HAL_Driver/Src/stm32f1xx_hal_pcd.c **** 
 3547              		.loc 1 1752 3 view .LVU1173
1754:Drivers/STM32F1xx_HAL_Driver/Src/stm32f1xx_hal_pcd.c **** }
 3548              		.loc 1 1754 3 view .LVU1174
 3549              	.L191:
1755:Drivers/STM32F1xx_HAL_Driver/Src/stm32f1xx_hal_pcd.c **** 
 3550              		.loc 1 1755 1 is_stmt 0 view .LVU1175
 3551 0058 10BD     		pop	{r4, pc}
 3552              	.LVL353:
 3553              	.L194:
1723:Drivers/STM32F1xx_HAL_Driver/Src/stm32f1xx_hal_pcd.c ****     ep->is_in = 1U;
 3554              		.loc 1 1723 5 is_stmt 1 view .LVU1176
1723:Drivers/STM32F1xx_HAL_Driver/Src/stm32f1xx_hal_pcd.c ****     ep->is_in = 1U;
 3555              		.loc 1 1723 31 is_stmt 0 view .LVU1177
 3556 005a 01F0070C 		and	ip, r1, #7
1723:Drivers/STM32F1xx_HAL_Driver/Src/stm32f1xx_hal_pcd.c ****     ep->is_in = 1U;
 3557              		.loc 1 1723 8 view .LVU1178
 3558 005e 0CEB8C01 		add	r1, ip, ip, lsl #2
 3559              	.LVL354:
1723:Drivers/STM32F1xx_HAL_Driver/Src/stm32f1xx_hal_pcd.c ****     ep->is_in = 1U;
 3560              		.loc 1 1723 8 view .LVU1179
ARM GAS  C:\Users\jc\AppData\Local\Temp\ccPtFhbx.s 			page 128


 3561 0062 C900     		lsls	r1, r1, #3
 3562 0064 1031     		adds	r1, r1, #16
 3563 0066 2144     		add	r1, r1, r4
 3564              	.LVL355:
1724:Drivers/STM32F1xx_HAL_Driver/Src/stm32f1xx_hal_pcd.c ****   }
 3565              		.loc 1 1724 5 is_stmt 1 view .LVU1180
1724:Drivers/STM32F1xx_HAL_Driver/Src/stm32f1xx_hal_pcd.c ****   }
 3566              		.loc 1 1724 15 is_stmt 0 view .LVU1181
 3567 0068 0CEB8C0C 		add	ip, ip, ip, lsl #2
 3568 006c 04EBCC0C 		add	ip, r4, ip, lsl #3
 3569 0070 4FF0010E 		mov	lr, #1
 3570 0074 8CF811E0 		strb	lr, [ip, #17]
 3571 0078 DAE7     		b	.L189
 3572              	.LVL356:
 3573              	.L195:
1747:Drivers/STM32F1xx_HAL_Driver/Src/stm32f1xx_hal_pcd.c ****   }
 3574              		.loc 1 1747 5 is_stmt 1 view .LVU1182
1747:Drivers/STM32F1xx_HAL_Driver/Src/stm32f1xx_hal_pcd.c ****   }
 3575              		.loc 1 1747 24 is_stmt 0 view .LVU1183
 3576 007a 0023     		movs	r3, #0
 3577              	.LVL357:
1747:Drivers/STM32F1xx_HAL_Driver/Src/stm32f1xx_hal_pcd.c ****   }
 3578              		.loc 1 1747 24 view .LVU1184
 3579 007c 0B71     		strb	r3, [r1, #4]
 3580 007e DEE7     		b	.L190
 3581              	.L192:
1750:Drivers/STM32F1xx_HAL_Driver/Src/stm32f1xx_hal_pcd.c ****   (void)USB_ActivateEndpoint(hpcd->Instance, ep);
 3582              		.loc 1 1750 3 discriminator 1 view .LVU1185
 3583 0080 0220     		movs	r0, #2
 3584 0082 E9E7     		b	.L191
 3585              		.cfi_endproc
 3586              	.LFE87:
 3588              		.section	.text.HAL_PCD_EP_Close,"ax",%progbits
 3589              		.align	1
 3590              		.global	HAL_PCD_EP_Close
 3591              		.syntax unified
 3592              		.thumb
 3593              		.thumb_func
 3595              	HAL_PCD_EP_Close:
 3596              	.LVL358:
 3597              	.LFB88:
1764:Drivers/STM32F1xx_HAL_Driver/Src/stm32f1xx_hal_pcd.c ****   PCD_EPTypeDef *ep;
 3598              		.loc 1 1764 1 is_stmt 1 view -0
 3599              		.cfi_startproc
 3600              		@ args = 0, pretend = 0, frame = 0
 3601              		@ frame_needed = 0, uses_anonymous_args = 0
1764:Drivers/STM32F1xx_HAL_Driver/Src/stm32f1xx_hal_pcd.c ****   PCD_EPTypeDef *ep;
 3602              		.loc 1 1764 1 is_stmt 0 view .LVU1187
 3603 0000 10B5     		push	{r4, lr}
 3604              		.cfi_def_cfa_offset 8
 3605              		.cfi_offset 4, -8
 3606              		.cfi_offset 14, -4
 3607 0002 0446     		mov	r4, r0
 3608 0004 0A46     		mov	r2, r1
1765:Drivers/STM32F1xx_HAL_Driver/Src/stm32f1xx_hal_pcd.c **** 
 3609              		.loc 1 1765 3 is_stmt 1 view .LVU1188
1767:Drivers/STM32F1xx_HAL_Driver/Src/stm32f1xx_hal_pcd.c ****   {
ARM GAS  C:\Users\jc\AppData\Local\Temp\ccPtFhbx.s 			page 129


 3610              		.loc 1 1767 3 view .LVU1189
1767:Drivers/STM32F1xx_HAL_Driver/Src/stm32f1xx_hal_pcd.c ****   {
 3611              		.loc 1 1767 6 is_stmt 0 view .LVU1190
 3612 0006 11F0800F 		tst	r1, #128
 3613 000a 1FD1     		bne	.L202
1774:Drivers/STM32F1xx_HAL_Driver/Src/stm32f1xx_hal_pcd.c ****     ep->is_in = 0U;
 3614              		.loc 1 1774 5 is_stmt 1 view .LVU1191
1774:Drivers/STM32F1xx_HAL_Driver/Src/stm32f1xx_hal_pcd.c ****     ep->is_in = 0U;
 3615              		.loc 1 1774 32 is_stmt 0 view .LVU1192
 3616 000c 01F00700 		and	r0, r1, #7
 3617              	.LVL359:
1774:Drivers/STM32F1xx_HAL_Driver/Src/stm32f1xx_hal_pcd.c ****     ep->is_in = 0U;
 3618              		.loc 1 1774 8 view .LVU1193
 3619 0010 00EB8003 		add	r3, r0, r0, lsl #2
 3620 0014 DB00     		lsls	r3, r3, #3
 3621 0016 03F5A873 		add	r3, r3, #336
 3622 001a E118     		adds	r1, r4, r3
 3623              	.LVL360:
1775:Drivers/STM32F1xx_HAL_Driver/Src/stm32f1xx_hal_pcd.c ****   }
 3624              		.loc 1 1775 5 is_stmt 1 view .LVU1194
1775:Drivers/STM32F1xx_HAL_Driver/Src/stm32f1xx_hal_pcd.c ****   }
 3625              		.loc 1 1775 15 is_stmt 0 view .LVU1195
 3626 001c 00EB8000 		add	r0, r0, r0, lsl #2
 3627 0020 04EBC000 		add	r0, r4, r0, lsl #3
 3628 0024 0023     		movs	r3, #0
 3629 0026 80F85131 		strb	r3, [r0, #337]
 3630              	.L198:
1777:Drivers/STM32F1xx_HAL_Driver/Src/stm32f1xx_hal_pcd.c **** 
 3631              		.loc 1 1777 3 is_stmt 1 view .LVU1196
1777:Drivers/STM32F1xx_HAL_Driver/Src/stm32f1xx_hal_pcd.c **** 
 3632              		.loc 1 1777 21 is_stmt 0 view .LVU1197
 3633 002a 02F00702 		and	r2, r2, #7
 3634              	.LVL361:
1777:Drivers/STM32F1xx_HAL_Driver/Src/stm32f1xx_hal_pcd.c **** 
 3635              		.loc 1 1777 11 view .LVU1198
 3636 002e 0A70     		strb	r2, [r1]
1779:Drivers/STM32F1xx_HAL_Driver/Src/stm32f1xx_hal_pcd.c ****   (void)USB_DeactivateEndpoint(hpcd->Instance, ep);
 3637              		.loc 1 1779 3 is_stmt 1 view .LVU1199
1779:Drivers/STM32F1xx_HAL_Driver/Src/stm32f1xx_hal_pcd.c ****   (void)USB_DeactivateEndpoint(hpcd->Instance, ep);
 3638              		.loc 1 1779 3 view .LVU1200
 3639 0030 94F89032 		ldrb	r3, [r4, #656]	@ zero_extendqisi2
 3640 0034 012B     		cmp	r3, #1
 3641 0036 17D0     		beq	.L200
1779:Drivers/STM32F1xx_HAL_Driver/Src/stm32f1xx_hal_pcd.c ****   (void)USB_DeactivateEndpoint(hpcd->Instance, ep);
 3642              		.loc 1 1779 3 discriminator 2 view .LVU1201
 3643 0038 0123     		movs	r3, #1
 3644 003a 84F89032 		strb	r3, [r4, #656]
1779:Drivers/STM32F1xx_HAL_Driver/Src/stm32f1xx_hal_pcd.c ****   (void)USB_DeactivateEndpoint(hpcd->Instance, ep);
 3645              		.loc 1 1779 3 view .LVU1202
1780:Drivers/STM32F1xx_HAL_Driver/Src/stm32f1xx_hal_pcd.c ****   __HAL_UNLOCK(hpcd);
 3646              		.loc 1 1780 3 view .LVU1203
1780:Drivers/STM32F1xx_HAL_Driver/Src/stm32f1xx_hal_pcd.c ****   __HAL_UNLOCK(hpcd);
 3647              		.loc 1 1780 9 is_stmt 0 view .LVU1204
 3648 003e 2068     		ldr	r0, [r4]
 3649 0040 FFF7FEFF 		bl	USB_DeactivateEndpoint
 3650              	.LVL362:
1781:Drivers/STM32F1xx_HAL_Driver/Src/stm32f1xx_hal_pcd.c ****   return HAL_OK;
ARM GAS  C:\Users\jc\AppData\Local\Temp\ccPtFhbx.s 			page 130


 3651              		.loc 1 1781 3 is_stmt 1 view .LVU1205
1781:Drivers/STM32F1xx_HAL_Driver/Src/stm32f1xx_hal_pcd.c ****   return HAL_OK;
 3652              		.loc 1 1781 3 view .LVU1206
 3653 0044 0020     		movs	r0, #0
 3654 0046 84F89002 		strb	r0, [r4, #656]
1781:Drivers/STM32F1xx_HAL_Driver/Src/stm32f1xx_hal_pcd.c ****   return HAL_OK;
 3655              		.loc 1 1781 3 view .LVU1207
1782:Drivers/STM32F1xx_HAL_Driver/Src/stm32f1xx_hal_pcd.c **** }
 3656              		.loc 1 1782 3 view .LVU1208
 3657              	.L199:
1783:Drivers/STM32F1xx_HAL_Driver/Src/stm32f1xx_hal_pcd.c **** 
 3658              		.loc 1 1783 1 is_stmt 0 view .LVU1209
 3659 004a 10BD     		pop	{r4, pc}
 3660              	.LVL363:
 3661              	.L202:
1769:Drivers/STM32F1xx_HAL_Driver/Src/stm32f1xx_hal_pcd.c ****     ep->is_in = 1U;
 3662              		.loc 1 1769 5 is_stmt 1 view .LVU1210
1769:Drivers/STM32F1xx_HAL_Driver/Src/stm32f1xx_hal_pcd.c ****     ep->is_in = 1U;
 3663              		.loc 1 1769 31 is_stmt 0 view .LVU1211
 3664 004c 01F00700 		and	r0, r1, #7
 3665              	.LVL364:
1769:Drivers/STM32F1xx_HAL_Driver/Src/stm32f1xx_hal_pcd.c ****     ep->is_in = 1U;
 3666              		.loc 1 1769 8 view .LVU1212
 3667 0050 00EB8003 		add	r3, r0, r0, lsl #2
 3668 0054 DB00     		lsls	r3, r3, #3
 3669 0056 1033     		adds	r3, r3, #16
 3670 0058 E118     		adds	r1, r4, r3
 3671              	.LVL365:
1770:Drivers/STM32F1xx_HAL_Driver/Src/stm32f1xx_hal_pcd.c ****   }
 3672              		.loc 1 1770 5 is_stmt 1 view .LVU1213
1770:Drivers/STM32F1xx_HAL_Driver/Src/stm32f1xx_hal_pcd.c ****   }
 3673              		.loc 1 1770 15 is_stmt 0 view .LVU1214
 3674 005a 00EB8000 		add	r0, r0, r0, lsl #2
 3675 005e 04EBC000 		add	r0, r4, r0, lsl #3
 3676 0062 0123     		movs	r3, #1
 3677 0064 4374     		strb	r3, [r0, #17]
 3678 0066 E0E7     		b	.L198
 3679              	.LVL366:
 3680              	.L200:
1779:Drivers/STM32F1xx_HAL_Driver/Src/stm32f1xx_hal_pcd.c ****   (void)USB_DeactivateEndpoint(hpcd->Instance, ep);
 3681              		.loc 1 1779 3 discriminator 1 view .LVU1215
 3682 0068 0220     		movs	r0, #2
 3683 006a EEE7     		b	.L199
 3684              		.cfi_endproc
 3685              	.LFE88:
 3687              		.section	.text.HAL_PCD_EP_Receive,"ax",%progbits
 3688              		.align	1
 3689              		.global	HAL_PCD_EP_Receive
 3690              		.syntax unified
 3691              		.thumb
 3692              		.thumb_func
 3694              	HAL_PCD_EP_Receive:
 3695              	.LVL367:
 3696              	.LFB89:
1795:Drivers/STM32F1xx_HAL_Driver/Src/stm32f1xx_hal_pcd.c ****   PCD_EPTypeDef *ep;
 3697              		.loc 1 1795 1 is_stmt 1 view -0
 3698              		.cfi_startproc
ARM GAS  C:\Users\jc\AppData\Local\Temp\ccPtFhbx.s 			page 131


 3699              		@ args = 0, pretend = 0, frame = 0
 3700              		@ frame_needed = 0, uses_anonymous_args = 0
1795:Drivers/STM32F1xx_HAL_Driver/Src/stm32f1xx_hal_pcd.c ****   PCD_EPTypeDef *ep;
 3701              		.loc 1 1795 1 is_stmt 0 view .LVU1217
 3702 0000 10B5     		push	{r4, lr}
 3703              		.cfi_def_cfa_offset 8
 3704              		.cfi_offset 4, -8
 3705              		.cfi_offset 14, -4
1796:Drivers/STM32F1xx_HAL_Driver/Src/stm32f1xx_hal_pcd.c **** 
 3706              		.loc 1 1796 3 is_stmt 1 view .LVU1218
1798:Drivers/STM32F1xx_HAL_Driver/Src/stm32f1xx_hal_pcd.c **** 
 3707              		.loc 1 1798 3 view .LVU1219
 3708 0002 01F0070C 		and	ip, r1, #7
1798:Drivers/STM32F1xx_HAL_Driver/Src/stm32f1xx_hal_pcd.c **** 
 3709              		.loc 1 1798 6 is_stmt 0 view .LVU1220
 3710 0006 0CEB8C01 		add	r1, ip, ip, lsl #2
 3711              	.LVL368:
1798:Drivers/STM32F1xx_HAL_Driver/Src/stm32f1xx_hal_pcd.c **** 
 3712              		.loc 1 1798 6 view .LVU1221
 3713 000a C900     		lsls	r1, r1, #3
 3714 000c 01F5A871 		add	r1, r1, #336
 3715              	.LVL369:
1801:Drivers/STM32F1xx_HAL_Driver/Src/stm32f1xx_hal_pcd.c ****   ep->xfer_len = len;
 3716              		.loc 1 1801 3 is_stmt 1 view .LVU1222
1801:Drivers/STM32F1xx_HAL_Driver/Src/stm32f1xx_hal_pcd.c ****   ep->xfer_len = len;
 3717              		.loc 1 1801 17 is_stmt 0 view .LVU1223
 3718 0010 0CEB8C0E 		add	lr, ip, ip, lsl #2
 3719 0014 00EBCE0E 		add	lr, r0, lr, lsl #3
 3720 0018 CEF86421 		str	r2, [lr, #356]
1802:Drivers/STM32F1xx_HAL_Driver/Src/stm32f1xx_hal_pcd.c ****   ep->xfer_count = 0U;
 3721              		.loc 1 1802 3 is_stmt 1 view .LVU1224
1802:Drivers/STM32F1xx_HAL_Driver/Src/stm32f1xx_hal_pcd.c ****   ep->xfer_count = 0U;
 3722              		.loc 1 1802 16 is_stmt 0 view .LVU1225
 3723 001c CEF86831 		str	r3, [lr, #360]
1803:Drivers/STM32F1xx_HAL_Driver/Src/stm32f1xx_hal_pcd.c ****   ep->is_in = 0U;
 3724              		.loc 1 1803 3 is_stmt 1 view .LVU1226
1803:Drivers/STM32F1xx_HAL_Driver/Src/stm32f1xx_hal_pcd.c ****   ep->is_in = 0U;
 3725              		.loc 1 1803 18 is_stmt 0 view .LVU1227
 3726 0020 0024     		movs	r4, #0
 3727 0022 CEF86C41 		str	r4, [lr, #364]
1804:Drivers/STM32F1xx_HAL_Driver/Src/stm32f1xx_hal_pcd.c ****   ep->num = ep_addr & EP_ADDR_MSK;
 3728              		.loc 1 1804 3 is_stmt 1 view .LVU1228
1804:Drivers/STM32F1xx_HAL_Driver/Src/stm32f1xx_hal_pcd.c ****   ep->num = ep_addr & EP_ADDR_MSK;
 3729              		.loc 1 1804 13 is_stmt 0 view .LVU1229
 3730 0026 8EF85141 		strb	r4, [lr, #337]
1805:Drivers/STM32F1xx_HAL_Driver/Src/stm32f1xx_hal_pcd.c **** 
 3731              		.loc 1 1805 3 is_stmt 1 view .LVU1230
1805:Drivers/STM32F1xx_HAL_Driver/Src/stm32f1xx_hal_pcd.c **** 
 3732              		.loc 1 1805 11 is_stmt 0 view .LVU1231
 3733 002a 8EF850C1 		strb	ip, [lr, #336]
1807:Drivers/STM32F1xx_HAL_Driver/Src/stm32f1xx_hal_pcd.c **** 
 3734              		.loc 1 1807 3 is_stmt 1 view .LVU1232
1807:Drivers/STM32F1xx_HAL_Driver/Src/stm32f1xx_hal_pcd.c **** 
 3735              		.loc 1 1807 9 is_stmt 0 view .LVU1233
 3736 002e 0144     		add	r1, r1, r0
 3737              	.LVL370:
1807:Drivers/STM32F1xx_HAL_Driver/Src/stm32f1xx_hal_pcd.c **** 
ARM GAS  C:\Users\jc\AppData\Local\Temp\ccPtFhbx.s 			page 132


 3738              		.loc 1 1807 9 view .LVU1234
 3739 0030 0068     		ldr	r0, [r0]
 3740              	.LVL371:
1807:Drivers/STM32F1xx_HAL_Driver/Src/stm32f1xx_hal_pcd.c **** 
 3741              		.loc 1 1807 9 view .LVU1235
 3742 0032 FFF7FEFF 		bl	USB_EPStartXfer
 3743              	.LVL372:
1809:Drivers/STM32F1xx_HAL_Driver/Src/stm32f1xx_hal_pcd.c **** }
 3744              		.loc 1 1809 3 is_stmt 1 view .LVU1236
1810:Drivers/STM32F1xx_HAL_Driver/Src/stm32f1xx_hal_pcd.c **** 
 3745              		.loc 1 1810 1 is_stmt 0 view .LVU1237
 3746 0036 2046     		mov	r0, r4
 3747 0038 10BD     		pop	{r4, pc}
 3748              		.cfi_endproc
 3749              	.LFE89:
 3751              		.section	.text.HAL_PCD_EP_GetRxCount,"ax",%progbits
 3752              		.align	1
 3753              		.global	HAL_PCD_EP_GetRxCount
 3754              		.syntax unified
 3755              		.thumb
 3756              		.thumb_func
 3758              	HAL_PCD_EP_GetRxCount:
 3759              	.LVL373:
 3760              	.LFB90:
1819:Drivers/STM32F1xx_HAL_Driver/Src/stm32f1xx_hal_pcd.c ****   return hpcd->OUT_ep[ep_addr & EP_ADDR_MSK].xfer_count;
 3761              		.loc 1 1819 1 is_stmt 1 view -0
 3762              		.cfi_startproc
 3763              		@ args = 0, pretend = 0, frame = 0
 3764              		@ frame_needed = 0, uses_anonymous_args = 0
 3765              		@ link register save eliminated.
1820:Drivers/STM32F1xx_HAL_Driver/Src/stm32f1xx_hal_pcd.c **** }
 3766              		.loc 1 1820 3 view .LVU1239
1820:Drivers/STM32F1xx_HAL_Driver/Src/stm32f1xx_hal_pcd.c **** }
 3767              		.loc 1 1820 31 is_stmt 0 view .LVU1240
 3768 0000 01F00701 		and	r1, r1, #7
 3769              	.LVL374:
1820:Drivers/STM32F1xx_HAL_Driver/Src/stm32f1xx_hal_pcd.c **** }
 3770              		.loc 1 1820 45 view .LVU1241
 3771 0004 01EB8101 		add	r1, r1, r1, lsl #2
 3772 0008 00EBC100 		add	r0, r0, r1, lsl #3
 3773              	.LVL375:
1821:Drivers/STM32F1xx_HAL_Driver/Src/stm32f1xx_hal_pcd.c **** /**
 3774              		.loc 1 1821 1 view .LVU1242
 3775 000c D0F86C01 		ldr	r0, [r0, #364]
 3776 0010 7047     		bx	lr
 3777              		.cfi_endproc
 3778              	.LFE90:
 3780              		.section	.text.HAL_PCD_EP_Transmit,"ax",%progbits
 3781              		.align	1
 3782              		.global	HAL_PCD_EP_Transmit
 3783              		.syntax unified
 3784              		.thumb
 3785              		.thumb_func
 3787              	HAL_PCD_EP_Transmit:
 3788              	.LVL376:
 3789              	.LFB91:
1831:Drivers/STM32F1xx_HAL_Driver/Src/stm32f1xx_hal_pcd.c ****   PCD_EPTypeDef *ep;
ARM GAS  C:\Users\jc\AppData\Local\Temp\ccPtFhbx.s 			page 133


 3790              		.loc 1 1831 1 is_stmt 1 view -0
 3791              		.cfi_startproc
 3792              		@ args = 0, pretend = 0, frame = 0
 3793              		@ frame_needed = 0, uses_anonymous_args = 0
1831:Drivers/STM32F1xx_HAL_Driver/Src/stm32f1xx_hal_pcd.c ****   PCD_EPTypeDef *ep;
 3794              		.loc 1 1831 1 is_stmt 0 view .LVU1244
 3795 0000 38B5     		push	{r3, r4, r5, lr}
 3796              		.cfi_def_cfa_offset 16
 3797              		.cfi_offset 3, -16
 3798              		.cfi_offset 4, -12
 3799              		.cfi_offset 5, -8
 3800              		.cfi_offset 14, -4
1832:Drivers/STM32F1xx_HAL_Driver/Src/stm32f1xx_hal_pcd.c **** 
 3801              		.loc 1 1832 3 is_stmt 1 view .LVU1245
1834:Drivers/STM32F1xx_HAL_Driver/Src/stm32f1xx_hal_pcd.c **** 
 3802              		.loc 1 1834 3 view .LVU1246
 3803 0002 01F0070C 		and	ip, r1, #7
1834:Drivers/STM32F1xx_HAL_Driver/Src/stm32f1xx_hal_pcd.c **** 
 3804              		.loc 1 1834 6 is_stmt 0 view .LVU1247
 3805 0006 0CEB8C01 		add	r1, ip, ip, lsl #2
 3806              	.LVL377:
1834:Drivers/STM32F1xx_HAL_Driver/Src/stm32f1xx_hal_pcd.c **** 
 3807              		.loc 1 1834 6 view .LVU1248
 3808 000a C900     		lsls	r1, r1, #3
 3809 000c 1031     		adds	r1, r1, #16
 3810              	.LVL378:
1837:Drivers/STM32F1xx_HAL_Driver/Src/stm32f1xx_hal_pcd.c ****   ep->xfer_len = len;
 3811              		.loc 1 1837 3 is_stmt 1 view .LVU1249
1837:Drivers/STM32F1xx_HAL_Driver/Src/stm32f1xx_hal_pcd.c ****   ep->xfer_len = len;
 3812              		.loc 1 1837 17 is_stmt 0 view .LVU1250
 3813 000e 0CEB8C0E 		add	lr, ip, ip, lsl #2
 3814 0012 00EBCE0E 		add	lr, r0, lr, lsl #3
 3815 0016 CEF82420 		str	r2, [lr, #36]
1838:Drivers/STM32F1xx_HAL_Driver/Src/stm32f1xx_hal_pcd.c **** #if defined (USB)
 3816              		.loc 1 1838 3 is_stmt 1 view .LVU1251
1838:Drivers/STM32F1xx_HAL_Driver/Src/stm32f1xx_hal_pcd.c **** #if defined (USB)
 3817              		.loc 1 1838 16 is_stmt 0 view .LVU1252
 3818 001a 0CF10102 		add	r2, ip, #1
 3819              	.LVL379:
1838:Drivers/STM32F1xx_HAL_Driver/Src/stm32f1xx_hal_pcd.c **** #if defined (USB)
 3820              		.loc 1 1838 16 view .LVU1253
 3821 001e 02EB8204 		add	r4, r2, r2, lsl #2
 3822 0022 40F83430 		str	r3, [r0, r4, lsl #3]
 3823              	.LVL380:
1840:Drivers/STM32F1xx_HAL_Driver/Src/stm32f1xx_hal_pcd.c ****   ep->xfer_len_db = len;
 3824              		.loc 1 1840 3 is_stmt 1 view .LVU1254
1840:Drivers/STM32F1xx_HAL_Driver/Src/stm32f1xx_hal_pcd.c ****   ep->xfer_len_db = len;
 3825              		.loc 1 1840 20 is_stmt 0 view .LVU1255
 3826 0026 0125     		movs	r5, #1
 3827 0028 8EF83450 		strb	r5, [lr, #52]
1841:Drivers/STM32F1xx_HAL_Driver/Src/stm32f1xx_hal_pcd.c **** #endif /* defined (USB) */
 3828              		.loc 1 1841 3 is_stmt 1 view .LVU1256
1841:Drivers/STM32F1xx_HAL_Driver/Src/stm32f1xx_hal_pcd.c **** #endif /* defined (USB) */
 3829              		.loc 1 1841 19 is_stmt 0 view .LVU1257
 3830 002c CEF83030 		str	r3, [lr, #48]
1843:Drivers/STM32F1xx_HAL_Driver/Src/stm32f1xx_hal_pcd.c ****   ep->is_in = 1U;
 3831              		.loc 1 1843 3 is_stmt 1 view .LVU1258
ARM GAS  C:\Users\jc\AppData\Local\Temp\ccPtFhbx.s 			page 134


1843:Drivers/STM32F1xx_HAL_Driver/Src/stm32f1xx_hal_pcd.c ****   ep->is_in = 1U;
 3832              		.loc 1 1843 18 is_stmt 0 view .LVU1259
 3833 0030 00EBC402 		add	r2, r0, r4, lsl #3
 3834 0034 0024     		movs	r4, #0
 3835 0036 5460     		str	r4, [r2, #4]
1844:Drivers/STM32F1xx_HAL_Driver/Src/stm32f1xx_hal_pcd.c ****   ep->num = ep_addr & EP_ADDR_MSK;
 3836              		.loc 1 1844 3 is_stmt 1 view .LVU1260
1844:Drivers/STM32F1xx_HAL_Driver/Src/stm32f1xx_hal_pcd.c ****   ep->num = ep_addr & EP_ADDR_MSK;
 3837              		.loc 1 1844 13 is_stmt 0 view .LVU1261
 3838 0038 8EF81150 		strb	r5, [lr, #17]
1845:Drivers/STM32F1xx_HAL_Driver/Src/stm32f1xx_hal_pcd.c **** 
 3839              		.loc 1 1845 3 is_stmt 1 view .LVU1262
1845:Drivers/STM32F1xx_HAL_Driver/Src/stm32f1xx_hal_pcd.c **** 
 3840              		.loc 1 1845 11 is_stmt 0 view .LVU1263
 3841 003c 8EF810C0 		strb	ip, [lr, #16]
1847:Drivers/STM32F1xx_HAL_Driver/Src/stm32f1xx_hal_pcd.c **** 
 3842              		.loc 1 1847 3 is_stmt 1 view .LVU1264
1847:Drivers/STM32F1xx_HAL_Driver/Src/stm32f1xx_hal_pcd.c **** 
 3843              		.loc 1 1847 9 is_stmt 0 view .LVU1265
 3844 0040 0144     		add	r1, r1, r0
 3845              	.LVL381:
1847:Drivers/STM32F1xx_HAL_Driver/Src/stm32f1xx_hal_pcd.c **** 
 3846              		.loc 1 1847 9 view .LVU1266
 3847 0042 0068     		ldr	r0, [r0]
 3848              	.LVL382:
1847:Drivers/STM32F1xx_HAL_Driver/Src/stm32f1xx_hal_pcd.c **** 
 3849              		.loc 1 1847 9 view .LVU1267
 3850 0044 FFF7FEFF 		bl	USB_EPStartXfer
 3851              	.LVL383:
1849:Drivers/STM32F1xx_HAL_Driver/Src/stm32f1xx_hal_pcd.c **** }
 3852              		.loc 1 1849 3 is_stmt 1 view .LVU1268
1850:Drivers/STM32F1xx_HAL_Driver/Src/stm32f1xx_hal_pcd.c **** 
 3853              		.loc 1 1850 1 is_stmt 0 view .LVU1269
 3854 0048 2046     		mov	r0, r4
 3855 004a 38BD     		pop	{r3, r4, r5, pc}
 3856              		.cfi_endproc
 3857              	.LFE91:
 3859              		.section	.text.HAL_PCD_EP_SetStall,"ax",%progbits
 3860              		.align	1
 3861              		.global	HAL_PCD_EP_SetStall
 3862              		.syntax unified
 3863              		.thumb
 3864              		.thumb_func
 3866              	HAL_PCD_EP_SetStall:
 3867              	.LVL384:
 3868              	.LFB92:
1859:Drivers/STM32F1xx_HAL_Driver/Src/stm32f1xx_hal_pcd.c ****   PCD_EPTypeDef *ep;
 3869              		.loc 1 1859 1 is_stmt 1 view -0
 3870              		.cfi_startproc
 3871              		@ args = 0, pretend = 0, frame = 0
 3872              		@ frame_needed = 0, uses_anonymous_args = 0
1859:Drivers/STM32F1xx_HAL_Driver/Src/stm32f1xx_hal_pcd.c ****   PCD_EPTypeDef *ep;
 3873              		.loc 1 1859 1 is_stmt 0 view .LVU1271
 3874 0000 38B5     		push	{r3, r4, r5, lr}
 3875              		.cfi_def_cfa_offset 16
 3876              		.cfi_offset 3, -16
 3877              		.cfi_offset 4, -12
ARM GAS  C:\Users\jc\AppData\Local\Temp\ccPtFhbx.s 			page 135


 3878              		.cfi_offset 5, -8
 3879              		.cfi_offset 14, -4
1860:Drivers/STM32F1xx_HAL_Driver/Src/stm32f1xx_hal_pcd.c **** 
 3880              		.loc 1 1860 3 is_stmt 1 view .LVU1272
1862:Drivers/STM32F1xx_HAL_Driver/Src/stm32f1xx_hal_pcd.c ****   {
 3881              		.loc 1 1862 3 view .LVU1273
 3882 0002 01F00705 		and	r5, r1, #7
1862:Drivers/STM32F1xx_HAL_Driver/Src/stm32f1xx_hal_pcd.c ****   {
 3883              		.loc 1 1862 53 is_stmt 0 view .LVU1274
 3884 0006 0279     		ldrb	r2, [r0, #4]	@ zero_extendqisi2
1862:Drivers/STM32F1xx_HAL_Driver/Src/stm32f1xx_hal_pcd.c ****   {
 3885              		.loc 1 1862 6 view .LVU1275
 3886 0008 AA42     		cmp	r2, r5
 3887 000a 35D3     		bcc	.L213
 3888 000c 0446     		mov	r4, r0
 3889 000e 0B46     		mov	r3, r1
1867:Drivers/STM32F1xx_HAL_Driver/Src/stm32f1xx_hal_pcd.c ****   {
 3890              		.loc 1 1867 3 is_stmt 1 view .LVU1276
1867:Drivers/STM32F1xx_HAL_Driver/Src/stm32f1xx_hal_pcd.c ****   {
 3891              		.loc 1 1867 6 is_stmt 0 view .LVU1277
 3892 0010 11F0800F 		tst	r1, #128
 3893 0014 1ED1     		bne	.L216
1874:Drivers/STM32F1xx_HAL_Driver/Src/stm32f1xx_hal_pcd.c ****     ep->is_in = 0U;
 3894              		.loc 1 1874 5 is_stmt 1 view .LVU1278
1874:Drivers/STM32F1xx_HAL_Driver/Src/stm32f1xx_hal_pcd.c ****     ep->is_in = 0U;
 3895              		.loc 1 1874 8 is_stmt 0 view .LVU1279
 3896 0016 01EB8101 		add	r1, r1, r1, lsl #2
 3897              	.LVL385:
1874:Drivers/STM32F1xx_HAL_Driver/Src/stm32f1xx_hal_pcd.c ****     ep->is_in = 0U;
 3898              		.loc 1 1874 8 view .LVU1280
 3899 001a C900     		lsls	r1, r1, #3
 3900 001c 01F5A871 		add	r1, r1, #336
 3901 0020 0144     		add	r1, r1, r0
 3902              	.LVL386:
1875:Drivers/STM32F1xx_HAL_Driver/Src/stm32f1xx_hal_pcd.c ****   }
 3903              		.loc 1 1875 5 is_stmt 1 view .LVU1281
1875:Drivers/STM32F1xx_HAL_Driver/Src/stm32f1xx_hal_pcd.c ****   }
 3904              		.loc 1 1875 15 is_stmt 0 view .LVU1282
 3905 0022 03EB8303 		add	r3, r3, r3, lsl #2
 3906              	.LVL387:
1875:Drivers/STM32F1xx_HAL_Driver/Src/stm32f1xx_hal_pcd.c ****   }
 3907              		.loc 1 1875 15 view .LVU1283
 3908 0026 00EBC303 		add	r3, r0, r3, lsl #3
 3909 002a 0022     		movs	r2, #0
 3910 002c 83F85121 		strb	r2, [r3, #337]
 3911              	.L211:
1878:Drivers/STM32F1xx_HAL_Driver/Src/stm32f1xx_hal_pcd.c ****   ep->num = ep_addr & EP_ADDR_MSK;
 3912              		.loc 1 1878 3 is_stmt 1 view .LVU1284
1878:Drivers/STM32F1xx_HAL_Driver/Src/stm32f1xx_hal_pcd.c ****   ep->num = ep_addr & EP_ADDR_MSK;
 3913              		.loc 1 1878 16 is_stmt 0 view .LVU1285
 3914 0030 0123     		movs	r3, #1
 3915 0032 8B70     		strb	r3, [r1, #2]
1879:Drivers/STM32F1xx_HAL_Driver/Src/stm32f1xx_hal_pcd.c **** 
 3916              		.loc 1 1879 3 is_stmt 1 view .LVU1286
1879:Drivers/STM32F1xx_HAL_Driver/Src/stm32f1xx_hal_pcd.c **** 
 3917              		.loc 1 1879 11 is_stmt 0 view .LVU1287
 3918 0034 0D70     		strb	r5, [r1]
ARM GAS  C:\Users\jc\AppData\Local\Temp\ccPtFhbx.s 			page 136


1881:Drivers/STM32F1xx_HAL_Driver/Src/stm32f1xx_hal_pcd.c **** 
 3919              		.loc 1 1881 3 is_stmt 1 view .LVU1288
1881:Drivers/STM32F1xx_HAL_Driver/Src/stm32f1xx_hal_pcd.c **** 
 3920              		.loc 1 1881 3 view .LVU1289
 3921 0036 94F89032 		ldrb	r3, [r4, #656]	@ zero_extendqisi2
 3922 003a 012B     		cmp	r3, #1
 3923 003c 1ED0     		beq	.L214
1881:Drivers/STM32F1xx_HAL_Driver/Src/stm32f1xx_hal_pcd.c **** 
 3924              		.loc 1 1881 3 discriminator 2 view .LVU1290
 3925 003e 0123     		movs	r3, #1
 3926 0040 84F89032 		strb	r3, [r4, #656]
1881:Drivers/STM32F1xx_HAL_Driver/Src/stm32f1xx_hal_pcd.c **** 
 3927              		.loc 1 1881 3 view .LVU1291
1883:Drivers/STM32F1xx_HAL_Driver/Src/stm32f1xx_hal_pcd.c **** 
 3928              		.loc 1 1883 3 view .LVU1292
1883:Drivers/STM32F1xx_HAL_Driver/Src/stm32f1xx_hal_pcd.c **** 
 3929              		.loc 1 1883 9 is_stmt 0 view .LVU1293
 3930 0044 2068     		ldr	r0, [r4]
 3931              	.LVL388:
1883:Drivers/STM32F1xx_HAL_Driver/Src/stm32f1xx_hal_pcd.c **** 
 3932              		.loc 1 1883 9 view .LVU1294
 3933 0046 FFF7FEFF 		bl	USB_EPSetStall
 3934              	.LVL389:
1885:Drivers/STM32F1xx_HAL_Driver/Src/stm32f1xx_hal_pcd.c ****   {
 3935              		.loc 1 1885 3 is_stmt 1 view .LVU1295
1885:Drivers/STM32F1xx_HAL_Driver/Src/stm32f1xx_hal_pcd.c ****   {
 3936              		.loc 1 1885 6 is_stmt 0 view .LVU1296
 3937 004a 7DB1     		cbz	r5, .L217
 3938              	.L212:
1890:Drivers/STM32F1xx_HAL_Driver/Src/stm32f1xx_hal_pcd.c **** 
 3939              		.loc 1 1890 3 is_stmt 1 view .LVU1297
1890:Drivers/STM32F1xx_HAL_Driver/Src/stm32f1xx_hal_pcd.c **** 
 3940              		.loc 1 1890 3 view .LVU1298
 3941 004c 0020     		movs	r0, #0
 3942 004e 84F89002 		strb	r0, [r4, #656]
1890:Drivers/STM32F1xx_HAL_Driver/Src/stm32f1xx_hal_pcd.c **** 
 3943              		.loc 1 1890 3 view .LVU1299
1892:Drivers/STM32F1xx_HAL_Driver/Src/stm32f1xx_hal_pcd.c **** }
 3944              		.loc 1 1892 3 view .LVU1300
 3945              	.LVL390:
 3946              	.L209:
1893:Drivers/STM32F1xx_HAL_Driver/Src/stm32f1xx_hal_pcd.c **** 
 3947              		.loc 1 1893 1 is_stmt 0 view .LVU1301
 3948 0052 38BD     		pop	{r3, r4, r5, pc}
 3949              	.LVL391:
 3950              	.L216:
1869:Drivers/STM32F1xx_HAL_Driver/Src/stm32f1xx_hal_pcd.c ****     ep->is_in = 1U;
 3951              		.loc 1 1869 5 is_stmt 1 view .LVU1302
1869:Drivers/STM32F1xx_HAL_Driver/Src/stm32f1xx_hal_pcd.c ****     ep->is_in = 1U;
 3952              		.loc 1 1869 8 is_stmt 0 view .LVU1303
 3953 0054 05EB8501 		add	r1, r5, r5, lsl #2
 3954              	.LVL392:
1869:Drivers/STM32F1xx_HAL_Driver/Src/stm32f1xx_hal_pcd.c ****     ep->is_in = 1U;
 3955              		.loc 1 1869 8 view .LVU1304
 3956 0058 C900     		lsls	r1, r1, #3
 3957 005a 1031     		adds	r1, r1, #16
 3958 005c 0144     		add	r1, r1, r0
ARM GAS  C:\Users\jc\AppData\Local\Temp\ccPtFhbx.s 			page 137


 3959              	.LVL393:
1870:Drivers/STM32F1xx_HAL_Driver/Src/stm32f1xx_hal_pcd.c ****   }
 3960              		.loc 1 1870 5 is_stmt 1 view .LVU1305
1870:Drivers/STM32F1xx_HAL_Driver/Src/stm32f1xx_hal_pcd.c ****   }
 3961              		.loc 1 1870 15 is_stmt 0 view .LVU1306
 3962 005e 05EB8503 		add	r3, r5, r5, lsl #2
 3963              	.LVL394:
1870:Drivers/STM32F1xx_HAL_Driver/Src/stm32f1xx_hal_pcd.c ****   }
 3964              		.loc 1 1870 15 view .LVU1307
 3965 0062 00EBC303 		add	r3, r0, r3, lsl #3
 3966 0066 0122     		movs	r2, #1
 3967 0068 5A74     		strb	r2, [r3, #17]
 3968 006a E1E7     		b	.L211
 3969              	.LVL395:
 3970              	.L217:
1887:Drivers/STM32F1xx_HAL_Driver/Src/stm32f1xx_hal_pcd.c ****   }
 3971              		.loc 1 1887 5 is_stmt 1 view .LVU1308
1887:Drivers/STM32F1xx_HAL_Driver/Src/stm32f1xx_hal_pcd.c ****   }
 3972              		.loc 1 1887 11 is_stmt 0 view .LVU1309
 3973 006c 04F52671 		add	r1, r4, #664
 3974 0070 2068     		ldr	r0, [r4]
 3975 0072 FFF7FEFF 		bl	USB_EP0_OutStart
 3976              	.LVL396:
 3977 0076 E9E7     		b	.L212
 3978              	.LVL397:
 3979              	.L213:
1864:Drivers/STM32F1xx_HAL_Driver/Src/stm32f1xx_hal_pcd.c ****   }
 3980              		.loc 1 1864 12 view .LVU1310
 3981 0078 0120     		movs	r0, #1
 3982              	.LVL398:
1864:Drivers/STM32F1xx_HAL_Driver/Src/stm32f1xx_hal_pcd.c ****   }
 3983              		.loc 1 1864 12 view .LVU1311
 3984 007a EAE7     		b	.L209
 3985              	.LVL399:
 3986              	.L214:
1881:Drivers/STM32F1xx_HAL_Driver/Src/stm32f1xx_hal_pcd.c **** 
 3987              		.loc 1 1881 3 discriminator 1 view .LVU1312
 3988 007c 0220     		movs	r0, #2
 3989              	.LVL400:
1881:Drivers/STM32F1xx_HAL_Driver/Src/stm32f1xx_hal_pcd.c **** 
 3990              		.loc 1 1881 3 discriminator 1 view .LVU1313
 3991 007e E8E7     		b	.L209
 3992              		.cfi_endproc
 3993              	.LFE92:
 3995              		.section	.text.HAL_PCD_EP_ClrStall,"ax",%progbits
 3996              		.align	1
 3997              		.global	HAL_PCD_EP_ClrStall
 3998              		.syntax unified
 3999              		.thumb
 4000              		.thumb_func
 4002              	HAL_PCD_EP_ClrStall:
 4003              	.LVL401:
 4004              	.LFB93:
1902:Drivers/STM32F1xx_HAL_Driver/Src/stm32f1xx_hal_pcd.c ****   PCD_EPTypeDef *ep;
 4005              		.loc 1 1902 1 is_stmt 1 view -0
 4006              		.cfi_startproc
 4007              		@ args = 0, pretend = 0, frame = 0
ARM GAS  C:\Users\jc\AppData\Local\Temp\ccPtFhbx.s 			page 138


 4008              		@ frame_needed = 0, uses_anonymous_args = 0
1902:Drivers/STM32F1xx_HAL_Driver/Src/stm32f1xx_hal_pcd.c ****   PCD_EPTypeDef *ep;
 4009              		.loc 1 1902 1 is_stmt 0 view .LVU1315
 4010 0000 0B46     		mov	r3, r1
1903:Drivers/STM32F1xx_HAL_Driver/Src/stm32f1xx_hal_pcd.c **** 
 4011              		.loc 1 1903 3 is_stmt 1 view .LVU1316
1905:Drivers/STM32F1xx_HAL_Driver/Src/stm32f1xx_hal_pcd.c ****   {
 4012              		.loc 1 1905 3 view .LVU1317
1905:Drivers/STM32F1xx_HAL_Driver/Src/stm32f1xx_hal_pcd.c ****   {
 4013              		.loc 1 1905 47 is_stmt 0 view .LVU1318
 4014 0002 0179     		ldrb	r1, [r0, #4]	@ zero_extendqisi2
 4015              	.LVL402:
1905:Drivers/STM32F1xx_HAL_Driver/Src/stm32f1xx_hal_pcd.c ****   {
 4016              		.loc 1 1905 6 view .LVU1319
 4017 0004 03F00F02 		and	r2, r3, #15
 4018 0008 9142     		cmp	r1, r2
 4019 000a 34D3     		bcc	.L222
1902:Drivers/STM32F1xx_HAL_Driver/Src/stm32f1xx_hal_pcd.c ****   PCD_EPTypeDef *ep;
 4020              		.loc 1 1902 1 view .LVU1320
 4021 000c 10B5     		push	{r4, lr}
 4022              		.cfi_def_cfa_offset 8
 4023              		.cfi_offset 4, -8
 4024              		.cfi_offset 14, -4
 4025 000e 0446     		mov	r4, r0
1910:Drivers/STM32F1xx_HAL_Driver/Src/stm32f1xx_hal_pcd.c ****   {
 4026              		.loc 1 1910 3 is_stmt 1 view .LVU1321
1910:Drivers/STM32F1xx_HAL_Driver/Src/stm32f1xx_hal_pcd.c ****   {
 4027              		.loc 1 1910 6 is_stmt 0 view .LVU1322
 4028 0010 13F0800F 		tst	r3, #128
 4029 0014 21D1     		bne	.L228
1917:Drivers/STM32F1xx_HAL_Driver/Src/stm32f1xx_hal_pcd.c ****     ep->is_in = 0U;
 4030              		.loc 1 1917 5 is_stmt 1 view .LVU1323
1917:Drivers/STM32F1xx_HAL_Driver/Src/stm32f1xx_hal_pcd.c ****     ep->is_in = 0U;
 4031              		.loc 1 1917 32 is_stmt 0 view .LVU1324
 4032 0016 03F00702 		and	r2, r3, #7
1917:Drivers/STM32F1xx_HAL_Driver/Src/stm32f1xx_hal_pcd.c ****     ep->is_in = 0U;
 4033              		.loc 1 1917 8 view .LVU1325
 4034 001a 02EB8201 		add	r1, r2, r2, lsl #2
 4035 001e C900     		lsls	r1, r1, #3
 4036 0020 01F5A871 		add	r1, r1, #336
 4037 0024 0144     		add	r1, r1, r0
 4038              	.LVL403:
1918:Drivers/STM32F1xx_HAL_Driver/Src/stm32f1xx_hal_pcd.c ****   }
 4039              		.loc 1 1918 5 is_stmt 1 view .LVU1326
1918:Drivers/STM32F1xx_HAL_Driver/Src/stm32f1xx_hal_pcd.c ****   }
 4040              		.loc 1 1918 15 is_stmt 0 view .LVU1327
 4041 0026 02EB8202 		add	r2, r2, r2, lsl #2
 4042 002a 00EBC202 		add	r2, r0, r2, lsl #3
 4043 002e 0020     		movs	r0, #0
 4044              	.LVL404:
1918:Drivers/STM32F1xx_HAL_Driver/Src/stm32f1xx_hal_pcd.c ****   }
 4045              		.loc 1 1918 15 view .LVU1328
 4046 0030 82F85101 		strb	r0, [r2, #337]
 4047              	.L221:
1921:Drivers/STM32F1xx_HAL_Driver/Src/stm32f1xx_hal_pcd.c ****   ep->num = ep_addr & EP_ADDR_MSK;
 4048              		.loc 1 1921 3 is_stmt 1 view .LVU1329
1921:Drivers/STM32F1xx_HAL_Driver/Src/stm32f1xx_hal_pcd.c ****   ep->num = ep_addr & EP_ADDR_MSK;
ARM GAS  C:\Users\jc\AppData\Local\Temp\ccPtFhbx.s 			page 139


 4049              		.loc 1 1921 16 is_stmt 0 view .LVU1330
 4050 0034 0022     		movs	r2, #0
 4051 0036 8A70     		strb	r2, [r1, #2]
1922:Drivers/STM32F1xx_HAL_Driver/Src/stm32f1xx_hal_pcd.c **** 
 4052              		.loc 1 1922 3 is_stmt 1 view .LVU1331
1922:Drivers/STM32F1xx_HAL_Driver/Src/stm32f1xx_hal_pcd.c **** 
 4053              		.loc 1 1922 21 is_stmt 0 view .LVU1332
 4054 0038 03F00703 		and	r3, r3, #7
 4055              	.LVL405:
1922:Drivers/STM32F1xx_HAL_Driver/Src/stm32f1xx_hal_pcd.c **** 
 4056              		.loc 1 1922 11 view .LVU1333
 4057 003c 0B70     		strb	r3, [r1]
1924:Drivers/STM32F1xx_HAL_Driver/Src/stm32f1xx_hal_pcd.c ****   (void)USB_EPClearStall(hpcd->Instance, ep);
 4058              		.loc 1 1924 3 is_stmt 1 view .LVU1334
1924:Drivers/STM32F1xx_HAL_Driver/Src/stm32f1xx_hal_pcd.c ****   (void)USB_EPClearStall(hpcd->Instance, ep);
 4059              		.loc 1 1924 3 view .LVU1335
 4060 003e 94F89032 		ldrb	r3, [r4, #656]	@ zero_extendqisi2
 4061 0042 012B     		cmp	r3, #1
 4062 0044 19D0     		beq	.L223
1924:Drivers/STM32F1xx_HAL_Driver/Src/stm32f1xx_hal_pcd.c ****   (void)USB_EPClearStall(hpcd->Instance, ep);
 4063              		.loc 1 1924 3 discriminator 2 view .LVU1336
 4064 0046 0123     		movs	r3, #1
 4065 0048 84F89032 		strb	r3, [r4, #656]
1924:Drivers/STM32F1xx_HAL_Driver/Src/stm32f1xx_hal_pcd.c ****   (void)USB_EPClearStall(hpcd->Instance, ep);
 4066              		.loc 1 1924 3 view .LVU1337
1925:Drivers/STM32F1xx_HAL_Driver/Src/stm32f1xx_hal_pcd.c ****   __HAL_UNLOCK(hpcd);
 4067              		.loc 1 1925 3 view .LVU1338
1925:Drivers/STM32F1xx_HAL_Driver/Src/stm32f1xx_hal_pcd.c ****   __HAL_UNLOCK(hpcd);
 4068              		.loc 1 1925 9 is_stmt 0 view .LVU1339
 4069 004c 2068     		ldr	r0, [r4]
 4070 004e FFF7FEFF 		bl	USB_EPClearStall
 4071              	.LVL406:
1926:Drivers/STM32F1xx_HAL_Driver/Src/stm32f1xx_hal_pcd.c **** 
 4072              		.loc 1 1926 3 is_stmt 1 view .LVU1340
1926:Drivers/STM32F1xx_HAL_Driver/Src/stm32f1xx_hal_pcd.c **** 
 4073              		.loc 1 1926 3 view .LVU1341
 4074 0052 0020     		movs	r0, #0
 4075 0054 84F89002 		strb	r0, [r4, #656]
1926:Drivers/STM32F1xx_HAL_Driver/Src/stm32f1xx_hal_pcd.c **** 
 4076              		.loc 1 1926 3 view .LVU1342
1928:Drivers/STM32F1xx_HAL_Driver/Src/stm32f1xx_hal_pcd.c **** }
 4077              		.loc 1 1928 3 view .LVU1343
 4078              	.L219:
1929:Drivers/STM32F1xx_HAL_Driver/Src/stm32f1xx_hal_pcd.c **** 
 4079              		.loc 1 1929 1 is_stmt 0 view .LVU1344
 4080 0058 10BD     		pop	{r4, pc}
 4081              	.LVL407:
 4082              	.L228:
1912:Drivers/STM32F1xx_HAL_Driver/Src/stm32f1xx_hal_pcd.c ****     ep->is_in = 1U;
 4083              		.loc 1 1912 5 is_stmt 1 view .LVU1345
1912:Drivers/STM32F1xx_HAL_Driver/Src/stm32f1xx_hal_pcd.c ****     ep->is_in = 1U;
 4084              		.loc 1 1912 31 is_stmt 0 view .LVU1346
 4085 005a 03F00702 		and	r2, r3, #7
1912:Drivers/STM32F1xx_HAL_Driver/Src/stm32f1xx_hal_pcd.c ****     ep->is_in = 1U;
 4086              		.loc 1 1912 8 view .LVU1347
 4087 005e 02EB8201 		add	r1, r2, r2, lsl #2
 4088 0062 C900     		lsls	r1, r1, #3
ARM GAS  C:\Users\jc\AppData\Local\Temp\ccPtFhbx.s 			page 140


 4089 0064 1031     		adds	r1, r1, #16
 4090 0066 0144     		add	r1, r1, r0
 4091              	.LVL408:
1913:Drivers/STM32F1xx_HAL_Driver/Src/stm32f1xx_hal_pcd.c ****   }
 4092              		.loc 1 1913 5 is_stmt 1 view .LVU1348
1913:Drivers/STM32F1xx_HAL_Driver/Src/stm32f1xx_hal_pcd.c ****   }
 4093              		.loc 1 1913 15 is_stmt 0 view .LVU1349
 4094 0068 02EB8202 		add	r2, r2, r2, lsl #2
 4095 006c 00EBC202 		add	r2, r0, r2, lsl #3
 4096 0070 0120     		movs	r0, #1
 4097              	.LVL409:
1913:Drivers/STM32F1xx_HAL_Driver/Src/stm32f1xx_hal_pcd.c ****   }
 4098              		.loc 1 1913 15 view .LVU1350
 4099 0072 5074     		strb	r0, [r2, #17]
 4100 0074 DEE7     		b	.L221
 4101              	.LVL410:
 4102              	.L222:
 4103              		.cfi_def_cfa_offset 0
 4104              		.cfi_restore 4
 4105              		.cfi_restore 14
1907:Drivers/STM32F1xx_HAL_Driver/Src/stm32f1xx_hal_pcd.c ****   }
 4106              		.loc 1 1907 12 view .LVU1351
 4107 0076 0120     		movs	r0, #1
 4108              	.LVL411:
1929:Drivers/STM32F1xx_HAL_Driver/Src/stm32f1xx_hal_pcd.c **** 
 4109              		.loc 1 1929 1 view .LVU1352
 4110 0078 7047     		bx	lr
 4111              	.LVL412:
 4112              	.L223:
 4113              		.cfi_def_cfa_offset 8
 4114              		.cfi_offset 4, -8
 4115              		.cfi_offset 14, -4
1924:Drivers/STM32F1xx_HAL_Driver/Src/stm32f1xx_hal_pcd.c ****   (void)USB_EPClearStall(hpcd->Instance, ep);
 4116              		.loc 1 1924 3 discriminator 1 view .LVU1353
 4117 007a 0220     		movs	r0, #2
 4118 007c ECE7     		b	.L219
 4119              		.cfi_endproc
 4120              	.LFE93:
 4122              		.section	.text.HAL_PCD_EP_Abort,"ax",%progbits
 4123              		.align	1
 4124              		.global	HAL_PCD_EP_Abort
 4125              		.syntax unified
 4126              		.thumb
 4127              		.thumb_func
 4129              	HAL_PCD_EP_Abort:
 4130              	.LVL413:
 4131              	.LFB94:
1938:Drivers/STM32F1xx_HAL_Driver/Src/stm32f1xx_hal_pcd.c ****   HAL_StatusTypeDef ret;
 4132              		.loc 1 1938 1 is_stmt 1 view -0
 4133              		.cfi_startproc
 4134              		@ args = 0, pretend = 0, frame = 0
 4135              		@ frame_needed = 0, uses_anonymous_args = 0
1938:Drivers/STM32F1xx_HAL_Driver/Src/stm32f1xx_hal_pcd.c ****   HAL_StatusTypeDef ret;
 4136              		.loc 1 1938 1 is_stmt 0 view .LVU1355
 4137 0000 08B5     		push	{r3, lr}
 4138              		.cfi_def_cfa_offset 8
 4139              		.cfi_offset 3, -8
ARM GAS  C:\Users\jc\AppData\Local\Temp\ccPtFhbx.s 			page 141


 4140              		.cfi_offset 14, -4
1939:Drivers/STM32F1xx_HAL_Driver/Src/stm32f1xx_hal_pcd.c ****   PCD_EPTypeDef *ep;
 4141              		.loc 1 1939 3 is_stmt 1 view .LVU1356
1940:Drivers/STM32F1xx_HAL_Driver/Src/stm32f1xx_hal_pcd.c **** 
 4142              		.loc 1 1940 3 view .LVU1357
1942:Drivers/STM32F1xx_HAL_Driver/Src/stm32f1xx_hal_pcd.c ****   {
 4143              		.loc 1 1942 3 view .LVU1358
1942:Drivers/STM32F1xx_HAL_Driver/Src/stm32f1xx_hal_pcd.c ****   {
 4144              		.loc 1 1942 6 is_stmt 0 view .LVU1359
 4145 0002 11F0800F 		tst	r1, #128
 4146 0006 0BD1     		bne	.L233
1948:Drivers/STM32F1xx_HAL_Driver/Src/stm32f1xx_hal_pcd.c ****   }
 4147              		.loc 1 1948 5 is_stmt 1 view .LVU1360
1948:Drivers/STM32F1xx_HAL_Driver/Src/stm32f1xx_hal_pcd.c ****   }
 4148              		.loc 1 1948 32 is_stmt 0 view .LVU1361
 4149 0008 01F00701 		and	r1, r1, #7
 4150              	.LVL414:
1948:Drivers/STM32F1xx_HAL_Driver/Src/stm32f1xx_hal_pcd.c ****   }
 4151              		.loc 1 1948 8 view .LVU1362
 4152 000c 01EB8101 		add	r1, r1, r1, lsl #2
 4153 0010 C900     		lsls	r1, r1, #3
 4154 0012 01F5A871 		add	r1, r1, #336
 4155 0016 0144     		add	r1, r1, r0
 4156              	.L231:
 4157              	.LVL415:
1952:Drivers/STM32F1xx_HAL_Driver/Src/stm32f1xx_hal_pcd.c **** 
 4158              		.loc 1 1952 3 is_stmt 1 view .LVU1363
1952:Drivers/STM32F1xx_HAL_Driver/Src/stm32f1xx_hal_pcd.c **** 
 4159              		.loc 1 1952 9 is_stmt 0 view .LVU1364
 4160 0018 0068     		ldr	r0, [r0]
 4161              	.LVL416:
1952:Drivers/STM32F1xx_HAL_Driver/Src/stm32f1xx_hal_pcd.c **** 
 4162              		.loc 1 1952 9 view .LVU1365
 4163 001a FFF7FEFF 		bl	USB_EPStopXfer
 4164              	.LVL417:
1954:Drivers/STM32F1xx_HAL_Driver/Src/stm32f1xx_hal_pcd.c **** }
 4165              		.loc 1 1954 3 is_stmt 1 view .LVU1366
1955:Drivers/STM32F1xx_HAL_Driver/Src/stm32f1xx_hal_pcd.c **** 
 4166              		.loc 1 1955 1 is_stmt 0 view .LVU1367
 4167 001e 08BD     		pop	{r3, pc}
 4168              	.LVL418:
 4169              	.L233:
1944:Drivers/STM32F1xx_HAL_Driver/Src/stm32f1xx_hal_pcd.c ****   }
 4170              		.loc 1 1944 5 is_stmt 1 view .LVU1368
1944:Drivers/STM32F1xx_HAL_Driver/Src/stm32f1xx_hal_pcd.c ****   }
 4171              		.loc 1 1944 31 is_stmt 0 view .LVU1369
 4172 0020 01F00701 		and	r1, r1, #7
 4173              	.LVL419:
1944:Drivers/STM32F1xx_HAL_Driver/Src/stm32f1xx_hal_pcd.c ****   }
 4174              		.loc 1 1944 8 view .LVU1370
 4175 0024 01EB8101 		add	r1, r1, r1, lsl #2
 4176 0028 C900     		lsls	r1, r1, #3
 4177 002a 1031     		adds	r1, r1, #16
 4178 002c 0144     		add	r1, r1, r0
 4179              	.LVL420:
1944:Drivers/STM32F1xx_HAL_Driver/Src/stm32f1xx_hal_pcd.c ****   }
 4180              		.loc 1 1944 8 view .LVU1371
ARM GAS  C:\Users\jc\AppData\Local\Temp\ccPtFhbx.s 			page 142


 4181 002e F3E7     		b	.L231
 4182              		.cfi_endproc
 4183              	.LFE94:
 4185              		.section	.text.HAL_PCD_EP_Flush,"ax",%progbits
 4186              		.align	1
 4187              		.global	HAL_PCD_EP_Flush
 4188              		.syntax unified
 4189              		.thumb
 4190              		.thumb_func
 4192              	HAL_PCD_EP_Flush:
 4193              	.LVL421:
 4194              	.LFB95:
1964:Drivers/STM32F1xx_HAL_Driver/Src/stm32f1xx_hal_pcd.c ****   __HAL_LOCK(hpcd);
 4195              		.loc 1 1964 1 is_stmt 1 view -0
 4196              		.cfi_startproc
 4197              		@ args = 0, pretend = 0, frame = 0
 4198              		@ frame_needed = 0, uses_anonymous_args = 0
1965:Drivers/STM32F1xx_HAL_Driver/Src/stm32f1xx_hal_pcd.c **** 
 4199              		.loc 1 1965 3 view .LVU1373
1965:Drivers/STM32F1xx_HAL_Driver/Src/stm32f1xx_hal_pcd.c **** 
 4200              		.loc 1 1965 3 view .LVU1374
 4201 0000 90F89032 		ldrb	r3, [r0, #656]	@ zero_extendqisi2
 4202 0004 012B     		cmp	r3, #1
 4203 0006 14D0     		beq	.L238
1964:Drivers/STM32F1xx_HAL_Driver/Src/stm32f1xx_hal_pcd.c ****   __HAL_LOCK(hpcd);
 4204              		.loc 1 1964 1 is_stmt 0 view .LVU1375
 4205 0008 10B5     		push	{r4, lr}
 4206              		.cfi_def_cfa_offset 8
 4207              		.cfi_offset 4, -8
 4208              		.cfi_offset 14, -4
 4209 000a 0446     		mov	r4, r0
1965:Drivers/STM32F1xx_HAL_Driver/Src/stm32f1xx_hal_pcd.c **** 
 4210              		.loc 1 1965 3 is_stmt 1 discriminator 2 view .LVU1376
 4211 000c 0123     		movs	r3, #1
 4212 000e 80F89032 		strb	r3, [r0, #656]
1965:Drivers/STM32F1xx_HAL_Driver/Src/stm32f1xx_hal_pcd.c **** 
 4213              		.loc 1 1965 3 view .LVU1377
1967:Drivers/STM32F1xx_HAL_Driver/Src/stm32f1xx_hal_pcd.c ****   {
 4214              		.loc 1 1967 3 view .LVU1378
1967:Drivers/STM32F1xx_HAL_Driver/Src/stm32f1xx_hal_pcd.c ****   {
 4215              		.loc 1 1967 6 is_stmt 0 view .LVU1379
 4216 0012 11F0800F 		tst	r1, #128
 4217 0016 06D1     		bne	.L243
1973:Drivers/STM32F1xx_HAL_Driver/Src/stm32f1xx_hal_pcd.c ****   }
 4218              		.loc 1 1973 5 is_stmt 1 view .LVU1380
1973:Drivers/STM32F1xx_HAL_Driver/Src/stm32f1xx_hal_pcd.c ****   }
 4219              		.loc 1 1973 11 is_stmt 0 view .LVU1381
 4220 0018 0068     		ldr	r0, [r0]
 4221              	.LVL422:
1973:Drivers/STM32F1xx_HAL_Driver/Src/stm32f1xx_hal_pcd.c ****   }
 4222              		.loc 1 1973 11 view .LVU1382
 4223 001a FFF7FEFF 		bl	USB_FlushRxFifo
 4224              	.LVL423:
 4225              	.L237:
1976:Drivers/STM32F1xx_HAL_Driver/Src/stm32f1xx_hal_pcd.c **** 
 4226              		.loc 1 1976 3 is_stmt 1 view .LVU1383
1976:Drivers/STM32F1xx_HAL_Driver/Src/stm32f1xx_hal_pcd.c **** 
ARM GAS  C:\Users\jc\AppData\Local\Temp\ccPtFhbx.s 			page 143


 4227              		.loc 1 1976 3 view .LVU1384
 4228 001e 0020     		movs	r0, #0
 4229 0020 84F89002 		strb	r0, [r4, #656]
1976:Drivers/STM32F1xx_HAL_Driver/Src/stm32f1xx_hal_pcd.c **** 
 4230              		.loc 1 1976 3 view .LVU1385
1978:Drivers/STM32F1xx_HAL_Driver/Src/stm32f1xx_hal_pcd.c **** }
 4231              		.loc 1 1978 3 view .LVU1386
1979:Drivers/STM32F1xx_HAL_Driver/Src/stm32f1xx_hal_pcd.c **** 
 4232              		.loc 1 1979 1 is_stmt 0 view .LVU1387
 4233 0024 10BD     		pop	{r4, pc}
 4234              	.LVL424:
 4235              	.L243:
1969:Drivers/STM32F1xx_HAL_Driver/Src/stm32f1xx_hal_pcd.c ****   }
 4236              		.loc 1 1969 5 is_stmt 1 view .LVU1388
1969:Drivers/STM32F1xx_HAL_Driver/Src/stm32f1xx_hal_pcd.c ****   }
 4237              		.loc 1 1969 11 is_stmt 0 view .LVU1389
 4238 0026 01F00701 		and	r1, r1, #7
 4239              	.LVL425:
1969:Drivers/STM32F1xx_HAL_Driver/Src/stm32f1xx_hal_pcd.c ****   }
 4240              		.loc 1 1969 11 view .LVU1390
 4241 002a 0068     		ldr	r0, [r0]
 4242              	.LVL426:
1969:Drivers/STM32F1xx_HAL_Driver/Src/stm32f1xx_hal_pcd.c ****   }
 4243              		.loc 1 1969 11 view .LVU1391
 4244 002c FFF7FEFF 		bl	USB_FlushTxFifo
 4245              	.LVL427:
 4246 0030 F5E7     		b	.L237
 4247              	.LVL428:
 4248              	.L238:
 4249              		.cfi_def_cfa_offset 0
 4250              		.cfi_restore 4
 4251              		.cfi_restore 14
1965:Drivers/STM32F1xx_HAL_Driver/Src/stm32f1xx_hal_pcd.c **** 
 4252              		.loc 1 1965 3 discriminator 1 view .LVU1392
 4253 0032 0220     		movs	r0, #2
 4254              	.LVL429:
1979:Drivers/STM32F1xx_HAL_Driver/Src/stm32f1xx_hal_pcd.c **** 
 4255              		.loc 1 1979 1 view .LVU1393
 4256 0034 7047     		bx	lr
 4257              		.cfi_endproc
 4258              	.LFE95:
 4260              		.section	.text.HAL_PCD_ActivateRemoteWakeup,"ax",%progbits
 4261              		.align	1
 4262              		.global	HAL_PCD_ActivateRemoteWakeup
 4263              		.syntax unified
 4264              		.thumb
 4265              		.thumb_func
 4267              	HAL_PCD_ActivateRemoteWakeup:
 4268              	.LVL430:
 4269              	.LFB96:
1987:Drivers/STM32F1xx_HAL_Driver/Src/stm32f1xx_hal_pcd.c ****   return (USB_ActivateRemoteWakeup(hpcd->Instance));
 4270              		.loc 1 1987 1 is_stmt 1 view -0
 4271              		.cfi_startproc
 4272              		@ args = 0, pretend = 0, frame = 0
 4273              		@ frame_needed = 0, uses_anonymous_args = 0
1987:Drivers/STM32F1xx_HAL_Driver/Src/stm32f1xx_hal_pcd.c ****   return (USB_ActivateRemoteWakeup(hpcd->Instance));
 4274              		.loc 1 1987 1 is_stmt 0 view .LVU1395
ARM GAS  C:\Users\jc\AppData\Local\Temp\ccPtFhbx.s 			page 144


 4275 0000 08B5     		push	{r3, lr}
 4276              		.cfi_def_cfa_offset 8
 4277              		.cfi_offset 3, -8
 4278              		.cfi_offset 14, -4
1988:Drivers/STM32F1xx_HAL_Driver/Src/stm32f1xx_hal_pcd.c **** }
 4279              		.loc 1 1988 3 is_stmt 1 view .LVU1396
1988:Drivers/STM32F1xx_HAL_Driver/Src/stm32f1xx_hal_pcd.c **** }
 4280              		.loc 1 1988 11 is_stmt 0 view .LVU1397
 4281 0002 0068     		ldr	r0, [r0]
 4282              	.LVL431:
1988:Drivers/STM32F1xx_HAL_Driver/Src/stm32f1xx_hal_pcd.c **** }
 4283              		.loc 1 1988 11 view .LVU1398
 4284 0004 FFF7FEFF 		bl	USB_ActivateRemoteWakeup
 4285              	.LVL432:
1989:Drivers/STM32F1xx_HAL_Driver/Src/stm32f1xx_hal_pcd.c **** 
 4286              		.loc 1 1989 1 view .LVU1399
 4287 0008 08BD     		pop	{r3, pc}
 4288              		.cfi_endproc
 4289              	.LFE96:
 4291              		.section	.text.HAL_PCD_DeActivateRemoteWakeup,"ax",%progbits
 4292              		.align	1
 4293              		.global	HAL_PCD_DeActivateRemoteWakeup
 4294              		.syntax unified
 4295              		.thumb
 4296              		.thumb_func
 4298              	HAL_PCD_DeActivateRemoteWakeup:
 4299              	.LVL433:
 4300              	.LFB97:
1997:Drivers/STM32F1xx_HAL_Driver/Src/stm32f1xx_hal_pcd.c ****   return (USB_DeActivateRemoteWakeup(hpcd->Instance));
 4301              		.loc 1 1997 1 is_stmt 1 view -0
 4302              		.cfi_startproc
 4303              		@ args = 0, pretend = 0, frame = 0
 4304              		@ frame_needed = 0, uses_anonymous_args = 0
1997:Drivers/STM32F1xx_HAL_Driver/Src/stm32f1xx_hal_pcd.c ****   return (USB_DeActivateRemoteWakeup(hpcd->Instance));
 4305              		.loc 1 1997 1 is_stmt 0 view .LVU1401
 4306 0000 08B5     		push	{r3, lr}
 4307              		.cfi_def_cfa_offset 8
 4308              		.cfi_offset 3, -8
 4309              		.cfi_offset 14, -4
1998:Drivers/STM32F1xx_HAL_Driver/Src/stm32f1xx_hal_pcd.c **** }
 4310              		.loc 1 1998 3 is_stmt 1 view .LVU1402
1998:Drivers/STM32F1xx_HAL_Driver/Src/stm32f1xx_hal_pcd.c **** }
 4311              		.loc 1 1998 11 is_stmt 0 view .LVU1403
 4312 0002 0068     		ldr	r0, [r0]
 4313              	.LVL434:
1998:Drivers/STM32F1xx_HAL_Driver/Src/stm32f1xx_hal_pcd.c **** }
 4314              		.loc 1 1998 11 view .LVU1404
 4315 0004 FFF7FEFF 		bl	USB_DeActivateRemoteWakeup
 4316              	.LVL435:
1999:Drivers/STM32F1xx_HAL_Driver/Src/stm32f1xx_hal_pcd.c **** 
 4317              		.loc 1 1999 1 view .LVU1405
 4318 0008 08BD     		pop	{r3, pc}
 4319              		.cfi_endproc
 4320              	.LFE97:
 4322              		.section	.text.HAL_PCD_GetState,"ax",%progbits
 4323              		.align	1
 4324              		.global	HAL_PCD_GetState
ARM GAS  C:\Users\jc\AppData\Local\Temp\ccPtFhbx.s 			page 145


 4325              		.syntax unified
 4326              		.thumb
 4327              		.thumb_func
 4329              	HAL_PCD_GetState:
 4330              	.LVL436:
 4331              	.LFB98:
2026:Drivers/STM32F1xx_HAL_Driver/Src/stm32f1xx_hal_pcd.c ****   return hpcd->State;
 4332              		.loc 1 2026 1 is_stmt 1 view -0
 4333              		.cfi_startproc
 4334              		@ args = 0, pretend = 0, frame = 0
 4335              		@ frame_needed = 0, uses_anonymous_args = 0
 4336              		@ link register save eliminated.
2027:Drivers/STM32F1xx_HAL_Driver/Src/stm32f1xx_hal_pcd.c **** }
 4337              		.loc 1 2027 3 view .LVU1407
2027:Drivers/STM32F1xx_HAL_Driver/Src/stm32f1xx_hal_pcd.c **** }
 4338              		.loc 1 2027 14 is_stmt 0 view .LVU1408
 4339 0000 90F89102 		ldrb	r0, [r0, #657]	@ zero_extendqisi2
 4340              	.LVL437:
2028:Drivers/STM32F1xx_HAL_Driver/Src/stm32f1xx_hal_pcd.c **** 
 4341              		.loc 1 2028 1 view .LVU1409
 4342 0004 7047     		bx	lr
 4343              		.cfi_endproc
 4344              	.LFE98:
 4346              		.text
 4347              	.Letext0:
 4348              		.file 2 "C:/Users/jc/AppData/Roaming/Code/User/globalStorage/bmd.stm32-for-vscode/@xpack-dev-tools
 4349              		.file 3 "C:/Users/jc/AppData/Roaming/Code/User/globalStorage/bmd.stm32-for-vscode/@xpack-dev-tools
 4350              		.file 4 "Drivers/CMSIS/Device/ST/STM32F1xx/Include/stm32f103xb.h"
 4351              		.file 5 "Drivers/STM32F1xx_HAL_Driver/Inc/stm32f1xx_hal_def.h"
 4352              		.file 6 "Drivers/STM32F1xx_HAL_Driver/Inc/stm32f1xx_ll_usb.h"
 4353              		.file 7 "Drivers/STM32F1xx_HAL_Driver/Inc/stm32f1xx_hal_pcd.h"
 4354              		.file 8 "Drivers/STM32F1xx_HAL_Driver/Inc/stm32f1xx_hal_pcd_ex.h"
ARM GAS  C:\Users\jc\AppData\Local\Temp\ccPtFhbx.s 			page 146


DEFINED SYMBOLS
                            *ABS*:00000000 stm32f1xx_hal_pcd.c
C:\Users\jc\AppData\Local\Temp\ccPtFhbx.s:19     .text.HAL_PCD_EP_DB_Receive:00000000 $t
C:\Users\jc\AppData\Local\Temp\ccPtFhbx.s:24     .text.HAL_PCD_EP_DB_Receive:00000000 HAL_PCD_EP_DB_Receive
C:\Users\jc\AppData\Local\Temp\ccPtFhbx.s:276    .text.HAL_PCD_MspInit:00000000 $t
C:\Users\jc\AppData\Local\Temp\ccPtFhbx.s:282    .text.HAL_PCD_MspInit:00000000 HAL_PCD_MspInit
C:\Users\jc\AppData\Local\Temp\ccPtFhbx.s:297    .text.HAL_PCD_Init:00000000 $t
C:\Users\jc\AppData\Local\Temp\ccPtFhbx.s:303    .text.HAL_PCD_Init:00000000 HAL_PCD_Init
C:\Users\jc\AppData\Local\Temp\ccPtFhbx.s:523    .text.HAL_PCD_MspDeInit:00000000 $t
C:\Users\jc\AppData\Local\Temp\ccPtFhbx.s:529    .text.HAL_PCD_MspDeInit:00000000 HAL_PCD_MspDeInit
C:\Users\jc\AppData\Local\Temp\ccPtFhbx.s:544    .text.HAL_PCD_DeInit:00000000 $t
C:\Users\jc\AppData\Local\Temp\ccPtFhbx.s:550    .text.HAL_PCD_DeInit:00000000 HAL_PCD_DeInit
C:\Users\jc\AppData\Local\Temp\ccPtFhbx.s:611    .text.HAL_PCD_Start:00000000 $t
C:\Users\jc\AppData\Local\Temp\ccPtFhbx.s:617    .text.HAL_PCD_Start:00000000 HAL_PCD_Start
C:\Users\jc\AppData\Local\Temp\ccPtFhbx.s:678    .text.HAL_PCD_Stop:00000000 $t
C:\Users\jc\AppData\Local\Temp\ccPtFhbx.s:684    .text.HAL_PCD_Stop:00000000 HAL_PCD_Stop
C:\Users\jc\AppData\Local\Temp\ccPtFhbx.s:744    .text.HAL_PCD_WKUP_IRQHandler:00000000 $t
C:\Users\jc\AppData\Local\Temp\ccPtFhbx.s:750    .text.HAL_PCD_WKUP_IRQHandler:00000000 HAL_PCD_WKUP_IRQHandler
C:\Users\jc\AppData\Local\Temp\ccPtFhbx.s:767    .text.HAL_PCD_WKUP_IRQHandler:0000000c $d
C:\Users\jc\AppData\Local\Temp\ccPtFhbx.s:772    .text.HAL_PCD_DataOutStageCallback:00000000 $t
C:\Users\jc\AppData\Local\Temp\ccPtFhbx.s:778    .text.HAL_PCD_DataOutStageCallback:00000000 HAL_PCD_DataOutStageCallback
C:\Users\jc\AppData\Local\Temp\ccPtFhbx.s:794    .text.HAL_PCD_DataInStageCallback:00000000 $t
C:\Users\jc\AppData\Local\Temp\ccPtFhbx.s:800    .text.HAL_PCD_DataInStageCallback:00000000 HAL_PCD_DataInStageCallback
C:\Users\jc\AppData\Local\Temp\ccPtFhbx.s:816    .text.HAL_PCD_EP_DB_Transmit:00000000 $t
C:\Users\jc\AppData\Local\Temp\ccPtFhbx.s:821    .text.HAL_PCD_EP_DB_Transmit:00000000 HAL_PCD_EP_DB_Transmit
C:\Users\jc\AppData\Local\Temp\ccPtFhbx.s:1836   .text.HAL_PCD_SetupStageCallback:00000000 $t
C:\Users\jc\AppData\Local\Temp\ccPtFhbx.s:1842   .text.HAL_PCD_SetupStageCallback:00000000 HAL_PCD_SetupStageCallback
C:\Users\jc\AppData\Local\Temp\ccPtFhbx.s:1857   .text.PCD_EP_ISR_Handler:00000000 $t
C:\Users\jc\AppData\Local\Temp\ccPtFhbx.s:1862   .text.PCD_EP_ISR_Handler:00000000 PCD_EP_ISR_Handler
C:\Users\jc\AppData\Local\Temp\ccPtFhbx.s:2807   .text.HAL_PCD_SOFCallback:00000000 $t
C:\Users\jc\AppData\Local\Temp\ccPtFhbx.s:2813   .text.HAL_PCD_SOFCallback:00000000 HAL_PCD_SOFCallback
C:\Users\jc\AppData\Local\Temp\ccPtFhbx.s:2828   .text.HAL_PCD_ResetCallback:00000000 $t
C:\Users\jc\AppData\Local\Temp\ccPtFhbx.s:2834   .text.HAL_PCD_ResetCallback:00000000 HAL_PCD_ResetCallback
C:\Users\jc\AppData\Local\Temp\ccPtFhbx.s:2849   .text.HAL_PCD_SuspendCallback:00000000 $t
C:\Users\jc\AppData\Local\Temp\ccPtFhbx.s:2855   .text.HAL_PCD_SuspendCallback:00000000 HAL_PCD_SuspendCallback
C:\Users\jc\AppData\Local\Temp\ccPtFhbx.s:2870   .text.HAL_PCD_ResumeCallback:00000000 $t
C:\Users\jc\AppData\Local\Temp\ccPtFhbx.s:2876   .text.HAL_PCD_ResumeCallback:00000000 HAL_PCD_ResumeCallback
C:\Users\jc\AppData\Local\Temp\ccPtFhbx.s:2891   .text.HAL_PCD_ISOOUTIncompleteCallback:00000000 $t
C:\Users\jc\AppData\Local\Temp\ccPtFhbx.s:2897   .text.HAL_PCD_ISOOUTIncompleteCallback:00000000 HAL_PCD_ISOOUTIncompleteCallback
C:\Users\jc\AppData\Local\Temp\ccPtFhbx.s:2913   .text.HAL_PCD_ISOINIncompleteCallback:00000000 $t
C:\Users\jc\AppData\Local\Temp\ccPtFhbx.s:2919   .text.HAL_PCD_ISOINIncompleteCallback:00000000 HAL_PCD_ISOINIncompleteCallback
C:\Users\jc\AppData\Local\Temp\ccPtFhbx.s:2935   .text.HAL_PCD_ConnectCallback:00000000 $t
C:\Users\jc\AppData\Local\Temp\ccPtFhbx.s:2941   .text.HAL_PCD_ConnectCallback:00000000 HAL_PCD_ConnectCallback
C:\Users\jc\AppData\Local\Temp\ccPtFhbx.s:2956   .text.HAL_PCD_DisconnectCallback:00000000 $t
C:\Users\jc\AppData\Local\Temp\ccPtFhbx.s:2962   .text.HAL_PCD_DisconnectCallback:00000000 HAL_PCD_DisconnectCallback
C:\Users\jc\AppData\Local\Temp\ccPtFhbx.s:2977   .text.HAL_PCD_DevConnect:00000000 $t
C:\Users\jc\AppData\Local\Temp\ccPtFhbx.s:2983   .text.HAL_PCD_DevConnect:00000000 HAL_PCD_DevConnect
C:\Users\jc\AppData\Local\Temp\ccPtFhbx.s:3035   .text.HAL_PCD_DevDisconnect:00000000 $t
C:\Users\jc\AppData\Local\Temp\ccPtFhbx.s:3041   .text.HAL_PCD_DevDisconnect:00000000 HAL_PCD_DevDisconnect
C:\Users\jc\AppData\Local\Temp\ccPtFhbx.s:3094   .text.HAL_PCD_SetAddress:00000000 $t
C:\Users\jc\AppData\Local\Temp\ccPtFhbx.s:3100   .text.HAL_PCD_SetAddress:00000000 HAL_PCD_SetAddress
C:\Users\jc\AppData\Local\Temp\ccPtFhbx.s:3154   .text.HAL_PCD_IRQHandler:00000000 $t
C:\Users\jc\AppData\Local\Temp\ccPtFhbx.s:3160   .text.HAL_PCD_IRQHandler:00000000 HAL_PCD_IRQHandler
C:\Users\jc\AppData\Local\Temp\ccPtFhbx.s:3467   .text.HAL_PCD_EP_Open:00000000 $t
C:\Users\jc\AppData\Local\Temp\ccPtFhbx.s:3473   .text.HAL_PCD_EP_Open:00000000 HAL_PCD_EP_Open
C:\Users\jc\AppData\Local\Temp\ccPtFhbx.s:3589   .text.HAL_PCD_EP_Close:00000000 $t
C:\Users\jc\AppData\Local\Temp\ccPtFhbx.s:3595   .text.HAL_PCD_EP_Close:00000000 HAL_PCD_EP_Close
ARM GAS  C:\Users\jc\AppData\Local\Temp\ccPtFhbx.s 			page 147


C:\Users\jc\AppData\Local\Temp\ccPtFhbx.s:3688   .text.HAL_PCD_EP_Receive:00000000 $t
C:\Users\jc\AppData\Local\Temp\ccPtFhbx.s:3694   .text.HAL_PCD_EP_Receive:00000000 HAL_PCD_EP_Receive
C:\Users\jc\AppData\Local\Temp\ccPtFhbx.s:3752   .text.HAL_PCD_EP_GetRxCount:00000000 $t
C:\Users\jc\AppData\Local\Temp\ccPtFhbx.s:3758   .text.HAL_PCD_EP_GetRxCount:00000000 HAL_PCD_EP_GetRxCount
C:\Users\jc\AppData\Local\Temp\ccPtFhbx.s:3781   .text.HAL_PCD_EP_Transmit:00000000 $t
C:\Users\jc\AppData\Local\Temp\ccPtFhbx.s:3787   .text.HAL_PCD_EP_Transmit:00000000 HAL_PCD_EP_Transmit
C:\Users\jc\AppData\Local\Temp\ccPtFhbx.s:3860   .text.HAL_PCD_EP_SetStall:00000000 $t
C:\Users\jc\AppData\Local\Temp\ccPtFhbx.s:3866   .text.HAL_PCD_EP_SetStall:00000000 HAL_PCD_EP_SetStall
C:\Users\jc\AppData\Local\Temp\ccPtFhbx.s:3996   .text.HAL_PCD_EP_ClrStall:00000000 $t
C:\Users\jc\AppData\Local\Temp\ccPtFhbx.s:4002   .text.HAL_PCD_EP_ClrStall:00000000 HAL_PCD_EP_ClrStall
C:\Users\jc\AppData\Local\Temp\ccPtFhbx.s:4123   .text.HAL_PCD_EP_Abort:00000000 $t
C:\Users\jc\AppData\Local\Temp\ccPtFhbx.s:4129   .text.HAL_PCD_EP_Abort:00000000 HAL_PCD_EP_Abort
C:\Users\jc\AppData\Local\Temp\ccPtFhbx.s:4186   .text.HAL_PCD_EP_Flush:00000000 $t
C:\Users\jc\AppData\Local\Temp\ccPtFhbx.s:4192   .text.HAL_PCD_EP_Flush:00000000 HAL_PCD_EP_Flush
C:\Users\jc\AppData\Local\Temp\ccPtFhbx.s:4261   .text.HAL_PCD_ActivateRemoteWakeup:00000000 $t
C:\Users\jc\AppData\Local\Temp\ccPtFhbx.s:4267   .text.HAL_PCD_ActivateRemoteWakeup:00000000 HAL_PCD_ActivateRemoteWakeup
C:\Users\jc\AppData\Local\Temp\ccPtFhbx.s:4292   .text.HAL_PCD_DeActivateRemoteWakeup:00000000 $t
C:\Users\jc\AppData\Local\Temp\ccPtFhbx.s:4298   .text.HAL_PCD_DeActivateRemoteWakeup:00000000 HAL_PCD_DeActivateRemoteWakeup
C:\Users\jc\AppData\Local\Temp\ccPtFhbx.s:4323   .text.HAL_PCD_GetState:00000000 $t
C:\Users\jc\AppData\Local\Temp\ccPtFhbx.s:4329   .text.HAL_PCD_GetState:00000000 HAL_PCD_GetState

UNDEFINED SYMBOLS
USB_ReadPMA
USB_DisableGlobalInt
USB_CoreInit
USB_SetCurrentMode
USB_DevInit
USB_DevDisconnect
USB_StopDevice
USB_EnableGlobalInt
HAL_PCDEx_SetConnectionState
USB_DevConnect
USB_WritePMA
USB_EPStartXfer
USB_SetDevAddress
USB_ReadInterrupts
USB_ActivateEndpoint
USB_DeactivateEndpoint
USB_EPSetStall
USB_EP0_OutStart
USB_EPClearStall
USB_EPStopXfer
USB_FlushRxFifo
USB_FlushTxFifo
USB_ActivateRemoteWakeup
USB_DeActivateRemoteWakeup
