ARM GAS  C:\Users\jc\AppData\Local\Temp\ccrYs75M.s 			page 1


   1              		.cpu cortex-m3
   2              		.arch armv7-m
   3              		.fpu softvfp
   4              		.eabi_attribute 20, 1
   5              		.eabi_attribute 21, 1
   6              		.eabi_attribute 23, 3
   7              		.eabi_attribute 24, 1
   8              		.eabi_attribute 25, 1
   9              		.eabi_attribute 26, 1
  10              		.eabi_attribute 30, 1
  11              		.eabi_attribute 34, 1
  12              		.eabi_attribute 18, 4
  13              		.file	"stm32f1xx_ll_usb.c"
  14              		.text
  15              	.Ltext0:
  16              		.cfi_sections	.debug_frame
  17              		.file 1 "Drivers/STM32F1xx_HAL_Driver/Src/stm32f1xx_ll_usb.c"
  18              		.section	.text.USB_CoreInit,"ax",%progbits
  19              		.align	1
  20              		.global	USB_CoreInit
  21              		.syntax unified
  22              		.thumb
  23              		.thumb_func
  25              	USB_CoreInit:
  26              	.LVL0:
  27              	.LFB65:
   1:Drivers/STM32F1xx_HAL_Driver/Src/stm32f1xx_ll_usb.c **** /**
   2:Drivers/STM32F1xx_HAL_Driver/Src/stm32f1xx_ll_usb.c ****   ******************************************************************************
   3:Drivers/STM32F1xx_HAL_Driver/Src/stm32f1xx_ll_usb.c ****   * @file    stm32f1xx_ll_usb.c
   4:Drivers/STM32F1xx_HAL_Driver/Src/stm32f1xx_ll_usb.c ****   * @author  MCD Application Team
   5:Drivers/STM32F1xx_HAL_Driver/Src/stm32f1xx_ll_usb.c ****   * @brief   USB Low Layer HAL module driver.
   6:Drivers/STM32F1xx_HAL_Driver/Src/stm32f1xx_ll_usb.c ****   *
   7:Drivers/STM32F1xx_HAL_Driver/Src/stm32f1xx_ll_usb.c ****   *          This file provides firmware functions to manage the following
   8:Drivers/STM32F1xx_HAL_Driver/Src/stm32f1xx_ll_usb.c ****   *          functionalities of the USB Peripheral Controller:
   9:Drivers/STM32F1xx_HAL_Driver/Src/stm32f1xx_ll_usb.c ****   *           + Initialization/de-initialization functions
  10:Drivers/STM32F1xx_HAL_Driver/Src/stm32f1xx_ll_usb.c ****   *           + I/O operation functions
  11:Drivers/STM32F1xx_HAL_Driver/Src/stm32f1xx_ll_usb.c ****   *           + Peripheral Control functions
  12:Drivers/STM32F1xx_HAL_Driver/Src/stm32f1xx_ll_usb.c ****   *           + Peripheral State functions
  13:Drivers/STM32F1xx_HAL_Driver/Src/stm32f1xx_ll_usb.c ****   *
  14:Drivers/STM32F1xx_HAL_Driver/Src/stm32f1xx_ll_usb.c ****   ******************************************************************************
  15:Drivers/STM32F1xx_HAL_Driver/Src/stm32f1xx_ll_usb.c ****   * @attention
  16:Drivers/STM32F1xx_HAL_Driver/Src/stm32f1xx_ll_usb.c ****   *
  17:Drivers/STM32F1xx_HAL_Driver/Src/stm32f1xx_ll_usb.c ****   * Copyright (c) 2016 STMicroelectronics.
  18:Drivers/STM32F1xx_HAL_Driver/Src/stm32f1xx_ll_usb.c ****   * All rights reserved.
  19:Drivers/STM32F1xx_HAL_Driver/Src/stm32f1xx_ll_usb.c ****   *
  20:Drivers/STM32F1xx_HAL_Driver/Src/stm32f1xx_ll_usb.c ****   * This software is licensed under terms that can be found in the LICENSE file
  21:Drivers/STM32F1xx_HAL_Driver/Src/stm32f1xx_ll_usb.c ****   * in the root directory of this software component.
  22:Drivers/STM32F1xx_HAL_Driver/Src/stm32f1xx_ll_usb.c ****   * If no LICENSE file comes with this software, it is provided AS-IS.
  23:Drivers/STM32F1xx_HAL_Driver/Src/stm32f1xx_ll_usb.c ****   *
  24:Drivers/STM32F1xx_HAL_Driver/Src/stm32f1xx_ll_usb.c ****   ******************************************************************************
  25:Drivers/STM32F1xx_HAL_Driver/Src/stm32f1xx_ll_usb.c ****   @verbatim
  26:Drivers/STM32F1xx_HAL_Driver/Src/stm32f1xx_ll_usb.c ****   ==============================================================================
  27:Drivers/STM32F1xx_HAL_Driver/Src/stm32f1xx_ll_usb.c ****                     ##### How to use this driver #####
  28:Drivers/STM32F1xx_HAL_Driver/Src/stm32f1xx_ll_usb.c ****   ==============================================================================
  29:Drivers/STM32F1xx_HAL_Driver/Src/stm32f1xx_ll_usb.c ****     [..]
  30:Drivers/STM32F1xx_HAL_Driver/Src/stm32f1xx_ll_usb.c ****       (#) Fill parameters of Init structure in USB_CfgTypeDef structure.
  31:Drivers/STM32F1xx_HAL_Driver/Src/stm32f1xx_ll_usb.c **** 
ARM GAS  C:\Users\jc\AppData\Local\Temp\ccrYs75M.s 			page 2


  32:Drivers/STM32F1xx_HAL_Driver/Src/stm32f1xx_ll_usb.c ****       (#) Call USB_CoreInit() API to initialize the USB Core peripheral.
  33:Drivers/STM32F1xx_HAL_Driver/Src/stm32f1xx_ll_usb.c **** 
  34:Drivers/STM32F1xx_HAL_Driver/Src/stm32f1xx_ll_usb.c ****       (#) The upper HAL HCD/PCD driver will call the right routines for its internal processes.
  35:Drivers/STM32F1xx_HAL_Driver/Src/stm32f1xx_ll_usb.c **** 
  36:Drivers/STM32F1xx_HAL_Driver/Src/stm32f1xx_ll_usb.c ****   @endverbatim
  37:Drivers/STM32F1xx_HAL_Driver/Src/stm32f1xx_ll_usb.c **** 
  38:Drivers/STM32F1xx_HAL_Driver/Src/stm32f1xx_ll_usb.c ****   ******************************************************************************
  39:Drivers/STM32F1xx_HAL_Driver/Src/stm32f1xx_ll_usb.c ****   */
  40:Drivers/STM32F1xx_HAL_Driver/Src/stm32f1xx_ll_usb.c **** 
  41:Drivers/STM32F1xx_HAL_Driver/Src/stm32f1xx_ll_usb.c **** /* Includes ------------------------------------------------------------------*/
  42:Drivers/STM32F1xx_HAL_Driver/Src/stm32f1xx_ll_usb.c **** #include "stm32f1xx_hal.h"
  43:Drivers/STM32F1xx_HAL_Driver/Src/stm32f1xx_ll_usb.c **** 
  44:Drivers/STM32F1xx_HAL_Driver/Src/stm32f1xx_ll_usb.c **** /** @addtogroup STM32F1xx_LL_USB_DRIVER
  45:Drivers/STM32F1xx_HAL_Driver/Src/stm32f1xx_ll_usb.c ****   * @{
  46:Drivers/STM32F1xx_HAL_Driver/Src/stm32f1xx_ll_usb.c ****   */
  47:Drivers/STM32F1xx_HAL_Driver/Src/stm32f1xx_ll_usb.c **** 
  48:Drivers/STM32F1xx_HAL_Driver/Src/stm32f1xx_ll_usb.c **** #if defined (HAL_PCD_MODULE_ENABLED) || defined (HAL_HCD_MODULE_ENABLED)
  49:Drivers/STM32F1xx_HAL_Driver/Src/stm32f1xx_ll_usb.c **** #if defined (USB) || defined (USB_OTG_FS)
  50:Drivers/STM32F1xx_HAL_Driver/Src/stm32f1xx_ll_usb.c **** /* Private typedef -----------------------------------------------------------*/
  51:Drivers/STM32F1xx_HAL_Driver/Src/stm32f1xx_ll_usb.c **** /* Private define ------------------------------------------------------------*/
  52:Drivers/STM32F1xx_HAL_Driver/Src/stm32f1xx_ll_usb.c **** /* Private macro -------------------------------------------------------------*/
  53:Drivers/STM32F1xx_HAL_Driver/Src/stm32f1xx_ll_usb.c **** /* Private variables ---------------------------------------------------------*/
  54:Drivers/STM32F1xx_HAL_Driver/Src/stm32f1xx_ll_usb.c **** /* Private function prototypes -----------------------------------------------*/
  55:Drivers/STM32F1xx_HAL_Driver/Src/stm32f1xx_ll_usb.c **** /* Private functions ---------------------------------------------------------*/
  56:Drivers/STM32F1xx_HAL_Driver/Src/stm32f1xx_ll_usb.c **** #if defined (USB_OTG_FS)
  57:Drivers/STM32F1xx_HAL_Driver/Src/stm32f1xx_ll_usb.c **** static HAL_StatusTypeDef USB_CoreReset(USB_OTG_GlobalTypeDef *USBx);
  58:Drivers/STM32F1xx_HAL_Driver/Src/stm32f1xx_ll_usb.c **** 
  59:Drivers/STM32F1xx_HAL_Driver/Src/stm32f1xx_ll_usb.c **** /* Exported functions --------------------------------------------------------*/
  60:Drivers/STM32F1xx_HAL_Driver/Src/stm32f1xx_ll_usb.c **** /** @defgroup USB_LL_Exported_Functions USB Low Layer Exported Functions
  61:Drivers/STM32F1xx_HAL_Driver/Src/stm32f1xx_ll_usb.c ****   * @{
  62:Drivers/STM32F1xx_HAL_Driver/Src/stm32f1xx_ll_usb.c ****   */
  63:Drivers/STM32F1xx_HAL_Driver/Src/stm32f1xx_ll_usb.c **** 
  64:Drivers/STM32F1xx_HAL_Driver/Src/stm32f1xx_ll_usb.c **** /** @defgroup USB_LL_Exported_Functions_Group1 Initialization/de-initialization functions
  65:Drivers/STM32F1xx_HAL_Driver/Src/stm32f1xx_ll_usb.c ****   *  @brief    Initialization and Configuration functions
  66:Drivers/STM32F1xx_HAL_Driver/Src/stm32f1xx_ll_usb.c ****   *
  67:Drivers/STM32F1xx_HAL_Driver/Src/stm32f1xx_ll_usb.c **** @verbatim
  68:Drivers/STM32F1xx_HAL_Driver/Src/stm32f1xx_ll_usb.c ****  ===============================================================================
  69:Drivers/STM32F1xx_HAL_Driver/Src/stm32f1xx_ll_usb.c ****                       ##### Initialization/de-initialization functions #####
  70:Drivers/STM32F1xx_HAL_Driver/Src/stm32f1xx_ll_usb.c ****  ===============================================================================
  71:Drivers/STM32F1xx_HAL_Driver/Src/stm32f1xx_ll_usb.c **** 
  72:Drivers/STM32F1xx_HAL_Driver/Src/stm32f1xx_ll_usb.c **** @endverbatim
  73:Drivers/STM32F1xx_HAL_Driver/Src/stm32f1xx_ll_usb.c ****   * @{
  74:Drivers/STM32F1xx_HAL_Driver/Src/stm32f1xx_ll_usb.c ****   */
  75:Drivers/STM32F1xx_HAL_Driver/Src/stm32f1xx_ll_usb.c **** 
  76:Drivers/STM32F1xx_HAL_Driver/Src/stm32f1xx_ll_usb.c **** /**
  77:Drivers/STM32F1xx_HAL_Driver/Src/stm32f1xx_ll_usb.c ****   * @brief  Initializes the USB Core
  78:Drivers/STM32F1xx_HAL_Driver/Src/stm32f1xx_ll_usb.c ****   * @param  USBx USB Instance
  79:Drivers/STM32F1xx_HAL_Driver/Src/stm32f1xx_ll_usb.c ****   * @param  cfg pointer to a USB_OTG_CfgTypeDef structure that contains
  80:Drivers/STM32F1xx_HAL_Driver/Src/stm32f1xx_ll_usb.c ****   *         the configuration information for the specified USBx peripheral.
  81:Drivers/STM32F1xx_HAL_Driver/Src/stm32f1xx_ll_usb.c ****   * @retval HAL status
  82:Drivers/STM32F1xx_HAL_Driver/Src/stm32f1xx_ll_usb.c ****   */
  83:Drivers/STM32F1xx_HAL_Driver/Src/stm32f1xx_ll_usb.c **** HAL_StatusTypeDef USB_CoreInit(USB_OTG_GlobalTypeDef *USBx, USB_OTG_CfgTypeDef cfg)
  84:Drivers/STM32F1xx_HAL_Driver/Src/stm32f1xx_ll_usb.c **** {
  85:Drivers/STM32F1xx_HAL_Driver/Src/stm32f1xx_ll_usb.c ****   HAL_StatusTypeDef ret;
  86:Drivers/STM32F1xx_HAL_Driver/Src/stm32f1xx_ll_usb.c **** 
  87:Drivers/STM32F1xx_HAL_Driver/Src/stm32f1xx_ll_usb.c ****   /* Select FS Embedded PHY */
  88:Drivers/STM32F1xx_HAL_Driver/Src/stm32f1xx_ll_usb.c ****   USBx->GUSBCFG |= USB_OTG_GUSBCFG_PHYSEL;
ARM GAS  C:\Users\jc\AppData\Local\Temp\ccrYs75M.s 			page 3


  89:Drivers/STM32F1xx_HAL_Driver/Src/stm32f1xx_ll_usb.c **** 
  90:Drivers/STM32F1xx_HAL_Driver/Src/stm32f1xx_ll_usb.c ****   /* Reset after a PHY select */
  91:Drivers/STM32F1xx_HAL_Driver/Src/stm32f1xx_ll_usb.c ****   ret = USB_CoreReset(USBx);
  92:Drivers/STM32F1xx_HAL_Driver/Src/stm32f1xx_ll_usb.c **** 
  93:Drivers/STM32F1xx_HAL_Driver/Src/stm32f1xx_ll_usb.c ****   /* Activate the USB Transceiver */
  94:Drivers/STM32F1xx_HAL_Driver/Src/stm32f1xx_ll_usb.c ****   USBx->GCCFG |= USB_OTG_GCCFG_PWRDWN;
  95:Drivers/STM32F1xx_HAL_Driver/Src/stm32f1xx_ll_usb.c **** 
  96:Drivers/STM32F1xx_HAL_Driver/Src/stm32f1xx_ll_usb.c ****   return ret;
  97:Drivers/STM32F1xx_HAL_Driver/Src/stm32f1xx_ll_usb.c **** }
  98:Drivers/STM32F1xx_HAL_Driver/Src/stm32f1xx_ll_usb.c **** 
  99:Drivers/STM32F1xx_HAL_Driver/Src/stm32f1xx_ll_usb.c **** 
 100:Drivers/STM32F1xx_HAL_Driver/Src/stm32f1xx_ll_usb.c **** /**
 101:Drivers/STM32F1xx_HAL_Driver/Src/stm32f1xx_ll_usb.c ****   * @brief  Set the USB turnaround time
 102:Drivers/STM32F1xx_HAL_Driver/Src/stm32f1xx_ll_usb.c ****   * @param  USBx USB Instance
 103:Drivers/STM32F1xx_HAL_Driver/Src/stm32f1xx_ll_usb.c ****   * @param  hclk: AHB clock frequency
 104:Drivers/STM32F1xx_HAL_Driver/Src/stm32f1xx_ll_usb.c ****   * @retval USB turnaround time In PHY Clocks number
 105:Drivers/STM32F1xx_HAL_Driver/Src/stm32f1xx_ll_usb.c ****   */
 106:Drivers/STM32F1xx_HAL_Driver/Src/stm32f1xx_ll_usb.c **** HAL_StatusTypeDef USB_SetTurnaroundTime(USB_OTG_GlobalTypeDef *USBx,
 107:Drivers/STM32F1xx_HAL_Driver/Src/stm32f1xx_ll_usb.c ****                                         uint32_t hclk, uint8_t speed)
 108:Drivers/STM32F1xx_HAL_Driver/Src/stm32f1xx_ll_usb.c **** {
 109:Drivers/STM32F1xx_HAL_Driver/Src/stm32f1xx_ll_usb.c ****   uint32_t UsbTrd;
 110:Drivers/STM32F1xx_HAL_Driver/Src/stm32f1xx_ll_usb.c **** 
 111:Drivers/STM32F1xx_HAL_Driver/Src/stm32f1xx_ll_usb.c ****   /* The USBTRD is configured according to the tables below, depending on AHB frequency
 112:Drivers/STM32F1xx_HAL_Driver/Src/stm32f1xx_ll_usb.c ****   used by application. In the low AHB frequency range it is used to stretch enough the USB response
 113:Drivers/STM32F1xx_HAL_Driver/Src/stm32f1xx_ll_usb.c ****   time to IN tokens, the USB turnaround time, so to compensate for the longer AHB read access
 114:Drivers/STM32F1xx_HAL_Driver/Src/stm32f1xx_ll_usb.c ****   latency to the Data FIFO */
 115:Drivers/STM32F1xx_HAL_Driver/Src/stm32f1xx_ll_usb.c ****   if (speed == USBD_FS_SPEED)
 116:Drivers/STM32F1xx_HAL_Driver/Src/stm32f1xx_ll_usb.c ****   {
 117:Drivers/STM32F1xx_HAL_Driver/Src/stm32f1xx_ll_usb.c ****     if ((hclk >= 14200000U) && (hclk < 15000000U))
 118:Drivers/STM32F1xx_HAL_Driver/Src/stm32f1xx_ll_usb.c ****     {
 119:Drivers/STM32F1xx_HAL_Driver/Src/stm32f1xx_ll_usb.c ****       /* hclk Clock Range between 14.2-15 MHz */
 120:Drivers/STM32F1xx_HAL_Driver/Src/stm32f1xx_ll_usb.c ****       UsbTrd = 0xFU;
 121:Drivers/STM32F1xx_HAL_Driver/Src/stm32f1xx_ll_usb.c ****     }
 122:Drivers/STM32F1xx_HAL_Driver/Src/stm32f1xx_ll_usb.c ****     else if ((hclk >= 15000000U) && (hclk < 16000000U))
 123:Drivers/STM32F1xx_HAL_Driver/Src/stm32f1xx_ll_usb.c ****     {
 124:Drivers/STM32F1xx_HAL_Driver/Src/stm32f1xx_ll_usb.c ****       /* hclk Clock Range between 15-16 MHz */
 125:Drivers/STM32F1xx_HAL_Driver/Src/stm32f1xx_ll_usb.c ****       UsbTrd = 0xEU;
 126:Drivers/STM32F1xx_HAL_Driver/Src/stm32f1xx_ll_usb.c ****     }
 127:Drivers/STM32F1xx_HAL_Driver/Src/stm32f1xx_ll_usb.c ****     else if ((hclk >= 16000000U) && (hclk < 17200000U))
 128:Drivers/STM32F1xx_HAL_Driver/Src/stm32f1xx_ll_usb.c ****     {
 129:Drivers/STM32F1xx_HAL_Driver/Src/stm32f1xx_ll_usb.c ****       /* hclk Clock Range between 16-17.2 MHz */
 130:Drivers/STM32F1xx_HAL_Driver/Src/stm32f1xx_ll_usb.c ****       UsbTrd = 0xDU;
 131:Drivers/STM32F1xx_HAL_Driver/Src/stm32f1xx_ll_usb.c ****     }
 132:Drivers/STM32F1xx_HAL_Driver/Src/stm32f1xx_ll_usb.c ****     else if ((hclk >= 17200000U) && (hclk < 18500000U))
 133:Drivers/STM32F1xx_HAL_Driver/Src/stm32f1xx_ll_usb.c ****     {
 134:Drivers/STM32F1xx_HAL_Driver/Src/stm32f1xx_ll_usb.c ****       /* hclk Clock Range between 17.2-18.5 MHz */
 135:Drivers/STM32F1xx_HAL_Driver/Src/stm32f1xx_ll_usb.c ****       UsbTrd = 0xCU;
 136:Drivers/STM32F1xx_HAL_Driver/Src/stm32f1xx_ll_usb.c ****     }
 137:Drivers/STM32F1xx_HAL_Driver/Src/stm32f1xx_ll_usb.c ****     else if ((hclk >= 18500000U) && (hclk < 20000000U))
 138:Drivers/STM32F1xx_HAL_Driver/Src/stm32f1xx_ll_usb.c ****     {
 139:Drivers/STM32F1xx_HAL_Driver/Src/stm32f1xx_ll_usb.c ****       /* hclk Clock Range between 18.5-20 MHz */
 140:Drivers/STM32F1xx_HAL_Driver/Src/stm32f1xx_ll_usb.c ****       UsbTrd = 0xBU;
 141:Drivers/STM32F1xx_HAL_Driver/Src/stm32f1xx_ll_usb.c ****     }
 142:Drivers/STM32F1xx_HAL_Driver/Src/stm32f1xx_ll_usb.c ****     else if ((hclk >= 20000000U) && (hclk < 21800000U))
 143:Drivers/STM32F1xx_HAL_Driver/Src/stm32f1xx_ll_usb.c ****     {
 144:Drivers/STM32F1xx_HAL_Driver/Src/stm32f1xx_ll_usb.c ****       /* hclk Clock Range between 20-21.8 MHz */
 145:Drivers/STM32F1xx_HAL_Driver/Src/stm32f1xx_ll_usb.c ****       UsbTrd = 0xAU;
ARM GAS  C:\Users\jc\AppData\Local\Temp\ccrYs75M.s 			page 4


 146:Drivers/STM32F1xx_HAL_Driver/Src/stm32f1xx_ll_usb.c ****     }
 147:Drivers/STM32F1xx_HAL_Driver/Src/stm32f1xx_ll_usb.c ****     else if ((hclk >= 21800000U) && (hclk < 24000000U))
 148:Drivers/STM32F1xx_HAL_Driver/Src/stm32f1xx_ll_usb.c ****     {
 149:Drivers/STM32F1xx_HAL_Driver/Src/stm32f1xx_ll_usb.c ****       /* hclk Clock Range between 21.8-24 MHz */
 150:Drivers/STM32F1xx_HAL_Driver/Src/stm32f1xx_ll_usb.c ****       UsbTrd = 0x9U;
 151:Drivers/STM32F1xx_HAL_Driver/Src/stm32f1xx_ll_usb.c ****     }
 152:Drivers/STM32F1xx_HAL_Driver/Src/stm32f1xx_ll_usb.c ****     else if ((hclk >= 24000000U) && (hclk < 27700000U))
 153:Drivers/STM32F1xx_HAL_Driver/Src/stm32f1xx_ll_usb.c ****     {
 154:Drivers/STM32F1xx_HAL_Driver/Src/stm32f1xx_ll_usb.c ****       /* hclk Clock Range between 24-27.7 MHz */
 155:Drivers/STM32F1xx_HAL_Driver/Src/stm32f1xx_ll_usb.c ****       UsbTrd = 0x8U;
 156:Drivers/STM32F1xx_HAL_Driver/Src/stm32f1xx_ll_usb.c ****     }
 157:Drivers/STM32F1xx_HAL_Driver/Src/stm32f1xx_ll_usb.c ****     else if ((hclk >= 27700000U) && (hclk < 32000000U))
 158:Drivers/STM32F1xx_HAL_Driver/Src/stm32f1xx_ll_usb.c ****     {
 159:Drivers/STM32F1xx_HAL_Driver/Src/stm32f1xx_ll_usb.c ****       /* hclk Clock Range between 27.7-32 MHz */
 160:Drivers/STM32F1xx_HAL_Driver/Src/stm32f1xx_ll_usb.c ****       UsbTrd = 0x7U;
 161:Drivers/STM32F1xx_HAL_Driver/Src/stm32f1xx_ll_usb.c ****     }
 162:Drivers/STM32F1xx_HAL_Driver/Src/stm32f1xx_ll_usb.c ****     else /* if(hclk >= 32000000) */
 163:Drivers/STM32F1xx_HAL_Driver/Src/stm32f1xx_ll_usb.c ****     {
 164:Drivers/STM32F1xx_HAL_Driver/Src/stm32f1xx_ll_usb.c ****       /* hclk Clock Range between 32-200 MHz */
 165:Drivers/STM32F1xx_HAL_Driver/Src/stm32f1xx_ll_usb.c ****       UsbTrd = 0x6U;
 166:Drivers/STM32F1xx_HAL_Driver/Src/stm32f1xx_ll_usb.c ****     }
 167:Drivers/STM32F1xx_HAL_Driver/Src/stm32f1xx_ll_usb.c ****   }
 168:Drivers/STM32F1xx_HAL_Driver/Src/stm32f1xx_ll_usb.c ****   else
 169:Drivers/STM32F1xx_HAL_Driver/Src/stm32f1xx_ll_usb.c ****   {
 170:Drivers/STM32F1xx_HAL_Driver/Src/stm32f1xx_ll_usb.c ****     UsbTrd = USBD_DEFAULT_TRDT_VALUE;
 171:Drivers/STM32F1xx_HAL_Driver/Src/stm32f1xx_ll_usb.c ****   }
 172:Drivers/STM32F1xx_HAL_Driver/Src/stm32f1xx_ll_usb.c **** 
 173:Drivers/STM32F1xx_HAL_Driver/Src/stm32f1xx_ll_usb.c ****   USBx->GUSBCFG &= ~USB_OTG_GUSBCFG_TRDT;
 174:Drivers/STM32F1xx_HAL_Driver/Src/stm32f1xx_ll_usb.c ****   USBx->GUSBCFG |= (uint32_t)((UsbTrd << 10) & USB_OTG_GUSBCFG_TRDT);
 175:Drivers/STM32F1xx_HAL_Driver/Src/stm32f1xx_ll_usb.c **** 
 176:Drivers/STM32F1xx_HAL_Driver/Src/stm32f1xx_ll_usb.c ****   return HAL_OK;
 177:Drivers/STM32F1xx_HAL_Driver/Src/stm32f1xx_ll_usb.c **** }
 178:Drivers/STM32F1xx_HAL_Driver/Src/stm32f1xx_ll_usb.c **** 
 179:Drivers/STM32F1xx_HAL_Driver/Src/stm32f1xx_ll_usb.c **** /**
 180:Drivers/STM32F1xx_HAL_Driver/Src/stm32f1xx_ll_usb.c ****   * @brief  USB_EnableGlobalInt
 181:Drivers/STM32F1xx_HAL_Driver/Src/stm32f1xx_ll_usb.c ****   *         Enables the controller's Global Int in the AHB Config reg
 182:Drivers/STM32F1xx_HAL_Driver/Src/stm32f1xx_ll_usb.c ****   * @param  USBx  Selected device
 183:Drivers/STM32F1xx_HAL_Driver/Src/stm32f1xx_ll_usb.c ****   * @retval HAL status
 184:Drivers/STM32F1xx_HAL_Driver/Src/stm32f1xx_ll_usb.c ****   */
 185:Drivers/STM32F1xx_HAL_Driver/Src/stm32f1xx_ll_usb.c **** HAL_StatusTypeDef USB_EnableGlobalInt(USB_OTG_GlobalTypeDef *USBx)
 186:Drivers/STM32F1xx_HAL_Driver/Src/stm32f1xx_ll_usb.c **** {
 187:Drivers/STM32F1xx_HAL_Driver/Src/stm32f1xx_ll_usb.c ****   USBx->GAHBCFG |= USB_OTG_GAHBCFG_GINT;
 188:Drivers/STM32F1xx_HAL_Driver/Src/stm32f1xx_ll_usb.c ****   return HAL_OK;
 189:Drivers/STM32F1xx_HAL_Driver/Src/stm32f1xx_ll_usb.c **** }
 190:Drivers/STM32F1xx_HAL_Driver/Src/stm32f1xx_ll_usb.c **** 
 191:Drivers/STM32F1xx_HAL_Driver/Src/stm32f1xx_ll_usb.c **** /**
 192:Drivers/STM32F1xx_HAL_Driver/Src/stm32f1xx_ll_usb.c ****   * @brief  USB_DisableGlobalInt
 193:Drivers/STM32F1xx_HAL_Driver/Src/stm32f1xx_ll_usb.c ****   *         Disable the controller's Global Int in the AHB Config reg
 194:Drivers/STM32F1xx_HAL_Driver/Src/stm32f1xx_ll_usb.c ****   * @param  USBx  Selected device
 195:Drivers/STM32F1xx_HAL_Driver/Src/stm32f1xx_ll_usb.c ****   * @retval HAL status
 196:Drivers/STM32F1xx_HAL_Driver/Src/stm32f1xx_ll_usb.c ****   */
 197:Drivers/STM32F1xx_HAL_Driver/Src/stm32f1xx_ll_usb.c **** HAL_StatusTypeDef USB_DisableGlobalInt(USB_OTG_GlobalTypeDef *USBx)
 198:Drivers/STM32F1xx_HAL_Driver/Src/stm32f1xx_ll_usb.c **** {
 199:Drivers/STM32F1xx_HAL_Driver/Src/stm32f1xx_ll_usb.c ****   USBx->GAHBCFG &= ~USB_OTG_GAHBCFG_GINT;
 200:Drivers/STM32F1xx_HAL_Driver/Src/stm32f1xx_ll_usb.c ****   return HAL_OK;
 201:Drivers/STM32F1xx_HAL_Driver/Src/stm32f1xx_ll_usb.c **** }
 202:Drivers/STM32F1xx_HAL_Driver/Src/stm32f1xx_ll_usb.c **** 
ARM GAS  C:\Users\jc\AppData\Local\Temp\ccrYs75M.s 			page 5


 203:Drivers/STM32F1xx_HAL_Driver/Src/stm32f1xx_ll_usb.c **** /**
 204:Drivers/STM32F1xx_HAL_Driver/Src/stm32f1xx_ll_usb.c ****   * @brief  USB_SetCurrentMode Set functional mode
 205:Drivers/STM32F1xx_HAL_Driver/Src/stm32f1xx_ll_usb.c ****   * @param  USBx  Selected device
 206:Drivers/STM32F1xx_HAL_Driver/Src/stm32f1xx_ll_usb.c ****   * @param  mode  current core mode
 207:Drivers/STM32F1xx_HAL_Driver/Src/stm32f1xx_ll_usb.c ****   *          This parameter can be one of these values:
 208:Drivers/STM32F1xx_HAL_Driver/Src/stm32f1xx_ll_usb.c ****   *            @arg USB_DEVICE_MODE Peripheral mode
 209:Drivers/STM32F1xx_HAL_Driver/Src/stm32f1xx_ll_usb.c ****   *            @arg USB_HOST_MODE Host mode
 210:Drivers/STM32F1xx_HAL_Driver/Src/stm32f1xx_ll_usb.c ****   * @retval HAL status
 211:Drivers/STM32F1xx_HAL_Driver/Src/stm32f1xx_ll_usb.c ****   */
 212:Drivers/STM32F1xx_HAL_Driver/Src/stm32f1xx_ll_usb.c **** HAL_StatusTypeDef USB_SetCurrentMode(USB_OTG_GlobalTypeDef *USBx, USB_ModeTypeDef mode)
 213:Drivers/STM32F1xx_HAL_Driver/Src/stm32f1xx_ll_usb.c **** {
 214:Drivers/STM32F1xx_HAL_Driver/Src/stm32f1xx_ll_usb.c ****   uint32_t ms = 0U;
 215:Drivers/STM32F1xx_HAL_Driver/Src/stm32f1xx_ll_usb.c **** 
 216:Drivers/STM32F1xx_HAL_Driver/Src/stm32f1xx_ll_usb.c ****   USBx->GUSBCFG &= ~(USB_OTG_GUSBCFG_FHMOD | USB_OTG_GUSBCFG_FDMOD);
 217:Drivers/STM32F1xx_HAL_Driver/Src/stm32f1xx_ll_usb.c **** 
 218:Drivers/STM32F1xx_HAL_Driver/Src/stm32f1xx_ll_usb.c ****   if (mode == USB_HOST_MODE)
 219:Drivers/STM32F1xx_HAL_Driver/Src/stm32f1xx_ll_usb.c ****   {
 220:Drivers/STM32F1xx_HAL_Driver/Src/stm32f1xx_ll_usb.c ****     USBx->GUSBCFG |= USB_OTG_GUSBCFG_FHMOD;
 221:Drivers/STM32F1xx_HAL_Driver/Src/stm32f1xx_ll_usb.c **** 
 222:Drivers/STM32F1xx_HAL_Driver/Src/stm32f1xx_ll_usb.c ****     do
 223:Drivers/STM32F1xx_HAL_Driver/Src/stm32f1xx_ll_usb.c ****     {
 224:Drivers/STM32F1xx_HAL_Driver/Src/stm32f1xx_ll_usb.c ****       HAL_Delay(10U);
 225:Drivers/STM32F1xx_HAL_Driver/Src/stm32f1xx_ll_usb.c ****       ms += 10U;
 226:Drivers/STM32F1xx_HAL_Driver/Src/stm32f1xx_ll_usb.c ****     } while ((USB_GetMode(USBx) != (uint32_t)USB_HOST_MODE) && (ms < HAL_USB_CURRENT_MODE_MAX_DELAY
 227:Drivers/STM32F1xx_HAL_Driver/Src/stm32f1xx_ll_usb.c ****   }
 228:Drivers/STM32F1xx_HAL_Driver/Src/stm32f1xx_ll_usb.c ****   else if (mode == USB_DEVICE_MODE)
 229:Drivers/STM32F1xx_HAL_Driver/Src/stm32f1xx_ll_usb.c ****   {
 230:Drivers/STM32F1xx_HAL_Driver/Src/stm32f1xx_ll_usb.c ****     USBx->GUSBCFG |= USB_OTG_GUSBCFG_FDMOD;
 231:Drivers/STM32F1xx_HAL_Driver/Src/stm32f1xx_ll_usb.c **** 
 232:Drivers/STM32F1xx_HAL_Driver/Src/stm32f1xx_ll_usb.c ****     do
 233:Drivers/STM32F1xx_HAL_Driver/Src/stm32f1xx_ll_usb.c ****     {
 234:Drivers/STM32F1xx_HAL_Driver/Src/stm32f1xx_ll_usb.c ****       HAL_Delay(10U);
 235:Drivers/STM32F1xx_HAL_Driver/Src/stm32f1xx_ll_usb.c ****       ms += 10U;
 236:Drivers/STM32F1xx_HAL_Driver/Src/stm32f1xx_ll_usb.c ****     } while ((USB_GetMode(USBx) != (uint32_t)USB_DEVICE_MODE) && (ms < HAL_USB_CURRENT_MODE_MAX_DEL
 237:Drivers/STM32F1xx_HAL_Driver/Src/stm32f1xx_ll_usb.c ****   }
 238:Drivers/STM32F1xx_HAL_Driver/Src/stm32f1xx_ll_usb.c ****   else
 239:Drivers/STM32F1xx_HAL_Driver/Src/stm32f1xx_ll_usb.c ****   {
 240:Drivers/STM32F1xx_HAL_Driver/Src/stm32f1xx_ll_usb.c ****     return HAL_ERROR;
 241:Drivers/STM32F1xx_HAL_Driver/Src/stm32f1xx_ll_usb.c ****   }
 242:Drivers/STM32F1xx_HAL_Driver/Src/stm32f1xx_ll_usb.c **** 
 243:Drivers/STM32F1xx_HAL_Driver/Src/stm32f1xx_ll_usb.c ****   if (ms == HAL_USB_CURRENT_MODE_MAX_DELAY_MS)
 244:Drivers/STM32F1xx_HAL_Driver/Src/stm32f1xx_ll_usb.c ****   {
 245:Drivers/STM32F1xx_HAL_Driver/Src/stm32f1xx_ll_usb.c ****     return HAL_ERROR;
 246:Drivers/STM32F1xx_HAL_Driver/Src/stm32f1xx_ll_usb.c ****   }
 247:Drivers/STM32F1xx_HAL_Driver/Src/stm32f1xx_ll_usb.c **** 
 248:Drivers/STM32F1xx_HAL_Driver/Src/stm32f1xx_ll_usb.c ****   return HAL_OK;
 249:Drivers/STM32F1xx_HAL_Driver/Src/stm32f1xx_ll_usb.c **** }
 250:Drivers/STM32F1xx_HAL_Driver/Src/stm32f1xx_ll_usb.c **** 
 251:Drivers/STM32F1xx_HAL_Driver/Src/stm32f1xx_ll_usb.c **** /**
 252:Drivers/STM32F1xx_HAL_Driver/Src/stm32f1xx_ll_usb.c ****   * @brief  USB_DevInit Initializes the USB_OTG controller registers
 253:Drivers/STM32F1xx_HAL_Driver/Src/stm32f1xx_ll_usb.c ****   *         for device mode
 254:Drivers/STM32F1xx_HAL_Driver/Src/stm32f1xx_ll_usb.c ****   * @param  USBx  Selected device
 255:Drivers/STM32F1xx_HAL_Driver/Src/stm32f1xx_ll_usb.c ****   * @param  cfg   pointer to a USB_OTG_CfgTypeDef structure that contains
 256:Drivers/STM32F1xx_HAL_Driver/Src/stm32f1xx_ll_usb.c ****   *         the configuration information for the specified USBx peripheral.
 257:Drivers/STM32F1xx_HAL_Driver/Src/stm32f1xx_ll_usb.c ****   * @retval HAL status
 258:Drivers/STM32F1xx_HAL_Driver/Src/stm32f1xx_ll_usb.c ****   */
 259:Drivers/STM32F1xx_HAL_Driver/Src/stm32f1xx_ll_usb.c **** HAL_StatusTypeDef USB_DevInit(USB_OTG_GlobalTypeDef *USBx, USB_OTG_CfgTypeDef cfg)
ARM GAS  C:\Users\jc\AppData\Local\Temp\ccrYs75M.s 			page 6


 260:Drivers/STM32F1xx_HAL_Driver/Src/stm32f1xx_ll_usb.c **** {
 261:Drivers/STM32F1xx_HAL_Driver/Src/stm32f1xx_ll_usb.c ****   HAL_StatusTypeDef ret = HAL_OK;
 262:Drivers/STM32F1xx_HAL_Driver/Src/stm32f1xx_ll_usb.c ****   uint32_t USBx_BASE = (uint32_t)USBx;
 263:Drivers/STM32F1xx_HAL_Driver/Src/stm32f1xx_ll_usb.c ****   uint32_t i;
 264:Drivers/STM32F1xx_HAL_Driver/Src/stm32f1xx_ll_usb.c **** 
 265:Drivers/STM32F1xx_HAL_Driver/Src/stm32f1xx_ll_usb.c ****   for (i = 0U; i < 15U; i++)
 266:Drivers/STM32F1xx_HAL_Driver/Src/stm32f1xx_ll_usb.c ****   {
 267:Drivers/STM32F1xx_HAL_Driver/Src/stm32f1xx_ll_usb.c ****     USBx->DIEPTXF[i] = 0U;
 268:Drivers/STM32F1xx_HAL_Driver/Src/stm32f1xx_ll_usb.c ****   }
 269:Drivers/STM32F1xx_HAL_Driver/Src/stm32f1xx_ll_usb.c **** 
 270:Drivers/STM32F1xx_HAL_Driver/Src/stm32f1xx_ll_usb.c ****   /* Enable HW VBUS sensing */
 271:Drivers/STM32F1xx_HAL_Driver/Src/stm32f1xx_ll_usb.c ****   USBx->GCCFG |= USB_OTG_GCCFG_VBUSBSEN;
 272:Drivers/STM32F1xx_HAL_Driver/Src/stm32f1xx_ll_usb.c **** 
 273:Drivers/STM32F1xx_HAL_Driver/Src/stm32f1xx_ll_usb.c ****   /* Restart the Phy Clock */
 274:Drivers/STM32F1xx_HAL_Driver/Src/stm32f1xx_ll_usb.c ****   USBx_PCGCCTL = 0U;
 275:Drivers/STM32F1xx_HAL_Driver/Src/stm32f1xx_ll_usb.c **** 
 276:Drivers/STM32F1xx_HAL_Driver/Src/stm32f1xx_ll_usb.c ****   /* Set Core speed to Full speed mode */
 277:Drivers/STM32F1xx_HAL_Driver/Src/stm32f1xx_ll_usb.c ****   (void)USB_SetDevSpeed(USBx, USB_OTG_SPEED_FULL);
 278:Drivers/STM32F1xx_HAL_Driver/Src/stm32f1xx_ll_usb.c **** 
 279:Drivers/STM32F1xx_HAL_Driver/Src/stm32f1xx_ll_usb.c ****   /* Flush the FIFOs */
 280:Drivers/STM32F1xx_HAL_Driver/Src/stm32f1xx_ll_usb.c ****   if (USB_FlushTxFifo(USBx, 0x10U) != HAL_OK) /* all Tx FIFOs */
 281:Drivers/STM32F1xx_HAL_Driver/Src/stm32f1xx_ll_usb.c ****   {
 282:Drivers/STM32F1xx_HAL_Driver/Src/stm32f1xx_ll_usb.c ****     ret = HAL_ERROR;
 283:Drivers/STM32F1xx_HAL_Driver/Src/stm32f1xx_ll_usb.c ****   }
 284:Drivers/STM32F1xx_HAL_Driver/Src/stm32f1xx_ll_usb.c **** 
 285:Drivers/STM32F1xx_HAL_Driver/Src/stm32f1xx_ll_usb.c ****   if (USB_FlushRxFifo(USBx) != HAL_OK)
 286:Drivers/STM32F1xx_HAL_Driver/Src/stm32f1xx_ll_usb.c ****   {
 287:Drivers/STM32F1xx_HAL_Driver/Src/stm32f1xx_ll_usb.c ****     ret = HAL_ERROR;
 288:Drivers/STM32F1xx_HAL_Driver/Src/stm32f1xx_ll_usb.c ****   }
 289:Drivers/STM32F1xx_HAL_Driver/Src/stm32f1xx_ll_usb.c **** 
 290:Drivers/STM32F1xx_HAL_Driver/Src/stm32f1xx_ll_usb.c ****   /* Clear all pending Device Interrupts */
 291:Drivers/STM32F1xx_HAL_Driver/Src/stm32f1xx_ll_usb.c ****   USBx_DEVICE->DIEPMSK = 0U;
 292:Drivers/STM32F1xx_HAL_Driver/Src/stm32f1xx_ll_usb.c ****   USBx_DEVICE->DOEPMSK = 0U;
 293:Drivers/STM32F1xx_HAL_Driver/Src/stm32f1xx_ll_usb.c ****   USBx_DEVICE->DAINTMSK = 0U;
 294:Drivers/STM32F1xx_HAL_Driver/Src/stm32f1xx_ll_usb.c **** 
 295:Drivers/STM32F1xx_HAL_Driver/Src/stm32f1xx_ll_usb.c ****   for (i = 0U; i < cfg.dev_endpoints; i++)
 296:Drivers/STM32F1xx_HAL_Driver/Src/stm32f1xx_ll_usb.c ****   {
 297:Drivers/STM32F1xx_HAL_Driver/Src/stm32f1xx_ll_usb.c ****     if ((USBx_INEP(i)->DIEPCTL & USB_OTG_DIEPCTL_EPENA) == USB_OTG_DIEPCTL_EPENA)
 298:Drivers/STM32F1xx_HAL_Driver/Src/stm32f1xx_ll_usb.c ****     {
 299:Drivers/STM32F1xx_HAL_Driver/Src/stm32f1xx_ll_usb.c ****       if (i == 0U)
 300:Drivers/STM32F1xx_HAL_Driver/Src/stm32f1xx_ll_usb.c ****       {
 301:Drivers/STM32F1xx_HAL_Driver/Src/stm32f1xx_ll_usb.c ****         USBx_INEP(i)->DIEPCTL = USB_OTG_DIEPCTL_SNAK;
 302:Drivers/STM32F1xx_HAL_Driver/Src/stm32f1xx_ll_usb.c ****       }
 303:Drivers/STM32F1xx_HAL_Driver/Src/stm32f1xx_ll_usb.c ****       else
 304:Drivers/STM32F1xx_HAL_Driver/Src/stm32f1xx_ll_usb.c ****       {
 305:Drivers/STM32F1xx_HAL_Driver/Src/stm32f1xx_ll_usb.c ****         USBx_INEP(i)->DIEPCTL = USB_OTG_DIEPCTL_EPDIS | USB_OTG_DIEPCTL_SNAK;
 306:Drivers/STM32F1xx_HAL_Driver/Src/stm32f1xx_ll_usb.c ****       }
 307:Drivers/STM32F1xx_HAL_Driver/Src/stm32f1xx_ll_usb.c ****     }
 308:Drivers/STM32F1xx_HAL_Driver/Src/stm32f1xx_ll_usb.c ****     else
 309:Drivers/STM32F1xx_HAL_Driver/Src/stm32f1xx_ll_usb.c ****     {
 310:Drivers/STM32F1xx_HAL_Driver/Src/stm32f1xx_ll_usb.c ****       USBx_INEP(i)->DIEPCTL = 0U;
 311:Drivers/STM32F1xx_HAL_Driver/Src/stm32f1xx_ll_usb.c ****     }
 312:Drivers/STM32F1xx_HAL_Driver/Src/stm32f1xx_ll_usb.c **** 
 313:Drivers/STM32F1xx_HAL_Driver/Src/stm32f1xx_ll_usb.c ****     USBx_INEP(i)->DIEPTSIZ = 0U;
 314:Drivers/STM32F1xx_HAL_Driver/Src/stm32f1xx_ll_usb.c ****     USBx_INEP(i)->DIEPINT  = 0xFB7FU;
 315:Drivers/STM32F1xx_HAL_Driver/Src/stm32f1xx_ll_usb.c ****   }
 316:Drivers/STM32F1xx_HAL_Driver/Src/stm32f1xx_ll_usb.c **** 
ARM GAS  C:\Users\jc\AppData\Local\Temp\ccrYs75M.s 			page 7


 317:Drivers/STM32F1xx_HAL_Driver/Src/stm32f1xx_ll_usb.c ****   for (i = 0U; i < cfg.dev_endpoints; i++)
 318:Drivers/STM32F1xx_HAL_Driver/Src/stm32f1xx_ll_usb.c ****   {
 319:Drivers/STM32F1xx_HAL_Driver/Src/stm32f1xx_ll_usb.c ****     if ((USBx_OUTEP(i)->DOEPCTL & USB_OTG_DOEPCTL_EPENA) == USB_OTG_DOEPCTL_EPENA)
 320:Drivers/STM32F1xx_HAL_Driver/Src/stm32f1xx_ll_usb.c ****     {
 321:Drivers/STM32F1xx_HAL_Driver/Src/stm32f1xx_ll_usb.c ****       if (i == 0U)
 322:Drivers/STM32F1xx_HAL_Driver/Src/stm32f1xx_ll_usb.c ****       {
 323:Drivers/STM32F1xx_HAL_Driver/Src/stm32f1xx_ll_usb.c ****         USBx_OUTEP(i)->DOEPCTL = USB_OTG_DOEPCTL_SNAK;
 324:Drivers/STM32F1xx_HAL_Driver/Src/stm32f1xx_ll_usb.c ****       }
 325:Drivers/STM32F1xx_HAL_Driver/Src/stm32f1xx_ll_usb.c ****       else
 326:Drivers/STM32F1xx_HAL_Driver/Src/stm32f1xx_ll_usb.c ****       {
 327:Drivers/STM32F1xx_HAL_Driver/Src/stm32f1xx_ll_usb.c ****         USBx_OUTEP(i)->DOEPCTL = USB_OTG_DOEPCTL_EPDIS | USB_OTG_DOEPCTL_SNAK;
 328:Drivers/STM32F1xx_HAL_Driver/Src/stm32f1xx_ll_usb.c ****       }
 329:Drivers/STM32F1xx_HAL_Driver/Src/stm32f1xx_ll_usb.c ****     }
 330:Drivers/STM32F1xx_HAL_Driver/Src/stm32f1xx_ll_usb.c ****     else
 331:Drivers/STM32F1xx_HAL_Driver/Src/stm32f1xx_ll_usb.c ****     {
 332:Drivers/STM32F1xx_HAL_Driver/Src/stm32f1xx_ll_usb.c ****       USBx_OUTEP(i)->DOEPCTL = 0U;
 333:Drivers/STM32F1xx_HAL_Driver/Src/stm32f1xx_ll_usb.c ****     }
 334:Drivers/STM32F1xx_HAL_Driver/Src/stm32f1xx_ll_usb.c **** 
 335:Drivers/STM32F1xx_HAL_Driver/Src/stm32f1xx_ll_usb.c ****     USBx_OUTEP(i)->DOEPTSIZ = 0U;
 336:Drivers/STM32F1xx_HAL_Driver/Src/stm32f1xx_ll_usb.c ****     USBx_OUTEP(i)->DOEPINT  = 0xFB7FU;
 337:Drivers/STM32F1xx_HAL_Driver/Src/stm32f1xx_ll_usb.c ****   }
 338:Drivers/STM32F1xx_HAL_Driver/Src/stm32f1xx_ll_usb.c **** 
 339:Drivers/STM32F1xx_HAL_Driver/Src/stm32f1xx_ll_usb.c ****   USBx_DEVICE->DIEPMSK &= ~(USB_OTG_DIEPMSK_TXFURM);
 340:Drivers/STM32F1xx_HAL_Driver/Src/stm32f1xx_ll_usb.c **** 
 341:Drivers/STM32F1xx_HAL_Driver/Src/stm32f1xx_ll_usb.c ****   /* Disable all interrupts. */
 342:Drivers/STM32F1xx_HAL_Driver/Src/stm32f1xx_ll_usb.c ****   USBx->GINTMSK = 0U;
 343:Drivers/STM32F1xx_HAL_Driver/Src/stm32f1xx_ll_usb.c **** 
 344:Drivers/STM32F1xx_HAL_Driver/Src/stm32f1xx_ll_usb.c ****   /* Clear any pending interrupts */
 345:Drivers/STM32F1xx_HAL_Driver/Src/stm32f1xx_ll_usb.c ****   USBx->GINTSTS = 0xBFFFFFFFU;
 346:Drivers/STM32F1xx_HAL_Driver/Src/stm32f1xx_ll_usb.c **** 
 347:Drivers/STM32F1xx_HAL_Driver/Src/stm32f1xx_ll_usb.c ****   /* Enable the common interrupts */
 348:Drivers/STM32F1xx_HAL_Driver/Src/stm32f1xx_ll_usb.c ****   USBx->GINTMSK |= USB_OTG_GINTMSK_RXFLVLM;
 349:Drivers/STM32F1xx_HAL_Driver/Src/stm32f1xx_ll_usb.c **** 
 350:Drivers/STM32F1xx_HAL_Driver/Src/stm32f1xx_ll_usb.c ****   /* Enable interrupts matching to the Device mode ONLY */
 351:Drivers/STM32F1xx_HAL_Driver/Src/stm32f1xx_ll_usb.c ****   USBx->GINTMSK |= USB_OTG_GINTMSK_USBSUSPM | USB_OTG_GINTMSK_USBRST |
 352:Drivers/STM32F1xx_HAL_Driver/Src/stm32f1xx_ll_usb.c ****                    USB_OTG_GINTMSK_ENUMDNEM | USB_OTG_GINTMSK_IEPINT |
 353:Drivers/STM32F1xx_HAL_Driver/Src/stm32f1xx_ll_usb.c ****                    USB_OTG_GINTMSK_OEPINT   | USB_OTG_GINTMSK_IISOIXFRM |
 354:Drivers/STM32F1xx_HAL_Driver/Src/stm32f1xx_ll_usb.c ****                    USB_OTG_GINTMSK_PXFRM_IISOOXFRM | USB_OTG_GINTMSK_WUIM;
 355:Drivers/STM32F1xx_HAL_Driver/Src/stm32f1xx_ll_usb.c **** 
 356:Drivers/STM32F1xx_HAL_Driver/Src/stm32f1xx_ll_usb.c ****   if (cfg.Sof_enable != 0U)
 357:Drivers/STM32F1xx_HAL_Driver/Src/stm32f1xx_ll_usb.c ****   {
 358:Drivers/STM32F1xx_HAL_Driver/Src/stm32f1xx_ll_usb.c ****     USBx->GINTMSK |= USB_OTG_GINTMSK_SOFM;
 359:Drivers/STM32F1xx_HAL_Driver/Src/stm32f1xx_ll_usb.c ****   }
 360:Drivers/STM32F1xx_HAL_Driver/Src/stm32f1xx_ll_usb.c **** 
 361:Drivers/STM32F1xx_HAL_Driver/Src/stm32f1xx_ll_usb.c ****   if (cfg.vbus_sensing_enable == 1U)
 362:Drivers/STM32F1xx_HAL_Driver/Src/stm32f1xx_ll_usb.c ****   {
 363:Drivers/STM32F1xx_HAL_Driver/Src/stm32f1xx_ll_usb.c ****     USBx->GINTMSK |= (USB_OTG_GINTMSK_SRQIM | USB_OTG_GINTMSK_OTGINT);
 364:Drivers/STM32F1xx_HAL_Driver/Src/stm32f1xx_ll_usb.c ****   }
 365:Drivers/STM32F1xx_HAL_Driver/Src/stm32f1xx_ll_usb.c **** 
 366:Drivers/STM32F1xx_HAL_Driver/Src/stm32f1xx_ll_usb.c ****   return ret;
 367:Drivers/STM32F1xx_HAL_Driver/Src/stm32f1xx_ll_usb.c **** }
 368:Drivers/STM32F1xx_HAL_Driver/Src/stm32f1xx_ll_usb.c **** 
 369:Drivers/STM32F1xx_HAL_Driver/Src/stm32f1xx_ll_usb.c **** /**
 370:Drivers/STM32F1xx_HAL_Driver/Src/stm32f1xx_ll_usb.c ****   * @brief  USB_FlushTxFifo Flush a Tx FIFO
 371:Drivers/STM32F1xx_HAL_Driver/Src/stm32f1xx_ll_usb.c ****   * @param  USBx  Selected device
 372:Drivers/STM32F1xx_HAL_Driver/Src/stm32f1xx_ll_usb.c ****   * @param  num  FIFO number
 373:Drivers/STM32F1xx_HAL_Driver/Src/stm32f1xx_ll_usb.c ****   *         This parameter can be a value from 1 to 15
ARM GAS  C:\Users\jc\AppData\Local\Temp\ccrYs75M.s 			page 8


 374:Drivers/STM32F1xx_HAL_Driver/Src/stm32f1xx_ll_usb.c ****             15 means Flush all Tx FIFOs
 375:Drivers/STM32F1xx_HAL_Driver/Src/stm32f1xx_ll_usb.c ****   * @retval HAL status
 376:Drivers/STM32F1xx_HAL_Driver/Src/stm32f1xx_ll_usb.c ****   */
 377:Drivers/STM32F1xx_HAL_Driver/Src/stm32f1xx_ll_usb.c **** HAL_StatusTypeDef USB_FlushTxFifo(USB_OTG_GlobalTypeDef *USBx, uint32_t num)
 378:Drivers/STM32F1xx_HAL_Driver/Src/stm32f1xx_ll_usb.c **** {
 379:Drivers/STM32F1xx_HAL_Driver/Src/stm32f1xx_ll_usb.c ****   __IO uint32_t count = 0U;
 380:Drivers/STM32F1xx_HAL_Driver/Src/stm32f1xx_ll_usb.c **** 
 381:Drivers/STM32F1xx_HAL_Driver/Src/stm32f1xx_ll_usb.c ****   /* Wait for AHB master IDLE state. */
 382:Drivers/STM32F1xx_HAL_Driver/Src/stm32f1xx_ll_usb.c ****   do
 383:Drivers/STM32F1xx_HAL_Driver/Src/stm32f1xx_ll_usb.c ****   {
 384:Drivers/STM32F1xx_HAL_Driver/Src/stm32f1xx_ll_usb.c ****     count++;
 385:Drivers/STM32F1xx_HAL_Driver/Src/stm32f1xx_ll_usb.c **** 
 386:Drivers/STM32F1xx_HAL_Driver/Src/stm32f1xx_ll_usb.c ****     if (count > HAL_USB_TIMEOUT)
 387:Drivers/STM32F1xx_HAL_Driver/Src/stm32f1xx_ll_usb.c ****     {
 388:Drivers/STM32F1xx_HAL_Driver/Src/stm32f1xx_ll_usb.c ****       return HAL_TIMEOUT;
 389:Drivers/STM32F1xx_HAL_Driver/Src/stm32f1xx_ll_usb.c ****     }
 390:Drivers/STM32F1xx_HAL_Driver/Src/stm32f1xx_ll_usb.c ****   } while ((USBx->GRSTCTL & USB_OTG_GRSTCTL_AHBIDL) == 0U);
 391:Drivers/STM32F1xx_HAL_Driver/Src/stm32f1xx_ll_usb.c **** 
 392:Drivers/STM32F1xx_HAL_Driver/Src/stm32f1xx_ll_usb.c ****   /* Flush TX Fifo */
 393:Drivers/STM32F1xx_HAL_Driver/Src/stm32f1xx_ll_usb.c ****   count = 0U;
 394:Drivers/STM32F1xx_HAL_Driver/Src/stm32f1xx_ll_usb.c ****   USBx->GRSTCTL = (USB_OTG_GRSTCTL_TXFFLSH | (num << 6));
 395:Drivers/STM32F1xx_HAL_Driver/Src/stm32f1xx_ll_usb.c **** 
 396:Drivers/STM32F1xx_HAL_Driver/Src/stm32f1xx_ll_usb.c ****   do
 397:Drivers/STM32F1xx_HAL_Driver/Src/stm32f1xx_ll_usb.c ****   {
 398:Drivers/STM32F1xx_HAL_Driver/Src/stm32f1xx_ll_usb.c ****     count++;
 399:Drivers/STM32F1xx_HAL_Driver/Src/stm32f1xx_ll_usb.c **** 
 400:Drivers/STM32F1xx_HAL_Driver/Src/stm32f1xx_ll_usb.c ****     if (count > HAL_USB_TIMEOUT)
 401:Drivers/STM32F1xx_HAL_Driver/Src/stm32f1xx_ll_usb.c ****     {
 402:Drivers/STM32F1xx_HAL_Driver/Src/stm32f1xx_ll_usb.c ****       return HAL_TIMEOUT;
 403:Drivers/STM32F1xx_HAL_Driver/Src/stm32f1xx_ll_usb.c ****     }
 404:Drivers/STM32F1xx_HAL_Driver/Src/stm32f1xx_ll_usb.c ****   } while ((USBx->GRSTCTL & USB_OTG_GRSTCTL_TXFFLSH) == USB_OTG_GRSTCTL_TXFFLSH);
 405:Drivers/STM32F1xx_HAL_Driver/Src/stm32f1xx_ll_usb.c **** 
 406:Drivers/STM32F1xx_HAL_Driver/Src/stm32f1xx_ll_usb.c ****   return HAL_OK;
 407:Drivers/STM32F1xx_HAL_Driver/Src/stm32f1xx_ll_usb.c **** }
 408:Drivers/STM32F1xx_HAL_Driver/Src/stm32f1xx_ll_usb.c **** 
 409:Drivers/STM32F1xx_HAL_Driver/Src/stm32f1xx_ll_usb.c **** /**
 410:Drivers/STM32F1xx_HAL_Driver/Src/stm32f1xx_ll_usb.c ****   * @brief  USB_FlushRxFifo  Flush Rx FIFO
 411:Drivers/STM32F1xx_HAL_Driver/Src/stm32f1xx_ll_usb.c ****   * @param  USBx  Selected device
 412:Drivers/STM32F1xx_HAL_Driver/Src/stm32f1xx_ll_usb.c ****   * @retval HAL status
 413:Drivers/STM32F1xx_HAL_Driver/Src/stm32f1xx_ll_usb.c ****   */
 414:Drivers/STM32F1xx_HAL_Driver/Src/stm32f1xx_ll_usb.c **** HAL_StatusTypeDef USB_FlushRxFifo(USB_OTG_GlobalTypeDef *USBx)
 415:Drivers/STM32F1xx_HAL_Driver/Src/stm32f1xx_ll_usb.c **** {
 416:Drivers/STM32F1xx_HAL_Driver/Src/stm32f1xx_ll_usb.c ****   __IO uint32_t count = 0U;
 417:Drivers/STM32F1xx_HAL_Driver/Src/stm32f1xx_ll_usb.c **** 
 418:Drivers/STM32F1xx_HAL_Driver/Src/stm32f1xx_ll_usb.c ****   /* Wait for AHB master IDLE state. */
 419:Drivers/STM32F1xx_HAL_Driver/Src/stm32f1xx_ll_usb.c ****   do
 420:Drivers/STM32F1xx_HAL_Driver/Src/stm32f1xx_ll_usb.c ****   {
 421:Drivers/STM32F1xx_HAL_Driver/Src/stm32f1xx_ll_usb.c ****     count++;
 422:Drivers/STM32F1xx_HAL_Driver/Src/stm32f1xx_ll_usb.c **** 
 423:Drivers/STM32F1xx_HAL_Driver/Src/stm32f1xx_ll_usb.c ****     if (count > HAL_USB_TIMEOUT)
 424:Drivers/STM32F1xx_HAL_Driver/Src/stm32f1xx_ll_usb.c ****     {
 425:Drivers/STM32F1xx_HAL_Driver/Src/stm32f1xx_ll_usb.c ****       return HAL_TIMEOUT;
 426:Drivers/STM32F1xx_HAL_Driver/Src/stm32f1xx_ll_usb.c ****     }
 427:Drivers/STM32F1xx_HAL_Driver/Src/stm32f1xx_ll_usb.c ****   } while ((USBx->GRSTCTL & USB_OTG_GRSTCTL_AHBIDL) == 0U);
 428:Drivers/STM32F1xx_HAL_Driver/Src/stm32f1xx_ll_usb.c **** 
 429:Drivers/STM32F1xx_HAL_Driver/Src/stm32f1xx_ll_usb.c ****   /* Flush RX Fifo */
 430:Drivers/STM32F1xx_HAL_Driver/Src/stm32f1xx_ll_usb.c ****   count = 0U;
ARM GAS  C:\Users\jc\AppData\Local\Temp\ccrYs75M.s 			page 9


 431:Drivers/STM32F1xx_HAL_Driver/Src/stm32f1xx_ll_usb.c ****   USBx->GRSTCTL = USB_OTG_GRSTCTL_RXFFLSH;
 432:Drivers/STM32F1xx_HAL_Driver/Src/stm32f1xx_ll_usb.c **** 
 433:Drivers/STM32F1xx_HAL_Driver/Src/stm32f1xx_ll_usb.c ****   do
 434:Drivers/STM32F1xx_HAL_Driver/Src/stm32f1xx_ll_usb.c ****   {
 435:Drivers/STM32F1xx_HAL_Driver/Src/stm32f1xx_ll_usb.c ****     count++;
 436:Drivers/STM32F1xx_HAL_Driver/Src/stm32f1xx_ll_usb.c **** 
 437:Drivers/STM32F1xx_HAL_Driver/Src/stm32f1xx_ll_usb.c ****     if (count > HAL_USB_TIMEOUT)
 438:Drivers/STM32F1xx_HAL_Driver/Src/stm32f1xx_ll_usb.c ****     {
 439:Drivers/STM32F1xx_HAL_Driver/Src/stm32f1xx_ll_usb.c ****       return HAL_TIMEOUT;
 440:Drivers/STM32F1xx_HAL_Driver/Src/stm32f1xx_ll_usb.c ****     }
 441:Drivers/STM32F1xx_HAL_Driver/Src/stm32f1xx_ll_usb.c ****   } while ((USBx->GRSTCTL & USB_OTG_GRSTCTL_RXFFLSH) == USB_OTG_GRSTCTL_RXFFLSH);
 442:Drivers/STM32F1xx_HAL_Driver/Src/stm32f1xx_ll_usb.c **** 
 443:Drivers/STM32F1xx_HAL_Driver/Src/stm32f1xx_ll_usb.c ****   return HAL_OK;
 444:Drivers/STM32F1xx_HAL_Driver/Src/stm32f1xx_ll_usb.c **** }
 445:Drivers/STM32F1xx_HAL_Driver/Src/stm32f1xx_ll_usb.c **** 
 446:Drivers/STM32F1xx_HAL_Driver/Src/stm32f1xx_ll_usb.c **** /**
 447:Drivers/STM32F1xx_HAL_Driver/Src/stm32f1xx_ll_usb.c ****   * @brief  USB_SetDevSpeed  Initializes the DevSpd field of DCFG register
 448:Drivers/STM32F1xx_HAL_Driver/Src/stm32f1xx_ll_usb.c ****   *         depending the PHY type and the enumeration speed of the device.
 449:Drivers/STM32F1xx_HAL_Driver/Src/stm32f1xx_ll_usb.c ****   * @param  USBx  Selected device
 450:Drivers/STM32F1xx_HAL_Driver/Src/stm32f1xx_ll_usb.c ****   * @param  speed  device speed
 451:Drivers/STM32F1xx_HAL_Driver/Src/stm32f1xx_ll_usb.c ****   *          This parameter can be one of these values:
 452:Drivers/STM32F1xx_HAL_Driver/Src/stm32f1xx_ll_usb.c ****   *            @arg USB_OTG_SPEED_FULL: Full speed mode
 453:Drivers/STM32F1xx_HAL_Driver/Src/stm32f1xx_ll_usb.c ****   * @retval  Hal status
 454:Drivers/STM32F1xx_HAL_Driver/Src/stm32f1xx_ll_usb.c ****   */
 455:Drivers/STM32F1xx_HAL_Driver/Src/stm32f1xx_ll_usb.c **** HAL_StatusTypeDef USB_SetDevSpeed(const USB_OTG_GlobalTypeDef *USBx, uint8_t speed)
 456:Drivers/STM32F1xx_HAL_Driver/Src/stm32f1xx_ll_usb.c **** {
 457:Drivers/STM32F1xx_HAL_Driver/Src/stm32f1xx_ll_usb.c ****   uint32_t USBx_BASE = (uint32_t)USBx;
 458:Drivers/STM32F1xx_HAL_Driver/Src/stm32f1xx_ll_usb.c **** 
 459:Drivers/STM32F1xx_HAL_Driver/Src/stm32f1xx_ll_usb.c ****   USBx_DEVICE->DCFG |= speed;
 460:Drivers/STM32F1xx_HAL_Driver/Src/stm32f1xx_ll_usb.c ****   return HAL_OK;
 461:Drivers/STM32F1xx_HAL_Driver/Src/stm32f1xx_ll_usb.c **** }
 462:Drivers/STM32F1xx_HAL_Driver/Src/stm32f1xx_ll_usb.c **** 
 463:Drivers/STM32F1xx_HAL_Driver/Src/stm32f1xx_ll_usb.c **** /**
 464:Drivers/STM32F1xx_HAL_Driver/Src/stm32f1xx_ll_usb.c ****   * @brief  USB_GetDevSpeed  Return the Dev Speed
 465:Drivers/STM32F1xx_HAL_Driver/Src/stm32f1xx_ll_usb.c ****   * @param  USBx  Selected device
 466:Drivers/STM32F1xx_HAL_Driver/Src/stm32f1xx_ll_usb.c ****   * @retval speed  device speed
 467:Drivers/STM32F1xx_HAL_Driver/Src/stm32f1xx_ll_usb.c ****   *          This parameter can be one of these values:
 468:Drivers/STM32F1xx_HAL_Driver/Src/stm32f1xx_ll_usb.c ****   *            @arg USBD_FS_SPEED: Full speed mode
 469:Drivers/STM32F1xx_HAL_Driver/Src/stm32f1xx_ll_usb.c ****   */
 470:Drivers/STM32F1xx_HAL_Driver/Src/stm32f1xx_ll_usb.c **** uint8_t USB_GetDevSpeed(const USB_OTG_GlobalTypeDef *USBx)
 471:Drivers/STM32F1xx_HAL_Driver/Src/stm32f1xx_ll_usb.c **** {
 472:Drivers/STM32F1xx_HAL_Driver/Src/stm32f1xx_ll_usb.c ****   uint32_t USBx_BASE = (uint32_t)USBx;
 473:Drivers/STM32F1xx_HAL_Driver/Src/stm32f1xx_ll_usb.c ****   uint8_t speed;
 474:Drivers/STM32F1xx_HAL_Driver/Src/stm32f1xx_ll_usb.c ****   uint32_t DevEnumSpeed = USBx_DEVICE->DSTS & USB_OTG_DSTS_ENUMSPD;
 475:Drivers/STM32F1xx_HAL_Driver/Src/stm32f1xx_ll_usb.c **** 
 476:Drivers/STM32F1xx_HAL_Driver/Src/stm32f1xx_ll_usb.c ****   if ((DevEnumSpeed == DSTS_ENUMSPD_FS_PHY_30MHZ_OR_60MHZ) ||
 477:Drivers/STM32F1xx_HAL_Driver/Src/stm32f1xx_ll_usb.c ****       (DevEnumSpeed == DSTS_ENUMSPD_FS_PHY_48MHZ))
 478:Drivers/STM32F1xx_HAL_Driver/Src/stm32f1xx_ll_usb.c ****   {
 479:Drivers/STM32F1xx_HAL_Driver/Src/stm32f1xx_ll_usb.c ****     speed = USBD_FS_SPEED;
 480:Drivers/STM32F1xx_HAL_Driver/Src/stm32f1xx_ll_usb.c ****   }
 481:Drivers/STM32F1xx_HAL_Driver/Src/stm32f1xx_ll_usb.c ****   else
 482:Drivers/STM32F1xx_HAL_Driver/Src/stm32f1xx_ll_usb.c ****   {
 483:Drivers/STM32F1xx_HAL_Driver/Src/stm32f1xx_ll_usb.c ****     speed = 0xFU;
 484:Drivers/STM32F1xx_HAL_Driver/Src/stm32f1xx_ll_usb.c ****   }
 485:Drivers/STM32F1xx_HAL_Driver/Src/stm32f1xx_ll_usb.c **** 
 486:Drivers/STM32F1xx_HAL_Driver/Src/stm32f1xx_ll_usb.c ****   return speed;
 487:Drivers/STM32F1xx_HAL_Driver/Src/stm32f1xx_ll_usb.c **** }
ARM GAS  C:\Users\jc\AppData\Local\Temp\ccrYs75M.s 			page 10


 488:Drivers/STM32F1xx_HAL_Driver/Src/stm32f1xx_ll_usb.c **** 
 489:Drivers/STM32F1xx_HAL_Driver/Src/stm32f1xx_ll_usb.c **** /**
 490:Drivers/STM32F1xx_HAL_Driver/Src/stm32f1xx_ll_usb.c ****   * @brief  Activate and configure an endpoint
 491:Drivers/STM32F1xx_HAL_Driver/Src/stm32f1xx_ll_usb.c ****   * @param  USBx  Selected device
 492:Drivers/STM32F1xx_HAL_Driver/Src/stm32f1xx_ll_usb.c ****   * @param  ep pointer to endpoint structure
 493:Drivers/STM32F1xx_HAL_Driver/Src/stm32f1xx_ll_usb.c ****   * @retval HAL status
 494:Drivers/STM32F1xx_HAL_Driver/Src/stm32f1xx_ll_usb.c ****   */
 495:Drivers/STM32F1xx_HAL_Driver/Src/stm32f1xx_ll_usb.c **** HAL_StatusTypeDef USB_ActivateEndpoint(const USB_OTG_GlobalTypeDef *USBx, const USB_OTG_EPTypeDef *
 496:Drivers/STM32F1xx_HAL_Driver/Src/stm32f1xx_ll_usb.c **** {
 497:Drivers/STM32F1xx_HAL_Driver/Src/stm32f1xx_ll_usb.c ****   uint32_t USBx_BASE = (uint32_t)USBx;
 498:Drivers/STM32F1xx_HAL_Driver/Src/stm32f1xx_ll_usb.c ****   uint32_t epnum = (uint32_t)ep->num;
 499:Drivers/STM32F1xx_HAL_Driver/Src/stm32f1xx_ll_usb.c **** 
 500:Drivers/STM32F1xx_HAL_Driver/Src/stm32f1xx_ll_usb.c ****   if (ep->is_in == 1U)
 501:Drivers/STM32F1xx_HAL_Driver/Src/stm32f1xx_ll_usb.c ****   {
 502:Drivers/STM32F1xx_HAL_Driver/Src/stm32f1xx_ll_usb.c ****     USBx_DEVICE->DAINTMSK |= USB_OTG_DAINTMSK_IEPM & (uint32_t)(1UL << (ep->num & EP_ADDR_MSK));
 503:Drivers/STM32F1xx_HAL_Driver/Src/stm32f1xx_ll_usb.c **** 
 504:Drivers/STM32F1xx_HAL_Driver/Src/stm32f1xx_ll_usb.c ****     if ((USBx_INEP(epnum)->DIEPCTL & USB_OTG_DIEPCTL_USBAEP) == 0U)
 505:Drivers/STM32F1xx_HAL_Driver/Src/stm32f1xx_ll_usb.c ****     {
 506:Drivers/STM32F1xx_HAL_Driver/Src/stm32f1xx_ll_usb.c ****       USBx_INEP(epnum)->DIEPCTL |= (ep->maxpacket & USB_OTG_DIEPCTL_MPSIZ) |
 507:Drivers/STM32F1xx_HAL_Driver/Src/stm32f1xx_ll_usb.c ****                                    ((uint32_t)ep->type << 18) | (epnum << 22) |
 508:Drivers/STM32F1xx_HAL_Driver/Src/stm32f1xx_ll_usb.c ****                                    USB_OTG_DIEPCTL_SD0PID_SEVNFRM |
 509:Drivers/STM32F1xx_HAL_Driver/Src/stm32f1xx_ll_usb.c ****                                    USB_OTG_DIEPCTL_USBAEP;
 510:Drivers/STM32F1xx_HAL_Driver/Src/stm32f1xx_ll_usb.c ****     }
 511:Drivers/STM32F1xx_HAL_Driver/Src/stm32f1xx_ll_usb.c ****   }
 512:Drivers/STM32F1xx_HAL_Driver/Src/stm32f1xx_ll_usb.c ****   else
 513:Drivers/STM32F1xx_HAL_Driver/Src/stm32f1xx_ll_usb.c ****   {
 514:Drivers/STM32F1xx_HAL_Driver/Src/stm32f1xx_ll_usb.c ****     USBx_DEVICE->DAINTMSK |= USB_OTG_DAINTMSK_OEPM & ((uint32_t)(1UL << (ep->num & EP_ADDR_MSK)) <<
 515:Drivers/STM32F1xx_HAL_Driver/Src/stm32f1xx_ll_usb.c **** 
 516:Drivers/STM32F1xx_HAL_Driver/Src/stm32f1xx_ll_usb.c ****     if (((USBx_OUTEP(epnum)->DOEPCTL) & USB_OTG_DOEPCTL_USBAEP) == 0U)
 517:Drivers/STM32F1xx_HAL_Driver/Src/stm32f1xx_ll_usb.c ****     {
 518:Drivers/STM32F1xx_HAL_Driver/Src/stm32f1xx_ll_usb.c ****       USBx_OUTEP(epnum)->DOEPCTL |= (ep->maxpacket & USB_OTG_DOEPCTL_MPSIZ) |
 519:Drivers/STM32F1xx_HAL_Driver/Src/stm32f1xx_ll_usb.c ****                                     ((uint32_t)ep->type << 18) |
 520:Drivers/STM32F1xx_HAL_Driver/Src/stm32f1xx_ll_usb.c ****                                     USB_OTG_DIEPCTL_SD0PID_SEVNFRM |
 521:Drivers/STM32F1xx_HAL_Driver/Src/stm32f1xx_ll_usb.c ****                                     USB_OTG_DOEPCTL_USBAEP;
 522:Drivers/STM32F1xx_HAL_Driver/Src/stm32f1xx_ll_usb.c ****     }
 523:Drivers/STM32F1xx_HAL_Driver/Src/stm32f1xx_ll_usb.c ****   }
 524:Drivers/STM32F1xx_HAL_Driver/Src/stm32f1xx_ll_usb.c ****   return HAL_OK;
 525:Drivers/STM32F1xx_HAL_Driver/Src/stm32f1xx_ll_usb.c **** }
 526:Drivers/STM32F1xx_HAL_Driver/Src/stm32f1xx_ll_usb.c **** 
 527:Drivers/STM32F1xx_HAL_Driver/Src/stm32f1xx_ll_usb.c **** /**
 528:Drivers/STM32F1xx_HAL_Driver/Src/stm32f1xx_ll_usb.c ****   * @brief  Activate and configure a dedicated endpoint
 529:Drivers/STM32F1xx_HAL_Driver/Src/stm32f1xx_ll_usb.c ****   * @param  USBx  Selected device
 530:Drivers/STM32F1xx_HAL_Driver/Src/stm32f1xx_ll_usb.c ****   * @param  ep pointer to endpoint structure
 531:Drivers/STM32F1xx_HAL_Driver/Src/stm32f1xx_ll_usb.c ****   * @retval HAL status
 532:Drivers/STM32F1xx_HAL_Driver/Src/stm32f1xx_ll_usb.c ****   */
 533:Drivers/STM32F1xx_HAL_Driver/Src/stm32f1xx_ll_usb.c **** HAL_StatusTypeDef USB_ActivateDedicatedEndpoint(const USB_OTG_GlobalTypeDef *USBx, const USB_OTG_EP
 534:Drivers/STM32F1xx_HAL_Driver/Src/stm32f1xx_ll_usb.c **** {
 535:Drivers/STM32F1xx_HAL_Driver/Src/stm32f1xx_ll_usb.c ****   uint32_t USBx_BASE = (uint32_t)USBx;
 536:Drivers/STM32F1xx_HAL_Driver/Src/stm32f1xx_ll_usb.c ****   uint32_t epnum = (uint32_t)ep->num;
 537:Drivers/STM32F1xx_HAL_Driver/Src/stm32f1xx_ll_usb.c **** 
 538:Drivers/STM32F1xx_HAL_Driver/Src/stm32f1xx_ll_usb.c ****   /* Read DEPCTLn register */
 539:Drivers/STM32F1xx_HAL_Driver/Src/stm32f1xx_ll_usb.c ****   if (ep->is_in == 1U)
 540:Drivers/STM32F1xx_HAL_Driver/Src/stm32f1xx_ll_usb.c ****   {
 541:Drivers/STM32F1xx_HAL_Driver/Src/stm32f1xx_ll_usb.c ****     if (((USBx_INEP(epnum)->DIEPCTL) & USB_OTG_DIEPCTL_USBAEP) == 0U)
 542:Drivers/STM32F1xx_HAL_Driver/Src/stm32f1xx_ll_usb.c ****     {
 543:Drivers/STM32F1xx_HAL_Driver/Src/stm32f1xx_ll_usb.c ****       USBx_INEP(epnum)->DIEPCTL |= (ep->maxpacket & USB_OTG_DIEPCTL_MPSIZ) |
 544:Drivers/STM32F1xx_HAL_Driver/Src/stm32f1xx_ll_usb.c ****                                    ((uint32_t)ep->type << 18) | (epnum << 22) |
ARM GAS  C:\Users\jc\AppData\Local\Temp\ccrYs75M.s 			page 11


 545:Drivers/STM32F1xx_HAL_Driver/Src/stm32f1xx_ll_usb.c ****                                    USB_OTG_DIEPCTL_SD0PID_SEVNFRM |
 546:Drivers/STM32F1xx_HAL_Driver/Src/stm32f1xx_ll_usb.c ****                                    USB_OTG_DIEPCTL_USBAEP;
 547:Drivers/STM32F1xx_HAL_Driver/Src/stm32f1xx_ll_usb.c ****     }
 548:Drivers/STM32F1xx_HAL_Driver/Src/stm32f1xx_ll_usb.c **** 
 549:Drivers/STM32F1xx_HAL_Driver/Src/stm32f1xx_ll_usb.c ****     USBx_DEVICE->DEACHMSK |= USB_OTG_DAINTMSK_IEPM & (uint32_t)(1UL << (ep->num & EP_ADDR_MSK));
 550:Drivers/STM32F1xx_HAL_Driver/Src/stm32f1xx_ll_usb.c ****   }
 551:Drivers/STM32F1xx_HAL_Driver/Src/stm32f1xx_ll_usb.c ****   else
 552:Drivers/STM32F1xx_HAL_Driver/Src/stm32f1xx_ll_usb.c ****   {
 553:Drivers/STM32F1xx_HAL_Driver/Src/stm32f1xx_ll_usb.c ****     if (((USBx_OUTEP(epnum)->DOEPCTL) & USB_OTG_DOEPCTL_USBAEP) == 0U)
 554:Drivers/STM32F1xx_HAL_Driver/Src/stm32f1xx_ll_usb.c ****     {
 555:Drivers/STM32F1xx_HAL_Driver/Src/stm32f1xx_ll_usb.c ****       USBx_OUTEP(epnum)->DOEPCTL |= (ep->maxpacket & USB_OTG_DOEPCTL_MPSIZ) |
 556:Drivers/STM32F1xx_HAL_Driver/Src/stm32f1xx_ll_usb.c ****                                     ((uint32_t)ep->type << 18) | (epnum << 22) |
 557:Drivers/STM32F1xx_HAL_Driver/Src/stm32f1xx_ll_usb.c ****                                     USB_OTG_DOEPCTL_USBAEP;
 558:Drivers/STM32F1xx_HAL_Driver/Src/stm32f1xx_ll_usb.c ****     }
 559:Drivers/STM32F1xx_HAL_Driver/Src/stm32f1xx_ll_usb.c **** 
 560:Drivers/STM32F1xx_HAL_Driver/Src/stm32f1xx_ll_usb.c ****     USBx_DEVICE->DEACHMSK |= USB_OTG_DAINTMSK_OEPM & ((uint32_t)(1UL << (ep->num & EP_ADDR_MSK)) <<
 561:Drivers/STM32F1xx_HAL_Driver/Src/stm32f1xx_ll_usb.c ****   }
 562:Drivers/STM32F1xx_HAL_Driver/Src/stm32f1xx_ll_usb.c **** 
 563:Drivers/STM32F1xx_HAL_Driver/Src/stm32f1xx_ll_usb.c ****   return HAL_OK;
 564:Drivers/STM32F1xx_HAL_Driver/Src/stm32f1xx_ll_usb.c **** }
 565:Drivers/STM32F1xx_HAL_Driver/Src/stm32f1xx_ll_usb.c **** 
 566:Drivers/STM32F1xx_HAL_Driver/Src/stm32f1xx_ll_usb.c **** /**
 567:Drivers/STM32F1xx_HAL_Driver/Src/stm32f1xx_ll_usb.c ****   * @brief  De-activate and de-initialize an endpoint
 568:Drivers/STM32F1xx_HAL_Driver/Src/stm32f1xx_ll_usb.c ****   * @param  USBx  Selected device
 569:Drivers/STM32F1xx_HAL_Driver/Src/stm32f1xx_ll_usb.c ****   * @param  ep pointer to endpoint structure
 570:Drivers/STM32F1xx_HAL_Driver/Src/stm32f1xx_ll_usb.c ****   * @retval HAL status
 571:Drivers/STM32F1xx_HAL_Driver/Src/stm32f1xx_ll_usb.c ****   */
 572:Drivers/STM32F1xx_HAL_Driver/Src/stm32f1xx_ll_usb.c **** HAL_StatusTypeDef USB_DeactivateEndpoint(const USB_OTG_GlobalTypeDef *USBx, const USB_OTG_EPTypeDef
 573:Drivers/STM32F1xx_HAL_Driver/Src/stm32f1xx_ll_usb.c **** {
 574:Drivers/STM32F1xx_HAL_Driver/Src/stm32f1xx_ll_usb.c ****   uint32_t USBx_BASE = (uint32_t)USBx;
 575:Drivers/STM32F1xx_HAL_Driver/Src/stm32f1xx_ll_usb.c ****   uint32_t epnum = (uint32_t)ep->num;
 576:Drivers/STM32F1xx_HAL_Driver/Src/stm32f1xx_ll_usb.c **** 
 577:Drivers/STM32F1xx_HAL_Driver/Src/stm32f1xx_ll_usb.c ****   /* Read DEPCTLn register */
 578:Drivers/STM32F1xx_HAL_Driver/Src/stm32f1xx_ll_usb.c ****   if (ep->is_in == 1U)
 579:Drivers/STM32F1xx_HAL_Driver/Src/stm32f1xx_ll_usb.c ****   {
 580:Drivers/STM32F1xx_HAL_Driver/Src/stm32f1xx_ll_usb.c ****     if ((USBx_INEP(epnum)->DIEPCTL & USB_OTG_DIEPCTL_EPENA) == USB_OTG_DIEPCTL_EPENA)
 581:Drivers/STM32F1xx_HAL_Driver/Src/stm32f1xx_ll_usb.c ****     {
 582:Drivers/STM32F1xx_HAL_Driver/Src/stm32f1xx_ll_usb.c ****       USBx_INEP(epnum)->DIEPCTL |= USB_OTG_DIEPCTL_SNAK;
 583:Drivers/STM32F1xx_HAL_Driver/Src/stm32f1xx_ll_usb.c ****       USBx_INEP(epnum)->DIEPCTL |= USB_OTG_DIEPCTL_EPDIS;
 584:Drivers/STM32F1xx_HAL_Driver/Src/stm32f1xx_ll_usb.c ****     }
 585:Drivers/STM32F1xx_HAL_Driver/Src/stm32f1xx_ll_usb.c **** 
 586:Drivers/STM32F1xx_HAL_Driver/Src/stm32f1xx_ll_usb.c ****     USBx_DEVICE->DEACHMSK &= ~(USB_OTG_DAINTMSK_IEPM & (uint32_t)(1UL << (ep->num & EP_ADDR_MSK)));
 587:Drivers/STM32F1xx_HAL_Driver/Src/stm32f1xx_ll_usb.c ****     USBx_DEVICE->DAINTMSK &= ~(USB_OTG_DAINTMSK_IEPM & (uint32_t)(1UL << (ep->num & EP_ADDR_MSK)));
 588:Drivers/STM32F1xx_HAL_Driver/Src/stm32f1xx_ll_usb.c ****     USBx_INEP(epnum)->DIEPCTL &= ~(USB_OTG_DIEPCTL_USBAEP |
 589:Drivers/STM32F1xx_HAL_Driver/Src/stm32f1xx_ll_usb.c ****                                    USB_OTG_DIEPCTL_MPSIZ |
 590:Drivers/STM32F1xx_HAL_Driver/Src/stm32f1xx_ll_usb.c ****                                    USB_OTG_DIEPCTL_TXFNUM |
 591:Drivers/STM32F1xx_HAL_Driver/Src/stm32f1xx_ll_usb.c ****                                    USB_OTG_DIEPCTL_SD0PID_SEVNFRM |
 592:Drivers/STM32F1xx_HAL_Driver/Src/stm32f1xx_ll_usb.c ****                                    USB_OTG_DIEPCTL_EPTYP);
 593:Drivers/STM32F1xx_HAL_Driver/Src/stm32f1xx_ll_usb.c ****   }
 594:Drivers/STM32F1xx_HAL_Driver/Src/stm32f1xx_ll_usb.c ****   else
 595:Drivers/STM32F1xx_HAL_Driver/Src/stm32f1xx_ll_usb.c ****   {
 596:Drivers/STM32F1xx_HAL_Driver/Src/stm32f1xx_ll_usb.c ****     if ((USBx_OUTEP(epnum)->DOEPCTL & USB_OTG_DOEPCTL_EPENA) == USB_OTG_DOEPCTL_EPENA)
 597:Drivers/STM32F1xx_HAL_Driver/Src/stm32f1xx_ll_usb.c ****     {
 598:Drivers/STM32F1xx_HAL_Driver/Src/stm32f1xx_ll_usb.c ****       USBx_OUTEP(epnum)->DOEPCTL |= USB_OTG_DOEPCTL_SNAK;
 599:Drivers/STM32F1xx_HAL_Driver/Src/stm32f1xx_ll_usb.c ****       USBx_OUTEP(epnum)->DOEPCTL |= USB_OTG_DOEPCTL_EPDIS;
 600:Drivers/STM32F1xx_HAL_Driver/Src/stm32f1xx_ll_usb.c ****     }
 601:Drivers/STM32F1xx_HAL_Driver/Src/stm32f1xx_ll_usb.c **** 
ARM GAS  C:\Users\jc\AppData\Local\Temp\ccrYs75M.s 			page 12


 602:Drivers/STM32F1xx_HAL_Driver/Src/stm32f1xx_ll_usb.c ****     USBx_DEVICE->DEACHMSK &= ~(USB_OTG_DAINTMSK_OEPM & ((uint32_t)(1UL << (ep->num & EP_ADDR_MSK)) 
 603:Drivers/STM32F1xx_HAL_Driver/Src/stm32f1xx_ll_usb.c ****     USBx_DEVICE->DAINTMSK &= ~(USB_OTG_DAINTMSK_OEPM & ((uint32_t)(1UL << (ep->num & EP_ADDR_MSK)) 
 604:Drivers/STM32F1xx_HAL_Driver/Src/stm32f1xx_ll_usb.c ****     USBx_OUTEP(epnum)->DOEPCTL &= ~(USB_OTG_DOEPCTL_USBAEP |
 605:Drivers/STM32F1xx_HAL_Driver/Src/stm32f1xx_ll_usb.c ****                                     USB_OTG_DOEPCTL_MPSIZ |
 606:Drivers/STM32F1xx_HAL_Driver/Src/stm32f1xx_ll_usb.c ****                                     USB_OTG_DOEPCTL_SD0PID_SEVNFRM |
 607:Drivers/STM32F1xx_HAL_Driver/Src/stm32f1xx_ll_usb.c ****                                     USB_OTG_DOEPCTL_EPTYP);
 608:Drivers/STM32F1xx_HAL_Driver/Src/stm32f1xx_ll_usb.c ****   }
 609:Drivers/STM32F1xx_HAL_Driver/Src/stm32f1xx_ll_usb.c **** 
 610:Drivers/STM32F1xx_HAL_Driver/Src/stm32f1xx_ll_usb.c ****   return HAL_OK;
 611:Drivers/STM32F1xx_HAL_Driver/Src/stm32f1xx_ll_usb.c **** }
 612:Drivers/STM32F1xx_HAL_Driver/Src/stm32f1xx_ll_usb.c **** 
 613:Drivers/STM32F1xx_HAL_Driver/Src/stm32f1xx_ll_usb.c **** /**
 614:Drivers/STM32F1xx_HAL_Driver/Src/stm32f1xx_ll_usb.c ****   * @brief  De-activate and de-initialize a dedicated endpoint
 615:Drivers/STM32F1xx_HAL_Driver/Src/stm32f1xx_ll_usb.c ****   * @param  USBx  Selected device
 616:Drivers/STM32F1xx_HAL_Driver/Src/stm32f1xx_ll_usb.c ****   * @param  ep pointer to endpoint structure
 617:Drivers/STM32F1xx_HAL_Driver/Src/stm32f1xx_ll_usb.c ****   * @retval HAL status
 618:Drivers/STM32F1xx_HAL_Driver/Src/stm32f1xx_ll_usb.c ****   */
 619:Drivers/STM32F1xx_HAL_Driver/Src/stm32f1xx_ll_usb.c **** HAL_StatusTypeDef USB_DeactivateDedicatedEndpoint(const USB_OTG_GlobalTypeDef *USBx, const USB_OTG_
 620:Drivers/STM32F1xx_HAL_Driver/Src/stm32f1xx_ll_usb.c **** {
 621:Drivers/STM32F1xx_HAL_Driver/Src/stm32f1xx_ll_usb.c ****   uint32_t USBx_BASE = (uint32_t)USBx;
 622:Drivers/STM32F1xx_HAL_Driver/Src/stm32f1xx_ll_usb.c ****   uint32_t epnum = (uint32_t)ep->num;
 623:Drivers/STM32F1xx_HAL_Driver/Src/stm32f1xx_ll_usb.c **** 
 624:Drivers/STM32F1xx_HAL_Driver/Src/stm32f1xx_ll_usb.c ****   /* Read DEPCTLn register */
 625:Drivers/STM32F1xx_HAL_Driver/Src/stm32f1xx_ll_usb.c ****   if (ep->is_in == 1U)
 626:Drivers/STM32F1xx_HAL_Driver/Src/stm32f1xx_ll_usb.c ****   {
 627:Drivers/STM32F1xx_HAL_Driver/Src/stm32f1xx_ll_usb.c ****     if ((USBx_INEP(epnum)->DIEPCTL & USB_OTG_DIEPCTL_EPENA) == USB_OTG_DIEPCTL_EPENA)
 628:Drivers/STM32F1xx_HAL_Driver/Src/stm32f1xx_ll_usb.c ****     {
 629:Drivers/STM32F1xx_HAL_Driver/Src/stm32f1xx_ll_usb.c ****       USBx_INEP(epnum)->DIEPCTL  |= USB_OTG_DIEPCTL_SNAK;
 630:Drivers/STM32F1xx_HAL_Driver/Src/stm32f1xx_ll_usb.c ****       USBx_INEP(epnum)->DIEPCTL  |= USB_OTG_DIEPCTL_EPDIS;
 631:Drivers/STM32F1xx_HAL_Driver/Src/stm32f1xx_ll_usb.c ****     }
 632:Drivers/STM32F1xx_HAL_Driver/Src/stm32f1xx_ll_usb.c **** 
 633:Drivers/STM32F1xx_HAL_Driver/Src/stm32f1xx_ll_usb.c ****     USBx_INEP(epnum)->DIEPCTL &= ~ USB_OTG_DIEPCTL_USBAEP;
 634:Drivers/STM32F1xx_HAL_Driver/Src/stm32f1xx_ll_usb.c ****     USBx_DEVICE->DAINTMSK &= ~(USB_OTG_DAINTMSK_IEPM & (uint32_t)(1UL << (ep->num & EP_ADDR_MSK)));
 635:Drivers/STM32F1xx_HAL_Driver/Src/stm32f1xx_ll_usb.c ****   }
 636:Drivers/STM32F1xx_HAL_Driver/Src/stm32f1xx_ll_usb.c ****   else
 637:Drivers/STM32F1xx_HAL_Driver/Src/stm32f1xx_ll_usb.c ****   {
 638:Drivers/STM32F1xx_HAL_Driver/Src/stm32f1xx_ll_usb.c ****     if ((USBx_OUTEP(epnum)->DOEPCTL & USB_OTG_DOEPCTL_EPENA) == USB_OTG_DOEPCTL_EPENA)
 639:Drivers/STM32F1xx_HAL_Driver/Src/stm32f1xx_ll_usb.c ****     {
 640:Drivers/STM32F1xx_HAL_Driver/Src/stm32f1xx_ll_usb.c ****       USBx_OUTEP(epnum)->DOEPCTL  |= USB_OTG_DOEPCTL_SNAK;
 641:Drivers/STM32F1xx_HAL_Driver/Src/stm32f1xx_ll_usb.c ****       USBx_OUTEP(epnum)->DOEPCTL  |= USB_OTG_DOEPCTL_EPDIS;
 642:Drivers/STM32F1xx_HAL_Driver/Src/stm32f1xx_ll_usb.c ****     }
 643:Drivers/STM32F1xx_HAL_Driver/Src/stm32f1xx_ll_usb.c **** 
 644:Drivers/STM32F1xx_HAL_Driver/Src/stm32f1xx_ll_usb.c ****     USBx_OUTEP(epnum)->DOEPCTL &= ~USB_OTG_DOEPCTL_USBAEP;
 645:Drivers/STM32F1xx_HAL_Driver/Src/stm32f1xx_ll_usb.c ****     USBx_DEVICE->DAINTMSK &= ~(USB_OTG_DAINTMSK_OEPM & ((uint32_t)(1UL << (ep->num & EP_ADDR_MSK)) 
 646:Drivers/STM32F1xx_HAL_Driver/Src/stm32f1xx_ll_usb.c ****   }
 647:Drivers/STM32F1xx_HAL_Driver/Src/stm32f1xx_ll_usb.c **** 
 648:Drivers/STM32F1xx_HAL_Driver/Src/stm32f1xx_ll_usb.c ****   return HAL_OK;
 649:Drivers/STM32F1xx_HAL_Driver/Src/stm32f1xx_ll_usb.c **** }
 650:Drivers/STM32F1xx_HAL_Driver/Src/stm32f1xx_ll_usb.c **** 
 651:Drivers/STM32F1xx_HAL_Driver/Src/stm32f1xx_ll_usb.c **** /**
 652:Drivers/STM32F1xx_HAL_Driver/Src/stm32f1xx_ll_usb.c ****   * @brief  USB_EPStartXfer : setup and starts a transfer over an EP
 653:Drivers/STM32F1xx_HAL_Driver/Src/stm32f1xx_ll_usb.c ****   * @param  USBx  Selected device
 654:Drivers/STM32F1xx_HAL_Driver/Src/stm32f1xx_ll_usb.c ****   * @param  ep pointer to endpoint structure
 655:Drivers/STM32F1xx_HAL_Driver/Src/stm32f1xx_ll_usb.c ****   * @retval HAL status
 656:Drivers/STM32F1xx_HAL_Driver/Src/stm32f1xx_ll_usb.c ****   */
 657:Drivers/STM32F1xx_HAL_Driver/Src/stm32f1xx_ll_usb.c **** HAL_StatusTypeDef USB_EPStartXfer(USB_OTG_GlobalTypeDef *USBx, USB_OTG_EPTypeDef *ep)
 658:Drivers/STM32F1xx_HAL_Driver/Src/stm32f1xx_ll_usb.c **** {
ARM GAS  C:\Users\jc\AppData\Local\Temp\ccrYs75M.s 			page 13


 659:Drivers/STM32F1xx_HAL_Driver/Src/stm32f1xx_ll_usb.c ****   uint32_t USBx_BASE = (uint32_t)USBx;
 660:Drivers/STM32F1xx_HAL_Driver/Src/stm32f1xx_ll_usb.c ****   uint32_t epnum = (uint32_t)ep->num;
 661:Drivers/STM32F1xx_HAL_Driver/Src/stm32f1xx_ll_usb.c ****   uint16_t pktcnt;
 662:Drivers/STM32F1xx_HAL_Driver/Src/stm32f1xx_ll_usb.c **** 
 663:Drivers/STM32F1xx_HAL_Driver/Src/stm32f1xx_ll_usb.c ****   /* IN endpoint */
 664:Drivers/STM32F1xx_HAL_Driver/Src/stm32f1xx_ll_usb.c ****   if (ep->is_in == 1U)
 665:Drivers/STM32F1xx_HAL_Driver/Src/stm32f1xx_ll_usb.c ****   {
 666:Drivers/STM32F1xx_HAL_Driver/Src/stm32f1xx_ll_usb.c ****     /* Zero Length Packet? */
 667:Drivers/STM32F1xx_HAL_Driver/Src/stm32f1xx_ll_usb.c ****     if (ep->xfer_len == 0U)
 668:Drivers/STM32F1xx_HAL_Driver/Src/stm32f1xx_ll_usb.c ****     {
 669:Drivers/STM32F1xx_HAL_Driver/Src/stm32f1xx_ll_usb.c ****       USBx_INEP(epnum)->DIEPTSIZ &= ~(USB_OTG_DIEPTSIZ_PKTCNT);
 670:Drivers/STM32F1xx_HAL_Driver/Src/stm32f1xx_ll_usb.c ****       USBx_INEP(epnum)->DIEPTSIZ |= (USB_OTG_DIEPTSIZ_PKTCNT & (1U << 19));
 671:Drivers/STM32F1xx_HAL_Driver/Src/stm32f1xx_ll_usb.c ****       USBx_INEP(epnum)->DIEPTSIZ &= ~(USB_OTG_DIEPTSIZ_XFRSIZ);
 672:Drivers/STM32F1xx_HAL_Driver/Src/stm32f1xx_ll_usb.c ****     }
 673:Drivers/STM32F1xx_HAL_Driver/Src/stm32f1xx_ll_usb.c ****     else
 674:Drivers/STM32F1xx_HAL_Driver/Src/stm32f1xx_ll_usb.c ****     {
 675:Drivers/STM32F1xx_HAL_Driver/Src/stm32f1xx_ll_usb.c ****       /* Program the transfer size and packet count
 676:Drivers/STM32F1xx_HAL_Driver/Src/stm32f1xx_ll_usb.c ****       * as follows: xfersize = N * maxpacket +
 677:Drivers/STM32F1xx_HAL_Driver/Src/stm32f1xx_ll_usb.c ****       * short_packet pktcnt = N + (short_packet
 678:Drivers/STM32F1xx_HAL_Driver/Src/stm32f1xx_ll_usb.c ****       * exist ? 1 : 0)
 679:Drivers/STM32F1xx_HAL_Driver/Src/stm32f1xx_ll_usb.c ****       */
 680:Drivers/STM32F1xx_HAL_Driver/Src/stm32f1xx_ll_usb.c ****       USBx_INEP(epnum)->DIEPTSIZ &= ~(USB_OTG_DIEPTSIZ_XFRSIZ);
 681:Drivers/STM32F1xx_HAL_Driver/Src/stm32f1xx_ll_usb.c ****       USBx_INEP(epnum)->DIEPTSIZ &= ~(USB_OTG_DIEPTSIZ_PKTCNT);
 682:Drivers/STM32F1xx_HAL_Driver/Src/stm32f1xx_ll_usb.c **** 
 683:Drivers/STM32F1xx_HAL_Driver/Src/stm32f1xx_ll_usb.c ****       if (epnum == 0U)
 684:Drivers/STM32F1xx_HAL_Driver/Src/stm32f1xx_ll_usb.c ****       {
 685:Drivers/STM32F1xx_HAL_Driver/Src/stm32f1xx_ll_usb.c ****         if (ep->xfer_len > ep->maxpacket)
 686:Drivers/STM32F1xx_HAL_Driver/Src/stm32f1xx_ll_usb.c ****         {
 687:Drivers/STM32F1xx_HAL_Driver/Src/stm32f1xx_ll_usb.c ****           ep->xfer_len = ep->maxpacket;
 688:Drivers/STM32F1xx_HAL_Driver/Src/stm32f1xx_ll_usb.c ****         }
 689:Drivers/STM32F1xx_HAL_Driver/Src/stm32f1xx_ll_usb.c **** 
 690:Drivers/STM32F1xx_HAL_Driver/Src/stm32f1xx_ll_usb.c ****         USBx_INEP(epnum)->DIEPTSIZ |= (USB_OTG_DIEPTSIZ_PKTCNT & (1U << 19));
 691:Drivers/STM32F1xx_HAL_Driver/Src/stm32f1xx_ll_usb.c ****       }
 692:Drivers/STM32F1xx_HAL_Driver/Src/stm32f1xx_ll_usb.c ****       else
 693:Drivers/STM32F1xx_HAL_Driver/Src/stm32f1xx_ll_usb.c ****       {
 694:Drivers/STM32F1xx_HAL_Driver/Src/stm32f1xx_ll_usb.c ****         USBx_INEP(epnum)->DIEPTSIZ |= (USB_OTG_DIEPTSIZ_PKTCNT &
 695:Drivers/STM32F1xx_HAL_Driver/Src/stm32f1xx_ll_usb.c ****                                        (((ep->xfer_len + ep->maxpacket - 1U) / ep->maxpacket) << 19
 696:Drivers/STM32F1xx_HAL_Driver/Src/stm32f1xx_ll_usb.c ****       }
 697:Drivers/STM32F1xx_HAL_Driver/Src/stm32f1xx_ll_usb.c **** 
 698:Drivers/STM32F1xx_HAL_Driver/Src/stm32f1xx_ll_usb.c ****       USBx_INEP(epnum)->DIEPTSIZ |= (USB_OTG_DIEPTSIZ_XFRSIZ & ep->xfer_len);
 699:Drivers/STM32F1xx_HAL_Driver/Src/stm32f1xx_ll_usb.c **** 
 700:Drivers/STM32F1xx_HAL_Driver/Src/stm32f1xx_ll_usb.c ****       if (ep->type == EP_TYPE_ISOC)
 701:Drivers/STM32F1xx_HAL_Driver/Src/stm32f1xx_ll_usb.c ****       {
 702:Drivers/STM32F1xx_HAL_Driver/Src/stm32f1xx_ll_usb.c ****         USBx_INEP(epnum)->DIEPTSIZ &= ~(USB_OTG_DIEPTSIZ_MULCNT);
 703:Drivers/STM32F1xx_HAL_Driver/Src/stm32f1xx_ll_usb.c ****         USBx_INEP(epnum)->DIEPTSIZ |= (USB_OTG_DIEPTSIZ_MULCNT & (1U << 29));
 704:Drivers/STM32F1xx_HAL_Driver/Src/stm32f1xx_ll_usb.c ****       }
 705:Drivers/STM32F1xx_HAL_Driver/Src/stm32f1xx_ll_usb.c ****     }
 706:Drivers/STM32F1xx_HAL_Driver/Src/stm32f1xx_ll_usb.c ****     /* EP enable, IN data in FIFO */
 707:Drivers/STM32F1xx_HAL_Driver/Src/stm32f1xx_ll_usb.c ****     USBx_INEP(epnum)->DIEPCTL |= (USB_OTG_DIEPCTL_CNAK | USB_OTG_DIEPCTL_EPENA);
 708:Drivers/STM32F1xx_HAL_Driver/Src/stm32f1xx_ll_usb.c **** 
 709:Drivers/STM32F1xx_HAL_Driver/Src/stm32f1xx_ll_usb.c ****     if (ep->type != EP_TYPE_ISOC)
 710:Drivers/STM32F1xx_HAL_Driver/Src/stm32f1xx_ll_usb.c ****     {
 711:Drivers/STM32F1xx_HAL_Driver/Src/stm32f1xx_ll_usb.c ****       /* Enable the Tx FIFO Empty Interrupt for this EP */
 712:Drivers/STM32F1xx_HAL_Driver/Src/stm32f1xx_ll_usb.c ****       if (ep->xfer_len > 0U)
 713:Drivers/STM32F1xx_HAL_Driver/Src/stm32f1xx_ll_usb.c ****       {
 714:Drivers/STM32F1xx_HAL_Driver/Src/stm32f1xx_ll_usb.c ****         USBx_DEVICE->DIEPEMPMSK |= 1UL << (ep->num & EP_ADDR_MSK);
 715:Drivers/STM32F1xx_HAL_Driver/Src/stm32f1xx_ll_usb.c ****       }
ARM GAS  C:\Users\jc\AppData\Local\Temp\ccrYs75M.s 			page 14


 716:Drivers/STM32F1xx_HAL_Driver/Src/stm32f1xx_ll_usb.c ****     }
 717:Drivers/STM32F1xx_HAL_Driver/Src/stm32f1xx_ll_usb.c ****     else
 718:Drivers/STM32F1xx_HAL_Driver/Src/stm32f1xx_ll_usb.c ****     {
 719:Drivers/STM32F1xx_HAL_Driver/Src/stm32f1xx_ll_usb.c ****       if ((USBx_DEVICE->DSTS & (1U << 8)) == 0U)
 720:Drivers/STM32F1xx_HAL_Driver/Src/stm32f1xx_ll_usb.c ****       {
 721:Drivers/STM32F1xx_HAL_Driver/Src/stm32f1xx_ll_usb.c ****         USBx_INEP(epnum)->DIEPCTL |= USB_OTG_DIEPCTL_SODDFRM;
 722:Drivers/STM32F1xx_HAL_Driver/Src/stm32f1xx_ll_usb.c ****       }
 723:Drivers/STM32F1xx_HAL_Driver/Src/stm32f1xx_ll_usb.c ****       else
 724:Drivers/STM32F1xx_HAL_Driver/Src/stm32f1xx_ll_usb.c ****       {
 725:Drivers/STM32F1xx_HAL_Driver/Src/stm32f1xx_ll_usb.c ****         USBx_INEP(epnum)->DIEPCTL |= USB_OTG_DIEPCTL_SD0PID_SEVNFRM;
 726:Drivers/STM32F1xx_HAL_Driver/Src/stm32f1xx_ll_usb.c ****       }
 727:Drivers/STM32F1xx_HAL_Driver/Src/stm32f1xx_ll_usb.c **** 
 728:Drivers/STM32F1xx_HAL_Driver/Src/stm32f1xx_ll_usb.c ****       (void)USB_WritePacket(USBx, ep->xfer_buff, ep->num, (uint16_t)ep->xfer_len);
 729:Drivers/STM32F1xx_HAL_Driver/Src/stm32f1xx_ll_usb.c ****     }
 730:Drivers/STM32F1xx_HAL_Driver/Src/stm32f1xx_ll_usb.c ****   }
 731:Drivers/STM32F1xx_HAL_Driver/Src/stm32f1xx_ll_usb.c ****   else /* OUT endpoint */
 732:Drivers/STM32F1xx_HAL_Driver/Src/stm32f1xx_ll_usb.c ****   {
 733:Drivers/STM32F1xx_HAL_Driver/Src/stm32f1xx_ll_usb.c ****     /* Program the transfer size and packet count as follows:
 734:Drivers/STM32F1xx_HAL_Driver/Src/stm32f1xx_ll_usb.c ****     * pktcnt = N
 735:Drivers/STM32F1xx_HAL_Driver/Src/stm32f1xx_ll_usb.c ****     * xfersize = N * maxpacket
 736:Drivers/STM32F1xx_HAL_Driver/Src/stm32f1xx_ll_usb.c ****     */
 737:Drivers/STM32F1xx_HAL_Driver/Src/stm32f1xx_ll_usb.c ****     USBx_OUTEP(epnum)->DOEPTSIZ &= ~(USB_OTG_DOEPTSIZ_XFRSIZ);
 738:Drivers/STM32F1xx_HAL_Driver/Src/stm32f1xx_ll_usb.c ****     USBx_OUTEP(epnum)->DOEPTSIZ &= ~(USB_OTG_DOEPTSIZ_PKTCNT);
 739:Drivers/STM32F1xx_HAL_Driver/Src/stm32f1xx_ll_usb.c **** 
 740:Drivers/STM32F1xx_HAL_Driver/Src/stm32f1xx_ll_usb.c ****     if (epnum == 0U)
 741:Drivers/STM32F1xx_HAL_Driver/Src/stm32f1xx_ll_usb.c ****     {
 742:Drivers/STM32F1xx_HAL_Driver/Src/stm32f1xx_ll_usb.c ****       if (ep->xfer_len > 0U)
 743:Drivers/STM32F1xx_HAL_Driver/Src/stm32f1xx_ll_usb.c ****       {
 744:Drivers/STM32F1xx_HAL_Driver/Src/stm32f1xx_ll_usb.c ****         ep->xfer_len = ep->maxpacket;
 745:Drivers/STM32F1xx_HAL_Driver/Src/stm32f1xx_ll_usb.c ****       }
 746:Drivers/STM32F1xx_HAL_Driver/Src/stm32f1xx_ll_usb.c **** 
 747:Drivers/STM32F1xx_HAL_Driver/Src/stm32f1xx_ll_usb.c ****       /* Store transfer size, for EP0 this is equal to endpoint max packet size */
 748:Drivers/STM32F1xx_HAL_Driver/Src/stm32f1xx_ll_usb.c ****       ep->xfer_size = ep->maxpacket;
 749:Drivers/STM32F1xx_HAL_Driver/Src/stm32f1xx_ll_usb.c **** 
 750:Drivers/STM32F1xx_HAL_Driver/Src/stm32f1xx_ll_usb.c ****       USBx_OUTEP(epnum)->DOEPTSIZ |= (USB_OTG_DOEPTSIZ_XFRSIZ & ep->xfer_size);
 751:Drivers/STM32F1xx_HAL_Driver/Src/stm32f1xx_ll_usb.c ****       USBx_OUTEP(epnum)->DOEPTSIZ |= (USB_OTG_DOEPTSIZ_PKTCNT & (1U << 19));
 752:Drivers/STM32F1xx_HAL_Driver/Src/stm32f1xx_ll_usb.c ****     }
 753:Drivers/STM32F1xx_HAL_Driver/Src/stm32f1xx_ll_usb.c ****     else
 754:Drivers/STM32F1xx_HAL_Driver/Src/stm32f1xx_ll_usb.c ****     {
 755:Drivers/STM32F1xx_HAL_Driver/Src/stm32f1xx_ll_usb.c ****       if (ep->xfer_len == 0U)
 756:Drivers/STM32F1xx_HAL_Driver/Src/stm32f1xx_ll_usb.c ****       {
 757:Drivers/STM32F1xx_HAL_Driver/Src/stm32f1xx_ll_usb.c ****         USBx_OUTEP(epnum)->DOEPTSIZ |= (USB_OTG_DOEPTSIZ_XFRSIZ & ep->maxpacket);
 758:Drivers/STM32F1xx_HAL_Driver/Src/stm32f1xx_ll_usb.c ****         USBx_OUTEP(epnum)->DOEPTSIZ |= (USB_OTG_DOEPTSIZ_PKTCNT & (1U << 19));
 759:Drivers/STM32F1xx_HAL_Driver/Src/stm32f1xx_ll_usb.c ****       }
 760:Drivers/STM32F1xx_HAL_Driver/Src/stm32f1xx_ll_usb.c ****       else
 761:Drivers/STM32F1xx_HAL_Driver/Src/stm32f1xx_ll_usb.c ****       {
 762:Drivers/STM32F1xx_HAL_Driver/Src/stm32f1xx_ll_usb.c ****         pktcnt = (uint16_t)((ep->xfer_len + ep->maxpacket - 1U) / ep->maxpacket);
 763:Drivers/STM32F1xx_HAL_Driver/Src/stm32f1xx_ll_usb.c ****         ep->xfer_size = ep->maxpacket * pktcnt;
 764:Drivers/STM32F1xx_HAL_Driver/Src/stm32f1xx_ll_usb.c **** 
 765:Drivers/STM32F1xx_HAL_Driver/Src/stm32f1xx_ll_usb.c ****         USBx_OUTEP(epnum)->DOEPTSIZ |= USB_OTG_DOEPTSIZ_PKTCNT & ((uint32_t)pktcnt << 19);
 766:Drivers/STM32F1xx_HAL_Driver/Src/stm32f1xx_ll_usb.c ****         USBx_OUTEP(epnum)->DOEPTSIZ |= USB_OTG_DOEPTSIZ_XFRSIZ & ep->xfer_size;
 767:Drivers/STM32F1xx_HAL_Driver/Src/stm32f1xx_ll_usb.c ****       }
 768:Drivers/STM32F1xx_HAL_Driver/Src/stm32f1xx_ll_usb.c ****     }
 769:Drivers/STM32F1xx_HAL_Driver/Src/stm32f1xx_ll_usb.c **** 
 770:Drivers/STM32F1xx_HAL_Driver/Src/stm32f1xx_ll_usb.c ****     if (ep->type == EP_TYPE_ISOC)
 771:Drivers/STM32F1xx_HAL_Driver/Src/stm32f1xx_ll_usb.c ****     {
 772:Drivers/STM32F1xx_HAL_Driver/Src/stm32f1xx_ll_usb.c ****       if ((USBx_DEVICE->DSTS & (1U << 8)) == 0U)
ARM GAS  C:\Users\jc\AppData\Local\Temp\ccrYs75M.s 			page 15


 773:Drivers/STM32F1xx_HAL_Driver/Src/stm32f1xx_ll_usb.c ****       {
 774:Drivers/STM32F1xx_HAL_Driver/Src/stm32f1xx_ll_usb.c ****         USBx_OUTEP(epnum)->DOEPCTL |= USB_OTG_DOEPCTL_SODDFRM;
 775:Drivers/STM32F1xx_HAL_Driver/Src/stm32f1xx_ll_usb.c ****       }
 776:Drivers/STM32F1xx_HAL_Driver/Src/stm32f1xx_ll_usb.c ****       else
 777:Drivers/STM32F1xx_HAL_Driver/Src/stm32f1xx_ll_usb.c ****       {
 778:Drivers/STM32F1xx_HAL_Driver/Src/stm32f1xx_ll_usb.c ****         USBx_OUTEP(epnum)->DOEPCTL |= USB_OTG_DOEPCTL_SD0PID_SEVNFRM;
 779:Drivers/STM32F1xx_HAL_Driver/Src/stm32f1xx_ll_usb.c ****       }
 780:Drivers/STM32F1xx_HAL_Driver/Src/stm32f1xx_ll_usb.c ****     }
 781:Drivers/STM32F1xx_HAL_Driver/Src/stm32f1xx_ll_usb.c ****     /* EP enable */
 782:Drivers/STM32F1xx_HAL_Driver/Src/stm32f1xx_ll_usb.c ****     USBx_OUTEP(epnum)->DOEPCTL |= (USB_OTG_DOEPCTL_CNAK | USB_OTG_DOEPCTL_EPENA);
 783:Drivers/STM32F1xx_HAL_Driver/Src/stm32f1xx_ll_usb.c ****   }
 784:Drivers/STM32F1xx_HAL_Driver/Src/stm32f1xx_ll_usb.c **** 
 785:Drivers/STM32F1xx_HAL_Driver/Src/stm32f1xx_ll_usb.c ****   return HAL_OK;
 786:Drivers/STM32F1xx_HAL_Driver/Src/stm32f1xx_ll_usb.c **** }
 787:Drivers/STM32F1xx_HAL_Driver/Src/stm32f1xx_ll_usb.c **** 
 788:Drivers/STM32F1xx_HAL_Driver/Src/stm32f1xx_ll_usb.c **** 
 789:Drivers/STM32F1xx_HAL_Driver/Src/stm32f1xx_ll_usb.c **** /**
 790:Drivers/STM32F1xx_HAL_Driver/Src/stm32f1xx_ll_usb.c ****    * @brief  USB_EPStoptXfer  Stop transfer on an EP
 791:Drivers/STM32F1xx_HAL_Driver/Src/stm32f1xx_ll_usb.c ****    * @param  USBx  usb device instance
 792:Drivers/STM32F1xx_HAL_Driver/Src/stm32f1xx_ll_usb.c ****    * @param  ep pointer to endpoint structure
 793:Drivers/STM32F1xx_HAL_Driver/Src/stm32f1xx_ll_usb.c ****    * @retval HAL status
 794:Drivers/STM32F1xx_HAL_Driver/Src/stm32f1xx_ll_usb.c ****    */
 795:Drivers/STM32F1xx_HAL_Driver/Src/stm32f1xx_ll_usb.c **** HAL_StatusTypeDef USB_EPStopXfer(const USB_OTG_GlobalTypeDef *USBx, USB_OTG_EPTypeDef *ep)
 796:Drivers/STM32F1xx_HAL_Driver/Src/stm32f1xx_ll_usb.c **** {
 797:Drivers/STM32F1xx_HAL_Driver/Src/stm32f1xx_ll_usb.c ****   __IO uint32_t count = 0U;
 798:Drivers/STM32F1xx_HAL_Driver/Src/stm32f1xx_ll_usb.c ****   HAL_StatusTypeDef ret = HAL_OK;
 799:Drivers/STM32F1xx_HAL_Driver/Src/stm32f1xx_ll_usb.c ****   uint32_t USBx_BASE = (uint32_t)USBx;
 800:Drivers/STM32F1xx_HAL_Driver/Src/stm32f1xx_ll_usb.c **** 
 801:Drivers/STM32F1xx_HAL_Driver/Src/stm32f1xx_ll_usb.c ****   /* IN endpoint */
 802:Drivers/STM32F1xx_HAL_Driver/Src/stm32f1xx_ll_usb.c ****   if (ep->is_in == 1U)
 803:Drivers/STM32F1xx_HAL_Driver/Src/stm32f1xx_ll_usb.c ****   {
 804:Drivers/STM32F1xx_HAL_Driver/Src/stm32f1xx_ll_usb.c ****     /* EP enable, IN data in FIFO */
 805:Drivers/STM32F1xx_HAL_Driver/Src/stm32f1xx_ll_usb.c ****     if (((USBx_INEP(ep->num)->DIEPCTL) & USB_OTG_DIEPCTL_EPENA) == USB_OTG_DIEPCTL_EPENA)
 806:Drivers/STM32F1xx_HAL_Driver/Src/stm32f1xx_ll_usb.c ****     {
 807:Drivers/STM32F1xx_HAL_Driver/Src/stm32f1xx_ll_usb.c ****       USBx_INEP(ep->num)->DIEPCTL |= (USB_OTG_DIEPCTL_SNAK);
 808:Drivers/STM32F1xx_HAL_Driver/Src/stm32f1xx_ll_usb.c ****       USBx_INEP(ep->num)->DIEPCTL |= (USB_OTG_DIEPCTL_EPDIS);
 809:Drivers/STM32F1xx_HAL_Driver/Src/stm32f1xx_ll_usb.c **** 
 810:Drivers/STM32F1xx_HAL_Driver/Src/stm32f1xx_ll_usb.c ****       do
 811:Drivers/STM32F1xx_HAL_Driver/Src/stm32f1xx_ll_usb.c ****       {
 812:Drivers/STM32F1xx_HAL_Driver/Src/stm32f1xx_ll_usb.c ****         count++;
 813:Drivers/STM32F1xx_HAL_Driver/Src/stm32f1xx_ll_usb.c **** 
 814:Drivers/STM32F1xx_HAL_Driver/Src/stm32f1xx_ll_usb.c ****         if (count > 10000U)
 815:Drivers/STM32F1xx_HAL_Driver/Src/stm32f1xx_ll_usb.c ****         {
 816:Drivers/STM32F1xx_HAL_Driver/Src/stm32f1xx_ll_usb.c ****           ret = HAL_ERROR;
 817:Drivers/STM32F1xx_HAL_Driver/Src/stm32f1xx_ll_usb.c ****           break;
 818:Drivers/STM32F1xx_HAL_Driver/Src/stm32f1xx_ll_usb.c ****         }
 819:Drivers/STM32F1xx_HAL_Driver/Src/stm32f1xx_ll_usb.c ****       } while (((USBx_INEP(ep->num)->DIEPCTL) & USB_OTG_DIEPCTL_EPENA) ==  USB_OTG_DIEPCTL_EPENA);
 820:Drivers/STM32F1xx_HAL_Driver/Src/stm32f1xx_ll_usb.c ****     }
 821:Drivers/STM32F1xx_HAL_Driver/Src/stm32f1xx_ll_usb.c ****   }
 822:Drivers/STM32F1xx_HAL_Driver/Src/stm32f1xx_ll_usb.c ****   else /* OUT endpoint */
 823:Drivers/STM32F1xx_HAL_Driver/Src/stm32f1xx_ll_usb.c ****   {
 824:Drivers/STM32F1xx_HAL_Driver/Src/stm32f1xx_ll_usb.c ****     if (((USBx_OUTEP(ep->num)->DOEPCTL) & USB_OTG_DOEPCTL_EPENA) == USB_OTG_DOEPCTL_EPENA)
 825:Drivers/STM32F1xx_HAL_Driver/Src/stm32f1xx_ll_usb.c ****     {
 826:Drivers/STM32F1xx_HAL_Driver/Src/stm32f1xx_ll_usb.c ****       USBx_OUTEP(ep->num)->DOEPCTL |= (USB_OTG_DOEPCTL_SNAK);
 827:Drivers/STM32F1xx_HAL_Driver/Src/stm32f1xx_ll_usb.c ****       USBx_OUTEP(ep->num)->DOEPCTL |= (USB_OTG_DOEPCTL_EPDIS);
 828:Drivers/STM32F1xx_HAL_Driver/Src/stm32f1xx_ll_usb.c **** 
 829:Drivers/STM32F1xx_HAL_Driver/Src/stm32f1xx_ll_usb.c ****       do
ARM GAS  C:\Users\jc\AppData\Local\Temp\ccrYs75M.s 			page 16


 830:Drivers/STM32F1xx_HAL_Driver/Src/stm32f1xx_ll_usb.c ****       {
 831:Drivers/STM32F1xx_HAL_Driver/Src/stm32f1xx_ll_usb.c ****         count++;
 832:Drivers/STM32F1xx_HAL_Driver/Src/stm32f1xx_ll_usb.c **** 
 833:Drivers/STM32F1xx_HAL_Driver/Src/stm32f1xx_ll_usb.c ****         if (count > 10000U)
 834:Drivers/STM32F1xx_HAL_Driver/Src/stm32f1xx_ll_usb.c ****         {
 835:Drivers/STM32F1xx_HAL_Driver/Src/stm32f1xx_ll_usb.c ****           ret = HAL_ERROR;
 836:Drivers/STM32F1xx_HAL_Driver/Src/stm32f1xx_ll_usb.c ****           break;
 837:Drivers/STM32F1xx_HAL_Driver/Src/stm32f1xx_ll_usb.c ****         }
 838:Drivers/STM32F1xx_HAL_Driver/Src/stm32f1xx_ll_usb.c ****       } while (((USBx_OUTEP(ep->num)->DOEPCTL) & USB_OTG_DOEPCTL_EPENA) ==  USB_OTG_DOEPCTL_EPENA);
 839:Drivers/STM32F1xx_HAL_Driver/Src/stm32f1xx_ll_usb.c ****     }
 840:Drivers/STM32F1xx_HAL_Driver/Src/stm32f1xx_ll_usb.c ****   }
 841:Drivers/STM32F1xx_HAL_Driver/Src/stm32f1xx_ll_usb.c **** 
 842:Drivers/STM32F1xx_HAL_Driver/Src/stm32f1xx_ll_usb.c ****   return ret;
 843:Drivers/STM32F1xx_HAL_Driver/Src/stm32f1xx_ll_usb.c **** }
 844:Drivers/STM32F1xx_HAL_Driver/Src/stm32f1xx_ll_usb.c **** 
 845:Drivers/STM32F1xx_HAL_Driver/Src/stm32f1xx_ll_usb.c **** 
 846:Drivers/STM32F1xx_HAL_Driver/Src/stm32f1xx_ll_usb.c **** /**
 847:Drivers/STM32F1xx_HAL_Driver/Src/stm32f1xx_ll_usb.c ****   * @brief  USB_WritePacket : Writes a packet into the Tx FIFO associated
 848:Drivers/STM32F1xx_HAL_Driver/Src/stm32f1xx_ll_usb.c ****   *         with the EP/channel
 849:Drivers/STM32F1xx_HAL_Driver/Src/stm32f1xx_ll_usb.c ****   * @param  USBx  Selected device
 850:Drivers/STM32F1xx_HAL_Driver/Src/stm32f1xx_ll_usb.c ****   * @param  src   pointer to source buffer
 851:Drivers/STM32F1xx_HAL_Driver/Src/stm32f1xx_ll_usb.c ****   * @param  ch_ep_num  endpoint or host channel number
 852:Drivers/STM32F1xx_HAL_Driver/Src/stm32f1xx_ll_usb.c ****   * @param  len  Number of bytes to write
 853:Drivers/STM32F1xx_HAL_Driver/Src/stm32f1xx_ll_usb.c ****   * @retval HAL status
 854:Drivers/STM32F1xx_HAL_Driver/Src/stm32f1xx_ll_usb.c ****   */
 855:Drivers/STM32F1xx_HAL_Driver/Src/stm32f1xx_ll_usb.c **** HAL_StatusTypeDef USB_WritePacket(const USB_OTG_GlobalTypeDef *USBx, uint8_t *src,
 856:Drivers/STM32F1xx_HAL_Driver/Src/stm32f1xx_ll_usb.c ****                                   uint8_t ch_ep_num, uint16_t len)
 857:Drivers/STM32F1xx_HAL_Driver/Src/stm32f1xx_ll_usb.c **** {
 858:Drivers/STM32F1xx_HAL_Driver/Src/stm32f1xx_ll_usb.c ****   uint32_t USBx_BASE = (uint32_t)USBx;
 859:Drivers/STM32F1xx_HAL_Driver/Src/stm32f1xx_ll_usb.c ****   uint8_t *pSrc = src;
 860:Drivers/STM32F1xx_HAL_Driver/Src/stm32f1xx_ll_usb.c ****   uint32_t count32b;
 861:Drivers/STM32F1xx_HAL_Driver/Src/stm32f1xx_ll_usb.c ****   uint32_t i;
 862:Drivers/STM32F1xx_HAL_Driver/Src/stm32f1xx_ll_usb.c **** 
 863:Drivers/STM32F1xx_HAL_Driver/Src/stm32f1xx_ll_usb.c ****   count32b = ((uint32_t)len + 3U) / 4U;
 864:Drivers/STM32F1xx_HAL_Driver/Src/stm32f1xx_ll_usb.c ****   for (i = 0U; i < count32b; i++)
 865:Drivers/STM32F1xx_HAL_Driver/Src/stm32f1xx_ll_usb.c ****   {
 866:Drivers/STM32F1xx_HAL_Driver/Src/stm32f1xx_ll_usb.c ****     USBx_DFIFO((uint32_t)ch_ep_num) = __UNALIGNED_UINT32_READ(pSrc);
 867:Drivers/STM32F1xx_HAL_Driver/Src/stm32f1xx_ll_usb.c ****     pSrc++;
 868:Drivers/STM32F1xx_HAL_Driver/Src/stm32f1xx_ll_usb.c ****     pSrc++;
 869:Drivers/STM32F1xx_HAL_Driver/Src/stm32f1xx_ll_usb.c ****     pSrc++;
 870:Drivers/STM32F1xx_HAL_Driver/Src/stm32f1xx_ll_usb.c ****     pSrc++;
 871:Drivers/STM32F1xx_HAL_Driver/Src/stm32f1xx_ll_usb.c ****   }
 872:Drivers/STM32F1xx_HAL_Driver/Src/stm32f1xx_ll_usb.c **** 
 873:Drivers/STM32F1xx_HAL_Driver/Src/stm32f1xx_ll_usb.c ****   return HAL_OK;
 874:Drivers/STM32F1xx_HAL_Driver/Src/stm32f1xx_ll_usb.c **** }
 875:Drivers/STM32F1xx_HAL_Driver/Src/stm32f1xx_ll_usb.c **** 
 876:Drivers/STM32F1xx_HAL_Driver/Src/stm32f1xx_ll_usb.c **** /**
 877:Drivers/STM32F1xx_HAL_Driver/Src/stm32f1xx_ll_usb.c ****   * @brief  USB_ReadPacket : read a packet from the RX FIFO
 878:Drivers/STM32F1xx_HAL_Driver/Src/stm32f1xx_ll_usb.c ****   * @param  USBx  Selected device
 879:Drivers/STM32F1xx_HAL_Driver/Src/stm32f1xx_ll_usb.c ****   * @param  dest  source pointer
 880:Drivers/STM32F1xx_HAL_Driver/Src/stm32f1xx_ll_usb.c ****   * @param  len  Number of bytes to read
 881:Drivers/STM32F1xx_HAL_Driver/Src/stm32f1xx_ll_usb.c ****   * @retval pointer to destination buffer
 882:Drivers/STM32F1xx_HAL_Driver/Src/stm32f1xx_ll_usb.c ****   */
 883:Drivers/STM32F1xx_HAL_Driver/Src/stm32f1xx_ll_usb.c **** void *USB_ReadPacket(const USB_OTG_GlobalTypeDef *USBx, uint8_t *dest, uint16_t len)
 884:Drivers/STM32F1xx_HAL_Driver/Src/stm32f1xx_ll_usb.c **** {
 885:Drivers/STM32F1xx_HAL_Driver/Src/stm32f1xx_ll_usb.c ****   uint32_t USBx_BASE = (uint32_t)USBx;
 886:Drivers/STM32F1xx_HAL_Driver/Src/stm32f1xx_ll_usb.c ****   uint8_t *pDest = dest;
ARM GAS  C:\Users\jc\AppData\Local\Temp\ccrYs75M.s 			page 17


 887:Drivers/STM32F1xx_HAL_Driver/Src/stm32f1xx_ll_usb.c ****   uint32_t pData;
 888:Drivers/STM32F1xx_HAL_Driver/Src/stm32f1xx_ll_usb.c ****   uint32_t i;
 889:Drivers/STM32F1xx_HAL_Driver/Src/stm32f1xx_ll_usb.c ****   uint32_t count32b = (uint32_t)len >> 2U;
 890:Drivers/STM32F1xx_HAL_Driver/Src/stm32f1xx_ll_usb.c ****   uint16_t remaining_bytes = len % 4U;
 891:Drivers/STM32F1xx_HAL_Driver/Src/stm32f1xx_ll_usb.c **** 
 892:Drivers/STM32F1xx_HAL_Driver/Src/stm32f1xx_ll_usb.c ****   for (i = 0U; i < count32b; i++)
 893:Drivers/STM32F1xx_HAL_Driver/Src/stm32f1xx_ll_usb.c ****   {
 894:Drivers/STM32F1xx_HAL_Driver/Src/stm32f1xx_ll_usb.c ****     __UNALIGNED_UINT32_WRITE(pDest, USBx_DFIFO(0U));
 895:Drivers/STM32F1xx_HAL_Driver/Src/stm32f1xx_ll_usb.c ****     pDest++;
 896:Drivers/STM32F1xx_HAL_Driver/Src/stm32f1xx_ll_usb.c ****     pDest++;
 897:Drivers/STM32F1xx_HAL_Driver/Src/stm32f1xx_ll_usb.c ****     pDest++;
 898:Drivers/STM32F1xx_HAL_Driver/Src/stm32f1xx_ll_usb.c ****     pDest++;
 899:Drivers/STM32F1xx_HAL_Driver/Src/stm32f1xx_ll_usb.c ****   }
 900:Drivers/STM32F1xx_HAL_Driver/Src/stm32f1xx_ll_usb.c **** 
 901:Drivers/STM32F1xx_HAL_Driver/Src/stm32f1xx_ll_usb.c ****   /* When Number of data is not word aligned, read the remaining byte */
 902:Drivers/STM32F1xx_HAL_Driver/Src/stm32f1xx_ll_usb.c ****   if (remaining_bytes != 0U)
 903:Drivers/STM32F1xx_HAL_Driver/Src/stm32f1xx_ll_usb.c ****   {
 904:Drivers/STM32F1xx_HAL_Driver/Src/stm32f1xx_ll_usb.c ****     i = 0U;
 905:Drivers/STM32F1xx_HAL_Driver/Src/stm32f1xx_ll_usb.c ****     __UNALIGNED_UINT32_WRITE(&pData, USBx_DFIFO(0U));
 906:Drivers/STM32F1xx_HAL_Driver/Src/stm32f1xx_ll_usb.c **** 
 907:Drivers/STM32F1xx_HAL_Driver/Src/stm32f1xx_ll_usb.c ****     do
 908:Drivers/STM32F1xx_HAL_Driver/Src/stm32f1xx_ll_usb.c ****     {
 909:Drivers/STM32F1xx_HAL_Driver/Src/stm32f1xx_ll_usb.c ****       *(uint8_t *)pDest = (uint8_t)(pData >> (8U * (uint8_t)(i)));
 910:Drivers/STM32F1xx_HAL_Driver/Src/stm32f1xx_ll_usb.c ****       i++;
 911:Drivers/STM32F1xx_HAL_Driver/Src/stm32f1xx_ll_usb.c ****       pDest++;
 912:Drivers/STM32F1xx_HAL_Driver/Src/stm32f1xx_ll_usb.c ****       remaining_bytes--;
 913:Drivers/STM32F1xx_HAL_Driver/Src/stm32f1xx_ll_usb.c ****     } while (remaining_bytes != 0U);
 914:Drivers/STM32F1xx_HAL_Driver/Src/stm32f1xx_ll_usb.c ****   }
 915:Drivers/STM32F1xx_HAL_Driver/Src/stm32f1xx_ll_usb.c **** 
 916:Drivers/STM32F1xx_HAL_Driver/Src/stm32f1xx_ll_usb.c ****   return ((void *)pDest);
 917:Drivers/STM32F1xx_HAL_Driver/Src/stm32f1xx_ll_usb.c **** }
 918:Drivers/STM32F1xx_HAL_Driver/Src/stm32f1xx_ll_usb.c **** 
 919:Drivers/STM32F1xx_HAL_Driver/Src/stm32f1xx_ll_usb.c **** /**
 920:Drivers/STM32F1xx_HAL_Driver/Src/stm32f1xx_ll_usb.c ****   * @brief  USB_EPSetStall : set a stall condition over an EP
 921:Drivers/STM32F1xx_HAL_Driver/Src/stm32f1xx_ll_usb.c ****   * @param  USBx  Selected device
 922:Drivers/STM32F1xx_HAL_Driver/Src/stm32f1xx_ll_usb.c ****   * @param  ep pointer to endpoint structure
 923:Drivers/STM32F1xx_HAL_Driver/Src/stm32f1xx_ll_usb.c ****   * @retval HAL status
 924:Drivers/STM32F1xx_HAL_Driver/Src/stm32f1xx_ll_usb.c ****   */
 925:Drivers/STM32F1xx_HAL_Driver/Src/stm32f1xx_ll_usb.c **** HAL_StatusTypeDef USB_EPSetStall(const USB_OTG_GlobalTypeDef *USBx, const USB_OTG_EPTypeDef *ep)
 926:Drivers/STM32F1xx_HAL_Driver/Src/stm32f1xx_ll_usb.c **** {
 927:Drivers/STM32F1xx_HAL_Driver/Src/stm32f1xx_ll_usb.c ****   uint32_t USBx_BASE = (uint32_t)USBx;
 928:Drivers/STM32F1xx_HAL_Driver/Src/stm32f1xx_ll_usb.c ****   uint32_t epnum = (uint32_t)ep->num;
 929:Drivers/STM32F1xx_HAL_Driver/Src/stm32f1xx_ll_usb.c **** 
 930:Drivers/STM32F1xx_HAL_Driver/Src/stm32f1xx_ll_usb.c ****   if (ep->is_in == 1U)
 931:Drivers/STM32F1xx_HAL_Driver/Src/stm32f1xx_ll_usb.c ****   {
 932:Drivers/STM32F1xx_HAL_Driver/Src/stm32f1xx_ll_usb.c ****     if (((USBx_INEP(epnum)->DIEPCTL & USB_OTG_DIEPCTL_EPENA) == 0U) && (epnum != 0U))
 933:Drivers/STM32F1xx_HAL_Driver/Src/stm32f1xx_ll_usb.c ****     {
 934:Drivers/STM32F1xx_HAL_Driver/Src/stm32f1xx_ll_usb.c ****       USBx_INEP(epnum)->DIEPCTL &= ~(USB_OTG_DIEPCTL_EPDIS);
 935:Drivers/STM32F1xx_HAL_Driver/Src/stm32f1xx_ll_usb.c ****     }
 936:Drivers/STM32F1xx_HAL_Driver/Src/stm32f1xx_ll_usb.c ****     USBx_INEP(epnum)->DIEPCTL |= USB_OTG_DIEPCTL_STALL;
 937:Drivers/STM32F1xx_HAL_Driver/Src/stm32f1xx_ll_usb.c ****   }
 938:Drivers/STM32F1xx_HAL_Driver/Src/stm32f1xx_ll_usb.c ****   else
 939:Drivers/STM32F1xx_HAL_Driver/Src/stm32f1xx_ll_usb.c ****   {
 940:Drivers/STM32F1xx_HAL_Driver/Src/stm32f1xx_ll_usb.c ****     if (((USBx_OUTEP(epnum)->DOEPCTL & USB_OTG_DOEPCTL_EPENA) == 0U) && (epnum != 0U))
 941:Drivers/STM32F1xx_HAL_Driver/Src/stm32f1xx_ll_usb.c ****     {
 942:Drivers/STM32F1xx_HAL_Driver/Src/stm32f1xx_ll_usb.c ****       USBx_OUTEP(epnum)->DOEPCTL &= ~(USB_OTG_DOEPCTL_EPDIS);
 943:Drivers/STM32F1xx_HAL_Driver/Src/stm32f1xx_ll_usb.c ****     }
ARM GAS  C:\Users\jc\AppData\Local\Temp\ccrYs75M.s 			page 18


 944:Drivers/STM32F1xx_HAL_Driver/Src/stm32f1xx_ll_usb.c ****     USBx_OUTEP(epnum)->DOEPCTL |= USB_OTG_DOEPCTL_STALL;
 945:Drivers/STM32F1xx_HAL_Driver/Src/stm32f1xx_ll_usb.c ****   }
 946:Drivers/STM32F1xx_HAL_Driver/Src/stm32f1xx_ll_usb.c **** 
 947:Drivers/STM32F1xx_HAL_Driver/Src/stm32f1xx_ll_usb.c ****   return HAL_OK;
 948:Drivers/STM32F1xx_HAL_Driver/Src/stm32f1xx_ll_usb.c **** }
 949:Drivers/STM32F1xx_HAL_Driver/Src/stm32f1xx_ll_usb.c **** 
 950:Drivers/STM32F1xx_HAL_Driver/Src/stm32f1xx_ll_usb.c **** /**
 951:Drivers/STM32F1xx_HAL_Driver/Src/stm32f1xx_ll_usb.c ****   * @brief  USB_EPClearStall : Clear a stall condition over an EP
 952:Drivers/STM32F1xx_HAL_Driver/Src/stm32f1xx_ll_usb.c ****   * @param  USBx  Selected device
 953:Drivers/STM32F1xx_HAL_Driver/Src/stm32f1xx_ll_usb.c ****   * @param  ep pointer to endpoint structure
 954:Drivers/STM32F1xx_HAL_Driver/Src/stm32f1xx_ll_usb.c ****   * @retval HAL status
 955:Drivers/STM32F1xx_HAL_Driver/Src/stm32f1xx_ll_usb.c ****   */
 956:Drivers/STM32F1xx_HAL_Driver/Src/stm32f1xx_ll_usb.c **** HAL_StatusTypeDef USB_EPClearStall(const USB_OTG_GlobalTypeDef *USBx, const USB_OTG_EPTypeDef *ep)
 957:Drivers/STM32F1xx_HAL_Driver/Src/stm32f1xx_ll_usb.c **** {
 958:Drivers/STM32F1xx_HAL_Driver/Src/stm32f1xx_ll_usb.c ****   uint32_t USBx_BASE = (uint32_t)USBx;
 959:Drivers/STM32F1xx_HAL_Driver/Src/stm32f1xx_ll_usb.c ****   uint32_t epnum = (uint32_t)ep->num;
 960:Drivers/STM32F1xx_HAL_Driver/Src/stm32f1xx_ll_usb.c **** 
 961:Drivers/STM32F1xx_HAL_Driver/Src/stm32f1xx_ll_usb.c ****   if (ep->is_in == 1U)
 962:Drivers/STM32F1xx_HAL_Driver/Src/stm32f1xx_ll_usb.c ****   {
 963:Drivers/STM32F1xx_HAL_Driver/Src/stm32f1xx_ll_usb.c ****     USBx_INEP(epnum)->DIEPCTL &= ~USB_OTG_DIEPCTL_STALL;
 964:Drivers/STM32F1xx_HAL_Driver/Src/stm32f1xx_ll_usb.c ****     if ((ep->type == EP_TYPE_INTR) || (ep->type == EP_TYPE_BULK))
 965:Drivers/STM32F1xx_HAL_Driver/Src/stm32f1xx_ll_usb.c ****     {
 966:Drivers/STM32F1xx_HAL_Driver/Src/stm32f1xx_ll_usb.c ****       USBx_INEP(epnum)->DIEPCTL |= USB_OTG_DIEPCTL_SD0PID_SEVNFRM; /* DATA0 */
 967:Drivers/STM32F1xx_HAL_Driver/Src/stm32f1xx_ll_usb.c ****     }
 968:Drivers/STM32F1xx_HAL_Driver/Src/stm32f1xx_ll_usb.c ****   }
 969:Drivers/STM32F1xx_HAL_Driver/Src/stm32f1xx_ll_usb.c ****   else
 970:Drivers/STM32F1xx_HAL_Driver/Src/stm32f1xx_ll_usb.c ****   {
 971:Drivers/STM32F1xx_HAL_Driver/Src/stm32f1xx_ll_usb.c ****     USBx_OUTEP(epnum)->DOEPCTL &= ~USB_OTG_DOEPCTL_STALL;
 972:Drivers/STM32F1xx_HAL_Driver/Src/stm32f1xx_ll_usb.c ****     if ((ep->type == EP_TYPE_INTR) || (ep->type == EP_TYPE_BULK))
 973:Drivers/STM32F1xx_HAL_Driver/Src/stm32f1xx_ll_usb.c ****     {
 974:Drivers/STM32F1xx_HAL_Driver/Src/stm32f1xx_ll_usb.c ****       USBx_OUTEP(epnum)->DOEPCTL |= USB_OTG_DOEPCTL_SD0PID_SEVNFRM; /* DATA0 */
 975:Drivers/STM32F1xx_HAL_Driver/Src/stm32f1xx_ll_usb.c ****     }
 976:Drivers/STM32F1xx_HAL_Driver/Src/stm32f1xx_ll_usb.c ****   }
 977:Drivers/STM32F1xx_HAL_Driver/Src/stm32f1xx_ll_usb.c ****   return HAL_OK;
 978:Drivers/STM32F1xx_HAL_Driver/Src/stm32f1xx_ll_usb.c **** }
 979:Drivers/STM32F1xx_HAL_Driver/Src/stm32f1xx_ll_usb.c **** 
 980:Drivers/STM32F1xx_HAL_Driver/Src/stm32f1xx_ll_usb.c **** /**
 981:Drivers/STM32F1xx_HAL_Driver/Src/stm32f1xx_ll_usb.c ****   * @brief  USB_StopDevice : Stop the usb device mode
 982:Drivers/STM32F1xx_HAL_Driver/Src/stm32f1xx_ll_usb.c ****   * @param  USBx  Selected device
 983:Drivers/STM32F1xx_HAL_Driver/Src/stm32f1xx_ll_usb.c ****   * @retval HAL status
 984:Drivers/STM32F1xx_HAL_Driver/Src/stm32f1xx_ll_usb.c ****   */
 985:Drivers/STM32F1xx_HAL_Driver/Src/stm32f1xx_ll_usb.c **** HAL_StatusTypeDef USB_StopDevice(USB_OTG_GlobalTypeDef *USBx)
 986:Drivers/STM32F1xx_HAL_Driver/Src/stm32f1xx_ll_usb.c **** {
 987:Drivers/STM32F1xx_HAL_Driver/Src/stm32f1xx_ll_usb.c ****   HAL_StatusTypeDef ret;
 988:Drivers/STM32F1xx_HAL_Driver/Src/stm32f1xx_ll_usb.c ****   uint32_t USBx_BASE = (uint32_t)USBx;
 989:Drivers/STM32F1xx_HAL_Driver/Src/stm32f1xx_ll_usb.c ****   uint32_t i;
 990:Drivers/STM32F1xx_HAL_Driver/Src/stm32f1xx_ll_usb.c **** 
 991:Drivers/STM32F1xx_HAL_Driver/Src/stm32f1xx_ll_usb.c ****   /* Clear Pending interrupt */
 992:Drivers/STM32F1xx_HAL_Driver/Src/stm32f1xx_ll_usb.c ****   for (i = 0U; i < 15U; i++)
 993:Drivers/STM32F1xx_HAL_Driver/Src/stm32f1xx_ll_usb.c ****   {
 994:Drivers/STM32F1xx_HAL_Driver/Src/stm32f1xx_ll_usb.c ****     USBx_INEP(i)->DIEPINT = 0xFB7FU;
 995:Drivers/STM32F1xx_HAL_Driver/Src/stm32f1xx_ll_usb.c ****     USBx_OUTEP(i)->DOEPINT = 0xFB7FU;
 996:Drivers/STM32F1xx_HAL_Driver/Src/stm32f1xx_ll_usb.c ****   }
 997:Drivers/STM32F1xx_HAL_Driver/Src/stm32f1xx_ll_usb.c **** 
 998:Drivers/STM32F1xx_HAL_Driver/Src/stm32f1xx_ll_usb.c ****   /* Clear interrupt masks */
 999:Drivers/STM32F1xx_HAL_Driver/Src/stm32f1xx_ll_usb.c ****   USBx_DEVICE->DIEPMSK  = 0U;
1000:Drivers/STM32F1xx_HAL_Driver/Src/stm32f1xx_ll_usb.c ****   USBx_DEVICE->DOEPMSK  = 0U;
ARM GAS  C:\Users\jc\AppData\Local\Temp\ccrYs75M.s 			page 19


1001:Drivers/STM32F1xx_HAL_Driver/Src/stm32f1xx_ll_usb.c ****   USBx_DEVICE->DAINTMSK = 0U;
1002:Drivers/STM32F1xx_HAL_Driver/Src/stm32f1xx_ll_usb.c **** 
1003:Drivers/STM32F1xx_HAL_Driver/Src/stm32f1xx_ll_usb.c ****   /* Flush the FIFO */
1004:Drivers/STM32F1xx_HAL_Driver/Src/stm32f1xx_ll_usb.c ****   ret = USB_FlushRxFifo(USBx);
1005:Drivers/STM32F1xx_HAL_Driver/Src/stm32f1xx_ll_usb.c ****   if (ret != HAL_OK)
1006:Drivers/STM32F1xx_HAL_Driver/Src/stm32f1xx_ll_usb.c ****   {
1007:Drivers/STM32F1xx_HAL_Driver/Src/stm32f1xx_ll_usb.c ****     return ret;
1008:Drivers/STM32F1xx_HAL_Driver/Src/stm32f1xx_ll_usb.c ****   }
1009:Drivers/STM32F1xx_HAL_Driver/Src/stm32f1xx_ll_usb.c **** 
1010:Drivers/STM32F1xx_HAL_Driver/Src/stm32f1xx_ll_usb.c ****   ret = USB_FlushTxFifo(USBx,  0x10U);
1011:Drivers/STM32F1xx_HAL_Driver/Src/stm32f1xx_ll_usb.c ****   if (ret != HAL_OK)
1012:Drivers/STM32F1xx_HAL_Driver/Src/stm32f1xx_ll_usb.c ****   {
1013:Drivers/STM32F1xx_HAL_Driver/Src/stm32f1xx_ll_usb.c ****     return ret;
1014:Drivers/STM32F1xx_HAL_Driver/Src/stm32f1xx_ll_usb.c ****   }
1015:Drivers/STM32F1xx_HAL_Driver/Src/stm32f1xx_ll_usb.c **** 
1016:Drivers/STM32F1xx_HAL_Driver/Src/stm32f1xx_ll_usb.c ****   return ret;
1017:Drivers/STM32F1xx_HAL_Driver/Src/stm32f1xx_ll_usb.c **** }
1018:Drivers/STM32F1xx_HAL_Driver/Src/stm32f1xx_ll_usb.c **** 
1019:Drivers/STM32F1xx_HAL_Driver/Src/stm32f1xx_ll_usb.c **** /**
1020:Drivers/STM32F1xx_HAL_Driver/Src/stm32f1xx_ll_usb.c ****   * @brief  USB_SetDevAddress : Stop the usb device mode
1021:Drivers/STM32F1xx_HAL_Driver/Src/stm32f1xx_ll_usb.c ****   * @param  USBx  Selected device
1022:Drivers/STM32F1xx_HAL_Driver/Src/stm32f1xx_ll_usb.c ****   * @param  address  new device address to be assigned
1023:Drivers/STM32F1xx_HAL_Driver/Src/stm32f1xx_ll_usb.c ****   *          This parameter can be a value from 0 to 255
1024:Drivers/STM32F1xx_HAL_Driver/Src/stm32f1xx_ll_usb.c ****   * @retval HAL status
1025:Drivers/STM32F1xx_HAL_Driver/Src/stm32f1xx_ll_usb.c ****   */
1026:Drivers/STM32F1xx_HAL_Driver/Src/stm32f1xx_ll_usb.c **** HAL_StatusTypeDef USB_SetDevAddress(const USB_OTG_GlobalTypeDef *USBx, uint8_t address)
1027:Drivers/STM32F1xx_HAL_Driver/Src/stm32f1xx_ll_usb.c **** {
1028:Drivers/STM32F1xx_HAL_Driver/Src/stm32f1xx_ll_usb.c ****   uint32_t USBx_BASE = (uint32_t)USBx;
1029:Drivers/STM32F1xx_HAL_Driver/Src/stm32f1xx_ll_usb.c **** 
1030:Drivers/STM32F1xx_HAL_Driver/Src/stm32f1xx_ll_usb.c ****   USBx_DEVICE->DCFG &= ~(USB_OTG_DCFG_DAD);
1031:Drivers/STM32F1xx_HAL_Driver/Src/stm32f1xx_ll_usb.c ****   USBx_DEVICE->DCFG |= ((uint32_t)address << 4) & USB_OTG_DCFG_DAD;
1032:Drivers/STM32F1xx_HAL_Driver/Src/stm32f1xx_ll_usb.c **** 
1033:Drivers/STM32F1xx_HAL_Driver/Src/stm32f1xx_ll_usb.c ****   return HAL_OK;
1034:Drivers/STM32F1xx_HAL_Driver/Src/stm32f1xx_ll_usb.c **** }
1035:Drivers/STM32F1xx_HAL_Driver/Src/stm32f1xx_ll_usb.c **** 
1036:Drivers/STM32F1xx_HAL_Driver/Src/stm32f1xx_ll_usb.c **** /**
1037:Drivers/STM32F1xx_HAL_Driver/Src/stm32f1xx_ll_usb.c ****   * @brief  USB_DevConnect : Connect the USB device by enabling Rpu
1038:Drivers/STM32F1xx_HAL_Driver/Src/stm32f1xx_ll_usb.c ****   * @param  USBx  Selected device
1039:Drivers/STM32F1xx_HAL_Driver/Src/stm32f1xx_ll_usb.c ****   * @retval HAL status
1040:Drivers/STM32F1xx_HAL_Driver/Src/stm32f1xx_ll_usb.c ****   */
1041:Drivers/STM32F1xx_HAL_Driver/Src/stm32f1xx_ll_usb.c **** HAL_StatusTypeDef USB_DevConnect(const USB_OTG_GlobalTypeDef *USBx)
1042:Drivers/STM32F1xx_HAL_Driver/Src/stm32f1xx_ll_usb.c **** {
1043:Drivers/STM32F1xx_HAL_Driver/Src/stm32f1xx_ll_usb.c ****   uint32_t USBx_BASE = (uint32_t)USBx;
1044:Drivers/STM32F1xx_HAL_Driver/Src/stm32f1xx_ll_usb.c **** 
1045:Drivers/STM32F1xx_HAL_Driver/Src/stm32f1xx_ll_usb.c ****   /* In case phy is stopped, ensure to ungate and restore the phy CLK */
1046:Drivers/STM32F1xx_HAL_Driver/Src/stm32f1xx_ll_usb.c ****   USBx_PCGCCTL &= ~(USB_OTG_PCGCCTL_STOPCLK | USB_OTG_PCGCCTL_GATECLK);
1047:Drivers/STM32F1xx_HAL_Driver/Src/stm32f1xx_ll_usb.c **** 
1048:Drivers/STM32F1xx_HAL_Driver/Src/stm32f1xx_ll_usb.c ****   USBx_DEVICE->DCTL &= ~USB_OTG_DCTL_SDIS;
1049:Drivers/STM32F1xx_HAL_Driver/Src/stm32f1xx_ll_usb.c **** 
1050:Drivers/STM32F1xx_HAL_Driver/Src/stm32f1xx_ll_usb.c ****   return HAL_OK;
1051:Drivers/STM32F1xx_HAL_Driver/Src/stm32f1xx_ll_usb.c **** }
1052:Drivers/STM32F1xx_HAL_Driver/Src/stm32f1xx_ll_usb.c **** 
1053:Drivers/STM32F1xx_HAL_Driver/Src/stm32f1xx_ll_usb.c **** /**
1054:Drivers/STM32F1xx_HAL_Driver/Src/stm32f1xx_ll_usb.c ****   * @brief  USB_DevDisconnect : Disconnect the USB device by disabling Rpu
1055:Drivers/STM32F1xx_HAL_Driver/Src/stm32f1xx_ll_usb.c ****   * @param  USBx  Selected device
1056:Drivers/STM32F1xx_HAL_Driver/Src/stm32f1xx_ll_usb.c ****   * @retval HAL status
1057:Drivers/STM32F1xx_HAL_Driver/Src/stm32f1xx_ll_usb.c ****   */
ARM GAS  C:\Users\jc\AppData\Local\Temp\ccrYs75M.s 			page 20


1058:Drivers/STM32F1xx_HAL_Driver/Src/stm32f1xx_ll_usb.c **** HAL_StatusTypeDef USB_DevDisconnect(const USB_OTG_GlobalTypeDef *USBx)
1059:Drivers/STM32F1xx_HAL_Driver/Src/stm32f1xx_ll_usb.c **** {
1060:Drivers/STM32F1xx_HAL_Driver/Src/stm32f1xx_ll_usb.c ****   uint32_t USBx_BASE = (uint32_t)USBx;
1061:Drivers/STM32F1xx_HAL_Driver/Src/stm32f1xx_ll_usb.c **** 
1062:Drivers/STM32F1xx_HAL_Driver/Src/stm32f1xx_ll_usb.c ****   /* In case phy is stopped, ensure to ungate and restore the phy CLK */
1063:Drivers/STM32F1xx_HAL_Driver/Src/stm32f1xx_ll_usb.c ****   USBx_PCGCCTL &= ~(USB_OTG_PCGCCTL_STOPCLK | USB_OTG_PCGCCTL_GATECLK);
1064:Drivers/STM32F1xx_HAL_Driver/Src/stm32f1xx_ll_usb.c **** 
1065:Drivers/STM32F1xx_HAL_Driver/Src/stm32f1xx_ll_usb.c ****   USBx_DEVICE->DCTL |= USB_OTG_DCTL_SDIS;
1066:Drivers/STM32F1xx_HAL_Driver/Src/stm32f1xx_ll_usb.c **** 
1067:Drivers/STM32F1xx_HAL_Driver/Src/stm32f1xx_ll_usb.c ****   return HAL_OK;
1068:Drivers/STM32F1xx_HAL_Driver/Src/stm32f1xx_ll_usb.c **** }
1069:Drivers/STM32F1xx_HAL_Driver/Src/stm32f1xx_ll_usb.c **** 
1070:Drivers/STM32F1xx_HAL_Driver/Src/stm32f1xx_ll_usb.c **** /**
1071:Drivers/STM32F1xx_HAL_Driver/Src/stm32f1xx_ll_usb.c ****   * @brief  USB_ReadInterrupts: return the global USB interrupt status
1072:Drivers/STM32F1xx_HAL_Driver/Src/stm32f1xx_ll_usb.c ****   * @param  USBx  Selected device
1073:Drivers/STM32F1xx_HAL_Driver/Src/stm32f1xx_ll_usb.c ****   * @retval USB Global Interrupt status
1074:Drivers/STM32F1xx_HAL_Driver/Src/stm32f1xx_ll_usb.c ****   */
1075:Drivers/STM32F1xx_HAL_Driver/Src/stm32f1xx_ll_usb.c **** uint32_t USB_ReadInterrupts(USB_OTG_GlobalTypeDef const *USBx)
1076:Drivers/STM32F1xx_HAL_Driver/Src/stm32f1xx_ll_usb.c **** {
1077:Drivers/STM32F1xx_HAL_Driver/Src/stm32f1xx_ll_usb.c ****   uint32_t tmpreg;
1078:Drivers/STM32F1xx_HAL_Driver/Src/stm32f1xx_ll_usb.c **** 
1079:Drivers/STM32F1xx_HAL_Driver/Src/stm32f1xx_ll_usb.c ****   tmpreg = USBx->GINTSTS;
1080:Drivers/STM32F1xx_HAL_Driver/Src/stm32f1xx_ll_usb.c ****   tmpreg &= USBx->GINTMSK;
1081:Drivers/STM32F1xx_HAL_Driver/Src/stm32f1xx_ll_usb.c **** 
1082:Drivers/STM32F1xx_HAL_Driver/Src/stm32f1xx_ll_usb.c ****   return tmpreg;
1083:Drivers/STM32F1xx_HAL_Driver/Src/stm32f1xx_ll_usb.c **** }
1084:Drivers/STM32F1xx_HAL_Driver/Src/stm32f1xx_ll_usb.c **** 
1085:Drivers/STM32F1xx_HAL_Driver/Src/stm32f1xx_ll_usb.c **** /**
1086:Drivers/STM32F1xx_HAL_Driver/Src/stm32f1xx_ll_usb.c ****   * @brief  USB_ReadChInterrupts: return USB channel interrupt status
1087:Drivers/STM32F1xx_HAL_Driver/Src/stm32f1xx_ll_usb.c ****   * @param  USBx  Selected device
1088:Drivers/STM32F1xx_HAL_Driver/Src/stm32f1xx_ll_usb.c ****   * @param  chnum Channel number
1089:Drivers/STM32F1xx_HAL_Driver/Src/stm32f1xx_ll_usb.c ****   * @retval USB Channel Interrupt status
1090:Drivers/STM32F1xx_HAL_Driver/Src/stm32f1xx_ll_usb.c ****   */
1091:Drivers/STM32F1xx_HAL_Driver/Src/stm32f1xx_ll_usb.c **** uint32_t USB_ReadChInterrupts(const USB_OTG_GlobalTypeDef *USBx, uint8_t chnum)
1092:Drivers/STM32F1xx_HAL_Driver/Src/stm32f1xx_ll_usb.c **** {
1093:Drivers/STM32F1xx_HAL_Driver/Src/stm32f1xx_ll_usb.c ****   uint32_t USBx_BASE = (uint32_t)USBx;
1094:Drivers/STM32F1xx_HAL_Driver/Src/stm32f1xx_ll_usb.c ****   uint32_t tmpreg;
1095:Drivers/STM32F1xx_HAL_Driver/Src/stm32f1xx_ll_usb.c **** 
1096:Drivers/STM32F1xx_HAL_Driver/Src/stm32f1xx_ll_usb.c ****   tmpreg = USBx_HC(chnum)->HCINT;
1097:Drivers/STM32F1xx_HAL_Driver/Src/stm32f1xx_ll_usb.c ****   tmpreg &= USBx_HC(chnum)->HCINTMSK;
1098:Drivers/STM32F1xx_HAL_Driver/Src/stm32f1xx_ll_usb.c **** 
1099:Drivers/STM32F1xx_HAL_Driver/Src/stm32f1xx_ll_usb.c ****   return tmpreg;
1100:Drivers/STM32F1xx_HAL_Driver/Src/stm32f1xx_ll_usb.c **** }
1101:Drivers/STM32F1xx_HAL_Driver/Src/stm32f1xx_ll_usb.c **** 
1102:Drivers/STM32F1xx_HAL_Driver/Src/stm32f1xx_ll_usb.c **** /**
1103:Drivers/STM32F1xx_HAL_Driver/Src/stm32f1xx_ll_usb.c ****   * @brief  USB_ReadDevAllOutEpInterrupt: return the USB device OUT endpoints interrupt status
1104:Drivers/STM32F1xx_HAL_Driver/Src/stm32f1xx_ll_usb.c ****   * @param  USBx  Selected device
1105:Drivers/STM32F1xx_HAL_Driver/Src/stm32f1xx_ll_usb.c ****   * @retval USB Device OUT EP interrupt status
1106:Drivers/STM32F1xx_HAL_Driver/Src/stm32f1xx_ll_usb.c ****   */
1107:Drivers/STM32F1xx_HAL_Driver/Src/stm32f1xx_ll_usb.c **** uint32_t USB_ReadDevAllOutEpInterrupt(const USB_OTG_GlobalTypeDef *USBx)
1108:Drivers/STM32F1xx_HAL_Driver/Src/stm32f1xx_ll_usb.c **** {
1109:Drivers/STM32F1xx_HAL_Driver/Src/stm32f1xx_ll_usb.c ****   uint32_t USBx_BASE = (uint32_t)USBx;
1110:Drivers/STM32F1xx_HAL_Driver/Src/stm32f1xx_ll_usb.c ****   uint32_t tmpreg;
1111:Drivers/STM32F1xx_HAL_Driver/Src/stm32f1xx_ll_usb.c **** 
1112:Drivers/STM32F1xx_HAL_Driver/Src/stm32f1xx_ll_usb.c ****   tmpreg  = USBx_DEVICE->DAINT;
1113:Drivers/STM32F1xx_HAL_Driver/Src/stm32f1xx_ll_usb.c ****   tmpreg &= USBx_DEVICE->DAINTMSK;
1114:Drivers/STM32F1xx_HAL_Driver/Src/stm32f1xx_ll_usb.c **** 
ARM GAS  C:\Users\jc\AppData\Local\Temp\ccrYs75M.s 			page 21


1115:Drivers/STM32F1xx_HAL_Driver/Src/stm32f1xx_ll_usb.c ****   return ((tmpreg & 0xffff0000U) >> 16);
1116:Drivers/STM32F1xx_HAL_Driver/Src/stm32f1xx_ll_usb.c **** }
1117:Drivers/STM32F1xx_HAL_Driver/Src/stm32f1xx_ll_usb.c **** 
1118:Drivers/STM32F1xx_HAL_Driver/Src/stm32f1xx_ll_usb.c **** /**
1119:Drivers/STM32F1xx_HAL_Driver/Src/stm32f1xx_ll_usb.c ****   * @brief  USB_ReadDevAllInEpInterrupt: return the USB device IN endpoints interrupt status
1120:Drivers/STM32F1xx_HAL_Driver/Src/stm32f1xx_ll_usb.c ****   * @param  USBx  Selected device
1121:Drivers/STM32F1xx_HAL_Driver/Src/stm32f1xx_ll_usb.c ****   * @retval USB Device IN EP interrupt status
1122:Drivers/STM32F1xx_HAL_Driver/Src/stm32f1xx_ll_usb.c ****   */
1123:Drivers/STM32F1xx_HAL_Driver/Src/stm32f1xx_ll_usb.c **** uint32_t USB_ReadDevAllInEpInterrupt(const USB_OTG_GlobalTypeDef *USBx)
1124:Drivers/STM32F1xx_HAL_Driver/Src/stm32f1xx_ll_usb.c **** {
1125:Drivers/STM32F1xx_HAL_Driver/Src/stm32f1xx_ll_usb.c ****   uint32_t USBx_BASE = (uint32_t)USBx;
1126:Drivers/STM32F1xx_HAL_Driver/Src/stm32f1xx_ll_usb.c ****   uint32_t tmpreg;
1127:Drivers/STM32F1xx_HAL_Driver/Src/stm32f1xx_ll_usb.c **** 
1128:Drivers/STM32F1xx_HAL_Driver/Src/stm32f1xx_ll_usb.c ****   tmpreg  = USBx_DEVICE->DAINT;
1129:Drivers/STM32F1xx_HAL_Driver/Src/stm32f1xx_ll_usb.c ****   tmpreg &= USBx_DEVICE->DAINTMSK;
1130:Drivers/STM32F1xx_HAL_Driver/Src/stm32f1xx_ll_usb.c **** 
1131:Drivers/STM32F1xx_HAL_Driver/Src/stm32f1xx_ll_usb.c ****   return ((tmpreg & 0xFFFFU));
1132:Drivers/STM32F1xx_HAL_Driver/Src/stm32f1xx_ll_usb.c **** }
1133:Drivers/STM32F1xx_HAL_Driver/Src/stm32f1xx_ll_usb.c **** 
1134:Drivers/STM32F1xx_HAL_Driver/Src/stm32f1xx_ll_usb.c **** /**
1135:Drivers/STM32F1xx_HAL_Driver/Src/stm32f1xx_ll_usb.c ****   * @brief  Returns Device OUT EP Interrupt register
1136:Drivers/STM32F1xx_HAL_Driver/Src/stm32f1xx_ll_usb.c ****   * @param  USBx  Selected device
1137:Drivers/STM32F1xx_HAL_Driver/Src/stm32f1xx_ll_usb.c ****   * @param  epnum  endpoint number
1138:Drivers/STM32F1xx_HAL_Driver/Src/stm32f1xx_ll_usb.c ****   *          This parameter can be a value from 0 to 15
1139:Drivers/STM32F1xx_HAL_Driver/Src/stm32f1xx_ll_usb.c ****   * @retval Device OUT EP Interrupt register
1140:Drivers/STM32F1xx_HAL_Driver/Src/stm32f1xx_ll_usb.c ****   */
1141:Drivers/STM32F1xx_HAL_Driver/Src/stm32f1xx_ll_usb.c **** uint32_t USB_ReadDevOutEPInterrupt(const USB_OTG_GlobalTypeDef *USBx, uint8_t epnum)
1142:Drivers/STM32F1xx_HAL_Driver/Src/stm32f1xx_ll_usb.c **** {
1143:Drivers/STM32F1xx_HAL_Driver/Src/stm32f1xx_ll_usb.c ****   uint32_t USBx_BASE = (uint32_t)USBx;
1144:Drivers/STM32F1xx_HAL_Driver/Src/stm32f1xx_ll_usb.c ****   uint32_t tmpreg;
1145:Drivers/STM32F1xx_HAL_Driver/Src/stm32f1xx_ll_usb.c **** 
1146:Drivers/STM32F1xx_HAL_Driver/Src/stm32f1xx_ll_usb.c ****   tmpreg  = USBx_OUTEP((uint32_t)epnum)->DOEPINT;
1147:Drivers/STM32F1xx_HAL_Driver/Src/stm32f1xx_ll_usb.c ****   tmpreg &= USBx_DEVICE->DOEPMSK;
1148:Drivers/STM32F1xx_HAL_Driver/Src/stm32f1xx_ll_usb.c **** 
1149:Drivers/STM32F1xx_HAL_Driver/Src/stm32f1xx_ll_usb.c ****   return tmpreg;
1150:Drivers/STM32F1xx_HAL_Driver/Src/stm32f1xx_ll_usb.c **** }
1151:Drivers/STM32F1xx_HAL_Driver/Src/stm32f1xx_ll_usb.c **** 
1152:Drivers/STM32F1xx_HAL_Driver/Src/stm32f1xx_ll_usb.c **** /**
1153:Drivers/STM32F1xx_HAL_Driver/Src/stm32f1xx_ll_usb.c ****   * @brief  Returns Device IN EP Interrupt register
1154:Drivers/STM32F1xx_HAL_Driver/Src/stm32f1xx_ll_usb.c ****   * @param  USBx  Selected device
1155:Drivers/STM32F1xx_HAL_Driver/Src/stm32f1xx_ll_usb.c ****   * @param  epnum  endpoint number
1156:Drivers/STM32F1xx_HAL_Driver/Src/stm32f1xx_ll_usb.c ****   *          This parameter can be a value from 0 to 15
1157:Drivers/STM32F1xx_HAL_Driver/Src/stm32f1xx_ll_usb.c ****   * @retval Device IN EP Interrupt register
1158:Drivers/STM32F1xx_HAL_Driver/Src/stm32f1xx_ll_usb.c ****   */
1159:Drivers/STM32F1xx_HAL_Driver/Src/stm32f1xx_ll_usb.c **** uint32_t USB_ReadDevInEPInterrupt(const USB_OTG_GlobalTypeDef *USBx, uint8_t epnum)
1160:Drivers/STM32F1xx_HAL_Driver/Src/stm32f1xx_ll_usb.c **** {
1161:Drivers/STM32F1xx_HAL_Driver/Src/stm32f1xx_ll_usb.c ****   uint32_t USBx_BASE = (uint32_t)USBx;
1162:Drivers/STM32F1xx_HAL_Driver/Src/stm32f1xx_ll_usb.c ****   uint32_t tmpreg;
1163:Drivers/STM32F1xx_HAL_Driver/Src/stm32f1xx_ll_usb.c ****   uint32_t msk;
1164:Drivers/STM32F1xx_HAL_Driver/Src/stm32f1xx_ll_usb.c ****   uint32_t emp;
1165:Drivers/STM32F1xx_HAL_Driver/Src/stm32f1xx_ll_usb.c **** 
1166:Drivers/STM32F1xx_HAL_Driver/Src/stm32f1xx_ll_usb.c ****   msk = USBx_DEVICE->DIEPMSK;
1167:Drivers/STM32F1xx_HAL_Driver/Src/stm32f1xx_ll_usb.c ****   emp = USBx_DEVICE->DIEPEMPMSK;
1168:Drivers/STM32F1xx_HAL_Driver/Src/stm32f1xx_ll_usb.c ****   msk |= ((emp >> (epnum & EP_ADDR_MSK)) & 0x1U) << 7;
1169:Drivers/STM32F1xx_HAL_Driver/Src/stm32f1xx_ll_usb.c ****   tmpreg = USBx_INEP((uint32_t)epnum)->DIEPINT & msk;
1170:Drivers/STM32F1xx_HAL_Driver/Src/stm32f1xx_ll_usb.c **** 
1171:Drivers/STM32F1xx_HAL_Driver/Src/stm32f1xx_ll_usb.c ****   return tmpreg;
ARM GAS  C:\Users\jc\AppData\Local\Temp\ccrYs75M.s 			page 22


1172:Drivers/STM32F1xx_HAL_Driver/Src/stm32f1xx_ll_usb.c **** }
1173:Drivers/STM32F1xx_HAL_Driver/Src/stm32f1xx_ll_usb.c **** 
1174:Drivers/STM32F1xx_HAL_Driver/Src/stm32f1xx_ll_usb.c **** /**
1175:Drivers/STM32F1xx_HAL_Driver/Src/stm32f1xx_ll_usb.c ****   * @brief  USB_ClearInterrupts: clear a USB interrupt
1176:Drivers/STM32F1xx_HAL_Driver/Src/stm32f1xx_ll_usb.c ****   * @param  USBx  Selected device
1177:Drivers/STM32F1xx_HAL_Driver/Src/stm32f1xx_ll_usb.c ****   * @param  interrupt  flag
1178:Drivers/STM32F1xx_HAL_Driver/Src/stm32f1xx_ll_usb.c ****   * @retval None
1179:Drivers/STM32F1xx_HAL_Driver/Src/stm32f1xx_ll_usb.c ****   */
1180:Drivers/STM32F1xx_HAL_Driver/Src/stm32f1xx_ll_usb.c **** void  USB_ClearInterrupts(USB_OTG_GlobalTypeDef *USBx, uint32_t interrupt)
1181:Drivers/STM32F1xx_HAL_Driver/Src/stm32f1xx_ll_usb.c **** {
1182:Drivers/STM32F1xx_HAL_Driver/Src/stm32f1xx_ll_usb.c ****   USBx->GINTSTS &= interrupt;
1183:Drivers/STM32F1xx_HAL_Driver/Src/stm32f1xx_ll_usb.c **** }
1184:Drivers/STM32F1xx_HAL_Driver/Src/stm32f1xx_ll_usb.c **** 
1185:Drivers/STM32F1xx_HAL_Driver/Src/stm32f1xx_ll_usb.c **** /**
1186:Drivers/STM32F1xx_HAL_Driver/Src/stm32f1xx_ll_usb.c ****   * @brief  Returns USB core mode
1187:Drivers/STM32F1xx_HAL_Driver/Src/stm32f1xx_ll_usb.c ****   * @param  USBx  Selected device
1188:Drivers/STM32F1xx_HAL_Driver/Src/stm32f1xx_ll_usb.c ****   * @retval return core mode : Host or Device
1189:Drivers/STM32F1xx_HAL_Driver/Src/stm32f1xx_ll_usb.c ****   *          This parameter can be one of these values:
1190:Drivers/STM32F1xx_HAL_Driver/Src/stm32f1xx_ll_usb.c ****   *           0 : Host
1191:Drivers/STM32F1xx_HAL_Driver/Src/stm32f1xx_ll_usb.c ****   *           1 : Device
1192:Drivers/STM32F1xx_HAL_Driver/Src/stm32f1xx_ll_usb.c ****   */
1193:Drivers/STM32F1xx_HAL_Driver/Src/stm32f1xx_ll_usb.c **** uint32_t USB_GetMode(const USB_OTG_GlobalTypeDef *USBx)
1194:Drivers/STM32F1xx_HAL_Driver/Src/stm32f1xx_ll_usb.c **** {
1195:Drivers/STM32F1xx_HAL_Driver/Src/stm32f1xx_ll_usb.c ****   return ((USBx->GINTSTS) & 0x1U);
1196:Drivers/STM32F1xx_HAL_Driver/Src/stm32f1xx_ll_usb.c **** }
1197:Drivers/STM32F1xx_HAL_Driver/Src/stm32f1xx_ll_usb.c **** 
1198:Drivers/STM32F1xx_HAL_Driver/Src/stm32f1xx_ll_usb.c **** /**
1199:Drivers/STM32F1xx_HAL_Driver/Src/stm32f1xx_ll_usb.c ****   * @brief  Activate EP0 for Setup transactions
1200:Drivers/STM32F1xx_HAL_Driver/Src/stm32f1xx_ll_usb.c ****   * @param  USBx  Selected device
1201:Drivers/STM32F1xx_HAL_Driver/Src/stm32f1xx_ll_usb.c ****   * @retval HAL status
1202:Drivers/STM32F1xx_HAL_Driver/Src/stm32f1xx_ll_usb.c ****   */
1203:Drivers/STM32F1xx_HAL_Driver/Src/stm32f1xx_ll_usb.c **** HAL_StatusTypeDef USB_ActivateSetup(const USB_OTG_GlobalTypeDef *USBx)
1204:Drivers/STM32F1xx_HAL_Driver/Src/stm32f1xx_ll_usb.c **** {
1205:Drivers/STM32F1xx_HAL_Driver/Src/stm32f1xx_ll_usb.c ****   uint32_t USBx_BASE = (uint32_t)USBx;
1206:Drivers/STM32F1xx_HAL_Driver/Src/stm32f1xx_ll_usb.c **** 
1207:Drivers/STM32F1xx_HAL_Driver/Src/stm32f1xx_ll_usb.c ****   /* Set the MPS of the IN EP0 to 64 bytes */
1208:Drivers/STM32F1xx_HAL_Driver/Src/stm32f1xx_ll_usb.c ****   USBx_INEP(0U)->DIEPCTL &= ~USB_OTG_DIEPCTL_MPSIZ;
1209:Drivers/STM32F1xx_HAL_Driver/Src/stm32f1xx_ll_usb.c **** 
1210:Drivers/STM32F1xx_HAL_Driver/Src/stm32f1xx_ll_usb.c ****   USBx_DEVICE->DCTL |= USB_OTG_DCTL_CGINAK;
1211:Drivers/STM32F1xx_HAL_Driver/Src/stm32f1xx_ll_usb.c **** 
1212:Drivers/STM32F1xx_HAL_Driver/Src/stm32f1xx_ll_usb.c ****   return HAL_OK;
1213:Drivers/STM32F1xx_HAL_Driver/Src/stm32f1xx_ll_usb.c **** }
1214:Drivers/STM32F1xx_HAL_Driver/Src/stm32f1xx_ll_usb.c **** 
1215:Drivers/STM32F1xx_HAL_Driver/Src/stm32f1xx_ll_usb.c **** /**
1216:Drivers/STM32F1xx_HAL_Driver/Src/stm32f1xx_ll_usb.c ****   * @brief  Prepare the EP0 to start the first control setup
1217:Drivers/STM32F1xx_HAL_Driver/Src/stm32f1xx_ll_usb.c ****   * @param  USBx  Selected device
1218:Drivers/STM32F1xx_HAL_Driver/Src/stm32f1xx_ll_usb.c ****   * @param  psetup  pointer to setup packet
1219:Drivers/STM32F1xx_HAL_Driver/Src/stm32f1xx_ll_usb.c ****   * @retval HAL status
1220:Drivers/STM32F1xx_HAL_Driver/Src/stm32f1xx_ll_usb.c ****   */
1221:Drivers/STM32F1xx_HAL_Driver/Src/stm32f1xx_ll_usb.c **** HAL_StatusTypeDef USB_EP0_OutStart(const USB_OTG_GlobalTypeDef *USBx, const uint8_t *psetup)
1222:Drivers/STM32F1xx_HAL_Driver/Src/stm32f1xx_ll_usb.c **** {
1223:Drivers/STM32F1xx_HAL_Driver/Src/stm32f1xx_ll_usb.c ****   uint32_t USBx_BASE = (uint32_t)USBx;
1224:Drivers/STM32F1xx_HAL_Driver/Src/stm32f1xx_ll_usb.c ****   uint32_t gSNPSiD = *(__IO const uint32_t *)(&USBx->CID + 0x1U);
1225:Drivers/STM32F1xx_HAL_Driver/Src/stm32f1xx_ll_usb.c ****   UNUSED(psetup);
1226:Drivers/STM32F1xx_HAL_Driver/Src/stm32f1xx_ll_usb.c **** 
1227:Drivers/STM32F1xx_HAL_Driver/Src/stm32f1xx_ll_usb.c ****   if (gSNPSiD > USB_OTG_CORE_ID_300A)
1228:Drivers/STM32F1xx_HAL_Driver/Src/stm32f1xx_ll_usb.c ****   {
ARM GAS  C:\Users\jc\AppData\Local\Temp\ccrYs75M.s 			page 23


1229:Drivers/STM32F1xx_HAL_Driver/Src/stm32f1xx_ll_usb.c ****     if ((USBx_OUTEP(0U)->DOEPCTL & USB_OTG_DOEPCTL_EPENA) == USB_OTG_DOEPCTL_EPENA)
1230:Drivers/STM32F1xx_HAL_Driver/Src/stm32f1xx_ll_usb.c ****     {
1231:Drivers/STM32F1xx_HAL_Driver/Src/stm32f1xx_ll_usb.c ****       return HAL_OK;
1232:Drivers/STM32F1xx_HAL_Driver/Src/stm32f1xx_ll_usb.c ****     }
1233:Drivers/STM32F1xx_HAL_Driver/Src/stm32f1xx_ll_usb.c ****   }
1234:Drivers/STM32F1xx_HAL_Driver/Src/stm32f1xx_ll_usb.c **** 
1235:Drivers/STM32F1xx_HAL_Driver/Src/stm32f1xx_ll_usb.c ****   USBx_OUTEP(0U)->DOEPTSIZ = 0U;
1236:Drivers/STM32F1xx_HAL_Driver/Src/stm32f1xx_ll_usb.c ****   USBx_OUTEP(0U)->DOEPTSIZ |= (USB_OTG_DOEPTSIZ_PKTCNT & (1U << 19));
1237:Drivers/STM32F1xx_HAL_Driver/Src/stm32f1xx_ll_usb.c ****   USBx_OUTEP(0U)->DOEPTSIZ |= (3U * 8U);
1238:Drivers/STM32F1xx_HAL_Driver/Src/stm32f1xx_ll_usb.c ****   USBx_OUTEP(0U)->DOEPTSIZ |=  USB_OTG_DOEPTSIZ_STUPCNT;
1239:Drivers/STM32F1xx_HAL_Driver/Src/stm32f1xx_ll_usb.c **** 
1240:Drivers/STM32F1xx_HAL_Driver/Src/stm32f1xx_ll_usb.c ****   return HAL_OK;
1241:Drivers/STM32F1xx_HAL_Driver/Src/stm32f1xx_ll_usb.c **** }
1242:Drivers/STM32F1xx_HAL_Driver/Src/stm32f1xx_ll_usb.c **** 
1243:Drivers/STM32F1xx_HAL_Driver/Src/stm32f1xx_ll_usb.c **** /**
1244:Drivers/STM32F1xx_HAL_Driver/Src/stm32f1xx_ll_usb.c ****   * @brief  Reset the USB Core (needed after USB clock settings change)
1245:Drivers/STM32F1xx_HAL_Driver/Src/stm32f1xx_ll_usb.c ****   * @param  USBx  Selected device
1246:Drivers/STM32F1xx_HAL_Driver/Src/stm32f1xx_ll_usb.c ****   * @retval HAL status
1247:Drivers/STM32F1xx_HAL_Driver/Src/stm32f1xx_ll_usb.c ****   */
1248:Drivers/STM32F1xx_HAL_Driver/Src/stm32f1xx_ll_usb.c **** static HAL_StatusTypeDef USB_CoreReset(USB_OTG_GlobalTypeDef *USBx)
1249:Drivers/STM32F1xx_HAL_Driver/Src/stm32f1xx_ll_usb.c **** {
1250:Drivers/STM32F1xx_HAL_Driver/Src/stm32f1xx_ll_usb.c ****   __IO uint32_t count = 0U;
1251:Drivers/STM32F1xx_HAL_Driver/Src/stm32f1xx_ll_usb.c **** 
1252:Drivers/STM32F1xx_HAL_Driver/Src/stm32f1xx_ll_usb.c ****   /* Wait for AHB master IDLE state. */
1253:Drivers/STM32F1xx_HAL_Driver/Src/stm32f1xx_ll_usb.c ****   do
1254:Drivers/STM32F1xx_HAL_Driver/Src/stm32f1xx_ll_usb.c ****   {
1255:Drivers/STM32F1xx_HAL_Driver/Src/stm32f1xx_ll_usb.c ****     count++;
1256:Drivers/STM32F1xx_HAL_Driver/Src/stm32f1xx_ll_usb.c **** 
1257:Drivers/STM32F1xx_HAL_Driver/Src/stm32f1xx_ll_usb.c ****     if (count > HAL_USB_TIMEOUT)
1258:Drivers/STM32F1xx_HAL_Driver/Src/stm32f1xx_ll_usb.c ****     {
1259:Drivers/STM32F1xx_HAL_Driver/Src/stm32f1xx_ll_usb.c ****       return HAL_TIMEOUT;
1260:Drivers/STM32F1xx_HAL_Driver/Src/stm32f1xx_ll_usb.c ****     }
1261:Drivers/STM32F1xx_HAL_Driver/Src/stm32f1xx_ll_usb.c ****   } while ((USBx->GRSTCTL & USB_OTG_GRSTCTL_AHBIDL) == 0U);
1262:Drivers/STM32F1xx_HAL_Driver/Src/stm32f1xx_ll_usb.c **** 
1263:Drivers/STM32F1xx_HAL_Driver/Src/stm32f1xx_ll_usb.c ****   /* Core Soft Reset */
1264:Drivers/STM32F1xx_HAL_Driver/Src/stm32f1xx_ll_usb.c ****   count = 0U;
1265:Drivers/STM32F1xx_HAL_Driver/Src/stm32f1xx_ll_usb.c ****   USBx->GRSTCTL |= USB_OTG_GRSTCTL_CSRST;
1266:Drivers/STM32F1xx_HAL_Driver/Src/stm32f1xx_ll_usb.c **** 
1267:Drivers/STM32F1xx_HAL_Driver/Src/stm32f1xx_ll_usb.c ****   do
1268:Drivers/STM32F1xx_HAL_Driver/Src/stm32f1xx_ll_usb.c ****   {
1269:Drivers/STM32F1xx_HAL_Driver/Src/stm32f1xx_ll_usb.c ****     count++;
1270:Drivers/STM32F1xx_HAL_Driver/Src/stm32f1xx_ll_usb.c **** 
1271:Drivers/STM32F1xx_HAL_Driver/Src/stm32f1xx_ll_usb.c ****     if (count > HAL_USB_TIMEOUT)
1272:Drivers/STM32F1xx_HAL_Driver/Src/stm32f1xx_ll_usb.c ****     {
1273:Drivers/STM32F1xx_HAL_Driver/Src/stm32f1xx_ll_usb.c ****       return HAL_TIMEOUT;
1274:Drivers/STM32F1xx_HAL_Driver/Src/stm32f1xx_ll_usb.c ****     }
1275:Drivers/STM32F1xx_HAL_Driver/Src/stm32f1xx_ll_usb.c ****   } while ((USBx->GRSTCTL & USB_OTG_GRSTCTL_CSRST) == USB_OTG_GRSTCTL_CSRST);
1276:Drivers/STM32F1xx_HAL_Driver/Src/stm32f1xx_ll_usb.c **** 
1277:Drivers/STM32F1xx_HAL_Driver/Src/stm32f1xx_ll_usb.c ****   return HAL_OK;
1278:Drivers/STM32F1xx_HAL_Driver/Src/stm32f1xx_ll_usb.c **** }
1279:Drivers/STM32F1xx_HAL_Driver/Src/stm32f1xx_ll_usb.c **** 
1280:Drivers/STM32F1xx_HAL_Driver/Src/stm32f1xx_ll_usb.c **** /**
1281:Drivers/STM32F1xx_HAL_Driver/Src/stm32f1xx_ll_usb.c ****   * @brief  USB_HostInit : Initializes the USB OTG controller registers
1282:Drivers/STM32F1xx_HAL_Driver/Src/stm32f1xx_ll_usb.c ****   *         for Host mode
1283:Drivers/STM32F1xx_HAL_Driver/Src/stm32f1xx_ll_usb.c ****   * @param  USBx  Selected device
1284:Drivers/STM32F1xx_HAL_Driver/Src/stm32f1xx_ll_usb.c ****   * @param  cfg   pointer to a USB_OTG_CfgTypeDef structure that contains
1285:Drivers/STM32F1xx_HAL_Driver/Src/stm32f1xx_ll_usb.c ****   *         the configuration information for the specified USBx peripheral.
ARM GAS  C:\Users\jc\AppData\Local\Temp\ccrYs75M.s 			page 24


1286:Drivers/STM32F1xx_HAL_Driver/Src/stm32f1xx_ll_usb.c ****   * @retval HAL status
1287:Drivers/STM32F1xx_HAL_Driver/Src/stm32f1xx_ll_usb.c ****   */
1288:Drivers/STM32F1xx_HAL_Driver/Src/stm32f1xx_ll_usb.c **** HAL_StatusTypeDef USB_HostInit(USB_OTG_GlobalTypeDef *USBx, USB_OTG_CfgTypeDef cfg)
1289:Drivers/STM32F1xx_HAL_Driver/Src/stm32f1xx_ll_usb.c **** {
1290:Drivers/STM32F1xx_HAL_Driver/Src/stm32f1xx_ll_usb.c ****   HAL_StatusTypeDef ret = HAL_OK;
1291:Drivers/STM32F1xx_HAL_Driver/Src/stm32f1xx_ll_usb.c ****   uint32_t USBx_BASE = (uint32_t)USBx;
1292:Drivers/STM32F1xx_HAL_Driver/Src/stm32f1xx_ll_usb.c ****   uint32_t i;
1293:Drivers/STM32F1xx_HAL_Driver/Src/stm32f1xx_ll_usb.c **** 
1294:Drivers/STM32F1xx_HAL_Driver/Src/stm32f1xx_ll_usb.c ****   /* Restart the Phy Clock */
1295:Drivers/STM32F1xx_HAL_Driver/Src/stm32f1xx_ll_usb.c ****   USBx_PCGCCTL = 0U;
1296:Drivers/STM32F1xx_HAL_Driver/Src/stm32f1xx_ll_usb.c **** 
1297:Drivers/STM32F1xx_HAL_Driver/Src/stm32f1xx_ll_usb.c ****   /* Disable VBUS sensing */
1298:Drivers/STM32F1xx_HAL_Driver/Src/stm32f1xx_ll_usb.c ****   USBx->GCCFG &= ~(USB_OTG_GCCFG_VBUSASEN);
1299:Drivers/STM32F1xx_HAL_Driver/Src/stm32f1xx_ll_usb.c ****   USBx->GCCFG &= ~(USB_OTG_GCCFG_VBUSBSEN);
1300:Drivers/STM32F1xx_HAL_Driver/Src/stm32f1xx_ll_usb.c ****   /* Set default Max speed support */
1301:Drivers/STM32F1xx_HAL_Driver/Src/stm32f1xx_ll_usb.c ****   USBx_HOST->HCFG &= ~(USB_OTG_HCFG_FSLSS);
1302:Drivers/STM32F1xx_HAL_Driver/Src/stm32f1xx_ll_usb.c **** 
1303:Drivers/STM32F1xx_HAL_Driver/Src/stm32f1xx_ll_usb.c ****   /* Make sure the FIFOs are flushed. */
1304:Drivers/STM32F1xx_HAL_Driver/Src/stm32f1xx_ll_usb.c ****   if (USB_FlushTxFifo(USBx, 0x10U) != HAL_OK) /* all Tx FIFOs */
1305:Drivers/STM32F1xx_HAL_Driver/Src/stm32f1xx_ll_usb.c ****   {
1306:Drivers/STM32F1xx_HAL_Driver/Src/stm32f1xx_ll_usb.c ****     ret = HAL_ERROR;
1307:Drivers/STM32F1xx_HAL_Driver/Src/stm32f1xx_ll_usb.c ****   }
1308:Drivers/STM32F1xx_HAL_Driver/Src/stm32f1xx_ll_usb.c **** 
1309:Drivers/STM32F1xx_HAL_Driver/Src/stm32f1xx_ll_usb.c ****   if (USB_FlushRxFifo(USBx) != HAL_OK)
1310:Drivers/STM32F1xx_HAL_Driver/Src/stm32f1xx_ll_usb.c ****   {
1311:Drivers/STM32F1xx_HAL_Driver/Src/stm32f1xx_ll_usb.c ****     ret = HAL_ERROR;
1312:Drivers/STM32F1xx_HAL_Driver/Src/stm32f1xx_ll_usb.c ****   }
1313:Drivers/STM32F1xx_HAL_Driver/Src/stm32f1xx_ll_usb.c **** 
1314:Drivers/STM32F1xx_HAL_Driver/Src/stm32f1xx_ll_usb.c ****   /* Clear all pending HC Interrupts */
1315:Drivers/STM32F1xx_HAL_Driver/Src/stm32f1xx_ll_usb.c ****   for (i = 0U; i < cfg.Host_channels; i++)
1316:Drivers/STM32F1xx_HAL_Driver/Src/stm32f1xx_ll_usb.c ****   {
1317:Drivers/STM32F1xx_HAL_Driver/Src/stm32f1xx_ll_usb.c ****     USBx_HC(i)->HCINT = CLEAR_INTERRUPT_MASK;
1318:Drivers/STM32F1xx_HAL_Driver/Src/stm32f1xx_ll_usb.c ****     USBx_HC(i)->HCINTMSK = 0U;
1319:Drivers/STM32F1xx_HAL_Driver/Src/stm32f1xx_ll_usb.c ****   }
1320:Drivers/STM32F1xx_HAL_Driver/Src/stm32f1xx_ll_usb.c **** 
1321:Drivers/STM32F1xx_HAL_Driver/Src/stm32f1xx_ll_usb.c ****   /* Disable all interrupts. */
1322:Drivers/STM32F1xx_HAL_Driver/Src/stm32f1xx_ll_usb.c ****   USBx->GINTMSK = 0U;
1323:Drivers/STM32F1xx_HAL_Driver/Src/stm32f1xx_ll_usb.c **** 
1324:Drivers/STM32F1xx_HAL_Driver/Src/stm32f1xx_ll_usb.c ****   /* Clear any pending interrupts */
1325:Drivers/STM32F1xx_HAL_Driver/Src/stm32f1xx_ll_usb.c ****   USBx->GINTSTS = CLEAR_INTERRUPT_MASK;
1326:Drivers/STM32F1xx_HAL_Driver/Src/stm32f1xx_ll_usb.c **** 
1327:Drivers/STM32F1xx_HAL_Driver/Src/stm32f1xx_ll_usb.c ****   /* set Rx FIFO size */
1328:Drivers/STM32F1xx_HAL_Driver/Src/stm32f1xx_ll_usb.c ****   USBx->GRXFSIZ  = 0x80U;
1329:Drivers/STM32F1xx_HAL_Driver/Src/stm32f1xx_ll_usb.c ****   USBx->DIEPTXF0_HNPTXFSIZ = (uint32_t)(((0x60U << 16) & USB_OTG_NPTXFD) | 0x80U);
1330:Drivers/STM32F1xx_HAL_Driver/Src/stm32f1xx_ll_usb.c ****   USBx->HPTXFSIZ = (uint32_t)(((0x40U << 16)& USB_OTG_HPTXFSIZ_PTXFD) | 0xE0U);
1331:Drivers/STM32F1xx_HAL_Driver/Src/stm32f1xx_ll_usb.c ****   /* Enable the common interrupts */
1332:Drivers/STM32F1xx_HAL_Driver/Src/stm32f1xx_ll_usb.c ****   USBx->GINTMSK |= USB_OTG_GINTMSK_RXFLVLM;
1333:Drivers/STM32F1xx_HAL_Driver/Src/stm32f1xx_ll_usb.c **** 
1334:Drivers/STM32F1xx_HAL_Driver/Src/stm32f1xx_ll_usb.c ****   /* Enable interrupts matching to the Host mode ONLY */
1335:Drivers/STM32F1xx_HAL_Driver/Src/stm32f1xx_ll_usb.c ****   USBx->GINTMSK |= (USB_OTG_GINTMSK_PRTIM            | USB_OTG_GINTMSK_HCIM | \
1336:Drivers/STM32F1xx_HAL_Driver/Src/stm32f1xx_ll_usb.c ****                     USB_OTG_GINTMSK_SOFM             | USB_OTG_GINTSTS_DISCINT | \
1337:Drivers/STM32F1xx_HAL_Driver/Src/stm32f1xx_ll_usb.c ****                     USB_OTG_GINTMSK_PXFRM_IISOOXFRM  | USB_OTG_GINTMSK_WUIM);
1338:Drivers/STM32F1xx_HAL_Driver/Src/stm32f1xx_ll_usb.c **** 
1339:Drivers/STM32F1xx_HAL_Driver/Src/stm32f1xx_ll_usb.c ****   return ret;
1340:Drivers/STM32F1xx_HAL_Driver/Src/stm32f1xx_ll_usb.c **** }
1341:Drivers/STM32F1xx_HAL_Driver/Src/stm32f1xx_ll_usb.c **** 
1342:Drivers/STM32F1xx_HAL_Driver/Src/stm32f1xx_ll_usb.c **** /**
ARM GAS  C:\Users\jc\AppData\Local\Temp\ccrYs75M.s 			page 25


1343:Drivers/STM32F1xx_HAL_Driver/Src/stm32f1xx_ll_usb.c ****   * @brief  USB_InitFSLSPClkSel : Initializes the FSLSPClkSel field of the
1344:Drivers/STM32F1xx_HAL_Driver/Src/stm32f1xx_ll_usb.c ****   *         HCFG register on the PHY type and set the right frame interval
1345:Drivers/STM32F1xx_HAL_Driver/Src/stm32f1xx_ll_usb.c ****   * @param  USBx  Selected device
1346:Drivers/STM32F1xx_HAL_Driver/Src/stm32f1xx_ll_usb.c ****   * @param  freq  clock frequency
1347:Drivers/STM32F1xx_HAL_Driver/Src/stm32f1xx_ll_usb.c ****   *          This parameter can be one of these values:
1348:Drivers/STM32F1xx_HAL_Driver/Src/stm32f1xx_ll_usb.c ****   *           HCFG_48_MHZ : Full Speed 48 MHz Clock
1349:Drivers/STM32F1xx_HAL_Driver/Src/stm32f1xx_ll_usb.c ****   *           HCFG_6_MHZ : Low Speed 6 MHz Clock
1350:Drivers/STM32F1xx_HAL_Driver/Src/stm32f1xx_ll_usb.c ****   * @retval HAL status
1351:Drivers/STM32F1xx_HAL_Driver/Src/stm32f1xx_ll_usb.c ****   */
1352:Drivers/STM32F1xx_HAL_Driver/Src/stm32f1xx_ll_usb.c **** HAL_StatusTypeDef USB_InitFSLSPClkSel(const USB_OTG_GlobalTypeDef *USBx, uint8_t freq)
1353:Drivers/STM32F1xx_HAL_Driver/Src/stm32f1xx_ll_usb.c **** {
1354:Drivers/STM32F1xx_HAL_Driver/Src/stm32f1xx_ll_usb.c ****   uint32_t USBx_BASE = (uint32_t)USBx;
1355:Drivers/STM32F1xx_HAL_Driver/Src/stm32f1xx_ll_usb.c **** 
1356:Drivers/STM32F1xx_HAL_Driver/Src/stm32f1xx_ll_usb.c ****   USBx_HOST->HCFG &= ~(USB_OTG_HCFG_FSLSPCS);
1357:Drivers/STM32F1xx_HAL_Driver/Src/stm32f1xx_ll_usb.c ****   USBx_HOST->HCFG |= (uint32_t)freq & USB_OTG_HCFG_FSLSPCS;
1358:Drivers/STM32F1xx_HAL_Driver/Src/stm32f1xx_ll_usb.c **** 
1359:Drivers/STM32F1xx_HAL_Driver/Src/stm32f1xx_ll_usb.c ****   if (freq == HCFG_48_MHZ)
1360:Drivers/STM32F1xx_HAL_Driver/Src/stm32f1xx_ll_usb.c ****   {
1361:Drivers/STM32F1xx_HAL_Driver/Src/stm32f1xx_ll_usb.c ****     USBx_HOST->HFIR = HFIR_48_MHZ;
1362:Drivers/STM32F1xx_HAL_Driver/Src/stm32f1xx_ll_usb.c ****   }
1363:Drivers/STM32F1xx_HAL_Driver/Src/stm32f1xx_ll_usb.c ****   else if (freq == HCFG_6_MHZ)
1364:Drivers/STM32F1xx_HAL_Driver/Src/stm32f1xx_ll_usb.c ****   {
1365:Drivers/STM32F1xx_HAL_Driver/Src/stm32f1xx_ll_usb.c ****     USBx_HOST->HFIR = HFIR_6_MHZ;
1366:Drivers/STM32F1xx_HAL_Driver/Src/stm32f1xx_ll_usb.c ****   }
1367:Drivers/STM32F1xx_HAL_Driver/Src/stm32f1xx_ll_usb.c ****   else
1368:Drivers/STM32F1xx_HAL_Driver/Src/stm32f1xx_ll_usb.c ****   {
1369:Drivers/STM32F1xx_HAL_Driver/Src/stm32f1xx_ll_usb.c ****     return HAL_ERROR;
1370:Drivers/STM32F1xx_HAL_Driver/Src/stm32f1xx_ll_usb.c ****   }
1371:Drivers/STM32F1xx_HAL_Driver/Src/stm32f1xx_ll_usb.c **** 
1372:Drivers/STM32F1xx_HAL_Driver/Src/stm32f1xx_ll_usb.c ****   return HAL_OK;
1373:Drivers/STM32F1xx_HAL_Driver/Src/stm32f1xx_ll_usb.c **** }
1374:Drivers/STM32F1xx_HAL_Driver/Src/stm32f1xx_ll_usb.c **** 
1375:Drivers/STM32F1xx_HAL_Driver/Src/stm32f1xx_ll_usb.c **** /**
1376:Drivers/STM32F1xx_HAL_Driver/Src/stm32f1xx_ll_usb.c ****   * @brief  USB_OTG_ResetPort : Reset Host Port
1377:Drivers/STM32F1xx_HAL_Driver/Src/stm32f1xx_ll_usb.c ****   * @param  USBx  Selected device
1378:Drivers/STM32F1xx_HAL_Driver/Src/stm32f1xx_ll_usb.c ****   * @retval HAL status
1379:Drivers/STM32F1xx_HAL_Driver/Src/stm32f1xx_ll_usb.c ****   * @note (1)The application must wait at least 10 ms
1380:Drivers/STM32F1xx_HAL_Driver/Src/stm32f1xx_ll_usb.c ****   *   before clearing the reset bit.
1381:Drivers/STM32F1xx_HAL_Driver/Src/stm32f1xx_ll_usb.c ****   */
1382:Drivers/STM32F1xx_HAL_Driver/Src/stm32f1xx_ll_usb.c **** HAL_StatusTypeDef USB_ResetPort(const USB_OTG_GlobalTypeDef *USBx)
1383:Drivers/STM32F1xx_HAL_Driver/Src/stm32f1xx_ll_usb.c **** {
1384:Drivers/STM32F1xx_HAL_Driver/Src/stm32f1xx_ll_usb.c ****   uint32_t USBx_BASE = (uint32_t)USBx;
1385:Drivers/STM32F1xx_HAL_Driver/Src/stm32f1xx_ll_usb.c **** 
1386:Drivers/STM32F1xx_HAL_Driver/Src/stm32f1xx_ll_usb.c ****   __IO uint32_t hprt0 = 0U;
1387:Drivers/STM32F1xx_HAL_Driver/Src/stm32f1xx_ll_usb.c **** 
1388:Drivers/STM32F1xx_HAL_Driver/Src/stm32f1xx_ll_usb.c ****   hprt0 = USBx_HPRT0;
1389:Drivers/STM32F1xx_HAL_Driver/Src/stm32f1xx_ll_usb.c **** 
1390:Drivers/STM32F1xx_HAL_Driver/Src/stm32f1xx_ll_usb.c ****   hprt0 &= ~(USB_OTG_HPRT_PENA | USB_OTG_HPRT_PCDET |
1391:Drivers/STM32F1xx_HAL_Driver/Src/stm32f1xx_ll_usb.c ****              USB_OTG_HPRT_PENCHNG | USB_OTG_HPRT_POCCHNG);
1392:Drivers/STM32F1xx_HAL_Driver/Src/stm32f1xx_ll_usb.c **** 
1393:Drivers/STM32F1xx_HAL_Driver/Src/stm32f1xx_ll_usb.c ****   USBx_HPRT0 = (USB_OTG_HPRT_PRST | hprt0);
1394:Drivers/STM32F1xx_HAL_Driver/Src/stm32f1xx_ll_usb.c ****   HAL_Delay(100U);                                 /* See Note #1 */
1395:Drivers/STM32F1xx_HAL_Driver/Src/stm32f1xx_ll_usb.c ****   USBx_HPRT0 = ((~USB_OTG_HPRT_PRST) & hprt0);
1396:Drivers/STM32F1xx_HAL_Driver/Src/stm32f1xx_ll_usb.c ****   HAL_Delay(10U);
1397:Drivers/STM32F1xx_HAL_Driver/Src/stm32f1xx_ll_usb.c **** 
1398:Drivers/STM32F1xx_HAL_Driver/Src/stm32f1xx_ll_usb.c ****   return HAL_OK;
1399:Drivers/STM32F1xx_HAL_Driver/Src/stm32f1xx_ll_usb.c **** }
ARM GAS  C:\Users\jc\AppData\Local\Temp\ccrYs75M.s 			page 26


1400:Drivers/STM32F1xx_HAL_Driver/Src/stm32f1xx_ll_usb.c **** 
1401:Drivers/STM32F1xx_HAL_Driver/Src/stm32f1xx_ll_usb.c **** /**
1402:Drivers/STM32F1xx_HAL_Driver/Src/stm32f1xx_ll_usb.c ****   * @brief  USB_DriveVbus : activate or de-activate vbus
1403:Drivers/STM32F1xx_HAL_Driver/Src/stm32f1xx_ll_usb.c ****   * @param  state  VBUS state
1404:Drivers/STM32F1xx_HAL_Driver/Src/stm32f1xx_ll_usb.c ****   *          This parameter can be one of these values:
1405:Drivers/STM32F1xx_HAL_Driver/Src/stm32f1xx_ll_usb.c ****   *           0 : Deactivate VBUS
1406:Drivers/STM32F1xx_HAL_Driver/Src/stm32f1xx_ll_usb.c ****   *           1 : Activate VBUS
1407:Drivers/STM32F1xx_HAL_Driver/Src/stm32f1xx_ll_usb.c ****   * @retval HAL status
1408:Drivers/STM32F1xx_HAL_Driver/Src/stm32f1xx_ll_usb.c ****   */
1409:Drivers/STM32F1xx_HAL_Driver/Src/stm32f1xx_ll_usb.c **** HAL_StatusTypeDef USB_DriveVbus(const USB_OTG_GlobalTypeDef *USBx, uint8_t state)
1410:Drivers/STM32F1xx_HAL_Driver/Src/stm32f1xx_ll_usb.c **** {
1411:Drivers/STM32F1xx_HAL_Driver/Src/stm32f1xx_ll_usb.c ****   uint32_t USBx_BASE = (uint32_t)USBx;
1412:Drivers/STM32F1xx_HAL_Driver/Src/stm32f1xx_ll_usb.c ****   __IO uint32_t hprt0 = 0U;
1413:Drivers/STM32F1xx_HAL_Driver/Src/stm32f1xx_ll_usb.c **** 
1414:Drivers/STM32F1xx_HAL_Driver/Src/stm32f1xx_ll_usb.c ****   hprt0 = USBx_HPRT0;
1415:Drivers/STM32F1xx_HAL_Driver/Src/stm32f1xx_ll_usb.c **** 
1416:Drivers/STM32F1xx_HAL_Driver/Src/stm32f1xx_ll_usb.c ****   hprt0 &= ~(USB_OTG_HPRT_PENA | USB_OTG_HPRT_PCDET |
1417:Drivers/STM32F1xx_HAL_Driver/Src/stm32f1xx_ll_usb.c ****              USB_OTG_HPRT_PENCHNG | USB_OTG_HPRT_POCCHNG);
1418:Drivers/STM32F1xx_HAL_Driver/Src/stm32f1xx_ll_usb.c **** 
1419:Drivers/STM32F1xx_HAL_Driver/Src/stm32f1xx_ll_usb.c ****   if (((hprt0 & USB_OTG_HPRT_PPWR) == 0U) && (state == 1U))
1420:Drivers/STM32F1xx_HAL_Driver/Src/stm32f1xx_ll_usb.c ****   {
1421:Drivers/STM32F1xx_HAL_Driver/Src/stm32f1xx_ll_usb.c ****     USBx_HPRT0 = (USB_OTG_HPRT_PPWR | hprt0);
1422:Drivers/STM32F1xx_HAL_Driver/Src/stm32f1xx_ll_usb.c ****   }
1423:Drivers/STM32F1xx_HAL_Driver/Src/stm32f1xx_ll_usb.c ****   if (((hprt0 & USB_OTG_HPRT_PPWR) == USB_OTG_HPRT_PPWR) && (state == 0U))
1424:Drivers/STM32F1xx_HAL_Driver/Src/stm32f1xx_ll_usb.c ****   {
1425:Drivers/STM32F1xx_HAL_Driver/Src/stm32f1xx_ll_usb.c ****     USBx_HPRT0 = ((~USB_OTG_HPRT_PPWR) & hprt0);
1426:Drivers/STM32F1xx_HAL_Driver/Src/stm32f1xx_ll_usb.c ****   }
1427:Drivers/STM32F1xx_HAL_Driver/Src/stm32f1xx_ll_usb.c ****   return HAL_OK;
1428:Drivers/STM32F1xx_HAL_Driver/Src/stm32f1xx_ll_usb.c **** }
1429:Drivers/STM32F1xx_HAL_Driver/Src/stm32f1xx_ll_usb.c **** 
1430:Drivers/STM32F1xx_HAL_Driver/Src/stm32f1xx_ll_usb.c **** /**
1431:Drivers/STM32F1xx_HAL_Driver/Src/stm32f1xx_ll_usb.c ****   * @brief  Return Host Core speed
1432:Drivers/STM32F1xx_HAL_Driver/Src/stm32f1xx_ll_usb.c ****   * @param  USBx  Selected device
1433:Drivers/STM32F1xx_HAL_Driver/Src/stm32f1xx_ll_usb.c ****   * @retval speed : Host speed
1434:Drivers/STM32F1xx_HAL_Driver/Src/stm32f1xx_ll_usb.c ****   *          This parameter can be one of these values:
1435:Drivers/STM32F1xx_HAL_Driver/Src/stm32f1xx_ll_usb.c ****   *            @arg HCD_SPEED_FULL: Full speed mode
1436:Drivers/STM32F1xx_HAL_Driver/Src/stm32f1xx_ll_usb.c ****   *            @arg HCD_SPEED_LOW: Low speed mode
1437:Drivers/STM32F1xx_HAL_Driver/Src/stm32f1xx_ll_usb.c ****   */
1438:Drivers/STM32F1xx_HAL_Driver/Src/stm32f1xx_ll_usb.c **** uint32_t USB_GetHostSpeed(USB_OTG_GlobalTypeDef const *USBx)
1439:Drivers/STM32F1xx_HAL_Driver/Src/stm32f1xx_ll_usb.c **** {
1440:Drivers/STM32F1xx_HAL_Driver/Src/stm32f1xx_ll_usb.c ****   uint32_t USBx_BASE = (uint32_t)USBx;
1441:Drivers/STM32F1xx_HAL_Driver/Src/stm32f1xx_ll_usb.c ****   __IO uint32_t hprt0 = 0U;
1442:Drivers/STM32F1xx_HAL_Driver/Src/stm32f1xx_ll_usb.c **** 
1443:Drivers/STM32F1xx_HAL_Driver/Src/stm32f1xx_ll_usb.c ****   hprt0 = USBx_HPRT0;
1444:Drivers/STM32F1xx_HAL_Driver/Src/stm32f1xx_ll_usb.c ****   return ((hprt0 & USB_OTG_HPRT_PSPD) >> 17);
1445:Drivers/STM32F1xx_HAL_Driver/Src/stm32f1xx_ll_usb.c **** }
1446:Drivers/STM32F1xx_HAL_Driver/Src/stm32f1xx_ll_usb.c **** 
1447:Drivers/STM32F1xx_HAL_Driver/Src/stm32f1xx_ll_usb.c **** /**
1448:Drivers/STM32F1xx_HAL_Driver/Src/stm32f1xx_ll_usb.c ****   * @brief  Return Host Current Frame number
1449:Drivers/STM32F1xx_HAL_Driver/Src/stm32f1xx_ll_usb.c ****   * @param  USBx  Selected device
1450:Drivers/STM32F1xx_HAL_Driver/Src/stm32f1xx_ll_usb.c ****   * @retval current frame number
1451:Drivers/STM32F1xx_HAL_Driver/Src/stm32f1xx_ll_usb.c ****   */
1452:Drivers/STM32F1xx_HAL_Driver/Src/stm32f1xx_ll_usb.c **** uint32_t USB_GetCurrentFrame(USB_OTG_GlobalTypeDef const *USBx)
1453:Drivers/STM32F1xx_HAL_Driver/Src/stm32f1xx_ll_usb.c **** {
1454:Drivers/STM32F1xx_HAL_Driver/Src/stm32f1xx_ll_usb.c ****   uint32_t USBx_BASE = (uint32_t)USBx;
1455:Drivers/STM32F1xx_HAL_Driver/Src/stm32f1xx_ll_usb.c **** 
1456:Drivers/STM32F1xx_HAL_Driver/Src/stm32f1xx_ll_usb.c ****   return (USBx_HOST->HFNUM & USB_OTG_HFNUM_FRNUM);
ARM GAS  C:\Users\jc\AppData\Local\Temp\ccrYs75M.s 			page 27


1457:Drivers/STM32F1xx_HAL_Driver/Src/stm32f1xx_ll_usb.c **** }
1458:Drivers/STM32F1xx_HAL_Driver/Src/stm32f1xx_ll_usb.c **** 
1459:Drivers/STM32F1xx_HAL_Driver/Src/stm32f1xx_ll_usb.c **** /**
1460:Drivers/STM32F1xx_HAL_Driver/Src/stm32f1xx_ll_usb.c ****   * @brief  Initialize a host channel
1461:Drivers/STM32F1xx_HAL_Driver/Src/stm32f1xx_ll_usb.c ****   * @param  USBx  Selected device
1462:Drivers/STM32F1xx_HAL_Driver/Src/stm32f1xx_ll_usb.c ****   * @param  ch_num  Channel number
1463:Drivers/STM32F1xx_HAL_Driver/Src/stm32f1xx_ll_usb.c ****   *         This parameter can be a value from 1 to 15
1464:Drivers/STM32F1xx_HAL_Driver/Src/stm32f1xx_ll_usb.c ****   * @param  epnum  Endpoint number
1465:Drivers/STM32F1xx_HAL_Driver/Src/stm32f1xx_ll_usb.c ****   *          This parameter can be a value from 1 to 15
1466:Drivers/STM32F1xx_HAL_Driver/Src/stm32f1xx_ll_usb.c ****   * @param  dev_address  Current device address
1467:Drivers/STM32F1xx_HAL_Driver/Src/stm32f1xx_ll_usb.c ****   *          This parameter can be a value from 0 to 255
1468:Drivers/STM32F1xx_HAL_Driver/Src/stm32f1xx_ll_usb.c ****   * @param  speed  Current device speed
1469:Drivers/STM32F1xx_HAL_Driver/Src/stm32f1xx_ll_usb.c ****   *          This parameter can be one of these values:
1470:Drivers/STM32F1xx_HAL_Driver/Src/stm32f1xx_ll_usb.c ****   *            @arg USB_OTG_SPEED_FULL: Full speed mode
1471:Drivers/STM32F1xx_HAL_Driver/Src/stm32f1xx_ll_usb.c ****   *            @arg USB_OTG_SPEED_LOW: Low speed mode
1472:Drivers/STM32F1xx_HAL_Driver/Src/stm32f1xx_ll_usb.c ****   * @param  ep_type  Endpoint Type
1473:Drivers/STM32F1xx_HAL_Driver/Src/stm32f1xx_ll_usb.c ****   *          This parameter can be one of these values:
1474:Drivers/STM32F1xx_HAL_Driver/Src/stm32f1xx_ll_usb.c ****   *            @arg EP_TYPE_CTRL: Control type
1475:Drivers/STM32F1xx_HAL_Driver/Src/stm32f1xx_ll_usb.c ****   *            @arg EP_TYPE_ISOC: Isochronous type
1476:Drivers/STM32F1xx_HAL_Driver/Src/stm32f1xx_ll_usb.c ****   *            @arg EP_TYPE_BULK: Bulk type
1477:Drivers/STM32F1xx_HAL_Driver/Src/stm32f1xx_ll_usb.c ****   *            @arg EP_TYPE_INTR: Interrupt type
1478:Drivers/STM32F1xx_HAL_Driver/Src/stm32f1xx_ll_usb.c ****   * @param  mps  Max Packet Size
1479:Drivers/STM32F1xx_HAL_Driver/Src/stm32f1xx_ll_usb.c ****   *          This parameter can be a value from 0 to 32K
1480:Drivers/STM32F1xx_HAL_Driver/Src/stm32f1xx_ll_usb.c ****   * @retval HAL state
1481:Drivers/STM32F1xx_HAL_Driver/Src/stm32f1xx_ll_usb.c ****   */
1482:Drivers/STM32F1xx_HAL_Driver/Src/stm32f1xx_ll_usb.c **** HAL_StatusTypeDef USB_HC_Init(USB_OTG_GlobalTypeDef *USBx, uint8_t ch_num,
1483:Drivers/STM32F1xx_HAL_Driver/Src/stm32f1xx_ll_usb.c ****                               uint8_t epnum, uint8_t dev_address, uint8_t speed,
1484:Drivers/STM32F1xx_HAL_Driver/Src/stm32f1xx_ll_usb.c ****                               uint8_t ep_type, uint16_t mps)
1485:Drivers/STM32F1xx_HAL_Driver/Src/stm32f1xx_ll_usb.c **** {
1486:Drivers/STM32F1xx_HAL_Driver/Src/stm32f1xx_ll_usb.c ****   HAL_StatusTypeDef ret = HAL_OK;
1487:Drivers/STM32F1xx_HAL_Driver/Src/stm32f1xx_ll_usb.c ****   uint32_t USBx_BASE = (uint32_t)USBx;
1488:Drivers/STM32F1xx_HAL_Driver/Src/stm32f1xx_ll_usb.c ****   uint32_t HCcharEpDir;
1489:Drivers/STM32F1xx_HAL_Driver/Src/stm32f1xx_ll_usb.c ****   uint32_t HCcharLowSpeed;
1490:Drivers/STM32F1xx_HAL_Driver/Src/stm32f1xx_ll_usb.c ****   uint32_t HostCoreSpeed;
1491:Drivers/STM32F1xx_HAL_Driver/Src/stm32f1xx_ll_usb.c **** 
1492:Drivers/STM32F1xx_HAL_Driver/Src/stm32f1xx_ll_usb.c ****   /* Clear old interrupt conditions for this host channel. */
1493:Drivers/STM32F1xx_HAL_Driver/Src/stm32f1xx_ll_usb.c ****   USBx_HC((uint32_t)ch_num)->HCINT = CLEAR_INTERRUPT_MASK;
1494:Drivers/STM32F1xx_HAL_Driver/Src/stm32f1xx_ll_usb.c **** 
1495:Drivers/STM32F1xx_HAL_Driver/Src/stm32f1xx_ll_usb.c ****   /* Enable channel interrupts required for this transfer. */
1496:Drivers/STM32F1xx_HAL_Driver/Src/stm32f1xx_ll_usb.c ****   switch (ep_type)
1497:Drivers/STM32F1xx_HAL_Driver/Src/stm32f1xx_ll_usb.c ****   {
1498:Drivers/STM32F1xx_HAL_Driver/Src/stm32f1xx_ll_usb.c ****     case EP_TYPE_CTRL:
1499:Drivers/STM32F1xx_HAL_Driver/Src/stm32f1xx_ll_usb.c ****     case EP_TYPE_BULK:
1500:Drivers/STM32F1xx_HAL_Driver/Src/stm32f1xx_ll_usb.c ****       USBx_HC((uint32_t)ch_num)->HCINTMSK = USB_OTG_HCINTMSK_XFRCM  |
1501:Drivers/STM32F1xx_HAL_Driver/Src/stm32f1xx_ll_usb.c ****                                             USB_OTG_HCINTMSK_STALLM |
1502:Drivers/STM32F1xx_HAL_Driver/Src/stm32f1xx_ll_usb.c ****                                             USB_OTG_HCINTMSK_TXERRM |
1503:Drivers/STM32F1xx_HAL_Driver/Src/stm32f1xx_ll_usb.c ****                                             USB_OTG_HCINTMSK_DTERRM |
1504:Drivers/STM32F1xx_HAL_Driver/Src/stm32f1xx_ll_usb.c ****                                             USB_OTG_HCINTMSK_AHBERR |
1505:Drivers/STM32F1xx_HAL_Driver/Src/stm32f1xx_ll_usb.c ****                                             USB_OTG_HCINTMSK_NAKM;
1506:Drivers/STM32F1xx_HAL_Driver/Src/stm32f1xx_ll_usb.c **** 
1507:Drivers/STM32F1xx_HAL_Driver/Src/stm32f1xx_ll_usb.c ****       if ((epnum & 0x80U) == 0x80U)
1508:Drivers/STM32F1xx_HAL_Driver/Src/stm32f1xx_ll_usb.c ****       {
1509:Drivers/STM32F1xx_HAL_Driver/Src/stm32f1xx_ll_usb.c ****         USBx_HC((uint32_t)ch_num)->HCINTMSK |= USB_OTG_HCINTMSK_BBERRM;
1510:Drivers/STM32F1xx_HAL_Driver/Src/stm32f1xx_ll_usb.c ****       }
1511:Drivers/STM32F1xx_HAL_Driver/Src/stm32f1xx_ll_usb.c ****       break;
1512:Drivers/STM32F1xx_HAL_Driver/Src/stm32f1xx_ll_usb.c **** 
1513:Drivers/STM32F1xx_HAL_Driver/Src/stm32f1xx_ll_usb.c ****     case EP_TYPE_INTR:
ARM GAS  C:\Users\jc\AppData\Local\Temp\ccrYs75M.s 			page 28


1514:Drivers/STM32F1xx_HAL_Driver/Src/stm32f1xx_ll_usb.c ****       USBx_HC((uint32_t)ch_num)->HCINTMSK = USB_OTG_HCINTMSK_XFRCM  |
1515:Drivers/STM32F1xx_HAL_Driver/Src/stm32f1xx_ll_usb.c ****                                             USB_OTG_HCINTMSK_STALLM |
1516:Drivers/STM32F1xx_HAL_Driver/Src/stm32f1xx_ll_usb.c ****                                             USB_OTG_HCINTMSK_TXERRM |
1517:Drivers/STM32F1xx_HAL_Driver/Src/stm32f1xx_ll_usb.c ****                                             USB_OTG_HCINTMSK_DTERRM |
1518:Drivers/STM32F1xx_HAL_Driver/Src/stm32f1xx_ll_usb.c ****                                             USB_OTG_HCINTMSK_NAKM   |
1519:Drivers/STM32F1xx_HAL_Driver/Src/stm32f1xx_ll_usb.c ****                                             USB_OTG_HCINTMSK_AHBERR |
1520:Drivers/STM32F1xx_HAL_Driver/Src/stm32f1xx_ll_usb.c ****                                             USB_OTG_HCINTMSK_FRMORM;
1521:Drivers/STM32F1xx_HAL_Driver/Src/stm32f1xx_ll_usb.c **** 
1522:Drivers/STM32F1xx_HAL_Driver/Src/stm32f1xx_ll_usb.c ****       if ((epnum & 0x80U) == 0x80U)
1523:Drivers/STM32F1xx_HAL_Driver/Src/stm32f1xx_ll_usb.c ****       {
1524:Drivers/STM32F1xx_HAL_Driver/Src/stm32f1xx_ll_usb.c ****         USBx_HC((uint32_t)ch_num)->HCINTMSK |= USB_OTG_HCINTMSK_BBERRM;
1525:Drivers/STM32F1xx_HAL_Driver/Src/stm32f1xx_ll_usb.c ****       }
1526:Drivers/STM32F1xx_HAL_Driver/Src/stm32f1xx_ll_usb.c **** 
1527:Drivers/STM32F1xx_HAL_Driver/Src/stm32f1xx_ll_usb.c ****       break;
1528:Drivers/STM32F1xx_HAL_Driver/Src/stm32f1xx_ll_usb.c **** 
1529:Drivers/STM32F1xx_HAL_Driver/Src/stm32f1xx_ll_usb.c ****     case EP_TYPE_ISOC:
1530:Drivers/STM32F1xx_HAL_Driver/Src/stm32f1xx_ll_usb.c ****       USBx_HC((uint32_t)ch_num)->HCINTMSK = USB_OTG_HCINTMSK_XFRCM  |
1531:Drivers/STM32F1xx_HAL_Driver/Src/stm32f1xx_ll_usb.c ****                                             USB_OTG_HCINTMSK_ACKM   |
1532:Drivers/STM32F1xx_HAL_Driver/Src/stm32f1xx_ll_usb.c ****                                             USB_OTG_HCINTMSK_AHBERR |
1533:Drivers/STM32F1xx_HAL_Driver/Src/stm32f1xx_ll_usb.c ****                                             USB_OTG_HCINTMSK_FRMORM;
1534:Drivers/STM32F1xx_HAL_Driver/Src/stm32f1xx_ll_usb.c **** 
1535:Drivers/STM32F1xx_HAL_Driver/Src/stm32f1xx_ll_usb.c ****       if ((epnum & 0x80U) == 0x80U)
1536:Drivers/STM32F1xx_HAL_Driver/Src/stm32f1xx_ll_usb.c ****       {
1537:Drivers/STM32F1xx_HAL_Driver/Src/stm32f1xx_ll_usb.c ****         USBx_HC((uint32_t)ch_num)->HCINTMSK |= (USB_OTG_HCINTMSK_TXERRM | USB_OTG_HCINTMSK_BBERRM);
1538:Drivers/STM32F1xx_HAL_Driver/Src/stm32f1xx_ll_usb.c ****       }
1539:Drivers/STM32F1xx_HAL_Driver/Src/stm32f1xx_ll_usb.c ****       break;
1540:Drivers/STM32F1xx_HAL_Driver/Src/stm32f1xx_ll_usb.c **** 
1541:Drivers/STM32F1xx_HAL_Driver/Src/stm32f1xx_ll_usb.c ****     default:
1542:Drivers/STM32F1xx_HAL_Driver/Src/stm32f1xx_ll_usb.c ****       ret = HAL_ERROR;
1543:Drivers/STM32F1xx_HAL_Driver/Src/stm32f1xx_ll_usb.c ****       break;
1544:Drivers/STM32F1xx_HAL_Driver/Src/stm32f1xx_ll_usb.c ****   }
1545:Drivers/STM32F1xx_HAL_Driver/Src/stm32f1xx_ll_usb.c **** 
1546:Drivers/STM32F1xx_HAL_Driver/Src/stm32f1xx_ll_usb.c ****   /* Enable host channel Halt interrupt */
1547:Drivers/STM32F1xx_HAL_Driver/Src/stm32f1xx_ll_usb.c ****   USBx_HC((uint32_t)ch_num)->HCINTMSK |= USB_OTG_HCINTMSK_CHHM;
1548:Drivers/STM32F1xx_HAL_Driver/Src/stm32f1xx_ll_usb.c **** 
1549:Drivers/STM32F1xx_HAL_Driver/Src/stm32f1xx_ll_usb.c ****   /* Enable the top level host channel interrupt. */
1550:Drivers/STM32F1xx_HAL_Driver/Src/stm32f1xx_ll_usb.c ****   USBx_HOST->HAINTMSK |= 1UL << (ch_num & 0xFU);
1551:Drivers/STM32F1xx_HAL_Driver/Src/stm32f1xx_ll_usb.c **** 
1552:Drivers/STM32F1xx_HAL_Driver/Src/stm32f1xx_ll_usb.c ****   /* Make sure host channel interrupts are enabled. */
1553:Drivers/STM32F1xx_HAL_Driver/Src/stm32f1xx_ll_usb.c ****   USBx->GINTMSK |= USB_OTG_GINTMSK_HCIM;
1554:Drivers/STM32F1xx_HAL_Driver/Src/stm32f1xx_ll_usb.c **** 
1555:Drivers/STM32F1xx_HAL_Driver/Src/stm32f1xx_ll_usb.c ****   /* Program the HCCHAR register */
1556:Drivers/STM32F1xx_HAL_Driver/Src/stm32f1xx_ll_usb.c ****   if ((epnum & 0x80U) == 0x80U)
1557:Drivers/STM32F1xx_HAL_Driver/Src/stm32f1xx_ll_usb.c ****   {
1558:Drivers/STM32F1xx_HAL_Driver/Src/stm32f1xx_ll_usb.c ****     HCcharEpDir = (0x1U << 15) & USB_OTG_HCCHAR_EPDIR;
1559:Drivers/STM32F1xx_HAL_Driver/Src/stm32f1xx_ll_usb.c ****   }
1560:Drivers/STM32F1xx_HAL_Driver/Src/stm32f1xx_ll_usb.c ****   else
1561:Drivers/STM32F1xx_HAL_Driver/Src/stm32f1xx_ll_usb.c ****   {
1562:Drivers/STM32F1xx_HAL_Driver/Src/stm32f1xx_ll_usb.c ****     HCcharEpDir = 0U;
1563:Drivers/STM32F1xx_HAL_Driver/Src/stm32f1xx_ll_usb.c ****   }
1564:Drivers/STM32F1xx_HAL_Driver/Src/stm32f1xx_ll_usb.c **** 
1565:Drivers/STM32F1xx_HAL_Driver/Src/stm32f1xx_ll_usb.c ****   HostCoreSpeed = USB_GetHostSpeed(USBx);
1566:Drivers/STM32F1xx_HAL_Driver/Src/stm32f1xx_ll_usb.c **** 
1567:Drivers/STM32F1xx_HAL_Driver/Src/stm32f1xx_ll_usb.c ****   /* LS device plugged to HUB */
1568:Drivers/STM32F1xx_HAL_Driver/Src/stm32f1xx_ll_usb.c ****   if ((speed == HPRT0_PRTSPD_LOW_SPEED) && (HostCoreSpeed != HPRT0_PRTSPD_LOW_SPEED))
1569:Drivers/STM32F1xx_HAL_Driver/Src/stm32f1xx_ll_usb.c ****   {
1570:Drivers/STM32F1xx_HAL_Driver/Src/stm32f1xx_ll_usb.c ****     HCcharLowSpeed = (0x1U << 17) & USB_OTG_HCCHAR_LSDEV;
ARM GAS  C:\Users\jc\AppData\Local\Temp\ccrYs75M.s 			page 29


1571:Drivers/STM32F1xx_HAL_Driver/Src/stm32f1xx_ll_usb.c ****   }
1572:Drivers/STM32F1xx_HAL_Driver/Src/stm32f1xx_ll_usb.c ****   else
1573:Drivers/STM32F1xx_HAL_Driver/Src/stm32f1xx_ll_usb.c ****   {
1574:Drivers/STM32F1xx_HAL_Driver/Src/stm32f1xx_ll_usb.c ****     HCcharLowSpeed = 0U;
1575:Drivers/STM32F1xx_HAL_Driver/Src/stm32f1xx_ll_usb.c ****   }
1576:Drivers/STM32F1xx_HAL_Driver/Src/stm32f1xx_ll_usb.c **** 
1577:Drivers/STM32F1xx_HAL_Driver/Src/stm32f1xx_ll_usb.c ****   USBx_HC((uint32_t)ch_num)->HCCHAR = (((uint32_t)dev_address << 22) & USB_OTG_HCCHAR_DAD) |
1578:Drivers/STM32F1xx_HAL_Driver/Src/stm32f1xx_ll_usb.c ****                                       ((((uint32_t)epnum & 0x7FU) << 11) & USB_OTG_HCCHAR_EPNUM) |
1579:Drivers/STM32F1xx_HAL_Driver/Src/stm32f1xx_ll_usb.c ****                                       (((uint32_t)ep_type << 18) & USB_OTG_HCCHAR_EPTYP) |
1580:Drivers/STM32F1xx_HAL_Driver/Src/stm32f1xx_ll_usb.c ****                                       ((uint32_t)mps & USB_OTG_HCCHAR_MPSIZ) |
1581:Drivers/STM32F1xx_HAL_Driver/Src/stm32f1xx_ll_usb.c ****                                       USB_OTG_HCCHAR_MC_0 | HCcharEpDir | HCcharLowSpeed;
1582:Drivers/STM32F1xx_HAL_Driver/Src/stm32f1xx_ll_usb.c **** 
1583:Drivers/STM32F1xx_HAL_Driver/Src/stm32f1xx_ll_usb.c ****   if ((ep_type == EP_TYPE_INTR) || (ep_type == EP_TYPE_ISOC))
1584:Drivers/STM32F1xx_HAL_Driver/Src/stm32f1xx_ll_usb.c ****   {
1585:Drivers/STM32F1xx_HAL_Driver/Src/stm32f1xx_ll_usb.c ****     USBx_HC((uint32_t)ch_num)->HCCHAR |= USB_OTG_HCCHAR_ODDFRM;
1586:Drivers/STM32F1xx_HAL_Driver/Src/stm32f1xx_ll_usb.c ****   }
1587:Drivers/STM32F1xx_HAL_Driver/Src/stm32f1xx_ll_usb.c **** 
1588:Drivers/STM32F1xx_HAL_Driver/Src/stm32f1xx_ll_usb.c ****   return ret;
1589:Drivers/STM32F1xx_HAL_Driver/Src/stm32f1xx_ll_usb.c **** }
1590:Drivers/STM32F1xx_HAL_Driver/Src/stm32f1xx_ll_usb.c **** 
1591:Drivers/STM32F1xx_HAL_Driver/Src/stm32f1xx_ll_usb.c **** /**
1592:Drivers/STM32F1xx_HAL_Driver/Src/stm32f1xx_ll_usb.c ****   * @brief  Start a transfer over a host channel
1593:Drivers/STM32F1xx_HAL_Driver/Src/stm32f1xx_ll_usb.c ****   * @param  USBx  Selected device
1594:Drivers/STM32F1xx_HAL_Driver/Src/stm32f1xx_ll_usb.c ****   * @param  hc  pointer to host channel structure
1595:Drivers/STM32F1xx_HAL_Driver/Src/stm32f1xx_ll_usb.c ****   * @retval HAL state
1596:Drivers/STM32F1xx_HAL_Driver/Src/stm32f1xx_ll_usb.c ****   */
1597:Drivers/STM32F1xx_HAL_Driver/Src/stm32f1xx_ll_usb.c **** HAL_StatusTypeDef USB_HC_StartXfer(USB_OTG_GlobalTypeDef *USBx, USB_OTG_HCTypeDef *hc)
1598:Drivers/STM32F1xx_HAL_Driver/Src/stm32f1xx_ll_usb.c **** {
1599:Drivers/STM32F1xx_HAL_Driver/Src/stm32f1xx_ll_usb.c ****   uint32_t USBx_BASE = (uint32_t)USBx;
1600:Drivers/STM32F1xx_HAL_Driver/Src/stm32f1xx_ll_usb.c ****   uint32_t ch_num = (uint32_t)hc->ch_num;
1601:Drivers/STM32F1xx_HAL_Driver/Src/stm32f1xx_ll_usb.c ****   __IO uint32_t tmpreg;
1602:Drivers/STM32F1xx_HAL_Driver/Src/stm32f1xx_ll_usb.c ****   uint8_t  is_oddframe;
1603:Drivers/STM32F1xx_HAL_Driver/Src/stm32f1xx_ll_usb.c ****   uint16_t len_words;
1604:Drivers/STM32F1xx_HAL_Driver/Src/stm32f1xx_ll_usb.c ****   uint16_t num_packets;
1605:Drivers/STM32F1xx_HAL_Driver/Src/stm32f1xx_ll_usb.c ****   uint16_t max_hc_pkt_count = HC_MAX_PKT_CNT;
1606:Drivers/STM32F1xx_HAL_Driver/Src/stm32f1xx_ll_usb.c **** 
1607:Drivers/STM32F1xx_HAL_Driver/Src/stm32f1xx_ll_usb.c ****   /* Compute the expected number of packets associated to the transfer */
1608:Drivers/STM32F1xx_HAL_Driver/Src/stm32f1xx_ll_usb.c ****   if (hc->xfer_len > 0U)
1609:Drivers/STM32F1xx_HAL_Driver/Src/stm32f1xx_ll_usb.c ****   {
1610:Drivers/STM32F1xx_HAL_Driver/Src/stm32f1xx_ll_usb.c ****     num_packets = (uint16_t)((hc->xfer_len + hc->max_packet - 1U) / hc->max_packet);
1611:Drivers/STM32F1xx_HAL_Driver/Src/stm32f1xx_ll_usb.c **** 
1612:Drivers/STM32F1xx_HAL_Driver/Src/stm32f1xx_ll_usb.c ****     if (num_packets > max_hc_pkt_count)
1613:Drivers/STM32F1xx_HAL_Driver/Src/stm32f1xx_ll_usb.c ****     {
1614:Drivers/STM32F1xx_HAL_Driver/Src/stm32f1xx_ll_usb.c ****       num_packets = max_hc_pkt_count;
1615:Drivers/STM32F1xx_HAL_Driver/Src/stm32f1xx_ll_usb.c ****       hc->XferSize = (uint32_t)num_packets * hc->max_packet;
1616:Drivers/STM32F1xx_HAL_Driver/Src/stm32f1xx_ll_usb.c ****     }
1617:Drivers/STM32F1xx_HAL_Driver/Src/stm32f1xx_ll_usb.c ****   }
1618:Drivers/STM32F1xx_HAL_Driver/Src/stm32f1xx_ll_usb.c ****   else
1619:Drivers/STM32F1xx_HAL_Driver/Src/stm32f1xx_ll_usb.c ****   {
1620:Drivers/STM32F1xx_HAL_Driver/Src/stm32f1xx_ll_usb.c ****     num_packets = 1U;
1621:Drivers/STM32F1xx_HAL_Driver/Src/stm32f1xx_ll_usb.c ****   }
1622:Drivers/STM32F1xx_HAL_Driver/Src/stm32f1xx_ll_usb.c **** 
1623:Drivers/STM32F1xx_HAL_Driver/Src/stm32f1xx_ll_usb.c ****   /*
1624:Drivers/STM32F1xx_HAL_Driver/Src/stm32f1xx_ll_usb.c ****    * For IN channel HCTSIZ.XferSize is expected to be an integer multiple of
1625:Drivers/STM32F1xx_HAL_Driver/Src/stm32f1xx_ll_usb.c ****    * max_packet size.
1626:Drivers/STM32F1xx_HAL_Driver/Src/stm32f1xx_ll_usb.c ****    */
1627:Drivers/STM32F1xx_HAL_Driver/Src/stm32f1xx_ll_usb.c ****   if (hc->ep_is_in != 0U)
ARM GAS  C:\Users\jc\AppData\Local\Temp\ccrYs75M.s 			page 30


1628:Drivers/STM32F1xx_HAL_Driver/Src/stm32f1xx_ll_usb.c ****   {
1629:Drivers/STM32F1xx_HAL_Driver/Src/stm32f1xx_ll_usb.c ****     hc->XferSize = (uint32_t)num_packets * hc->max_packet;
1630:Drivers/STM32F1xx_HAL_Driver/Src/stm32f1xx_ll_usb.c ****   }
1631:Drivers/STM32F1xx_HAL_Driver/Src/stm32f1xx_ll_usb.c ****   else
1632:Drivers/STM32F1xx_HAL_Driver/Src/stm32f1xx_ll_usb.c ****   {
1633:Drivers/STM32F1xx_HAL_Driver/Src/stm32f1xx_ll_usb.c ****     hc->XferSize = hc->xfer_len;
1634:Drivers/STM32F1xx_HAL_Driver/Src/stm32f1xx_ll_usb.c ****   }
1635:Drivers/STM32F1xx_HAL_Driver/Src/stm32f1xx_ll_usb.c **** 
1636:Drivers/STM32F1xx_HAL_Driver/Src/stm32f1xx_ll_usb.c ****   /* Initialize the HCTSIZn register */
1637:Drivers/STM32F1xx_HAL_Driver/Src/stm32f1xx_ll_usb.c ****   USBx_HC(ch_num)->HCTSIZ = (hc->XferSize & USB_OTG_HCTSIZ_XFRSIZ) |
1638:Drivers/STM32F1xx_HAL_Driver/Src/stm32f1xx_ll_usb.c ****                             (((uint32_t)num_packets << 19) & USB_OTG_HCTSIZ_PKTCNT) |
1639:Drivers/STM32F1xx_HAL_Driver/Src/stm32f1xx_ll_usb.c ****                             (((uint32_t)hc->data_pid << 29) & USB_OTG_HCTSIZ_DPID);
1640:Drivers/STM32F1xx_HAL_Driver/Src/stm32f1xx_ll_usb.c **** 
1641:Drivers/STM32F1xx_HAL_Driver/Src/stm32f1xx_ll_usb.c ****   is_oddframe = (((uint32_t)USBx_HOST->HFNUM & 0x01U) != 0U) ? 0U : 1U;
1642:Drivers/STM32F1xx_HAL_Driver/Src/stm32f1xx_ll_usb.c ****   USBx_HC(ch_num)->HCCHAR &= ~USB_OTG_HCCHAR_ODDFRM;
1643:Drivers/STM32F1xx_HAL_Driver/Src/stm32f1xx_ll_usb.c ****   USBx_HC(ch_num)->HCCHAR |= (uint32_t)is_oddframe << 29;
1644:Drivers/STM32F1xx_HAL_Driver/Src/stm32f1xx_ll_usb.c **** 
1645:Drivers/STM32F1xx_HAL_Driver/Src/stm32f1xx_ll_usb.c ****   /* Set host channel enable */
1646:Drivers/STM32F1xx_HAL_Driver/Src/stm32f1xx_ll_usb.c ****   tmpreg = USBx_HC(ch_num)->HCCHAR;
1647:Drivers/STM32F1xx_HAL_Driver/Src/stm32f1xx_ll_usb.c ****   tmpreg &= ~USB_OTG_HCCHAR_CHDIS;
1648:Drivers/STM32F1xx_HAL_Driver/Src/stm32f1xx_ll_usb.c **** 
1649:Drivers/STM32F1xx_HAL_Driver/Src/stm32f1xx_ll_usb.c ****   /* make sure to set the correct ep direction */
1650:Drivers/STM32F1xx_HAL_Driver/Src/stm32f1xx_ll_usb.c ****   if (hc->ep_is_in != 0U)
1651:Drivers/STM32F1xx_HAL_Driver/Src/stm32f1xx_ll_usb.c ****   {
1652:Drivers/STM32F1xx_HAL_Driver/Src/stm32f1xx_ll_usb.c ****     tmpreg |= USB_OTG_HCCHAR_EPDIR;
1653:Drivers/STM32F1xx_HAL_Driver/Src/stm32f1xx_ll_usb.c ****   }
1654:Drivers/STM32F1xx_HAL_Driver/Src/stm32f1xx_ll_usb.c ****   else
1655:Drivers/STM32F1xx_HAL_Driver/Src/stm32f1xx_ll_usb.c ****   {
1656:Drivers/STM32F1xx_HAL_Driver/Src/stm32f1xx_ll_usb.c ****     tmpreg &= ~USB_OTG_HCCHAR_EPDIR;
1657:Drivers/STM32F1xx_HAL_Driver/Src/stm32f1xx_ll_usb.c ****   }
1658:Drivers/STM32F1xx_HAL_Driver/Src/stm32f1xx_ll_usb.c ****   tmpreg |= USB_OTG_HCCHAR_CHENA;
1659:Drivers/STM32F1xx_HAL_Driver/Src/stm32f1xx_ll_usb.c ****   USBx_HC(ch_num)->HCCHAR = tmpreg;
1660:Drivers/STM32F1xx_HAL_Driver/Src/stm32f1xx_ll_usb.c **** 
1661:Drivers/STM32F1xx_HAL_Driver/Src/stm32f1xx_ll_usb.c ****   if ((hc->ep_is_in == 0U) && (hc->xfer_len > 0U))
1662:Drivers/STM32F1xx_HAL_Driver/Src/stm32f1xx_ll_usb.c ****   {
1663:Drivers/STM32F1xx_HAL_Driver/Src/stm32f1xx_ll_usb.c ****     switch (hc->ep_type)
1664:Drivers/STM32F1xx_HAL_Driver/Src/stm32f1xx_ll_usb.c ****     {
1665:Drivers/STM32F1xx_HAL_Driver/Src/stm32f1xx_ll_usb.c ****       /* Non periodic transfer */
1666:Drivers/STM32F1xx_HAL_Driver/Src/stm32f1xx_ll_usb.c ****       case EP_TYPE_CTRL:
1667:Drivers/STM32F1xx_HAL_Driver/Src/stm32f1xx_ll_usb.c ****       case EP_TYPE_BULK:
1668:Drivers/STM32F1xx_HAL_Driver/Src/stm32f1xx_ll_usb.c **** 
1669:Drivers/STM32F1xx_HAL_Driver/Src/stm32f1xx_ll_usb.c ****         len_words = (uint16_t)((hc->xfer_len + 3U) / 4U);
1670:Drivers/STM32F1xx_HAL_Driver/Src/stm32f1xx_ll_usb.c **** 
1671:Drivers/STM32F1xx_HAL_Driver/Src/stm32f1xx_ll_usb.c ****         /* check if there is enough space in FIFO space */
1672:Drivers/STM32F1xx_HAL_Driver/Src/stm32f1xx_ll_usb.c ****         if (len_words > (USBx->HNPTXSTS & 0xFFFFU))
1673:Drivers/STM32F1xx_HAL_Driver/Src/stm32f1xx_ll_usb.c ****         {
1674:Drivers/STM32F1xx_HAL_Driver/Src/stm32f1xx_ll_usb.c ****           /* need to process data in nptxfempty interrupt */
1675:Drivers/STM32F1xx_HAL_Driver/Src/stm32f1xx_ll_usb.c ****           USBx->GINTMSK |= USB_OTG_GINTMSK_NPTXFEM;
1676:Drivers/STM32F1xx_HAL_Driver/Src/stm32f1xx_ll_usb.c ****         }
1677:Drivers/STM32F1xx_HAL_Driver/Src/stm32f1xx_ll_usb.c ****         break;
1678:Drivers/STM32F1xx_HAL_Driver/Src/stm32f1xx_ll_usb.c **** 
1679:Drivers/STM32F1xx_HAL_Driver/Src/stm32f1xx_ll_usb.c ****       /* Periodic transfer */
1680:Drivers/STM32F1xx_HAL_Driver/Src/stm32f1xx_ll_usb.c ****       case EP_TYPE_INTR:
1681:Drivers/STM32F1xx_HAL_Driver/Src/stm32f1xx_ll_usb.c ****       case EP_TYPE_ISOC:
1682:Drivers/STM32F1xx_HAL_Driver/Src/stm32f1xx_ll_usb.c ****         len_words = (uint16_t)((hc->xfer_len + 3U) / 4U);
1683:Drivers/STM32F1xx_HAL_Driver/Src/stm32f1xx_ll_usb.c ****         /* check if there is enough space in FIFO space */
1684:Drivers/STM32F1xx_HAL_Driver/Src/stm32f1xx_ll_usb.c ****         if (len_words > (USBx_HOST->HPTXSTS & 0xFFFFU)) /* split the transfer */
ARM GAS  C:\Users\jc\AppData\Local\Temp\ccrYs75M.s 			page 31


1685:Drivers/STM32F1xx_HAL_Driver/Src/stm32f1xx_ll_usb.c ****         {
1686:Drivers/STM32F1xx_HAL_Driver/Src/stm32f1xx_ll_usb.c ****           /* need to process data in ptxfempty interrupt */
1687:Drivers/STM32F1xx_HAL_Driver/Src/stm32f1xx_ll_usb.c ****           USBx->GINTMSK |= USB_OTG_GINTMSK_PTXFEM;
1688:Drivers/STM32F1xx_HAL_Driver/Src/stm32f1xx_ll_usb.c ****         }
1689:Drivers/STM32F1xx_HAL_Driver/Src/stm32f1xx_ll_usb.c ****         break;
1690:Drivers/STM32F1xx_HAL_Driver/Src/stm32f1xx_ll_usb.c **** 
1691:Drivers/STM32F1xx_HAL_Driver/Src/stm32f1xx_ll_usb.c ****       default:
1692:Drivers/STM32F1xx_HAL_Driver/Src/stm32f1xx_ll_usb.c ****         break;
1693:Drivers/STM32F1xx_HAL_Driver/Src/stm32f1xx_ll_usb.c ****     }
1694:Drivers/STM32F1xx_HAL_Driver/Src/stm32f1xx_ll_usb.c **** 
1695:Drivers/STM32F1xx_HAL_Driver/Src/stm32f1xx_ll_usb.c ****     /* Write packet into the Tx FIFO. */
1696:Drivers/STM32F1xx_HAL_Driver/Src/stm32f1xx_ll_usb.c ****     (void)USB_WritePacket(USBx, hc->xfer_buff, hc->ch_num, (uint16_t)hc->xfer_len);
1697:Drivers/STM32F1xx_HAL_Driver/Src/stm32f1xx_ll_usb.c ****   }
1698:Drivers/STM32F1xx_HAL_Driver/Src/stm32f1xx_ll_usb.c **** 
1699:Drivers/STM32F1xx_HAL_Driver/Src/stm32f1xx_ll_usb.c ****   return HAL_OK;
1700:Drivers/STM32F1xx_HAL_Driver/Src/stm32f1xx_ll_usb.c **** }
1701:Drivers/STM32F1xx_HAL_Driver/Src/stm32f1xx_ll_usb.c **** 
1702:Drivers/STM32F1xx_HAL_Driver/Src/stm32f1xx_ll_usb.c **** /**
1703:Drivers/STM32F1xx_HAL_Driver/Src/stm32f1xx_ll_usb.c ****   * @brief Read all host channel interrupts status
1704:Drivers/STM32F1xx_HAL_Driver/Src/stm32f1xx_ll_usb.c ****   * @param  USBx  Selected device
1705:Drivers/STM32F1xx_HAL_Driver/Src/stm32f1xx_ll_usb.c ****   * @retval HAL state
1706:Drivers/STM32F1xx_HAL_Driver/Src/stm32f1xx_ll_usb.c ****   */
1707:Drivers/STM32F1xx_HAL_Driver/Src/stm32f1xx_ll_usb.c **** uint32_t USB_HC_ReadInterrupt(const USB_OTG_GlobalTypeDef *USBx)
1708:Drivers/STM32F1xx_HAL_Driver/Src/stm32f1xx_ll_usb.c **** {
1709:Drivers/STM32F1xx_HAL_Driver/Src/stm32f1xx_ll_usb.c ****   uint32_t USBx_BASE = (uint32_t)USBx;
1710:Drivers/STM32F1xx_HAL_Driver/Src/stm32f1xx_ll_usb.c **** 
1711:Drivers/STM32F1xx_HAL_Driver/Src/stm32f1xx_ll_usb.c ****   return ((USBx_HOST->HAINT) & 0xFFFFU);
1712:Drivers/STM32F1xx_HAL_Driver/Src/stm32f1xx_ll_usb.c **** }
1713:Drivers/STM32F1xx_HAL_Driver/Src/stm32f1xx_ll_usb.c **** 
1714:Drivers/STM32F1xx_HAL_Driver/Src/stm32f1xx_ll_usb.c **** /**
1715:Drivers/STM32F1xx_HAL_Driver/Src/stm32f1xx_ll_usb.c ****   * @brief  Halt a host channel
1716:Drivers/STM32F1xx_HAL_Driver/Src/stm32f1xx_ll_usb.c ****   * @param  USBx  Selected device
1717:Drivers/STM32F1xx_HAL_Driver/Src/stm32f1xx_ll_usb.c ****   * @param  hc_num  Host Channel number
1718:Drivers/STM32F1xx_HAL_Driver/Src/stm32f1xx_ll_usb.c ****   *         This parameter can be a value from 1 to 15
1719:Drivers/STM32F1xx_HAL_Driver/Src/stm32f1xx_ll_usb.c ****   * @retval HAL state
1720:Drivers/STM32F1xx_HAL_Driver/Src/stm32f1xx_ll_usb.c ****   */
1721:Drivers/STM32F1xx_HAL_Driver/Src/stm32f1xx_ll_usb.c **** HAL_StatusTypeDef USB_HC_Halt(const USB_OTG_GlobalTypeDef *USBx, uint8_t hc_num)
1722:Drivers/STM32F1xx_HAL_Driver/Src/stm32f1xx_ll_usb.c **** {
1723:Drivers/STM32F1xx_HAL_Driver/Src/stm32f1xx_ll_usb.c ****   uint32_t USBx_BASE = (uint32_t)USBx;
1724:Drivers/STM32F1xx_HAL_Driver/Src/stm32f1xx_ll_usb.c ****   uint32_t hcnum = (uint32_t)hc_num;
1725:Drivers/STM32F1xx_HAL_Driver/Src/stm32f1xx_ll_usb.c ****   __IO uint32_t count = 0U;
1726:Drivers/STM32F1xx_HAL_Driver/Src/stm32f1xx_ll_usb.c ****   uint32_t HcEpType = (USBx_HC(hcnum)->HCCHAR & USB_OTG_HCCHAR_EPTYP) >> 18;
1727:Drivers/STM32F1xx_HAL_Driver/Src/stm32f1xx_ll_usb.c ****   uint32_t ChannelEna = (USBx_HC(hcnum)->HCCHAR & USB_OTG_HCCHAR_CHENA) >> 31;
1728:Drivers/STM32F1xx_HAL_Driver/Src/stm32f1xx_ll_usb.c ****   uint32_t SplitEna = (USBx_HC(hcnum)->HCSPLT & USB_OTG_HCSPLT_SPLITEN) >> 31;
1729:Drivers/STM32F1xx_HAL_Driver/Src/stm32f1xx_ll_usb.c **** 
1730:Drivers/STM32F1xx_HAL_Driver/Src/stm32f1xx_ll_usb.c ****   /* In buffer DMA, Channel disable must not be programmed for non-split periodic channels.
1731:Drivers/STM32F1xx_HAL_Driver/Src/stm32f1xx_ll_usb.c ****      At the end of the next uframe/frame (in the worst case), the core generates a channel halted
1732:Drivers/STM32F1xx_HAL_Driver/Src/stm32f1xx_ll_usb.c ****      and disables the channel automatically. */
1733:Drivers/STM32F1xx_HAL_Driver/Src/stm32f1xx_ll_usb.c **** 
1734:Drivers/STM32F1xx_HAL_Driver/Src/stm32f1xx_ll_usb.c ****   if ((((USBx->GAHBCFG & USB_OTG_GAHBCFG_DMAEN) == USB_OTG_GAHBCFG_DMAEN) && (SplitEna == 0U)) &&
1735:Drivers/STM32F1xx_HAL_Driver/Src/stm32f1xx_ll_usb.c ****       ((ChannelEna == 0U) || (((HcEpType == HCCHAR_ISOC) || (HcEpType == HCCHAR_INTR)))))
1736:Drivers/STM32F1xx_HAL_Driver/Src/stm32f1xx_ll_usb.c ****   {
1737:Drivers/STM32F1xx_HAL_Driver/Src/stm32f1xx_ll_usb.c ****     return HAL_OK;
1738:Drivers/STM32F1xx_HAL_Driver/Src/stm32f1xx_ll_usb.c ****   }
1739:Drivers/STM32F1xx_HAL_Driver/Src/stm32f1xx_ll_usb.c **** 
1740:Drivers/STM32F1xx_HAL_Driver/Src/stm32f1xx_ll_usb.c ****   /* Check for space in the request queue to issue the halt. */
1741:Drivers/STM32F1xx_HAL_Driver/Src/stm32f1xx_ll_usb.c ****   if ((HcEpType == HCCHAR_CTRL) || (HcEpType == HCCHAR_BULK))
ARM GAS  C:\Users\jc\AppData\Local\Temp\ccrYs75M.s 			page 32


1742:Drivers/STM32F1xx_HAL_Driver/Src/stm32f1xx_ll_usb.c ****   {
1743:Drivers/STM32F1xx_HAL_Driver/Src/stm32f1xx_ll_usb.c ****     USBx_HC(hcnum)->HCCHAR |= USB_OTG_HCCHAR_CHDIS;
1744:Drivers/STM32F1xx_HAL_Driver/Src/stm32f1xx_ll_usb.c **** 
1745:Drivers/STM32F1xx_HAL_Driver/Src/stm32f1xx_ll_usb.c ****     if ((USBx->GAHBCFG & USB_OTG_GAHBCFG_DMAEN) == 0U)
1746:Drivers/STM32F1xx_HAL_Driver/Src/stm32f1xx_ll_usb.c ****     {
1747:Drivers/STM32F1xx_HAL_Driver/Src/stm32f1xx_ll_usb.c ****       if ((USBx->HNPTXSTS & (0xFFU << 16)) == 0U)
1748:Drivers/STM32F1xx_HAL_Driver/Src/stm32f1xx_ll_usb.c ****       {
1749:Drivers/STM32F1xx_HAL_Driver/Src/stm32f1xx_ll_usb.c ****         USBx_HC(hcnum)->HCCHAR &= ~USB_OTG_HCCHAR_CHENA;
1750:Drivers/STM32F1xx_HAL_Driver/Src/stm32f1xx_ll_usb.c ****         USBx_HC(hcnum)->HCCHAR |= USB_OTG_HCCHAR_CHENA;
1751:Drivers/STM32F1xx_HAL_Driver/Src/stm32f1xx_ll_usb.c ****         do
1752:Drivers/STM32F1xx_HAL_Driver/Src/stm32f1xx_ll_usb.c ****         {
1753:Drivers/STM32F1xx_HAL_Driver/Src/stm32f1xx_ll_usb.c ****           count++;
1754:Drivers/STM32F1xx_HAL_Driver/Src/stm32f1xx_ll_usb.c **** 
1755:Drivers/STM32F1xx_HAL_Driver/Src/stm32f1xx_ll_usb.c ****           if (count > 1000U)
1756:Drivers/STM32F1xx_HAL_Driver/Src/stm32f1xx_ll_usb.c ****           {
1757:Drivers/STM32F1xx_HAL_Driver/Src/stm32f1xx_ll_usb.c ****             break;
1758:Drivers/STM32F1xx_HAL_Driver/Src/stm32f1xx_ll_usb.c ****           }
1759:Drivers/STM32F1xx_HAL_Driver/Src/stm32f1xx_ll_usb.c ****         } while ((USBx_HC(hcnum)->HCCHAR & USB_OTG_HCCHAR_CHENA) == USB_OTG_HCCHAR_CHENA);
1760:Drivers/STM32F1xx_HAL_Driver/Src/stm32f1xx_ll_usb.c ****       }
1761:Drivers/STM32F1xx_HAL_Driver/Src/stm32f1xx_ll_usb.c ****       else
1762:Drivers/STM32F1xx_HAL_Driver/Src/stm32f1xx_ll_usb.c ****       {
1763:Drivers/STM32F1xx_HAL_Driver/Src/stm32f1xx_ll_usb.c ****         USBx_HC(hcnum)->HCCHAR |= USB_OTG_HCCHAR_CHENA;
1764:Drivers/STM32F1xx_HAL_Driver/Src/stm32f1xx_ll_usb.c ****       }
1765:Drivers/STM32F1xx_HAL_Driver/Src/stm32f1xx_ll_usb.c ****     }
1766:Drivers/STM32F1xx_HAL_Driver/Src/stm32f1xx_ll_usb.c ****     else
1767:Drivers/STM32F1xx_HAL_Driver/Src/stm32f1xx_ll_usb.c ****     {
1768:Drivers/STM32F1xx_HAL_Driver/Src/stm32f1xx_ll_usb.c ****       USBx_HC(hcnum)->HCCHAR |= USB_OTG_HCCHAR_CHENA;
1769:Drivers/STM32F1xx_HAL_Driver/Src/stm32f1xx_ll_usb.c ****     }
1770:Drivers/STM32F1xx_HAL_Driver/Src/stm32f1xx_ll_usb.c ****   }
1771:Drivers/STM32F1xx_HAL_Driver/Src/stm32f1xx_ll_usb.c ****   else
1772:Drivers/STM32F1xx_HAL_Driver/Src/stm32f1xx_ll_usb.c ****   {
1773:Drivers/STM32F1xx_HAL_Driver/Src/stm32f1xx_ll_usb.c ****     USBx_HC(hcnum)->HCCHAR |= USB_OTG_HCCHAR_CHDIS;
1774:Drivers/STM32F1xx_HAL_Driver/Src/stm32f1xx_ll_usb.c **** 
1775:Drivers/STM32F1xx_HAL_Driver/Src/stm32f1xx_ll_usb.c ****     if ((USBx_HOST->HPTXSTS & (0xFFU << 16)) == 0U)
1776:Drivers/STM32F1xx_HAL_Driver/Src/stm32f1xx_ll_usb.c ****     {
1777:Drivers/STM32F1xx_HAL_Driver/Src/stm32f1xx_ll_usb.c ****       USBx_HC(hcnum)->HCCHAR &= ~USB_OTG_HCCHAR_CHENA;
1778:Drivers/STM32F1xx_HAL_Driver/Src/stm32f1xx_ll_usb.c ****       USBx_HC(hcnum)->HCCHAR |= USB_OTG_HCCHAR_CHENA;
1779:Drivers/STM32F1xx_HAL_Driver/Src/stm32f1xx_ll_usb.c ****       do
1780:Drivers/STM32F1xx_HAL_Driver/Src/stm32f1xx_ll_usb.c ****       {
1781:Drivers/STM32F1xx_HAL_Driver/Src/stm32f1xx_ll_usb.c ****         count++;
1782:Drivers/STM32F1xx_HAL_Driver/Src/stm32f1xx_ll_usb.c **** 
1783:Drivers/STM32F1xx_HAL_Driver/Src/stm32f1xx_ll_usb.c ****         if (count > 1000U)
1784:Drivers/STM32F1xx_HAL_Driver/Src/stm32f1xx_ll_usb.c ****         {
1785:Drivers/STM32F1xx_HAL_Driver/Src/stm32f1xx_ll_usb.c ****           break;
1786:Drivers/STM32F1xx_HAL_Driver/Src/stm32f1xx_ll_usb.c ****         }
1787:Drivers/STM32F1xx_HAL_Driver/Src/stm32f1xx_ll_usb.c ****       } while ((USBx_HC(hcnum)->HCCHAR & USB_OTG_HCCHAR_CHENA) == USB_OTG_HCCHAR_CHENA);
1788:Drivers/STM32F1xx_HAL_Driver/Src/stm32f1xx_ll_usb.c ****     }
1789:Drivers/STM32F1xx_HAL_Driver/Src/stm32f1xx_ll_usb.c ****     else
1790:Drivers/STM32F1xx_HAL_Driver/Src/stm32f1xx_ll_usb.c ****     {
1791:Drivers/STM32F1xx_HAL_Driver/Src/stm32f1xx_ll_usb.c ****       USBx_HC(hcnum)->HCCHAR |= USB_OTG_HCCHAR_CHENA;
1792:Drivers/STM32F1xx_HAL_Driver/Src/stm32f1xx_ll_usb.c ****     }
1793:Drivers/STM32F1xx_HAL_Driver/Src/stm32f1xx_ll_usb.c ****   }
1794:Drivers/STM32F1xx_HAL_Driver/Src/stm32f1xx_ll_usb.c **** 
1795:Drivers/STM32F1xx_HAL_Driver/Src/stm32f1xx_ll_usb.c ****   return HAL_OK;
1796:Drivers/STM32F1xx_HAL_Driver/Src/stm32f1xx_ll_usb.c **** }
1797:Drivers/STM32F1xx_HAL_Driver/Src/stm32f1xx_ll_usb.c **** 
1798:Drivers/STM32F1xx_HAL_Driver/Src/stm32f1xx_ll_usb.c **** /**
ARM GAS  C:\Users\jc\AppData\Local\Temp\ccrYs75M.s 			page 33


1799:Drivers/STM32F1xx_HAL_Driver/Src/stm32f1xx_ll_usb.c ****   * @brief  Initiate Do Ping protocol
1800:Drivers/STM32F1xx_HAL_Driver/Src/stm32f1xx_ll_usb.c ****   * @param  USBx  Selected device
1801:Drivers/STM32F1xx_HAL_Driver/Src/stm32f1xx_ll_usb.c ****   * @param  hc_num  Host Channel number
1802:Drivers/STM32F1xx_HAL_Driver/Src/stm32f1xx_ll_usb.c ****   *         This parameter can be a value from 1 to 15
1803:Drivers/STM32F1xx_HAL_Driver/Src/stm32f1xx_ll_usb.c ****   * @retval HAL state
1804:Drivers/STM32F1xx_HAL_Driver/Src/stm32f1xx_ll_usb.c ****   */
1805:Drivers/STM32F1xx_HAL_Driver/Src/stm32f1xx_ll_usb.c **** HAL_StatusTypeDef USB_DoPing(const USB_OTG_GlobalTypeDef *USBx, uint8_t ch_num)
1806:Drivers/STM32F1xx_HAL_Driver/Src/stm32f1xx_ll_usb.c **** {
1807:Drivers/STM32F1xx_HAL_Driver/Src/stm32f1xx_ll_usb.c ****   uint32_t USBx_BASE = (uint32_t)USBx;
1808:Drivers/STM32F1xx_HAL_Driver/Src/stm32f1xx_ll_usb.c ****   uint32_t chnum = (uint32_t)ch_num;
1809:Drivers/STM32F1xx_HAL_Driver/Src/stm32f1xx_ll_usb.c ****   uint32_t num_packets = 1U;
1810:Drivers/STM32F1xx_HAL_Driver/Src/stm32f1xx_ll_usb.c ****   uint32_t tmpreg;
1811:Drivers/STM32F1xx_HAL_Driver/Src/stm32f1xx_ll_usb.c **** 
1812:Drivers/STM32F1xx_HAL_Driver/Src/stm32f1xx_ll_usb.c ****   USBx_HC(chnum)->HCTSIZ = ((num_packets << 19) & USB_OTG_HCTSIZ_PKTCNT) |
1813:Drivers/STM32F1xx_HAL_Driver/Src/stm32f1xx_ll_usb.c ****                            USB_OTG_HCTSIZ_DOPING;
1814:Drivers/STM32F1xx_HAL_Driver/Src/stm32f1xx_ll_usb.c **** 
1815:Drivers/STM32F1xx_HAL_Driver/Src/stm32f1xx_ll_usb.c ****   /* Set host channel enable */
1816:Drivers/STM32F1xx_HAL_Driver/Src/stm32f1xx_ll_usb.c ****   tmpreg = USBx_HC(chnum)->HCCHAR;
1817:Drivers/STM32F1xx_HAL_Driver/Src/stm32f1xx_ll_usb.c ****   tmpreg &= ~USB_OTG_HCCHAR_CHDIS;
1818:Drivers/STM32F1xx_HAL_Driver/Src/stm32f1xx_ll_usb.c ****   tmpreg |= USB_OTG_HCCHAR_CHENA;
1819:Drivers/STM32F1xx_HAL_Driver/Src/stm32f1xx_ll_usb.c ****   USBx_HC(chnum)->HCCHAR = tmpreg;
1820:Drivers/STM32F1xx_HAL_Driver/Src/stm32f1xx_ll_usb.c **** 
1821:Drivers/STM32F1xx_HAL_Driver/Src/stm32f1xx_ll_usb.c ****   return HAL_OK;
1822:Drivers/STM32F1xx_HAL_Driver/Src/stm32f1xx_ll_usb.c **** }
1823:Drivers/STM32F1xx_HAL_Driver/Src/stm32f1xx_ll_usb.c **** 
1824:Drivers/STM32F1xx_HAL_Driver/Src/stm32f1xx_ll_usb.c **** /**
1825:Drivers/STM32F1xx_HAL_Driver/Src/stm32f1xx_ll_usb.c ****   * @brief  Stop Host Core
1826:Drivers/STM32F1xx_HAL_Driver/Src/stm32f1xx_ll_usb.c ****   * @param  USBx  Selected device
1827:Drivers/STM32F1xx_HAL_Driver/Src/stm32f1xx_ll_usb.c ****   * @retval HAL state
1828:Drivers/STM32F1xx_HAL_Driver/Src/stm32f1xx_ll_usb.c ****   */
1829:Drivers/STM32F1xx_HAL_Driver/Src/stm32f1xx_ll_usb.c **** HAL_StatusTypeDef USB_StopHost(USB_OTG_GlobalTypeDef *USBx)
1830:Drivers/STM32F1xx_HAL_Driver/Src/stm32f1xx_ll_usb.c **** {
1831:Drivers/STM32F1xx_HAL_Driver/Src/stm32f1xx_ll_usb.c ****   HAL_StatusTypeDef ret = HAL_OK;
1832:Drivers/STM32F1xx_HAL_Driver/Src/stm32f1xx_ll_usb.c ****   uint32_t USBx_BASE = (uint32_t)USBx;
1833:Drivers/STM32F1xx_HAL_Driver/Src/stm32f1xx_ll_usb.c ****   __IO uint32_t count = 0U;
1834:Drivers/STM32F1xx_HAL_Driver/Src/stm32f1xx_ll_usb.c ****   uint32_t value;
1835:Drivers/STM32F1xx_HAL_Driver/Src/stm32f1xx_ll_usb.c ****   uint32_t i;
1836:Drivers/STM32F1xx_HAL_Driver/Src/stm32f1xx_ll_usb.c **** 
1837:Drivers/STM32F1xx_HAL_Driver/Src/stm32f1xx_ll_usb.c ****   (void)USB_DisableGlobalInt(USBx);
1838:Drivers/STM32F1xx_HAL_Driver/Src/stm32f1xx_ll_usb.c **** 
1839:Drivers/STM32F1xx_HAL_Driver/Src/stm32f1xx_ll_usb.c ****   /* Flush USB FIFO */
1840:Drivers/STM32F1xx_HAL_Driver/Src/stm32f1xx_ll_usb.c ****   if (USB_FlushTxFifo(USBx, 0x10U) != HAL_OK) /* all Tx FIFOs */
1841:Drivers/STM32F1xx_HAL_Driver/Src/stm32f1xx_ll_usb.c ****   {
1842:Drivers/STM32F1xx_HAL_Driver/Src/stm32f1xx_ll_usb.c ****     ret = HAL_ERROR;
1843:Drivers/STM32F1xx_HAL_Driver/Src/stm32f1xx_ll_usb.c ****   }
1844:Drivers/STM32F1xx_HAL_Driver/Src/stm32f1xx_ll_usb.c **** 
1845:Drivers/STM32F1xx_HAL_Driver/Src/stm32f1xx_ll_usb.c ****   if (USB_FlushRxFifo(USBx) != HAL_OK)
1846:Drivers/STM32F1xx_HAL_Driver/Src/stm32f1xx_ll_usb.c ****   {
1847:Drivers/STM32F1xx_HAL_Driver/Src/stm32f1xx_ll_usb.c ****     ret = HAL_ERROR;
1848:Drivers/STM32F1xx_HAL_Driver/Src/stm32f1xx_ll_usb.c ****   }
1849:Drivers/STM32F1xx_HAL_Driver/Src/stm32f1xx_ll_usb.c **** 
1850:Drivers/STM32F1xx_HAL_Driver/Src/stm32f1xx_ll_usb.c ****   /* Flush out any leftover queued requests. */
1851:Drivers/STM32F1xx_HAL_Driver/Src/stm32f1xx_ll_usb.c ****   for (i = 0U; i <= 15U; i++)
1852:Drivers/STM32F1xx_HAL_Driver/Src/stm32f1xx_ll_usb.c ****   {
1853:Drivers/STM32F1xx_HAL_Driver/Src/stm32f1xx_ll_usb.c ****     value = USBx_HC(i)->HCCHAR;
1854:Drivers/STM32F1xx_HAL_Driver/Src/stm32f1xx_ll_usb.c ****     value |=  USB_OTG_HCCHAR_CHDIS;
1855:Drivers/STM32F1xx_HAL_Driver/Src/stm32f1xx_ll_usb.c ****     value &= ~USB_OTG_HCCHAR_CHENA;
ARM GAS  C:\Users\jc\AppData\Local\Temp\ccrYs75M.s 			page 34


1856:Drivers/STM32F1xx_HAL_Driver/Src/stm32f1xx_ll_usb.c ****     value &= ~USB_OTG_HCCHAR_EPDIR;
1857:Drivers/STM32F1xx_HAL_Driver/Src/stm32f1xx_ll_usb.c ****     USBx_HC(i)->HCCHAR = value;
1858:Drivers/STM32F1xx_HAL_Driver/Src/stm32f1xx_ll_usb.c ****   }
1859:Drivers/STM32F1xx_HAL_Driver/Src/stm32f1xx_ll_usb.c **** 
1860:Drivers/STM32F1xx_HAL_Driver/Src/stm32f1xx_ll_usb.c ****   /* Halt all channels to put them into a known state. */
1861:Drivers/STM32F1xx_HAL_Driver/Src/stm32f1xx_ll_usb.c ****   for (i = 0U; i <= 15U; i++)
1862:Drivers/STM32F1xx_HAL_Driver/Src/stm32f1xx_ll_usb.c ****   {
1863:Drivers/STM32F1xx_HAL_Driver/Src/stm32f1xx_ll_usb.c ****     value = USBx_HC(i)->HCCHAR;
1864:Drivers/STM32F1xx_HAL_Driver/Src/stm32f1xx_ll_usb.c ****     value |= USB_OTG_HCCHAR_CHDIS;
1865:Drivers/STM32F1xx_HAL_Driver/Src/stm32f1xx_ll_usb.c ****     value |= USB_OTG_HCCHAR_CHENA;
1866:Drivers/STM32F1xx_HAL_Driver/Src/stm32f1xx_ll_usb.c ****     value &= ~USB_OTG_HCCHAR_EPDIR;
1867:Drivers/STM32F1xx_HAL_Driver/Src/stm32f1xx_ll_usb.c ****     USBx_HC(i)->HCCHAR = value;
1868:Drivers/STM32F1xx_HAL_Driver/Src/stm32f1xx_ll_usb.c **** 
1869:Drivers/STM32F1xx_HAL_Driver/Src/stm32f1xx_ll_usb.c ****     do
1870:Drivers/STM32F1xx_HAL_Driver/Src/stm32f1xx_ll_usb.c ****     {
1871:Drivers/STM32F1xx_HAL_Driver/Src/stm32f1xx_ll_usb.c ****       count++;
1872:Drivers/STM32F1xx_HAL_Driver/Src/stm32f1xx_ll_usb.c **** 
1873:Drivers/STM32F1xx_HAL_Driver/Src/stm32f1xx_ll_usb.c ****       if (count > 1000U)
1874:Drivers/STM32F1xx_HAL_Driver/Src/stm32f1xx_ll_usb.c ****       {
1875:Drivers/STM32F1xx_HAL_Driver/Src/stm32f1xx_ll_usb.c ****         break;
1876:Drivers/STM32F1xx_HAL_Driver/Src/stm32f1xx_ll_usb.c ****       }
1877:Drivers/STM32F1xx_HAL_Driver/Src/stm32f1xx_ll_usb.c ****     } while ((USBx_HC(i)->HCCHAR & USB_OTG_HCCHAR_CHENA) == USB_OTG_HCCHAR_CHENA);
1878:Drivers/STM32F1xx_HAL_Driver/Src/stm32f1xx_ll_usb.c ****   }
1879:Drivers/STM32F1xx_HAL_Driver/Src/stm32f1xx_ll_usb.c **** 
1880:Drivers/STM32F1xx_HAL_Driver/Src/stm32f1xx_ll_usb.c ****   /* Clear any pending Host interrupts */
1881:Drivers/STM32F1xx_HAL_Driver/Src/stm32f1xx_ll_usb.c ****   USBx_HOST->HAINT = CLEAR_INTERRUPT_MASK;
1882:Drivers/STM32F1xx_HAL_Driver/Src/stm32f1xx_ll_usb.c ****   USBx->GINTSTS = CLEAR_INTERRUPT_MASK;
1883:Drivers/STM32F1xx_HAL_Driver/Src/stm32f1xx_ll_usb.c **** 
1884:Drivers/STM32F1xx_HAL_Driver/Src/stm32f1xx_ll_usb.c ****   (void)USB_EnableGlobalInt(USBx);
1885:Drivers/STM32F1xx_HAL_Driver/Src/stm32f1xx_ll_usb.c **** 
1886:Drivers/STM32F1xx_HAL_Driver/Src/stm32f1xx_ll_usb.c ****   return ret;
1887:Drivers/STM32F1xx_HAL_Driver/Src/stm32f1xx_ll_usb.c **** }
1888:Drivers/STM32F1xx_HAL_Driver/Src/stm32f1xx_ll_usb.c **** 
1889:Drivers/STM32F1xx_HAL_Driver/Src/stm32f1xx_ll_usb.c **** /**
1890:Drivers/STM32F1xx_HAL_Driver/Src/stm32f1xx_ll_usb.c ****   * @brief  USB_ActivateRemoteWakeup active remote wakeup signalling
1891:Drivers/STM32F1xx_HAL_Driver/Src/stm32f1xx_ll_usb.c ****   * @param  USBx Selected device
1892:Drivers/STM32F1xx_HAL_Driver/Src/stm32f1xx_ll_usb.c ****   * @retval HAL status
1893:Drivers/STM32F1xx_HAL_Driver/Src/stm32f1xx_ll_usb.c ****   */
1894:Drivers/STM32F1xx_HAL_Driver/Src/stm32f1xx_ll_usb.c **** HAL_StatusTypeDef USB_ActivateRemoteWakeup(const USB_OTG_GlobalTypeDef *USBx)
1895:Drivers/STM32F1xx_HAL_Driver/Src/stm32f1xx_ll_usb.c **** {
1896:Drivers/STM32F1xx_HAL_Driver/Src/stm32f1xx_ll_usb.c ****   uint32_t USBx_BASE = (uint32_t)USBx;
1897:Drivers/STM32F1xx_HAL_Driver/Src/stm32f1xx_ll_usb.c **** 
1898:Drivers/STM32F1xx_HAL_Driver/Src/stm32f1xx_ll_usb.c ****   if ((USBx_DEVICE->DSTS & USB_OTG_DSTS_SUSPSTS) == USB_OTG_DSTS_SUSPSTS)
1899:Drivers/STM32F1xx_HAL_Driver/Src/stm32f1xx_ll_usb.c ****   {
1900:Drivers/STM32F1xx_HAL_Driver/Src/stm32f1xx_ll_usb.c ****     /* active Remote wakeup signalling */
1901:Drivers/STM32F1xx_HAL_Driver/Src/stm32f1xx_ll_usb.c ****     USBx_DEVICE->DCTL |= USB_OTG_DCTL_RWUSIG;
1902:Drivers/STM32F1xx_HAL_Driver/Src/stm32f1xx_ll_usb.c ****   }
1903:Drivers/STM32F1xx_HAL_Driver/Src/stm32f1xx_ll_usb.c **** 
1904:Drivers/STM32F1xx_HAL_Driver/Src/stm32f1xx_ll_usb.c ****   return HAL_OK;
1905:Drivers/STM32F1xx_HAL_Driver/Src/stm32f1xx_ll_usb.c **** }
1906:Drivers/STM32F1xx_HAL_Driver/Src/stm32f1xx_ll_usb.c **** 
1907:Drivers/STM32F1xx_HAL_Driver/Src/stm32f1xx_ll_usb.c **** /**
1908:Drivers/STM32F1xx_HAL_Driver/Src/stm32f1xx_ll_usb.c ****   * @brief  USB_DeActivateRemoteWakeup de-active remote wakeup signalling
1909:Drivers/STM32F1xx_HAL_Driver/Src/stm32f1xx_ll_usb.c ****   * @param  USBx Selected device
1910:Drivers/STM32F1xx_HAL_Driver/Src/stm32f1xx_ll_usb.c ****   * @retval HAL status
1911:Drivers/STM32F1xx_HAL_Driver/Src/stm32f1xx_ll_usb.c ****   */
1912:Drivers/STM32F1xx_HAL_Driver/Src/stm32f1xx_ll_usb.c **** HAL_StatusTypeDef USB_DeActivateRemoteWakeup(const USB_OTG_GlobalTypeDef *USBx)
ARM GAS  C:\Users\jc\AppData\Local\Temp\ccrYs75M.s 			page 35


1913:Drivers/STM32F1xx_HAL_Driver/Src/stm32f1xx_ll_usb.c **** {
1914:Drivers/STM32F1xx_HAL_Driver/Src/stm32f1xx_ll_usb.c ****   uint32_t USBx_BASE = (uint32_t)USBx;
1915:Drivers/STM32F1xx_HAL_Driver/Src/stm32f1xx_ll_usb.c **** 
1916:Drivers/STM32F1xx_HAL_Driver/Src/stm32f1xx_ll_usb.c ****   /* active Remote wakeup signalling */
1917:Drivers/STM32F1xx_HAL_Driver/Src/stm32f1xx_ll_usb.c ****   USBx_DEVICE->DCTL &= ~(USB_OTG_DCTL_RWUSIG);
1918:Drivers/STM32F1xx_HAL_Driver/Src/stm32f1xx_ll_usb.c **** 
1919:Drivers/STM32F1xx_HAL_Driver/Src/stm32f1xx_ll_usb.c ****   return HAL_OK;
1920:Drivers/STM32F1xx_HAL_Driver/Src/stm32f1xx_ll_usb.c **** }
1921:Drivers/STM32F1xx_HAL_Driver/Src/stm32f1xx_ll_usb.c **** #endif /* defined (USB_OTG_FS) */
1922:Drivers/STM32F1xx_HAL_Driver/Src/stm32f1xx_ll_usb.c **** 
1923:Drivers/STM32F1xx_HAL_Driver/Src/stm32f1xx_ll_usb.c **** #if defined (USB)
1924:Drivers/STM32F1xx_HAL_Driver/Src/stm32f1xx_ll_usb.c **** /**
1925:Drivers/STM32F1xx_HAL_Driver/Src/stm32f1xx_ll_usb.c ****   * @brief  Initializes the USB Core
1926:Drivers/STM32F1xx_HAL_Driver/Src/stm32f1xx_ll_usb.c ****   * @param  USBx USB Instance
1927:Drivers/STM32F1xx_HAL_Driver/Src/stm32f1xx_ll_usb.c ****   * @param  cfg pointer to a USB_CfgTypeDef structure that contains
1928:Drivers/STM32F1xx_HAL_Driver/Src/stm32f1xx_ll_usb.c ****   *         the configuration information for the specified USBx peripheral.
1929:Drivers/STM32F1xx_HAL_Driver/Src/stm32f1xx_ll_usb.c ****   * @retval HAL status
1930:Drivers/STM32F1xx_HAL_Driver/Src/stm32f1xx_ll_usb.c ****   */
1931:Drivers/STM32F1xx_HAL_Driver/Src/stm32f1xx_ll_usb.c **** HAL_StatusTypeDef USB_CoreInit(USB_TypeDef *USBx, USB_CfgTypeDef cfg)
1932:Drivers/STM32F1xx_HAL_Driver/Src/stm32f1xx_ll_usb.c **** {
  28              		.loc 1 1932 1 view -0
  29              		.cfi_startproc
  30              		@ args = 0, pretend = 0, frame = 16
  31              		@ frame_needed = 0, uses_anonymous_args = 0
  32              		@ link register save eliminated.
  33              		.loc 1 1932 1 is_stmt 0 view .LVU1
  34 0000 84B0     		sub	sp, sp, #16
  35              		.cfi_def_cfa_offset 16
  36 0002 04A8     		add	r0, sp, #16
  37              	.LVL1:
  38              		.loc 1 1932 1 view .LVU2
  39 0004 00E90E00 		stmdb	r0, {r1, r2, r3}
1933:Drivers/STM32F1xx_HAL_Driver/Src/stm32f1xx_ll_usb.c ****   /* Prevent unused argument(s) compilation warning */
1934:Drivers/STM32F1xx_HAL_Driver/Src/stm32f1xx_ll_usb.c ****   UNUSED(USBx);
  40              		.loc 1 1934 3 is_stmt 1 view .LVU3
1935:Drivers/STM32F1xx_HAL_Driver/Src/stm32f1xx_ll_usb.c ****   UNUSED(cfg);
  41              		.loc 1 1935 3 view .LVU4
1936:Drivers/STM32F1xx_HAL_Driver/Src/stm32f1xx_ll_usb.c **** 
1937:Drivers/STM32F1xx_HAL_Driver/Src/stm32f1xx_ll_usb.c ****   /* NOTE : - This function is not required by USB Device FS peripheral, it is used
1938:Drivers/STM32F1xx_HAL_Driver/Src/stm32f1xx_ll_usb.c ****               only by USB OTG FS peripheral.
1939:Drivers/STM32F1xx_HAL_Driver/Src/stm32f1xx_ll_usb.c ****             - This function is added to ensure compatibility across platforms.
1940:Drivers/STM32F1xx_HAL_Driver/Src/stm32f1xx_ll_usb.c ****    */
1941:Drivers/STM32F1xx_HAL_Driver/Src/stm32f1xx_ll_usb.c **** 
1942:Drivers/STM32F1xx_HAL_Driver/Src/stm32f1xx_ll_usb.c ****   return HAL_OK;
  42              		.loc 1 1942 3 view .LVU5
1943:Drivers/STM32F1xx_HAL_Driver/Src/stm32f1xx_ll_usb.c **** }
  43              		.loc 1 1943 1 is_stmt 0 view .LVU6
  44 0008 0020     		movs	r0, #0
  45 000a 04B0     		add	sp, sp, #16
  46              		.cfi_def_cfa_offset 0
  47              		@ sp needed
  48 000c 7047     		bx	lr
  49              		.cfi_endproc
  50              	.LFE65:
  52              		.section	.text.USB_EnableGlobalInt,"ax",%progbits
  53              		.align	1
  54              		.global	USB_EnableGlobalInt
ARM GAS  C:\Users\jc\AppData\Local\Temp\ccrYs75M.s 			page 36


  55              		.syntax unified
  56              		.thumb
  57              		.thumb_func
  59              	USB_EnableGlobalInt:
  60              	.LVL2:
  61              	.LFB66:
1944:Drivers/STM32F1xx_HAL_Driver/Src/stm32f1xx_ll_usb.c **** 
1945:Drivers/STM32F1xx_HAL_Driver/Src/stm32f1xx_ll_usb.c **** /**
1946:Drivers/STM32F1xx_HAL_Driver/Src/stm32f1xx_ll_usb.c ****   * @brief  USB_EnableGlobalInt
1947:Drivers/STM32F1xx_HAL_Driver/Src/stm32f1xx_ll_usb.c ****   *         Enables the controller's Global Int in the AHB Config reg
1948:Drivers/STM32F1xx_HAL_Driver/Src/stm32f1xx_ll_usb.c ****   * @param  USBx Selected device
1949:Drivers/STM32F1xx_HAL_Driver/Src/stm32f1xx_ll_usb.c ****   * @retval HAL status
1950:Drivers/STM32F1xx_HAL_Driver/Src/stm32f1xx_ll_usb.c ****   */
1951:Drivers/STM32F1xx_HAL_Driver/Src/stm32f1xx_ll_usb.c **** HAL_StatusTypeDef USB_EnableGlobalInt(USB_TypeDef *USBx)
1952:Drivers/STM32F1xx_HAL_Driver/Src/stm32f1xx_ll_usb.c **** {
  62              		.loc 1 1952 1 is_stmt 1 view -0
  63              		.cfi_startproc
  64              		@ args = 0, pretend = 0, frame = 0
  65              		@ frame_needed = 0, uses_anonymous_args = 0
  66              		@ link register save eliminated.
  67              		.loc 1 1952 1 is_stmt 0 view .LVU8
  68 0000 0346     		mov	r3, r0
1953:Drivers/STM32F1xx_HAL_Driver/Src/stm32f1xx_ll_usb.c ****   uint32_t winterruptmask;
  69              		.loc 1 1953 3 is_stmt 1 view .LVU9
1954:Drivers/STM32F1xx_HAL_Driver/Src/stm32f1xx_ll_usb.c **** 
1955:Drivers/STM32F1xx_HAL_Driver/Src/stm32f1xx_ll_usb.c ****   /* Clear pending interrupts */
1956:Drivers/STM32F1xx_HAL_Driver/Src/stm32f1xx_ll_usb.c ****   USBx->ISTR = 0U;
  70              		.loc 1 1956 3 view .LVU10
  71              		.loc 1 1956 14 is_stmt 0 view .LVU11
  72 0002 0020     		movs	r0, #0
  73              	.LVL3:
  74              		.loc 1 1956 14 view .LVU12
  75 0004 A3F84400 		strh	r0, [r3, #68]	@ movhi
1957:Drivers/STM32F1xx_HAL_Driver/Src/stm32f1xx_ll_usb.c **** 
1958:Drivers/STM32F1xx_HAL_Driver/Src/stm32f1xx_ll_usb.c ****   /* Set winterruptmask variable */
1959:Drivers/STM32F1xx_HAL_Driver/Src/stm32f1xx_ll_usb.c ****   winterruptmask = USB_CNTR_CTRM  | USB_CNTR_WKUPM |
  76              		.loc 1 1959 3 is_stmt 1 view .LVU13
  77              	.LVL4:
1960:Drivers/STM32F1xx_HAL_Driver/Src/stm32f1xx_ll_usb.c ****                    USB_CNTR_SUSPM | USB_CNTR_ERRM |
1961:Drivers/STM32F1xx_HAL_Driver/Src/stm32f1xx_ll_usb.c ****                    USB_CNTR_SOFM | USB_CNTR_ESOFM |
1962:Drivers/STM32F1xx_HAL_Driver/Src/stm32f1xx_ll_usb.c ****                    USB_CNTR_RESETM;
1963:Drivers/STM32F1xx_HAL_Driver/Src/stm32f1xx_ll_usb.c **** 
1964:Drivers/STM32F1xx_HAL_Driver/Src/stm32f1xx_ll_usb.c ****   /* Set interrupt mask */
1965:Drivers/STM32F1xx_HAL_Driver/Src/stm32f1xx_ll_usb.c ****   USBx->CNTR = (uint16_t)winterruptmask;
  78              		.loc 1 1965 3 view .LVU14
  79              		.loc 1 1965 14 is_stmt 0 view .LVU15
  80 0008 4FF43F42 		mov	r2, #48896
  81 000c A3F84020 		strh	r2, [r3, #64]	@ movhi
1966:Drivers/STM32F1xx_HAL_Driver/Src/stm32f1xx_ll_usb.c **** 
1967:Drivers/STM32F1xx_HAL_Driver/Src/stm32f1xx_ll_usb.c ****   return HAL_OK;
  82              		.loc 1 1967 3 is_stmt 1 view .LVU16
1968:Drivers/STM32F1xx_HAL_Driver/Src/stm32f1xx_ll_usb.c **** }
  83              		.loc 1 1968 1 is_stmt 0 view .LVU17
  84 0010 7047     		bx	lr
  85              		.cfi_endproc
  86              	.LFE66:
  88              		.section	.text.USB_DisableGlobalInt,"ax",%progbits
ARM GAS  C:\Users\jc\AppData\Local\Temp\ccrYs75M.s 			page 37


  89              		.align	1
  90              		.global	USB_DisableGlobalInt
  91              		.syntax unified
  92              		.thumb
  93              		.thumb_func
  95              	USB_DisableGlobalInt:
  96              	.LVL5:
  97              	.LFB67:
1969:Drivers/STM32F1xx_HAL_Driver/Src/stm32f1xx_ll_usb.c **** 
1970:Drivers/STM32F1xx_HAL_Driver/Src/stm32f1xx_ll_usb.c **** /**
1971:Drivers/STM32F1xx_HAL_Driver/Src/stm32f1xx_ll_usb.c ****   * @brief  USB_DisableGlobalInt
1972:Drivers/STM32F1xx_HAL_Driver/Src/stm32f1xx_ll_usb.c ****   *         Disable the controller's Global Int in the AHB Config reg
1973:Drivers/STM32F1xx_HAL_Driver/Src/stm32f1xx_ll_usb.c ****   * @param  USBx Selected device
1974:Drivers/STM32F1xx_HAL_Driver/Src/stm32f1xx_ll_usb.c ****   * @retval HAL status
1975:Drivers/STM32F1xx_HAL_Driver/Src/stm32f1xx_ll_usb.c ****   */
1976:Drivers/STM32F1xx_HAL_Driver/Src/stm32f1xx_ll_usb.c **** HAL_StatusTypeDef USB_DisableGlobalInt(USB_TypeDef *USBx)
1977:Drivers/STM32F1xx_HAL_Driver/Src/stm32f1xx_ll_usb.c **** {
  98              		.loc 1 1977 1 is_stmt 1 view -0
  99              		.cfi_startproc
 100              		@ args = 0, pretend = 0, frame = 0
 101              		@ frame_needed = 0, uses_anonymous_args = 0
 102              		@ link register save eliminated.
1978:Drivers/STM32F1xx_HAL_Driver/Src/stm32f1xx_ll_usb.c ****   uint32_t winterruptmask;
 103              		.loc 1 1978 3 view .LVU19
1979:Drivers/STM32F1xx_HAL_Driver/Src/stm32f1xx_ll_usb.c **** 
1980:Drivers/STM32F1xx_HAL_Driver/Src/stm32f1xx_ll_usb.c ****   /* Set winterruptmask variable */
1981:Drivers/STM32F1xx_HAL_Driver/Src/stm32f1xx_ll_usb.c ****   winterruptmask = USB_CNTR_CTRM  | USB_CNTR_WKUPM |
 104              		.loc 1 1981 3 view .LVU20
1982:Drivers/STM32F1xx_HAL_Driver/Src/stm32f1xx_ll_usb.c ****                    USB_CNTR_SUSPM | USB_CNTR_ERRM |
1983:Drivers/STM32F1xx_HAL_Driver/Src/stm32f1xx_ll_usb.c ****                    USB_CNTR_SOFM | USB_CNTR_ESOFM |
1984:Drivers/STM32F1xx_HAL_Driver/Src/stm32f1xx_ll_usb.c ****                    USB_CNTR_RESETM;
1985:Drivers/STM32F1xx_HAL_Driver/Src/stm32f1xx_ll_usb.c **** 
1986:Drivers/STM32F1xx_HAL_Driver/Src/stm32f1xx_ll_usb.c ****   /* Clear interrupt mask */
1987:Drivers/STM32F1xx_HAL_Driver/Src/stm32f1xx_ll_usb.c ****   USBx->CNTR &= (uint16_t)(~winterruptmask);
 105              		.loc 1 1987 3 view .LVU21
 106              		.loc 1 1987 7 is_stmt 0 view .LVU22
 107 0000 B0F84030 		ldrh	r3, [r0, #64]
 108              		.loc 1 1987 14 view .LVU23
 109 0004 23F47C53 		bic	r3, r3, #16128
 110 0008 5B04     		lsls	r3, r3, #17
 111 000a 5B0C     		lsrs	r3, r3, #17
 112 000c A0F84030 		strh	r3, [r0, #64]	@ movhi
1988:Drivers/STM32F1xx_HAL_Driver/Src/stm32f1xx_ll_usb.c **** 
1989:Drivers/STM32F1xx_HAL_Driver/Src/stm32f1xx_ll_usb.c ****   return HAL_OK;
 113              		.loc 1 1989 3 is_stmt 1 view .LVU24
1990:Drivers/STM32F1xx_HAL_Driver/Src/stm32f1xx_ll_usb.c **** }
 114              		.loc 1 1990 1 is_stmt 0 view .LVU25
 115 0010 0020     		movs	r0, #0
 116              	.LVL6:
 117              		.loc 1 1990 1 view .LVU26
 118 0012 7047     		bx	lr
 119              		.cfi_endproc
 120              	.LFE67:
 122              		.section	.text.USB_SetCurrentMode,"ax",%progbits
 123              		.align	1
 124              		.global	USB_SetCurrentMode
 125              		.syntax unified
ARM GAS  C:\Users\jc\AppData\Local\Temp\ccrYs75M.s 			page 38


 126              		.thumb
 127              		.thumb_func
 129              	USB_SetCurrentMode:
 130              	.LVL7:
 131              	.LFB68:
1991:Drivers/STM32F1xx_HAL_Driver/Src/stm32f1xx_ll_usb.c **** 
1992:Drivers/STM32F1xx_HAL_Driver/Src/stm32f1xx_ll_usb.c **** /**
1993:Drivers/STM32F1xx_HAL_Driver/Src/stm32f1xx_ll_usb.c ****   * @brief  USB_SetCurrentMode Set functional mode
1994:Drivers/STM32F1xx_HAL_Driver/Src/stm32f1xx_ll_usb.c ****   * @param  USBx Selected device
1995:Drivers/STM32F1xx_HAL_Driver/Src/stm32f1xx_ll_usb.c ****   * @param  mode current core mode
1996:Drivers/STM32F1xx_HAL_Driver/Src/stm32f1xx_ll_usb.c ****   *          This parameter can be one of the these values:
1997:Drivers/STM32F1xx_HAL_Driver/Src/stm32f1xx_ll_usb.c ****   *            @arg USB_DEVICE_MODE Peripheral mode
1998:Drivers/STM32F1xx_HAL_Driver/Src/stm32f1xx_ll_usb.c ****   * @retval HAL status
1999:Drivers/STM32F1xx_HAL_Driver/Src/stm32f1xx_ll_usb.c ****   */
2000:Drivers/STM32F1xx_HAL_Driver/Src/stm32f1xx_ll_usb.c **** HAL_StatusTypeDef USB_SetCurrentMode(USB_TypeDef *USBx, USB_ModeTypeDef mode)
2001:Drivers/STM32F1xx_HAL_Driver/Src/stm32f1xx_ll_usb.c **** {
 132              		.loc 1 2001 1 is_stmt 1 view -0
 133              		.cfi_startproc
 134              		@ args = 0, pretend = 0, frame = 0
 135              		@ frame_needed = 0, uses_anonymous_args = 0
 136              		@ link register save eliminated.
2002:Drivers/STM32F1xx_HAL_Driver/Src/stm32f1xx_ll_usb.c ****   /* Prevent unused argument(s) compilation warning */
2003:Drivers/STM32F1xx_HAL_Driver/Src/stm32f1xx_ll_usb.c ****   UNUSED(USBx);
 137              		.loc 1 2003 3 view .LVU28
2004:Drivers/STM32F1xx_HAL_Driver/Src/stm32f1xx_ll_usb.c ****   UNUSED(mode);
 138              		.loc 1 2004 3 view .LVU29
2005:Drivers/STM32F1xx_HAL_Driver/Src/stm32f1xx_ll_usb.c **** 
2006:Drivers/STM32F1xx_HAL_Driver/Src/stm32f1xx_ll_usb.c ****   /* NOTE : - This function is not required by USB Device FS peripheral, it is used
2007:Drivers/STM32F1xx_HAL_Driver/Src/stm32f1xx_ll_usb.c ****               only by USB OTG FS peripheral.
2008:Drivers/STM32F1xx_HAL_Driver/Src/stm32f1xx_ll_usb.c ****             - This function is added to ensure compatibility across platforms.
2009:Drivers/STM32F1xx_HAL_Driver/Src/stm32f1xx_ll_usb.c ****    */
2010:Drivers/STM32F1xx_HAL_Driver/Src/stm32f1xx_ll_usb.c ****   return HAL_OK;
 139              		.loc 1 2010 3 view .LVU30
2011:Drivers/STM32F1xx_HAL_Driver/Src/stm32f1xx_ll_usb.c **** }
 140              		.loc 1 2011 1 is_stmt 0 view .LVU31
 141 0000 0020     		movs	r0, #0
 142              	.LVL8:
 143              		.loc 1 2011 1 view .LVU32
 144 0002 7047     		bx	lr
 145              		.cfi_endproc
 146              	.LFE68:
 148              		.section	.text.USB_DevInit,"ax",%progbits
 149              		.align	1
 150              		.global	USB_DevInit
 151              		.syntax unified
 152              		.thumb
 153              		.thumb_func
 155              	USB_DevInit:
 156              	.LVL9:
 157              	.LFB69:
2012:Drivers/STM32F1xx_HAL_Driver/Src/stm32f1xx_ll_usb.c **** 
2013:Drivers/STM32F1xx_HAL_Driver/Src/stm32f1xx_ll_usb.c **** /**
2014:Drivers/STM32F1xx_HAL_Driver/Src/stm32f1xx_ll_usb.c ****   * @brief  USB_DevInit Initializes the USB controller registers
2015:Drivers/STM32F1xx_HAL_Driver/Src/stm32f1xx_ll_usb.c ****   *         for device mode
2016:Drivers/STM32F1xx_HAL_Driver/Src/stm32f1xx_ll_usb.c ****   * @param  USBx Selected device
2017:Drivers/STM32F1xx_HAL_Driver/Src/stm32f1xx_ll_usb.c ****   * @param  cfg  pointer to a USB_CfgTypeDef structure that contains
2018:Drivers/STM32F1xx_HAL_Driver/Src/stm32f1xx_ll_usb.c ****   *         the configuration information for the specified USBx peripheral.
ARM GAS  C:\Users\jc\AppData\Local\Temp\ccrYs75M.s 			page 39


2019:Drivers/STM32F1xx_HAL_Driver/Src/stm32f1xx_ll_usb.c ****   * @retval HAL status
2020:Drivers/STM32F1xx_HAL_Driver/Src/stm32f1xx_ll_usb.c ****   */
2021:Drivers/STM32F1xx_HAL_Driver/Src/stm32f1xx_ll_usb.c **** HAL_StatusTypeDef USB_DevInit(USB_TypeDef *USBx, USB_CfgTypeDef cfg)
2022:Drivers/STM32F1xx_HAL_Driver/Src/stm32f1xx_ll_usb.c **** {
 158              		.loc 1 2022 1 is_stmt 1 view -0
 159              		.cfi_startproc
 160              		@ args = 0, pretend = 0, frame = 16
 161              		@ frame_needed = 0, uses_anonymous_args = 0
 162              		@ link register save eliminated.
 163              		.loc 1 2022 1 is_stmt 0 view .LVU34
 164 0000 84B0     		sub	sp, sp, #16
 165              		.cfi_def_cfa_offset 16
 166 0002 8446     		mov	ip, r0
 167 0004 04A8     		add	r0, sp, #16
 168              	.LVL10:
 169              		.loc 1 2022 1 view .LVU35
 170 0006 00E90E00 		stmdb	r0, {r1, r2, r3}
2023:Drivers/STM32F1xx_HAL_Driver/Src/stm32f1xx_ll_usb.c ****   /* Prevent unused argument(s) compilation warning */
2024:Drivers/STM32F1xx_HAL_Driver/Src/stm32f1xx_ll_usb.c ****   UNUSED(cfg);
 171              		.loc 1 2024 3 is_stmt 1 view .LVU36
2025:Drivers/STM32F1xx_HAL_Driver/Src/stm32f1xx_ll_usb.c **** 
2026:Drivers/STM32F1xx_HAL_Driver/Src/stm32f1xx_ll_usb.c ****   /* Init Device */
2027:Drivers/STM32F1xx_HAL_Driver/Src/stm32f1xx_ll_usb.c ****   /* CNTR_FRES = 1 */
2028:Drivers/STM32F1xx_HAL_Driver/Src/stm32f1xx_ll_usb.c ****   USBx->CNTR = (uint16_t)USB_CNTR_FRES;
 172              		.loc 1 2028 3 view .LVU37
 173              		.loc 1 2028 14 is_stmt 0 view .LVU38
 174 000a 0123     		movs	r3, #1
 175 000c ACF84030 		strh	r3, [ip, #64]	@ movhi
2029:Drivers/STM32F1xx_HAL_Driver/Src/stm32f1xx_ll_usb.c **** 
2030:Drivers/STM32F1xx_HAL_Driver/Src/stm32f1xx_ll_usb.c ****   /* CNTR_FRES = 0 */
2031:Drivers/STM32F1xx_HAL_Driver/Src/stm32f1xx_ll_usb.c ****   USBx->CNTR = 0U;
 176              		.loc 1 2031 3 is_stmt 1 view .LVU39
 177              		.loc 1 2031 14 is_stmt 0 view .LVU40
 178 0010 0020     		movs	r0, #0
 179 0012 ACF84000 		strh	r0, [ip, #64]	@ movhi
2032:Drivers/STM32F1xx_HAL_Driver/Src/stm32f1xx_ll_usb.c **** 
2033:Drivers/STM32F1xx_HAL_Driver/Src/stm32f1xx_ll_usb.c ****   /* Clear pending interrupts */
2034:Drivers/STM32F1xx_HAL_Driver/Src/stm32f1xx_ll_usb.c ****   USBx->ISTR = 0U;
 180              		.loc 1 2034 3 is_stmt 1 view .LVU41
 181              		.loc 1 2034 14 is_stmt 0 view .LVU42
 182 0016 ACF84400 		strh	r0, [ip, #68]	@ movhi
2035:Drivers/STM32F1xx_HAL_Driver/Src/stm32f1xx_ll_usb.c **** 
2036:Drivers/STM32F1xx_HAL_Driver/Src/stm32f1xx_ll_usb.c ****   /*Set Btable Address*/
2037:Drivers/STM32F1xx_HAL_Driver/Src/stm32f1xx_ll_usb.c ****   USBx->BTABLE = BTABLE_ADDRESS;
 183              		.loc 1 2037 3 is_stmt 1 view .LVU43
 184              		.loc 1 2037 16 is_stmt 0 view .LVU44
 185 001a ACF85000 		strh	r0, [ip, #80]	@ movhi
2038:Drivers/STM32F1xx_HAL_Driver/Src/stm32f1xx_ll_usb.c **** 
2039:Drivers/STM32F1xx_HAL_Driver/Src/stm32f1xx_ll_usb.c ****   return HAL_OK;
 186              		.loc 1 2039 3 is_stmt 1 view .LVU45
2040:Drivers/STM32F1xx_HAL_Driver/Src/stm32f1xx_ll_usb.c **** }
 187              		.loc 1 2040 1 is_stmt 0 view .LVU46
 188 001e 04B0     		add	sp, sp, #16
 189              		.cfi_def_cfa_offset 0
 190              		@ sp needed
 191 0020 7047     		bx	lr
 192              		.cfi_endproc
ARM GAS  C:\Users\jc\AppData\Local\Temp\ccrYs75M.s 			page 40


 193              	.LFE69:
 195              		.section	.text.USB_FlushTxFifo,"ax",%progbits
 196              		.align	1
 197              		.global	USB_FlushTxFifo
 198              		.syntax unified
 199              		.thumb
 200              		.thumb_func
 202              	USB_FlushTxFifo:
 203              	.LVL11:
 204              	.LFB70:
2041:Drivers/STM32F1xx_HAL_Driver/Src/stm32f1xx_ll_usb.c **** 
2042:Drivers/STM32F1xx_HAL_Driver/Src/stm32f1xx_ll_usb.c **** /**
2043:Drivers/STM32F1xx_HAL_Driver/Src/stm32f1xx_ll_usb.c ****   * @brief  USB_FlushTxFifo : Flush a Tx FIFO
2044:Drivers/STM32F1xx_HAL_Driver/Src/stm32f1xx_ll_usb.c ****   * @param  USBx : Selected device
2045:Drivers/STM32F1xx_HAL_Driver/Src/stm32f1xx_ll_usb.c ****   * @param  num : FIFO number
2046:Drivers/STM32F1xx_HAL_Driver/Src/stm32f1xx_ll_usb.c ****   *         This parameter can be a value from 1 to 15
2047:Drivers/STM32F1xx_HAL_Driver/Src/stm32f1xx_ll_usb.c ****             15 means Flush all Tx FIFOs
2048:Drivers/STM32F1xx_HAL_Driver/Src/stm32f1xx_ll_usb.c ****   * @retval HAL status
2049:Drivers/STM32F1xx_HAL_Driver/Src/stm32f1xx_ll_usb.c ****   */
2050:Drivers/STM32F1xx_HAL_Driver/Src/stm32f1xx_ll_usb.c **** HAL_StatusTypeDef USB_FlushTxFifo(USB_TypeDef const *USBx, uint32_t num)
2051:Drivers/STM32F1xx_HAL_Driver/Src/stm32f1xx_ll_usb.c **** {
 205              		.loc 1 2051 1 is_stmt 1 view -0
 206              		.cfi_startproc
 207              		@ args = 0, pretend = 0, frame = 0
 208              		@ frame_needed = 0, uses_anonymous_args = 0
 209              		@ link register save eliminated.
2052:Drivers/STM32F1xx_HAL_Driver/Src/stm32f1xx_ll_usb.c ****   /* Prevent unused argument(s) compilation warning */
2053:Drivers/STM32F1xx_HAL_Driver/Src/stm32f1xx_ll_usb.c ****   UNUSED(USBx);
 210              		.loc 1 2053 3 view .LVU48
2054:Drivers/STM32F1xx_HAL_Driver/Src/stm32f1xx_ll_usb.c ****   UNUSED(num);
 211              		.loc 1 2054 3 view .LVU49
2055:Drivers/STM32F1xx_HAL_Driver/Src/stm32f1xx_ll_usb.c **** 
2056:Drivers/STM32F1xx_HAL_Driver/Src/stm32f1xx_ll_usb.c ****   /* NOTE : - This function is not required by USB Device FS peripheral, it is used
2057:Drivers/STM32F1xx_HAL_Driver/Src/stm32f1xx_ll_usb.c ****               only by USB OTG FS peripheral.
2058:Drivers/STM32F1xx_HAL_Driver/Src/stm32f1xx_ll_usb.c ****             - This function is added to ensure compatibility across platforms.
2059:Drivers/STM32F1xx_HAL_Driver/Src/stm32f1xx_ll_usb.c ****    */
2060:Drivers/STM32F1xx_HAL_Driver/Src/stm32f1xx_ll_usb.c **** 
2061:Drivers/STM32F1xx_HAL_Driver/Src/stm32f1xx_ll_usb.c ****   return HAL_OK;
 212              		.loc 1 2061 3 view .LVU50
2062:Drivers/STM32F1xx_HAL_Driver/Src/stm32f1xx_ll_usb.c **** }
 213              		.loc 1 2062 1 is_stmt 0 view .LVU51
 214 0000 0020     		movs	r0, #0
 215              	.LVL12:
 216              		.loc 1 2062 1 view .LVU52
 217 0002 7047     		bx	lr
 218              		.cfi_endproc
 219              	.LFE70:
 221              		.section	.text.USB_FlushRxFifo,"ax",%progbits
 222              		.align	1
 223              		.global	USB_FlushRxFifo
 224              		.syntax unified
 225              		.thumb
 226              		.thumb_func
 228              	USB_FlushRxFifo:
 229              	.LVL13:
 230              	.LFB71:
2063:Drivers/STM32F1xx_HAL_Driver/Src/stm32f1xx_ll_usb.c **** 
ARM GAS  C:\Users\jc\AppData\Local\Temp\ccrYs75M.s 			page 41


2064:Drivers/STM32F1xx_HAL_Driver/Src/stm32f1xx_ll_usb.c **** /**
2065:Drivers/STM32F1xx_HAL_Driver/Src/stm32f1xx_ll_usb.c ****   * @brief  USB_FlushRxFifo : Flush Rx FIFO
2066:Drivers/STM32F1xx_HAL_Driver/Src/stm32f1xx_ll_usb.c ****   * @param  USBx : Selected device
2067:Drivers/STM32F1xx_HAL_Driver/Src/stm32f1xx_ll_usb.c ****   * @retval HAL status
2068:Drivers/STM32F1xx_HAL_Driver/Src/stm32f1xx_ll_usb.c ****   */
2069:Drivers/STM32F1xx_HAL_Driver/Src/stm32f1xx_ll_usb.c **** HAL_StatusTypeDef USB_FlushRxFifo(USB_TypeDef const *USBx)
2070:Drivers/STM32F1xx_HAL_Driver/Src/stm32f1xx_ll_usb.c **** {
 231              		.loc 1 2070 1 is_stmt 1 view -0
 232              		.cfi_startproc
 233              		@ args = 0, pretend = 0, frame = 0
 234              		@ frame_needed = 0, uses_anonymous_args = 0
 235              		@ link register save eliminated.
2071:Drivers/STM32F1xx_HAL_Driver/Src/stm32f1xx_ll_usb.c ****   /* Prevent unused argument(s) compilation warning */
2072:Drivers/STM32F1xx_HAL_Driver/Src/stm32f1xx_ll_usb.c ****   UNUSED(USBx);
 236              		.loc 1 2072 3 view .LVU54
2073:Drivers/STM32F1xx_HAL_Driver/Src/stm32f1xx_ll_usb.c **** 
2074:Drivers/STM32F1xx_HAL_Driver/Src/stm32f1xx_ll_usb.c ****   /* NOTE : - This function is not required by USB Device FS peripheral, it is used
2075:Drivers/STM32F1xx_HAL_Driver/Src/stm32f1xx_ll_usb.c ****               only by USB OTG FS peripheral.
2076:Drivers/STM32F1xx_HAL_Driver/Src/stm32f1xx_ll_usb.c ****             - This function is added to ensure compatibility across platforms.
2077:Drivers/STM32F1xx_HAL_Driver/Src/stm32f1xx_ll_usb.c ****    */
2078:Drivers/STM32F1xx_HAL_Driver/Src/stm32f1xx_ll_usb.c **** 
2079:Drivers/STM32F1xx_HAL_Driver/Src/stm32f1xx_ll_usb.c ****   return HAL_OK;
 237              		.loc 1 2079 3 view .LVU55
2080:Drivers/STM32F1xx_HAL_Driver/Src/stm32f1xx_ll_usb.c **** }
 238              		.loc 1 2080 1 is_stmt 0 view .LVU56
 239 0000 0020     		movs	r0, #0
 240              	.LVL14:
 241              		.loc 1 2080 1 view .LVU57
 242 0002 7047     		bx	lr
 243              		.cfi_endproc
 244              	.LFE71:
 246              		.section	.text.USB_ActivateEndpoint,"ax",%progbits
 247              		.align	1
 248              		.global	USB_ActivateEndpoint
 249              		.syntax unified
 250              		.thumb
 251              		.thumb_func
 253              	USB_ActivateEndpoint:
 254              	.LVL15:
 255              	.LFB72:
2081:Drivers/STM32F1xx_HAL_Driver/Src/stm32f1xx_ll_usb.c **** 
2082:Drivers/STM32F1xx_HAL_Driver/Src/stm32f1xx_ll_usb.c **** 
2083:Drivers/STM32F1xx_HAL_Driver/Src/stm32f1xx_ll_usb.c **** #if defined (HAL_PCD_MODULE_ENABLED)
2084:Drivers/STM32F1xx_HAL_Driver/Src/stm32f1xx_ll_usb.c **** /**
2085:Drivers/STM32F1xx_HAL_Driver/Src/stm32f1xx_ll_usb.c ****   * @brief  Activate and configure an endpoint
2086:Drivers/STM32F1xx_HAL_Driver/Src/stm32f1xx_ll_usb.c ****   * @param  USBx Selected device
2087:Drivers/STM32F1xx_HAL_Driver/Src/stm32f1xx_ll_usb.c ****   * @param  ep pointer to endpoint structure
2088:Drivers/STM32F1xx_HAL_Driver/Src/stm32f1xx_ll_usb.c ****   * @retval HAL status
2089:Drivers/STM32F1xx_HAL_Driver/Src/stm32f1xx_ll_usb.c ****   */
2090:Drivers/STM32F1xx_HAL_Driver/Src/stm32f1xx_ll_usb.c **** HAL_StatusTypeDef USB_ActivateEndpoint(USB_TypeDef *USBx, USB_EPTypeDef *ep)
2091:Drivers/STM32F1xx_HAL_Driver/Src/stm32f1xx_ll_usb.c **** {
 256              		.loc 1 2091 1 is_stmt 1 view -0
 257              		.cfi_startproc
 258              		@ args = 0, pretend = 0, frame = 0
 259              		@ frame_needed = 0, uses_anonymous_args = 0
 260              		.loc 1 2091 1 is_stmt 0 view .LVU59
 261 0000 10B5     		push	{r4, lr}
ARM GAS  C:\Users\jc\AppData\Local\Temp\ccrYs75M.s 			page 42


 262              		.cfi_def_cfa_offset 8
 263              		.cfi_offset 4, -8
 264              		.cfi_offset 14, -4
 265 0002 0346     		mov	r3, r0
2092:Drivers/STM32F1xx_HAL_Driver/Src/stm32f1xx_ll_usb.c ****   HAL_StatusTypeDef ret = HAL_OK;
 266              		.loc 1 2092 3 is_stmt 1 view .LVU60
 267              	.LVL16:
2093:Drivers/STM32F1xx_HAL_Driver/Src/stm32f1xx_ll_usb.c ****   uint16_t wEpRegVal;
 268              		.loc 1 2093 3 view .LVU61
2094:Drivers/STM32F1xx_HAL_Driver/Src/stm32f1xx_ll_usb.c **** 
2095:Drivers/STM32F1xx_HAL_Driver/Src/stm32f1xx_ll_usb.c ****   wEpRegVal = PCD_GET_ENDPOINT(USBx, ep->num) & USB_EP_T_MASK;
 269              		.loc 1 2095 3 view .LVU62
 270              		.loc 1 2095 15 is_stmt 0 view .LVU63
 271 0004 91F800C0 		ldrb	ip, [r1]	@ zero_extendqisi2
 272 0008 30F82C20 		ldrh	r2, [r0, ip, lsl #2]
 273 000c 92B2     		uxth	r2, r2
 274              		.loc 1 2095 13 view .LVU64
 275 000e 22F4EC42 		bic	r2, r2, #30208
 276 0012 22F07002 		bic	r2, r2, #112
 277 0016 92B2     		uxth	r2, r2
 278              	.LVL17:
2096:Drivers/STM32F1xx_HAL_Driver/Src/stm32f1xx_ll_usb.c **** 
2097:Drivers/STM32F1xx_HAL_Driver/Src/stm32f1xx_ll_usb.c ****   /* initialize Endpoint */
2098:Drivers/STM32F1xx_HAL_Driver/Src/stm32f1xx_ll_usb.c ****   switch (ep->type)
 279              		.loc 1 2098 3 is_stmt 1 view .LVU65
 280              		.loc 1 2098 13 is_stmt 0 view .LVU66
 281 0018 C878     		ldrb	r0, [r1, #3]	@ zero_extendqisi2
 282              	.LVL18:
 283              		.loc 1 2098 3 view .LVU67
 284 001a 0328     		cmp	r0, #3
 285 001c 61D8     		bhi	.L38
 286 001e DFE800F0 		tbb	[pc, r0]
 287              	.L13:
 288 0022 55       		.byte	(.L16-.L13)/2
 289 0023 5C       		.byte	(.L15-.L13)/2
 290 0024 02       		.byte	(.L14-.L13)/2
 291 0025 58       		.byte	(.L12-.L13)/2
 292              		.p2align 1
 293              	.L14:
 294 0026 0020     		movs	r0, #0
 295              	.L11:
 296              	.LVL19:
2099:Drivers/STM32F1xx_HAL_Driver/Src/stm32f1xx_ll_usb.c ****   {
2100:Drivers/STM32F1xx_HAL_Driver/Src/stm32f1xx_ll_usb.c ****     case EP_TYPE_CTRL:
2101:Drivers/STM32F1xx_HAL_Driver/Src/stm32f1xx_ll_usb.c ****       wEpRegVal |= USB_EP_CONTROL;
2102:Drivers/STM32F1xx_HAL_Driver/Src/stm32f1xx_ll_usb.c ****       break;
2103:Drivers/STM32F1xx_HAL_Driver/Src/stm32f1xx_ll_usb.c **** 
2104:Drivers/STM32F1xx_HAL_Driver/Src/stm32f1xx_ll_usb.c ****     case EP_TYPE_BULK:
2105:Drivers/STM32F1xx_HAL_Driver/Src/stm32f1xx_ll_usb.c ****       wEpRegVal |= USB_EP_BULK;
2106:Drivers/STM32F1xx_HAL_Driver/Src/stm32f1xx_ll_usb.c ****       break;
2107:Drivers/STM32F1xx_HAL_Driver/Src/stm32f1xx_ll_usb.c **** 
2108:Drivers/STM32F1xx_HAL_Driver/Src/stm32f1xx_ll_usb.c ****     case EP_TYPE_INTR:
2109:Drivers/STM32F1xx_HAL_Driver/Src/stm32f1xx_ll_usb.c ****       wEpRegVal |= USB_EP_INTERRUPT;
2110:Drivers/STM32F1xx_HAL_Driver/Src/stm32f1xx_ll_usb.c ****       break;
2111:Drivers/STM32F1xx_HAL_Driver/Src/stm32f1xx_ll_usb.c **** 
2112:Drivers/STM32F1xx_HAL_Driver/Src/stm32f1xx_ll_usb.c ****     case EP_TYPE_ISOC:
2113:Drivers/STM32F1xx_HAL_Driver/Src/stm32f1xx_ll_usb.c ****       wEpRegVal |= USB_EP_ISOCHRONOUS;
ARM GAS  C:\Users\jc\AppData\Local\Temp\ccrYs75M.s 			page 43


2114:Drivers/STM32F1xx_HAL_Driver/Src/stm32f1xx_ll_usb.c ****       break;
2115:Drivers/STM32F1xx_HAL_Driver/Src/stm32f1xx_ll_usb.c **** 
2116:Drivers/STM32F1xx_HAL_Driver/Src/stm32f1xx_ll_usb.c ****     default:
2117:Drivers/STM32F1xx_HAL_Driver/Src/stm32f1xx_ll_usb.c ****       ret = HAL_ERROR;
2118:Drivers/STM32F1xx_HAL_Driver/Src/stm32f1xx_ll_usb.c ****       break;
2119:Drivers/STM32F1xx_HAL_Driver/Src/stm32f1xx_ll_usb.c ****   }
2120:Drivers/STM32F1xx_HAL_Driver/Src/stm32f1xx_ll_usb.c **** 
2121:Drivers/STM32F1xx_HAL_Driver/Src/stm32f1xx_ll_usb.c ****   PCD_SET_ENDPOINT(USBx, ep->num, (wEpRegVal | USB_EP_CTR_RX | USB_EP_CTR_TX));
 297              		.loc 1 2121 3 is_stmt 1 view .LVU68
 298 0028 48F2800E 		movw	lr, #32896
 299 002c 42EA0E02 		orr	r2, r2, lr
 300              	.LVL20:
 301              		.loc 1 2121 3 is_stmt 0 view .LVU69
 302 0030 23F82C20 		strh	r2, [r3, ip, lsl #2]	@ movhi
2122:Drivers/STM32F1xx_HAL_Driver/Src/stm32f1xx_ll_usb.c **** 
2123:Drivers/STM32F1xx_HAL_Driver/Src/stm32f1xx_ll_usb.c ****   PCD_SET_EP_ADDRESS(USBx, ep->num, ep->num);
 303              		.loc 1 2123 3 is_stmt 1 view .LVU70
 304              	.LBB2:
 305              		.loc 1 2123 3 view .LVU71
 306              		.loc 1 2123 3 view .LVU72
 307 0034 91F800C0 		ldrb	ip, [r1]	@ zero_extendqisi2
 308 0038 33F82C20 		ldrh	r2, [r3, ip, lsl #2]
 309 003c 92B2     		uxth	r2, r2
 310 003e 22F4E042 		bic	r2, r2, #28672
 311 0042 22F07002 		bic	r2, r2, #112
 312 0046 42EA0C02 		orr	r2, r2, ip
 313              	.LVL21:
 314              		.loc 1 2123 3 view .LVU73
 315 004a 42EA0E02 		orr	r2, r2, lr
 316              	.LVL22:
 317              		.loc 1 2123 3 is_stmt 0 view .LVU74
 318 004e 23F82C20 		strh	r2, [r3, ip, lsl #2]	@ movhi
 319              	.LBE2:
 320              		.loc 1 2123 3 is_stmt 1 view .LVU75
2124:Drivers/STM32F1xx_HAL_Driver/Src/stm32f1xx_ll_usb.c **** 
2125:Drivers/STM32F1xx_HAL_Driver/Src/stm32f1xx_ll_usb.c ****   if (ep->doublebuffer == 0U)
 321              		.loc 1 2125 3 view .LVU76
 322              		.loc 1 2125 9 is_stmt 0 view .LVU77
 323 0052 0A7B     		ldrb	r2, [r1, #12]	@ zero_extendqisi2
 324              		.loc 1 2125 6 view .LVU78
 325 0054 002A     		cmp	r2, #0
 326 0056 40F0DC80 		bne	.L17
2126:Drivers/STM32F1xx_HAL_Driver/Src/stm32f1xx_ll_usb.c ****   {
2127:Drivers/STM32F1xx_HAL_Driver/Src/stm32f1xx_ll_usb.c ****     if (ep->is_in != 0U)
 327              		.loc 1 2127 5 is_stmt 1 view .LVU79
 328              		.loc 1 2127 11 is_stmt 0 view .LVU80
 329 005a 4A78     		ldrb	r2, [r1, #1]	@ zero_extendqisi2
 330              		.loc 1 2127 8 view .LVU81
 331 005c 002A     		cmp	r2, #0
 332 005e 51D0     		beq	.L18
2128:Drivers/STM32F1xx_HAL_Driver/Src/stm32f1xx_ll_usb.c ****     {
2129:Drivers/STM32F1xx_HAL_Driver/Src/stm32f1xx_ll_usb.c ****       /*Set the endpoint Transmit buffer address */
2130:Drivers/STM32F1xx_HAL_Driver/Src/stm32f1xx_ll_usb.c ****       PCD_SET_EP_TX_ADDRESS(USBx, ep->num, ep->pmaadress);
 333              		.loc 1 2130 7 is_stmt 1 view .LVU82
 334              	.LBB3:
 335              		.loc 1 2130 7 view .LVU83
 336              		.loc 1 2130 7 view .LVU84
ARM GAS  C:\Users\jc\AppData\Local\Temp\ccrYs75M.s 			page 44


 337              	.LVL23:
 338              		.loc 1 2130 7 view .LVU85
 339 0060 B3F85020 		ldrh	r2, [r3, #80]
 340 0064 92B2     		uxth	r2, r2
 341 0066 1A44     		add	r2, r2, r3
 342              	.LVL24:
 343              		.loc 1 2130 7 view .LVU86
 344 0068 0C78     		ldrb	r4, [r1]	@ zero_extendqisi2
 345 006a 02EB0412 		add	r2, r2, r4, lsl #4
 346              	.LVL25:
 347              		.loc 1 2130 7 view .LVU87
 348 006e B1F806C0 		ldrh	ip, [r1, #6]
 349 0072 4FEA5C0C 		lsr	ip, ip, #1
 350 0076 4FEA4C0C 		lsl	ip, ip, #1
 351 007a A2F800C4 		strh	ip, [r2, #1024]	@ movhi
 352              	.LBE3:
 353              		.loc 1 2130 7 view .LVU88
2131:Drivers/STM32F1xx_HAL_Driver/Src/stm32f1xx_ll_usb.c ****       PCD_CLEAR_TX_DTOG(USBx, ep->num);
 354              		.loc 1 2131 7 view .LVU89
 355              	.LBB4:
 356              		.loc 1 2131 7 view .LVU90
 357              		.loc 1 2131 7 view .LVU91
 358 007e 0C78     		ldrb	r4, [r1]	@ zero_extendqisi2
 359 0080 33F82420 		ldrh	r2, [r3, r4, lsl #2]
 360              	.LVL26:
 361              		.loc 1 2131 7 view .LVU92
 362 0084 12F0400F 		tst	r2, #64
 363 0088 0CD0     		beq	.L19
 364              		.loc 1 2131 7 discriminator 1 view .LVU93
 365              	.LBB5:
 366              		.loc 1 2131 7 discriminator 1 view .LVU94
 367              		.loc 1 2131 7 discriminator 1 view .LVU95
 368 008a 33F82420 		ldrh	r2, [r3, r4, lsl #2]
 369              	.LVL27:
 370              		.loc 1 2131 7 is_stmt 0 discriminator 1 view .LVU96
 371 008e 92B2     		uxth	r2, r2
 372 0090 22F4E042 		bic	r2, r2, #28672
 373 0094 22F07002 		bic	r2, r2, #112
 374              	.LVL28:
 375              		.loc 1 2131 7 is_stmt 1 view .LVU97
 376              		.loc 1 2131 7 is_stmt 0 discriminator 1 view .LVU98
 377 0098 42F40042 		orr	r2, r2, #32768
 378              	.LVL29:
 379              		.loc 1 2131 7 discriminator 1 view .LVU99
 380 009c 42F0C002 		orr	r2, r2, #192
 381 00a0 23F82420 		strh	r2, [r3, r4, lsl #2]	@ movhi
 382              	.LVL30:
 383              	.L19:
 384              		.loc 1 2131 7 discriminator 1 view .LVU100
 385              	.LBE5:
 386              		.loc 1 2131 7 is_stmt 1 discriminator 3 view .LVU101
 387              	.LBE4:
 388              		.loc 1 2131 7 discriminator 3 view .LVU102
2132:Drivers/STM32F1xx_HAL_Driver/Src/stm32f1xx_ll_usb.c **** 
2133:Drivers/STM32F1xx_HAL_Driver/Src/stm32f1xx_ll_usb.c ****       if (ep->type != EP_TYPE_ISOC)
 389              		.loc 1 2133 7 view .LVU103
 390              		.loc 1 2133 13 is_stmt 0 view .LVU104
ARM GAS  C:\Users\jc\AppData\Local\Temp\ccrYs75M.s 			page 45


 391 00a4 CA78     		ldrb	r2, [r1, #3]	@ zero_extendqisi2
 392              		.loc 1 2133 10 view .LVU105
 393 00a6 012A     		cmp	r2, #1
 394 00a8 1DD0     		beq	.L20
2134:Drivers/STM32F1xx_HAL_Driver/Src/stm32f1xx_ll_usb.c ****       {
2135:Drivers/STM32F1xx_HAL_Driver/Src/stm32f1xx_ll_usb.c ****         /* Configure NAK status for the Endpoint */
2136:Drivers/STM32F1xx_HAL_Driver/Src/stm32f1xx_ll_usb.c ****         PCD_SET_EP_TX_STATUS(USBx, ep->num, USB_EP_TX_NAK);
 395              		.loc 1 2136 9 is_stmt 1 view .LVU106
 396              	.LBB6:
 397              		.loc 1 2136 9 view .LVU107
 398              		.loc 1 2136 9 view .LVU108
 399 00aa 0978     		ldrb	r1, [r1]	@ zero_extendqisi2
 400              	.LVL31:
 401              		.loc 1 2136 9 is_stmt 0 view .LVU109
 402 00ac 33F82120 		ldrh	r2, [r3, r1, lsl #2]
 403 00b0 92B2     		uxth	r2, r2
 404 00b2 22F4E042 		bic	r2, r2, #28672
 405 00b6 22F04002 		bic	r2, r2, #64
 406              	.LVL32:
 407              		.loc 1 2136 9 is_stmt 1 view .LVU110
 408              		.loc 1 2136 9 discriminator 3 view .LVU111
 409              		.loc 1 2136 9 discriminator 4 view .LVU112
 410 00ba 82F02002 		eor	r2, r2, #32
 411              	.LVL33:
 412              		.loc 1 2136 9 discriminator 6 view .LVU113
 413 00be 42F40042 		orr	r2, r2, #32768
 414              	.LVL34:
 415              		.loc 1 2136 9 is_stmt 0 discriminator 6 view .LVU114
 416 00c2 42F08002 		orr	r2, r2, #128
 417 00c6 23F82120 		strh	r2, [r3, r1, lsl #2]	@ movhi
 418              	.LBE6:
 419              		.loc 1 2136 9 is_stmt 1 view .LVU115
 420 00ca 17E1     		b	.L21
 421              	.LVL35:
 422              	.L16:
2101:Drivers/STM32F1xx_HAL_Driver/Src/stm32f1xx_ll_usb.c ****       break;
 423              		.loc 1 2101 7 view .LVU116
2101:Drivers/STM32F1xx_HAL_Driver/Src/stm32f1xx_ll_usb.c ****       break;
 424              		.loc 1 2101 17 is_stmt 0 view .LVU117
 425 00cc 42F40072 		orr	r2, r2, #512
 426              	.LVL36:
2102:Drivers/STM32F1xx_HAL_Driver/Src/stm32f1xx_ll_usb.c **** 
 427              		.loc 1 2102 7 is_stmt 1 view .LVU118
 428 00d0 AAE7     		b	.L11
 429              	.L12:
2109:Drivers/STM32F1xx_HAL_Driver/Src/stm32f1xx_ll_usb.c ****       break;
 430              		.loc 1 2109 7 view .LVU119
2109:Drivers/STM32F1xx_HAL_Driver/Src/stm32f1xx_ll_usb.c ****       break;
 431              		.loc 1 2109 17 is_stmt 0 view .LVU120
 432 00d2 42F4C062 		orr	r2, r2, #1536
 433              	.LVL37:
2110:Drivers/STM32F1xx_HAL_Driver/Src/stm32f1xx_ll_usb.c **** 
 434              		.loc 1 2110 7 is_stmt 1 view .LVU121
2092:Drivers/STM32F1xx_HAL_Driver/Src/stm32f1xx_ll_usb.c ****   uint16_t wEpRegVal;
 435              		.loc 1 2092 21 is_stmt 0 view .LVU122
 436 00d6 0020     		movs	r0, #0
2110:Drivers/STM32F1xx_HAL_Driver/Src/stm32f1xx_ll_usb.c **** 
ARM GAS  C:\Users\jc\AppData\Local\Temp\ccrYs75M.s 			page 46


 437              		.loc 1 2110 7 view .LVU123
 438 00d8 A6E7     		b	.L11
 439              	.L15:
2113:Drivers/STM32F1xx_HAL_Driver/Src/stm32f1xx_ll_usb.c ****       break;
 440              		.loc 1 2113 7 is_stmt 1 view .LVU124
2113:Drivers/STM32F1xx_HAL_Driver/Src/stm32f1xx_ll_usb.c ****       break;
 441              		.loc 1 2113 17 is_stmt 0 view .LVU125
 442 00da 42F48062 		orr	r2, r2, #1024
 443              	.LVL38:
2114:Drivers/STM32F1xx_HAL_Driver/Src/stm32f1xx_ll_usb.c **** 
 444              		.loc 1 2114 7 is_stmt 1 view .LVU126
2092:Drivers/STM32F1xx_HAL_Driver/Src/stm32f1xx_ll_usb.c ****   uint16_t wEpRegVal;
 445              		.loc 1 2092 21 is_stmt 0 view .LVU127
 446 00de 0020     		movs	r0, #0
2114:Drivers/STM32F1xx_HAL_Driver/Src/stm32f1xx_ll_usb.c **** 
 447              		.loc 1 2114 7 view .LVU128
 448 00e0 A2E7     		b	.L11
 449              	.L38:
2117:Drivers/STM32F1xx_HAL_Driver/Src/stm32f1xx_ll_usb.c ****       break;
 450              		.loc 1 2117 11 view .LVU129
 451 00e2 0120     		movs	r0, #1
 452 00e4 A0E7     		b	.L11
 453              	.LVL39:
 454              	.L20:
2137:Drivers/STM32F1xx_HAL_Driver/Src/stm32f1xx_ll_usb.c ****       }
2138:Drivers/STM32F1xx_HAL_Driver/Src/stm32f1xx_ll_usb.c ****       else
2139:Drivers/STM32F1xx_HAL_Driver/Src/stm32f1xx_ll_usb.c ****       {
2140:Drivers/STM32F1xx_HAL_Driver/Src/stm32f1xx_ll_usb.c ****         /* Configure TX Endpoint to disabled state */
2141:Drivers/STM32F1xx_HAL_Driver/Src/stm32f1xx_ll_usb.c ****         PCD_SET_EP_TX_STATUS(USBx, ep->num, USB_EP_TX_DIS);
 455              		.loc 1 2141 9 is_stmt 1 view .LVU130
 456              	.LBB7:
 457              		.loc 1 2141 9 view .LVU131
 458              		.loc 1 2141 9 view .LVU132
 459 00e6 0978     		ldrb	r1, [r1]	@ zero_extendqisi2
 460              	.LVL40:
 461              		.loc 1 2141 9 is_stmt 0 view .LVU133
 462 00e8 33F82120 		ldrh	r2, [r3, r1, lsl #2]
 463 00ec 92B2     		uxth	r2, r2
 464 00ee 22F4E042 		bic	r2, r2, #28672
 465 00f2 22F04002 		bic	r2, r2, #64
 466              	.LVL41:
 467              		.loc 1 2141 9 is_stmt 1 view .LVU134
 468              		.loc 1 2141 9 discriminator 3 view .LVU135
 469              		.loc 1 2141 9 discriminator 6 view .LVU136
 470 00f6 42F40042 		orr	r2, r2, #32768
 471              	.LVL42:
 472              		.loc 1 2141 9 is_stmt 0 discriminator 6 view .LVU137
 473 00fa 42F08002 		orr	r2, r2, #128
 474 00fe 23F82120 		strh	r2, [r3, r1, lsl #2]	@ movhi
 475 0102 FBE0     		b	.L21
 476              	.LVL43:
 477              	.L18:
 478              		.loc 1 2141 9 discriminator 6 view .LVU138
 479              	.LBE7:
2142:Drivers/STM32F1xx_HAL_Driver/Src/stm32f1xx_ll_usb.c ****       }
2143:Drivers/STM32F1xx_HAL_Driver/Src/stm32f1xx_ll_usb.c ****     }
2144:Drivers/STM32F1xx_HAL_Driver/Src/stm32f1xx_ll_usb.c ****     else
ARM GAS  C:\Users\jc\AppData\Local\Temp\ccrYs75M.s 			page 47


2145:Drivers/STM32F1xx_HAL_Driver/Src/stm32f1xx_ll_usb.c ****     {
2146:Drivers/STM32F1xx_HAL_Driver/Src/stm32f1xx_ll_usb.c ****       /* Set the endpoint Receive buffer address */
2147:Drivers/STM32F1xx_HAL_Driver/Src/stm32f1xx_ll_usb.c ****       PCD_SET_EP_RX_ADDRESS(USBx, ep->num, ep->pmaadress);
 480              		.loc 1 2147 7 is_stmt 1 view .LVU139
 481              	.LBB8:
 482              		.loc 1 2147 7 view .LVU140
 483              		.loc 1 2147 7 view .LVU141
 484              		.loc 1 2147 7 view .LVU142
 485 0104 B3F85020 		ldrh	r2, [r3, #80]
 486 0108 92B2     		uxth	r2, r2
 487 010a 1A44     		add	r2, r2, r3
 488              	.LVL44:
 489              		.loc 1 2147 7 view .LVU143
 490 010c 0C78     		ldrb	r4, [r1]	@ zero_extendqisi2
 491 010e 02EB0412 		add	r2, r2, r4, lsl #4
 492              	.LVL45:
 493              		.loc 1 2147 7 view .LVU144
 494 0112 B1F806C0 		ldrh	ip, [r1, #6]
 495 0116 4FEA5C0C 		lsr	ip, ip, #1
 496 011a 4FEA4C0C 		lsl	ip, ip, #1
 497 011e A2F808C4 		strh	ip, [r2, #1032]	@ movhi
 498              	.LBE8:
 499              		.loc 1 2147 7 view .LVU145
2148:Drivers/STM32F1xx_HAL_Driver/Src/stm32f1xx_ll_usb.c **** 
2149:Drivers/STM32F1xx_HAL_Driver/Src/stm32f1xx_ll_usb.c ****       /* Set the endpoint Receive buffer counter */
2150:Drivers/STM32F1xx_HAL_Driver/Src/stm32f1xx_ll_usb.c ****       PCD_SET_EP_RX_CNT(USBx, ep->num, ep->maxpacket);
 500              		.loc 1 2150 7 view .LVU146
 501              	.LBB9:
 502              		.loc 1 2150 7 view .LVU147
 503              	.LVL46:
 504              		.loc 1 2150 7 view .LVU148
 505              		.loc 1 2150 7 view .LVU149
 506 0122 B3F85020 		ldrh	r2, [r3, #80]
 507              	.LVL47:
 508              		.loc 1 2150 7 is_stmt 0 view .LVU150
 509 0126 92B2     		uxth	r2, r2
 510 0128 1A44     		add	r2, r2, r3
 511              	.LVL48:
 512              		.loc 1 2150 7 is_stmt 1 view .LVU151
 513 012a 0C78     		ldrb	r4, [r1]	@ zero_extendqisi2
 514              		.loc 1 2150 7 is_stmt 0 view .LVU152
 515 012c 02EB0412 		add	r2, r2, r4, lsl #4
 516              	.LVL49:
 517              		.loc 1 2150 7 is_stmt 1 view .LVU153
 518              	.LBB10:
 519              		.loc 1 2150 7 view .LVU154
 520              		.loc 1 2150 7 view .LVU155
 521 0130 B2F80CC4 		ldrh	ip, [r2, #1036]
 522 0134 CCF3090C 		ubfx	ip, ip, #0, #10
 523 0138 A2F80CC4 		strh	ip, [r2, #1036]	@ movhi
 524              		.loc 1 2150 7 view .LVU156
 525 013c 0C69     		ldr	r4, [r1, #16]
 526 013e 3E2C     		cmp	r4, #62
 527 0140 39D9     		bls	.L22
 528              		.loc 1 2150 7 discriminator 1 view .LVU157
 529              		.loc 1 2150 7 discriminator 1 view .LVU158
 530 0142 4FEA541E 		lsr	lr, r4, #5
ARM GAS  C:\Users\jc\AppData\Local\Temp\ccrYs75M.s 			page 48


 531              	.LVL50:
 532              		.loc 1 2150 7 view .LVU159
 533              		.loc 1 2150 7 is_stmt 0 discriminator 1 view .LVU160
 534 0146 14F01F0F 		tst	r4, #31
 535 014a 01D1     		bne	.L23
 536              		.loc 1 2150 7 is_stmt 1 discriminator 3 view .LVU161
 537 014c 0EF1FF3E 		add	lr, lr, #-1
 538              	.LVL51:
 539              	.L23:
 540              		.loc 1 2150 7 discriminator 5 view .LVU162
 541 0150 B2F80CC4 		ldrh	ip, [r2, #1036]
 542 0154 1FFA8CFC 		uxth	ip, ip
 543 0158 4FEA8E2E 		lsl	lr, lr, #10
 544              	.LVL52:
 545              		.loc 1 2150 7 is_stmt 0 discriminator 5 view .LVU163
 546 015c 1FFA8EFE 		uxth	lr, lr
 547 0160 4CEA0E0C 		orr	ip, ip, lr
 548 0164 4CF4004C 		orr	ip, ip, #32768
 549 0168 A2F80CC4 		strh	ip, [r2, #1036]	@ movhi
 550              		.loc 1 2150 7 is_stmt 1 view .LVU164
 551              	.LVL53:
 552              	.L24:
 553              		.loc 1 2150 7 discriminator 13 view .LVU165
 554              	.LBE10:
 555              		.loc 1 2150 7 discriminator 13 view .LVU166
 556              	.LBE9:
 557              		.loc 1 2150 7 discriminator 13 view .LVU167
2151:Drivers/STM32F1xx_HAL_Driver/Src/stm32f1xx_ll_usb.c ****       PCD_CLEAR_RX_DTOG(USBx, ep->num);
 558              		.loc 1 2151 7 view .LVU168
 559              	.LBB12:
 560              		.loc 1 2151 7 view .LVU169
 561              		.loc 1 2151 7 view .LVU170
 562 016c 0C78     		ldrb	r4, [r1]	@ zero_extendqisi2
 563 016e 33F82420 		ldrh	r2, [r3, r4, lsl #2]
 564              	.LVL54:
 565              		.loc 1 2151 7 view .LVU171
 566 0172 12F4804F 		tst	r2, #16384
 567 0176 0CD0     		beq	.L27
 568              		.loc 1 2151 7 discriminator 1 view .LVU172
 569              	.LBB13:
 570              		.loc 1 2151 7 discriminator 1 view .LVU173
 571              		.loc 1 2151 7 discriminator 1 view .LVU174
 572 0178 33F82420 		ldrh	r2, [r3, r4, lsl #2]
 573              	.LVL55:
 574              		.loc 1 2151 7 is_stmt 0 discriminator 1 view .LVU175
 575 017c 92B2     		uxth	r2, r2
 576 017e 22F4E042 		bic	r2, r2, #28672
 577 0182 22F07002 		bic	r2, r2, #112
 578              	.LVL56:
 579              		.loc 1 2151 7 is_stmt 1 view .LVU176
 580              		.loc 1 2151 7 is_stmt 0 discriminator 1 view .LVU177
 581 0186 42F44042 		orr	r2, r2, #49152
 582              	.LVL57:
 583              		.loc 1 2151 7 discriminator 1 view .LVU178
 584 018a 42F08002 		orr	r2, r2, #128
 585 018e 23F82420 		strh	r2, [r3, r4, lsl #2]	@ movhi
 586              	.LVL58:
ARM GAS  C:\Users\jc\AppData\Local\Temp\ccrYs75M.s 			page 49


 587              	.L27:
 588              		.loc 1 2151 7 discriminator 1 view .LVU179
 589              	.LBE13:
 590              		.loc 1 2151 7 is_stmt 1 discriminator 3 view .LVU180
 591              	.LBE12:
 592              		.loc 1 2151 7 discriminator 3 view .LVU181
2152:Drivers/STM32F1xx_HAL_Driver/Src/stm32f1xx_ll_usb.c **** 
2153:Drivers/STM32F1xx_HAL_Driver/Src/stm32f1xx_ll_usb.c ****       if (ep->num == 0U)
 593              		.loc 1 2153 7 view .LVU182
 594              		.loc 1 2153 13 is_stmt 0 view .LVU183
 595 0192 0978     		ldrb	r1, [r1]	@ zero_extendqisi2
 596              	.LVL59:
 597              		.loc 1 2153 10 view .LVU184
 598 0194 69BB     		cbnz	r1, .L28
2154:Drivers/STM32F1xx_HAL_Driver/Src/stm32f1xx_ll_usb.c ****       {
2155:Drivers/STM32F1xx_HAL_Driver/Src/stm32f1xx_ll_usb.c ****         /* Configure VALID status for EP0 */
2156:Drivers/STM32F1xx_HAL_Driver/Src/stm32f1xx_ll_usb.c ****         PCD_SET_EP_RX_STATUS(USBx, ep->num, USB_EP_RX_VALID);
 599              		.loc 1 2156 9 is_stmt 1 view .LVU185
 600              	.LBB14:
 601              		.loc 1 2156 9 view .LVU186
 602              		.loc 1 2156 9 view .LVU187
 603 0196 33F82120 		ldrh	r2, [r3, r1, lsl #2]
 604 019a 92B2     		uxth	r2, r2
 605 019c 22F48042 		bic	r2, r2, #16384
 606 01a0 22F07002 		bic	r2, r2, #112
 607              	.LVL60:
 608              		.loc 1 2156 9 view .LVU188
 609              		.loc 1 2156 9 discriminator 1 view .LVU189
 610              		.loc 1 2156 9 discriminator 3 view .LVU190
 611              		.loc 1 2156 9 discriminator 4 view .LVU191
 612 01a4 82F44052 		eor	r2, r2, #12288
 613              	.LVL61:
 614              		.loc 1 2156 9 discriminator 6 view .LVU192
 615 01a8 42F40042 		orr	r2, r2, #32768
 616              	.LVL62:
 617              		.loc 1 2156 9 is_stmt 0 discriminator 6 view .LVU193
 618 01ac 42F08002 		orr	r2, r2, #128
 619 01b0 23F82120 		strh	r2, [r3, r1, lsl #2]	@ movhi
 620              	.LBE14:
 621              		.loc 1 2156 9 is_stmt 1 view .LVU194
 622 01b4 A2E0     		b	.L21
 623              	.LVL63:
 624              	.L22:
 625              	.LBB15:
 626              	.LBB11:
2150:Drivers/STM32F1xx_HAL_Driver/Src/stm32f1xx_ll_usb.c ****       PCD_CLEAR_RX_DTOG(USBx, ep->num);
 627              		.loc 1 2150 7 discriminator 2 view .LVU195
 628 01b6 4CB9     		cbnz	r4, .L25
2150:Drivers/STM32F1xx_HAL_Driver/Src/stm32f1xx_ll_usb.c ****       PCD_CLEAR_RX_DTOG(USBx, ep->num);
 629              		.loc 1 2150 7 discriminator 7 view .LVU196
 630 01b8 B2F80C44 		ldrh	r4, [r2, #1036]
 631 01bc 6FEA4444 		mvn	r4, r4, lsl #17
 632 01c0 6FEA5444 		mvn	r4, r4, lsr #17
 633 01c4 A4B2     		uxth	r4, r4
 634 01c6 A2F80C44 		strh	r4, [r2, #1036]	@ movhi
 635 01ca CFE7     		b	.L24
 636              	.L25:
ARM GAS  C:\Users\jc\AppData\Local\Temp\ccrYs75M.s 			page 50


2150:Drivers/STM32F1xx_HAL_Driver/Src/stm32f1xx_ll_usb.c ****       PCD_CLEAR_RX_DTOG(USBx, ep->num);
 637              		.loc 1 2150 7 discriminator 8 view .LVU197
2150:Drivers/STM32F1xx_HAL_Driver/Src/stm32f1xx_ll_usb.c ****       PCD_CLEAR_RX_DTOG(USBx, ep->num);
 638              		.loc 1 2150 7 discriminator 8 view .LVU198
 639 01cc 4FEA540C 		lsr	ip, r4, #1
 640              	.LVL64:
2150:Drivers/STM32F1xx_HAL_Driver/Src/stm32f1xx_ll_usb.c ****       PCD_CLEAR_RX_DTOG(USBx, ep->num);
 641              		.loc 1 2150 7 view .LVU199
2150:Drivers/STM32F1xx_HAL_Driver/Src/stm32f1xx_ll_usb.c ****       PCD_CLEAR_RX_DTOG(USBx, ep->num);
 642              		.loc 1 2150 7 is_stmt 0 discriminator 8 view .LVU200
 643 01d0 14F0010F 		tst	r4, #1
 644 01d4 01D0     		beq	.L26
2150:Drivers/STM32F1xx_HAL_Driver/Src/stm32f1xx_ll_usb.c ****       PCD_CLEAR_RX_DTOG(USBx, ep->num);
 645              		.loc 1 2150 7 is_stmt 1 discriminator 10 view .LVU201
 646 01d6 0CF1010C 		add	ip, ip, #1
 647              	.LVL65:
 648              	.L26:
2150:Drivers/STM32F1xx_HAL_Driver/Src/stm32f1xx_ll_usb.c ****       PCD_CLEAR_RX_DTOG(USBx, ep->num);
 649              		.loc 1 2150 7 discriminator 12 view .LVU202
 650 01da B2F80C44 		ldrh	r4, [r2, #1036]
 651 01de A4B2     		uxth	r4, r4
 652 01e0 4FEA8C2C 		lsl	ip, ip, #10
 653              	.LVL66:
2150:Drivers/STM32F1xx_HAL_Driver/Src/stm32f1xx_ll_usb.c ****       PCD_CLEAR_RX_DTOG(USBx, ep->num);
 654              		.loc 1 2150 7 is_stmt 0 discriminator 12 view .LVU203
 655 01e4 1FFA8CFC 		uxth	ip, ip
 656 01e8 44EA0C04 		orr	r4, r4, ip
 657 01ec A2F80C44 		strh	r4, [r2, #1036]	@ movhi
 658 01f0 BCE7     		b	.L24
 659              	.LVL67:
 660              	.L28:
2150:Drivers/STM32F1xx_HAL_Driver/Src/stm32f1xx_ll_usb.c ****       PCD_CLEAR_RX_DTOG(USBx, ep->num);
 661              		.loc 1 2150 7 discriminator 12 view .LVU204
 662              	.LBE11:
 663              	.LBE15:
2157:Drivers/STM32F1xx_HAL_Driver/Src/stm32f1xx_ll_usb.c ****       }
2158:Drivers/STM32F1xx_HAL_Driver/Src/stm32f1xx_ll_usb.c ****       else
2159:Drivers/STM32F1xx_HAL_Driver/Src/stm32f1xx_ll_usb.c ****       {
2160:Drivers/STM32F1xx_HAL_Driver/Src/stm32f1xx_ll_usb.c ****         /* Configure NAK status for OUT Endpoint */
2161:Drivers/STM32F1xx_HAL_Driver/Src/stm32f1xx_ll_usb.c ****         PCD_SET_EP_RX_STATUS(USBx, ep->num, USB_EP_RX_NAK);
 664              		.loc 1 2161 9 is_stmt 1 view .LVU205
 665              	.LBB16:
 666              		.loc 1 2161 9 view .LVU206
 667              		.loc 1 2161 9 view .LVU207
 668 01f2 33F82120 		ldrh	r2, [r3, r1, lsl #2]
 669 01f6 92B2     		uxth	r2, r2
 670 01f8 22F48042 		bic	r2, r2, #16384
 671 01fc 22F07002 		bic	r2, r2, #112
 672              	.LVL68:
 673              		.loc 1 2161 9 view .LVU208
 674              		.loc 1 2161 9 discriminator 3 view .LVU209
 675              		.loc 1 2161 9 discriminator 4 view .LVU210
 676 0200 82F40052 		eor	r2, r2, #8192
 677              	.LVL69:
 678              		.loc 1 2161 9 discriminator 6 view .LVU211
 679 0204 42F40042 		orr	r2, r2, #32768
 680              	.LVL70:
ARM GAS  C:\Users\jc\AppData\Local\Temp\ccrYs75M.s 			page 51


 681              		.loc 1 2161 9 is_stmt 0 discriminator 6 view .LVU212
 682 0208 42F08002 		orr	r2, r2, #128
 683 020c 23F82120 		strh	r2, [r3, r1, lsl #2]	@ movhi
 684 0210 74E0     		b	.L21
 685              	.LVL71:
 686              	.L17:
 687              		.loc 1 2161 9 discriminator 6 view .LVU213
 688              	.LBE16:
2162:Drivers/STM32F1xx_HAL_Driver/Src/stm32f1xx_ll_usb.c ****       }
2163:Drivers/STM32F1xx_HAL_Driver/Src/stm32f1xx_ll_usb.c ****     }
2164:Drivers/STM32F1xx_HAL_Driver/Src/stm32f1xx_ll_usb.c ****   }
2165:Drivers/STM32F1xx_HAL_Driver/Src/stm32f1xx_ll_usb.c **** #if (USE_USB_DOUBLE_BUFFER == 1U)
2166:Drivers/STM32F1xx_HAL_Driver/Src/stm32f1xx_ll_usb.c ****   /* Double Buffer */
2167:Drivers/STM32F1xx_HAL_Driver/Src/stm32f1xx_ll_usb.c ****   else
2168:Drivers/STM32F1xx_HAL_Driver/Src/stm32f1xx_ll_usb.c ****   {
2169:Drivers/STM32F1xx_HAL_Driver/Src/stm32f1xx_ll_usb.c ****     if (ep->type == EP_TYPE_BULK)
 689              		.loc 1 2169 5 is_stmt 1 view .LVU214
 690              		.loc 1 2169 11 is_stmt 0 view .LVU215
 691 0212 CA78     		ldrb	r2, [r1, #3]	@ zero_extendqisi2
 692              		.loc 1 2169 8 view .LVU216
 693 0214 022A     		cmp	r2, #2
 694 0216 72D0     		beq	.L40
2170:Drivers/STM32F1xx_HAL_Driver/Src/stm32f1xx_ll_usb.c ****     {
2171:Drivers/STM32F1xx_HAL_Driver/Src/stm32f1xx_ll_usb.c ****       /* Set bulk endpoint as double buffered */
2172:Drivers/STM32F1xx_HAL_Driver/Src/stm32f1xx_ll_usb.c ****       PCD_SET_BULK_EP_DBUF(USBx, ep->num);
2173:Drivers/STM32F1xx_HAL_Driver/Src/stm32f1xx_ll_usb.c ****     }
2174:Drivers/STM32F1xx_HAL_Driver/Src/stm32f1xx_ll_usb.c ****     else
2175:Drivers/STM32F1xx_HAL_Driver/Src/stm32f1xx_ll_usb.c ****     {
2176:Drivers/STM32F1xx_HAL_Driver/Src/stm32f1xx_ll_usb.c ****       /* Set the ISOC endpoint in double buffer mode */
2177:Drivers/STM32F1xx_HAL_Driver/Src/stm32f1xx_ll_usb.c ****       PCD_CLEAR_EP_KIND(USBx, ep->num);
 695              		.loc 1 2177 7 is_stmt 1 view .LVU217
 696              	.LBB17:
 697              		.loc 1 2177 7 view .LVU218
 698              		.loc 1 2177 7 view .LVU219
 699 0218 0C78     		ldrb	r4, [r1]	@ zero_extendqisi2
 700 021a 33F82420 		ldrh	r2, [r3, r4, lsl #2]
 701 021e 92B2     		uxth	r2, r2
 702 0220 22F4E242 		bic	r2, r2, #28928
 703 0224 22F07002 		bic	r2, r2, #112
 704              	.LVL72:
 705              		.loc 1 2177 7 view .LVU220
 706 0228 42F40042 		orr	r2, r2, #32768
 707              	.LVL73:
 708              		.loc 1 2177 7 is_stmt 0 view .LVU221
 709 022c 42F08002 		orr	r2, r2, #128
 710 0230 23F82420 		strh	r2, [r3, r4, lsl #2]	@ movhi
 711              	.LVL74:
 712              	.L30:
 713              		.loc 1 2177 7 view .LVU222
 714              	.LBE17:
 715              		.loc 1 2177 7 is_stmt 1 discriminator 1 view .LVU223
2178:Drivers/STM32F1xx_HAL_Driver/Src/stm32f1xx_ll_usb.c ****     }
2179:Drivers/STM32F1xx_HAL_Driver/Src/stm32f1xx_ll_usb.c **** 
2180:Drivers/STM32F1xx_HAL_Driver/Src/stm32f1xx_ll_usb.c ****     /* Set buffer address for double buffered mode */
2181:Drivers/STM32F1xx_HAL_Driver/Src/stm32f1xx_ll_usb.c ****     PCD_SET_EP_DBUF_ADDR(USBx, ep->num, ep->pmaaddr0, ep->pmaaddr1);
 716              		.loc 1 2181 5 view .LVU224
 717              		.loc 1 2181 5 view .LVU225
ARM GAS  C:\Users\jc\AppData\Local\Temp\ccrYs75M.s 			page 52


 718              		.loc 1 2181 5 view .LVU226
 719              	.LBB18:
 720              		.loc 1 2181 5 view .LVU227
 721              		.loc 1 2181 5 view .LVU228
 722              		.loc 1 2181 5 view .LVU229
 723 0234 B3F85020 		ldrh	r2, [r3, #80]
 724 0238 92B2     		uxth	r2, r2
 725 023a 1A44     		add	r2, r2, r3
 726              	.LVL75:
 727              		.loc 1 2181 5 view .LVU230
 728 023c 91F800C0 		ldrb	ip, [r1]	@ zero_extendqisi2
 729 0240 02EB0C12 		add	r2, r2, ip, lsl #4
 730              	.LVL76:
 731              		.loc 1 2181 5 view .LVU231
 732 0244 B1F808C0 		ldrh	ip, [r1, #8]
 733 0248 4FEA5C0C 		lsr	ip, ip, #1
 734 024c 4FEA4C0C 		lsl	ip, ip, #1
 735 0250 A2F800C4 		strh	ip, [r2, #1024]	@ movhi
 736              	.LBE18:
 737              		.loc 1 2181 5 view .LVU232
 738              		.loc 1 2181 5 view .LVU233
 739              		.loc 1 2181 5 view .LVU234
 740              		.loc 1 2181 5 view .LVU235
 741              	.LBB19:
 742              		.loc 1 2181 5 view .LVU236
 743              		.loc 1 2181 5 view .LVU237
 744              	.LVL77:
 745              		.loc 1 2181 5 view .LVU238
 746 0254 B3F85020 		ldrh	r2, [r3, #80]
 747              	.LVL78:
 748              		.loc 1 2181 5 is_stmt 0 view .LVU239
 749 0258 92B2     		uxth	r2, r2
 750 025a 1A44     		add	r2, r2, r3
 751              	.LVL79:
 752              		.loc 1 2181 5 is_stmt 1 view .LVU240
 753 025c 91F800C0 		ldrb	ip, [r1]	@ zero_extendqisi2
 754 0260 02EB0C12 		add	r2, r2, ip, lsl #4
 755              	.LVL80:
 756              		.loc 1 2181 5 view .LVU241
 757 0264 B1F80AC0 		ldrh	ip, [r1, #10]
 758 0268 4FEA5C0C 		lsr	ip, ip, #1
 759 026c 4FEA4C0C 		lsl	ip, ip, #1
 760 0270 A2F808C4 		strh	ip, [r2, #1032]	@ movhi
 761              	.LBE19:
 762              		.loc 1 2181 5 view .LVU242
 763              		.loc 1 2181 5 view .LVU243
 764              		.loc 1 2181 5 view .LVU244
2182:Drivers/STM32F1xx_HAL_Driver/Src/stm32f1xx_ll_usb.c **** 
2183:Drivers/STM32F1xx_HAL_Driver/Src/stm32f1xx_ll_usb.c ****     if (ep->is_in == 0U)
 765              		.loc 1 2183 5 view .LVU245
 766              		.loc 1 2183 11 is_stmt 0 view .LVU246
 767 0274 4A78     		ldrb	r2, [r1, #1]	@ zero_extendqisi2
 768              	.LVL81:
 769              		.loc 1 2183 8 view .LVU247
 770 0276 002A     		cmp	r2, #0
 771 0278 50D1     		bne	.L31
2184:Drivers/STM32F1xx_HAL_Driver/Src/stm32f1xx_ll_usb.c ****     {
ARM GAS  C:\Users\jc\AppData\Local\Temp\ccrYs75M.s 			page 53


2185:Drivers/STM32F1xx_HAL_Driver/Src/stm32f1xx_ll_usb.c ****       /* Clear the data toggle bits for the endpoint IN/OUT */
2186:Drivers/STM32F1xx_HAL_Driver/Src/stm32f1xx_ll_usb.c ****       PCD_CLEAR_RX_DTOG(USBx, ep->num);
 772              		.loc 1 2186 7 is_stmt 1 view .LVU248
 773              	.LBB20:
 774              		.loc 1 2186 7 view .LVU249
 775              		.loc 1 2186 7 view .LVU250
 776 027a 0C78     		ldrb	r4, [r1]	@ zero_extendqisi2
 777 027c 33F82420 		ldrh	r2, [r3, r4, lsl #2]
 778              	.LVL82:
 779              		.loc 1 2186 7 view .LVU251
 780 0280 12F4804F 		tst	r2, #16384
 781 0284 0CD0     		beq	.L32
 782              		.loc 1 2186 7 discriminator 1 view .LVU252
 783              	.LBB21:
 784              		.loc 1 2186 7 discriminator 1 view .LVU253
 785              		.loc 1 2186 7 discriminator 1 view .LVU254
 786 0286 33F82420 		ldrh	r2, [r3, r4, lsl #2]
 787              	.LVL83:
 788              		.loc 1 2186 7 is_stmt 0 discriminator 1 view .LVU255
 789 028a 92B2     		uxth	r2, r2
 790 028c 22F4E042 		bic	r2, r2, #28672
 791 0290 22F07002 		bic	r2, r2, #112
 792              	.LVL84:
 793              		.loc 1 2186 7 is_stmt 1 view .LVU256
 794              		.loc 1 2186 7 is_stmt 0 discriminator 1 view .LVU257
 795 0294 42F44042 		orr	r2, r2, #49152
 796              	.LVL85:
 797              		.loc 1 2186 7 discriminator 1 view .LVU258
 798 0298 42F08002 		orr	r2, r2, #128
 799 029c 23F82420 		strh	r2, [r3, r4, lsl #2]	@ movhi
 800              	.LVL86:
 801              	.L32:
 802              		.loc 1 2186 7 discriminator 1 view .LVU259
 803              	.LBE21:
 804              		.loc 1 2186 7 is_stmt 1 discriminator 3 view .LVU260
 805              	.LBE20:
 806              		.loc 1 2186 7 discriminator 3 view .LVU261
2187:Drivers/STM32F1xx_HAL_Driver/Src/stm32f1xx_ll_usb.c ****       PCD_CLEAR_TX_DTOG(USBx, ep->num);
 807              		.loc 1 2187 7 view .LVU262
 808              	.LBB22:
 809              		.loc 1 2187 7 view .LVU263
 810              		.loc 1 2187 7 view .LVU264
 811 02a0 0C78     		ldrb	r4, [r1]	@ zero_extendqisi2
 812 02a2 33F82420 		ldrh	r2, [r3, r4, lsl #2]
 813              	.LVL87:
 814              		.loc 1 2187 7 view .LVU265
 815 02a6 12F0400F 		tst	r2, #64
 816 02aa 0CD0     		beq	.L33
 817              		.loc 1 2187 7 discriminator 1 view .LVU266
 818              	.LBB23:
 819              		.loc 1 2187 7 discriminator 1 view .LVU267
 820              		.loc 1 2187 7 discriminator 1 view .LVU268
 821 02ac 33F82420 		ldrh	r2, [r3, r4, lsl #2]
 822              	.LVL88:
 823              		.loc 1 2187 7 is_stmt 0 discriminator 1 view .LVU269
 824 02b0 92B2     		uxth	r2, r2
 825 02b2 22F4E042 		bic	r2, r2, #28672
ARM GAS  C:\Users\jc\AppData\Local\Temp\ccrYs75M.s 			page 54


 826 02b6 22F07002 		bic	r2, r2, #112
 827              	.LVL89:
 828              		.loc 1 2187 7 is_stmt 1 view .LVU270
 829              		.loc 1 2187 7 is_stmt 0 discriminator 1 view .LVU271
 830 02ba 42F40042 		orr	r2, r2, #32768
 831              	.LVL90:
 832              		.loc 1 2187 7 discriminator 1 view .LVU272
 833 02be 42F0C002 		orr	r2, r2, #192
 834 02c2 23F82420 		strh	r2, [r3, r4, lsl #2]	@ movhi
 835              	.LVL91:
 836              	.L33:
 837              		.loc 1 2187 7 discriminator 1 view .LVU273
 838              	.LBE23:
 839              		.loc 1 2187 7 is_stmt 1 discriminator 3 view .LVU274
 840              	.LBE22:
 841              		.loc 1 2187 7 discriminator 3 view .LVU275
2188:Drivers/STM32F1xx_HAL_Driver/Src/stm32f1xx_ll_usb.c **** 
2189:Drivers/STM32F1xx_HAL_Driver/Src/stm32f1xx_ll_usb.c ****       PCD_SET_EP_RX_STATUS(USBx, ep->num, USB_EP_RX_VALID);
 842              		.loc 1 2189 7 view .LVU276
 843              	.LBB24:
 844              		.loc 1 2189 7 view .LVU277
 845              		.loc 1 2189 7 view .LVU278
 846 02c6 91F800C0 		ldrb	ip, [r1]	@ zero_extendqisi2
 847 02ca 33F82C20 		ldrh	r2, [r3, ip, lsl #2]
 848 02ce 92B2     		uxth	r2, r2
 849 02d0 22F48042 		bic	r2, r2, #16384
 850 02d4 22F07002 		bic	r2, r2, #112
 851              	.LVL92:
 852              		.loc 1 2189 7 view .LVU279
 853              		.loc 1 2189 7 discriminator 1 view .LVU280
 854              		.loc 1 2189 7 discriminator 3 view .LVU281
 855              		.loc 1 2189 7 discriminator 4 view .LVU282
 856 02d8 82F44052 		eor	r2, r2, #12288
 857              	.LVL93:
 858              		.loc 1 2189 7 discriminator 6 view .LVU283
 859 02dc 48F28004 		movw	r4, #32896
 860 02e0 2243     		orrs	r2, r2, r4
 861              	.LVL94:
 862              		.loc 1 2189 7 is_stmt 0 discriminator 6 view .LVU284
 863 02e2 23F82C20 		strh	r2, [r3, ip, lsl #2]	@ movhi
 864              	.LBE24:
 865              		.loc 1 2189 7 is_stmt 1 view .LVU285
2190:Drivers/STM32F1xx_HAL_Driver/Src/stm32f1xx_ll_usb.c ****       PCD_SET_EP_TX_STATUS(USBx, ep->num, USB_EP_TX_DIS);
 866              		.loc 1 2190 7 view .LVU286
 867              	.LBB25:
 868              		.loc 1 2190 7 view .LVU287
 869              		.loc 1 2190 7 view .LVU288
 870 02e6 0978     		ldrb	r1, [r1]	@ zero_extendqisi2
 871              	.LVL95:
 872              		.loc 1 2190 7 is_stmt 0 view .LVU289
 873 02e8 33F82120 		ldrh	r2, [r3, r1, lsl #2]
 874 02ec 92B2     		uxth	r2, r2
 875 02ee 22F4E042 		bic	r2, r2, #28672
 876 02f2 22F04002 		bic	r2, r2, #64
 877              	.LVL96:
 878              		.loc 1 2190 7 is_stmt 1 view .LVU290
 879              		.loc 1 2190 7 discriminator 3 view .LVU291
ARM GAS  C:\Users\jc\AppData\Local\Temp\ccrYs75M.s 			page 55


 880              		.loc 1 2190 7 discriminator 6 view .LVU292
 881 02f6 2243     		orrs	r2, r2, r4
 882              	.LVL97:
 883              		.loc 1 2190 7 is_stmt 0 discriminator 6 view .LVU293
 884 02f8 23F82120 		strh	r2, [r3, r1, lsl #2]	@ movhi
 885              	.LBE25:
 886              		.loc 1 2190 7 is_stmt 1 view .LVU294
 887              	.LVL98:
 888              	.L21:
2191:Drivers/STM32F1xx_HAL_Driver/Src/stm32f1xx_ll_usb.c ****     }
2192:Drivers/STM32F1xx_HAL_Driver/Src/stm32f1xx_ll_usb.c ****     else
2193:Drivers/STM32F1xx_HAL_Driver/Src/stm32f1xx_ll_usb.c ****     {
2194:Drivers/STM32F1xx_HAL_Driver/Src/stm32f1xx_ll_usb.c ****       /* Clear the data toggle bits for the endpoint IN/OUT */
2195:Drivers/STM32F1xx_HAL_Driver/Src/stm32f1xx_ll_usb.c ****       PCD_CLEAR_RX_DTOG(USBx, ep->num);
2196:Drivers/STM32F1xx_HAL_Driver/Src/stm32f1xx_ll_usb.c ****       PCD_CLEAR_TX_DTOG(USBx, ep->num);
2197:Drivers/STM32F1xx_HAL_Driver/Src/stm32f1xx_ll_usb.c **** 
2198:Drivers/STM32F1xx_HAL_Driver/Src/stm32f1xx_ll_usb.c ****       if (ep->type != EP_TYPE_ISOC)
2199:Drivers/STM32F1xx_HAL_Driver/Src/stm32f1xx_ll_usb.c ****       {
2200:Drivers/STM32F1xx_HAL_Driver/Src/stm32f1xx_ll_usb.c ****         /* Configure NAK status for the Endpoint */
2201:Drivers/STM32F1xx_HAL_Driver/Src/stm32f1xx_ll_usb.c ****         PCD_SET_EP_TX_STATUS(USBx, ep->num, USB_EP_TX_NAK);
2202:Drivers/STM32F1xx_HAL_Driver/Src/stm32f1xx_ll_usb.c ****       }
2203:Drivers/STM32F1xx_HAL_Driver/Src/stm32f1xx_ll_usb.c ****       else
2204:Drivers/STM32F1xx_HAL_Driver/Src/stm32f1xx_ll_usb.c ****       {
2205:Drivers/STM32F1xx_HAL_Driver/Src/stm32f1xx_ll_usb.c ****         /* Configure TX Endpoint to disabled state */
2206:Drivers/STM32F1xx_HAL_Driver/Src/stm32f1xx_ll_usb.c ****         PCD_SET_EP_TX_STATUS(USBx, ep->num, USB_EP_TX_DIS);
2207:Drivers/STM32F1xx_HAL_Driver/Src/stm32f1xx_ll_usb.c ****       }
2208:Drivers/STM32F1xx_HAL_Driver/Src/stm32f1xx_ll_usb.c **** 
2209:Drivers/STM32F1xx_HAL_Driver/Src/stm32f1xx_ll_usb.c ****       PCD_SET_EP_RX_STATUS(USBx, ep->num, USB_EP_RX_DIS);
 889              		.loc 1 2209 7 discriminator 7 view .LVU295
2210:Drivers/STM32F1xx_HAL_Driver/Src/stm32f1xx_ll_usb.c ****     }
2211:Drivers/STM32F1xx_HAL_Driver/Src/stm32f1xx_ll_usb.c ****   }
2212:Drivers/STM32F1xx_HAL_Driver/Src/stm32f1xx_ll_usb.c **** #endif /* (USE_USB_DOUBLE_BUFFER == 1U) */
2213:Drivers/STM32F1xx_HAL_Driver/Src/stm32f1xx_ll_usb.c **** 
2214:Drivers/STM32F1xx_HAL_Driver/Src/stm32f1xx_ll_usb.c ****   return ret;
 890              		.loc 1 2214 3 view .LVU296
2215:Drivers/STM32F1xx_HAL_Driver/Src/stm32f1xx_ll_usb.c **** }
 891              		.loc 1 2215 1 is_stmt 0 view .LVU297
 892 02fc 10BD     		pop	{r4, pc}
 893              	.LVL99:
 894              	.L40:
2172:Drivers/STM32F1xx_HAL_Driver/Src/stm32f1xx_ll_usb.c ****     }
 895              		.loc 1 2172 7 is_stmt 1 view .LVU298
 896              	.LBB26:
2172:Drivers/STM32F1xx_HAL_Driver/Src/stm32f1xx_ll_usb.c ****     }
 897              		.loc 1 2172 7 view .LVU299
2172:Drivers/STM32F1xx_HAL_Driver/Src/stm32f1xx_ll_usb.c ****     }
 898              		.loc 1 2172 7 view .LVU300
 899 02fe 0C78     		ldrb	r4, [r1]	@ zero_extendqisi2
 900 0300 33F82420 		ldrh	r2, [r3, r4, lsl #2]
 901 0304 92B2     		uxth	r2, r2
 902 0306 22F4E042 		bic	r2, r2, #28672
 903 030a 22F07002 		bic	r2, r2, #112
 904              	.LVL100:
2172:Drivers/STM32F1xx_HAL_Driver/Src/stm32f1xx_ll_usb.c ****     }
 905              		.loc 1 2172 7 view .LVU301
 906 030e 42F40142 		orr	r2, r2, #33024
 907              	.LVL101:
ARM GAS  C:\Users\jc\AppData\Local\Temp\ccrYs75M.s 			page 56


2172:Drivers/STM32F1xx_HAL_Driver/Src/stm32f1xx_ll_usb.c ****     }
 908              		.loc 1 2172 7 is_stmt 0 view .LVU302
 909 0312 42F08002 		orr	r2, r2, #128
 910 0316 23F82420 		strh	r2, [r3, r4, lsl #2]	@ movhi
 911              	.LBE26:
2172:Drivers/STM32F1xx_HAL_Driver/Src/stm32f1xx_ll_usb.c ****     }
 912              		.loc 1 2172 7 is_stmt 1 view .LVU303
 913 031a 8BE7     		b	.L30
 914              	.LVL102:
 915              	.L31:
2195:Drivers/STM32F1xx_HAL_Driver/Src/stm32f1xx_ll_usb.c ****       PCD_CLEAR_TX_DTOG(USBx, ep->num);
 916              		.loc 1 2195 7 view .LVU304
 917              	.LBB27:
2195:Drivers/STM32F1xx_HAL_Driver/Src/stm32f1xx_ll_usb.c ****       PCD_CLEAR_TX_DTOG(USBx, ep->num);
 918              		.loc 1 2195 7 view .LVU305
2195:Drivers/STM32F1xx_HAL_Driver/Src/stm32f1xx_ll_usb.c ****       PCD_CLEAR_TX_DTOG(USBx, ep->num);
 919              		.loc 1 2195 7 view .LVU306
 920 031c 0C78     		ldrb	r4, [r1]	@ zero_extendqisi2
 921 031e 33F82420 		ldrh	r2, [r3, r4, lsl #2]
 922              	.LVL103:
2195:Drivers/STM32F1xx_HAL_Driver/Src/stm32f1xx_ll_usb.c ****       PCD_CLEAR_TX_DTOG(USBx, ep->num);
 923              		.loc 1 2195 7 view .LVU307
 924 0322 12F4804F 		tst	r2, #16384
 925 0326 0CD0     		beq	.L34
2195:Drivers/STM32F1xx_HAL_Driver/Src/stm32f1xx_ll_usb.c ****       PCD_CLEAR_TX_DTOG(USBx, ep->num);
 926              		.loc 1 2195 7 discriminator 1 view .LVU308
 927              	.LBB28:
2195:Drivers/STM32F1xx_HAL_Driver/Src/stm32f1xx_ll_usb.c ****       PCD_CLEAR_TX_DTOG(USBx, ep->num);
 928              		.loc 1 2195 7 discriminator 1 view .LVU309
2195:Drivers/STM32F1xx_HAL_Driver/Src/stm32f1xx_ll_usb.c ****       PCD_CLEAR_TX_DTOG(USBx, ep->num);
 929              		.loc 1 2195 7 discriminator 1 view .LVU310
 930 0328 33F82420 		ldrh	r2, [r3, r4, lsl #2]
 931              	.LVL104:
2195:Drivers/STM32F1xx_HAL_Driver/Src/stm32f1xx_ll_usb.c ****       PCD_CLEAR_TX_DTOG(USBx, ep->num);
 932              		.loc 1 2195 7 is_stmt 0 discriminator 1 view .LVU311
 933 032c 92B2     		uxth	r2, r2
 934 032e 22F4E042 		bic	r2, r2, #28672
 935 0332 22F07002 		bic	r2, r2, #112
 936              	.LVL105:
2195:Drivers/STM32F1xx_HAL_Driver/Src/stm32f1xx_ll_usb.c ****       PCD_CLEAR_TX_DTOG(USBx, ep->num);
 937              		.loc 1 2195 7 is_stmt 1 view .LVU312
2195:Drivers/STM32F1xx_HAL_Driver/Src/stm32f1xx_ll_usb.c ****       PCD_CLEAR_TX_DTOG(USBx, ep->num);
 938              		.loc 1 2195 7 is_stmt 0 discriminator 1 view .LVU313
 939 0336 42F44042 		orr	r2, r2, #49152
 940              	.LVL106:
2195:Drivers/STM32F1xx_HAL_Driver/Src/stm32f1xx_ll_usb.c ****       PCD_CLEAR_TX_DTOG(USBx, ep->num);
 941              		.loc 1 2195 7 discriminator 1 view .LVU314
 942 033a 42F08002 		orr	r2, r2, #128
 943 033e 23F82420 		strh	r2, [r3, r4, lsl #2]	@ movhi
 944              	.LVL107:
 945              	.L34:
2195:Drivers/STM32F1xx_HAL_Driver/Src/stm32f1xx_ll_usb.c ****       PCD_CLEAR_TX_DTOG(USBx, ep->num);
 946              		.loc 1 2195 7 discriminator 1 view .LVU315
 947              	.LBE28:
2195:Drivers/STM32F1xx_HAL_Driver/Src/stm32f1xx_ll_usb.c ****       PCD_CLEAR_TX_DTOG(USBx, ep->num);
 948              		.loc 1 2195 7 is_stmt 1 discriminator 3 view .LVU316
 949              	.LBE27:
ARM GAS  C:\Users\jc\AppData\Local\Temp\ccrYs75M.s 			page 57


2195:Drivers/STM32F1xx_HAL_Driver/Src/stm32f1xx_ll_usb.c ****       PCD_CLEAR_TX_DTOG(USBx, ep->num);
 950              		.loc 1 2195 7 discriminator 3 view .LVU317
2196:Drivers/STM32F1xx_HAL_Driver/Src/stm32f1xx_ll_usb.c **** 
 951              		.loc 1 2196 7 view .LVU318
 952              	.LBB29:
2196:Drivers/STM32F1xx_HAL_Driver/Src/stm32f1xx_ll_usb.c **** 
 953              		.loc 1 2196 7 view .LVU319
2196:Drivers/STM32F1xx_HAL_Driver/Src/stm32f1xx_ll_usb.c **** 
 954              		.loc 1 2196 7 view .LVU320
 955 0342 0C78     		ldrb	r4, [r1]	@ zero_extendqisi2
 956 0344 33F82420 		ldrh	r2, [r3, r4, lsl #2]
 957              	.LVL108:
2196:Drivers/STM32F1xx_HAL_Driver/Src/stm32f1xx_ll_usb.c **** 
 958              		.loc 1 2196 7 view .LVU321
 959 0348 12F0400F 		tst	r2, #64
 960 034c 0CD0     		beq	.L35
2196:Drivers/STM32F1xx_HAL_Driver/Src/stm32f1xx_ll_usb.c **** 
 961              		.loc 1 2196 7 discriminator 1 view .LVU322
 962              	.LBB30:
2196:Drivers/STM32F1xx_HAL_Driver/Src/stm32f1xx_ll_usb.c **** 
 963              		.loc 1 2196 7 discriminator 1 view .LVU323
2196:Drivers/STM32F1xx_HAL_Driver/Src/stm32f1xx_ll_usb.c **** 
 964              		.loc 1 2196 7 discriminator 1 view .LVU324
 965 034e 33F82420 		ldrh	r2, [r3, r4, lsl #2]
 966              	.LVL109:
2196:Drivers/STM32F1xx_HAL_Driver/Src/stm32f1xx_ll_usb.c **** 
 967              		.loc 1 2196 7 is_stmt 0 discriminator 1 view .LVU325
 968 0352 92B2     		uxth	r2, r2
 969 0354 22F4E042 		bic	r2, r2, #28672
 970 0358 22F07002 		bic	r2, r2, #112
 971              	.LVL110:
2196:Drivers/STM32F1xx_HAL_Driver/Src/stm32f1xx_ll_usb.c **** 
 972              		.loc 1 2196 7 is_stmt 1 view .LVU326
2196:Drivers/STM32F1xx_HAL_Driver/Src/stm32f1xx_ll_usb.c **** 
 973              		.loc 1 2196 7 is_stmt 0 discriminator 1 view .LVU327
 974 035c 42F40042 		orr	r2, r2, #32768
 975              	.LVL111:
2196:Drivers/STM32F1xx_HAL_Driver/Src/stm32f1xx_ll_usb.c **** 
 976              		.loc 1 2196 7 discriminator 1 view .LVU328
 977 0360 42F0C002 		orr	r2, r2, #192
 978 0364 23F82420 		strh	r2, [r3, r4, lsl #2]	@ movhi
 979              	.LVL112:
 980              	.L35:
2196:Drivers/STM32F1xx_HAL_Driver/Src/stm32f1xx_ll_usb.c **** 
 981              		.loc 1 2196 7 discriminator 1 view .LVU329
 982              	.LBE30:
2196:Drivers/STM32F1xx_HAL_Driver/Src/stm32f1xx_ll_usb.c **** 
 983              		.loc 1 2196 7 is_stmt 1 discriminator 3 view .LVU330
 984              	.LBE29:
2196:Drivers/STM32F1xx_HAL_Driver/Src/stm32f1xx_ll_usb.c **** 
 985              		.loc 1 2196 7 discriminator 3 view .LVU331
2198:Drivers/STM32F1xx_HAL_Driver/Src/stm32f1xx_ll_usb.c ****       {
 986              		.loc 1 2198 7 view .LVU332
2198:Drivers/STM32F1xx_HAL_Driver/Src/stm32f1xx_ll_usb.c ****       {
 987              		.loc 1 2198 13 is_stmt 0 view .LVU333
 988 0368 CA78     		ldrb	r2, [r1, #3]	@ zero_extendqisi2
2198:Drivers/STM32F1xx_HAL_Driver/Src/stm32f1xx_ll_usb.c ****       {
ARM GAS  C:\Users\jc\AppData\Local\Temp\ccrYs75M.s 			page 58


 989              		.loc 1 2198 10 view .LVU334
 990 036a 012A     		cmp	r2, #1
 991 036c 1ED0     		beq	.L36
2201:Drivers/STM32F1xx_HAL_Driver/Src/stm32f1xx_ll_usb.c ****       }
 992              		.loc 1 2201 9 is_stmt 1 view .LVU335
 993              	.LBB31:
2201:Drivers/STM32F1xx_HAL_Driver/Src/stm32f1xx_ll_usb.c ****       }
 994              		.loc 1 2201 9 view .LVU336
2201:Drivers/STM32F1xx_HAL_Driver/Src/stm32f1xx_ll_usb.c ****       }
 995              		.loc 1 2201 9 view .LVU337
 996 036e 0C78     		ldrb	r4, [r1]	@ zero_extendqisi2
 997 0370 33F82420 		ldrh	r2, [r3, r4, lsl #2]
 998 0374 92B2     		uxth	r2, r2
 999 0376 22F4E042 		bic	r2, r2, #28672
 1000 037a 22F04002 		bic	r2, r2, #64
 1001              	.LVL113:
2201:Drivers/STM32F1xx_HAL_Driver/Src/stm32f1xx_ll_usb.c ****       }
 1002              		.loc 1 2201 9 view .LVU338
2201:Drivers/STM32F1xx_HAL_Driver/Src/stm32f1xx_ll_usb.c ****       }
 1003              		.loc 1 2201 9 discriminator 3 view .LVU339
2201:Drivers/STM32F1xx_HAL_Driver/Src/stm32f1xx_ll_usb.c ****       }
 1004              		.loc 1 2201 9 discriminator 4 view .LVU340
 1005 037e 82F02002 		eor	r2, r2, #32
 1006              	.LVL114:
2201:Drivers/STM32F1xx_HAL_Driver/Src/stm32f1xx_ll_usb.c ****       }
 1007              		.loc 1 2201 9 discriminator 6 view .LVU341
 1008 0382 42F40042 		orr	r2, r2, #32768
 1009              	.LVL115:
2201:Drivers/STM32F1xx_HAL_Driver/Src/stm32f1xx_ll_usb.c ****       }
 1010              		.loc 1 2201 9 is_stmt 0 discriminator 6 view .LVU342
 1011 0386 42F08002 		orr	r2, r2, #128
 1012 038a 23F82420 		strh	r2, [r3, r4, lsl #2]	@ movhi
 1013              	.LBE31:
2201:Drivers/STM32F1xx_HAL_Driver/Src/stm32f1xx_ll_usb.c ****       }
 1014              		.loc 1 2201 9 is_stmt 1 view .LVU343
 1015              	.LVL116:
 1016              	.L37:
2206:Drivers/STM32F1xx_HAL_Driver/Src/stm32f1xx_ll_usb.c ****       }
 1017              		.loc 1 2206 9 discriminator 7 view .LVU344
2209:Drivers/STM32F1xx_HAL_Driver/Src/stm32f1xx_ll_usb.c ****     }
 1018              		.loc 1 2209 7 view .LVU345
 1019              	.LBB32:
2209:Drivers/STM32F1xx_HAL_Driver/Src/stm32f1xx_ll_usb.c ****     }
 1020              		.loc 1 2209 7 view .LVU346
2209:Drivers/STM32F1xx_HAL_Driver/Src/stm32f1xx_ll_usb.c ****     }
 1021              		.loc 1 2209 7 view .LVU347
 1022 038e 0978     		ldrb	r1, [r1]	@ zero_extendqisi2
 1023              	.LVL117:
2209:Drivers/STM32F1xx_HAL_Driver/Src/stm32f1xx_ll_usb.c ****     }
 1024              		.loc 1 2209 7 is_stmt 0 view .LVU348
 1025 0390 33F82120 		ldrh	r2, [r3, r1, lsl #2]
 1026 0394 92B2     		uxth	r2, r2
 1027 0396 22F48042 		bic	r2, r2, #16384
 1028 039a 22F07002 		bic	r2, r2, #112
 1029              	.LVL118:
2209:Drivers/STM32F1xx_HAL_Driver/Src/stm32f1xx_ll_usb.c ****     }
 1030              		.loc 1 2209 7 is_stmt 1 view .LVU349
ARM GAS  C:\Users\jc\AppData\Local\Temp\ccrYs75M.s 			page 59


2209:Drivers/STM32F1xx_HAL_Driver/Src/stm32f1xx_ll_usb.c ****     }
 1031              		.loc 1 2209 7 discriminator 3 view .LVU350
2209:Drivers/STM32F1xx_HAL_Driver/Src/stm32f1xx_ll_usb.c ****     }
 1032              		.loc 1 2209 7 discriminator 6 view .LVU351
 1033 039e 42F40042 		orr	r2, r2, #32768
 1034              	.LVL119:
2209:Drivers/STM32F1xx_HAL_Driver/Src/stm32f1xx_ll_usb.c ****     }
 1035              		.loc 1 2209 7 is_stmt 0 discriminator 6 view .LVU352
 1036 03a2 42F08002 		orr	r2, r2, #128
 1037 03a6 23F82120 		strh	r2, [r3, r1, lsl #2]	@ movhi
 1038 03aa A7E7     		b	.L21
 1039              	.LVL120:
 1040              	.L36:
2209:Drivers/STM32F1xx_HAL_Driver/Src/stm32f1xx_ll_usb.c ****     }
 1041              		.loc 1 2209 7 discriminator 6 view .LVU353
 1042              	.LBE32:
2206:Drivers/STM32F1xx_HAL_Driver/Src/stm32f1xx_ll_usb.c ****       }
 1043              		.loc 1 2206 9 is_stmt 1 view .LVU354
 1044              	.LBB33:
2206:Drivers/STM32F1xx_HAL_Driver/Src/stm32f1xx_ll_usb.c ****       }
 1045              		.loc 1 2206 9 view .LVU355
2206:Drivers/STM32F1xx_HAL_Driver/Src/stm32f1xx_ll_usb.c ****       }
 1046              		.loc 1 2206 9 view .LVU356
 1047 03ac 0C78     		ldrb	r4, [r1]	@ zero_extendqisi2
 1048 03ae 33F82420 		ldrh	r2, [r3, r4, lsl #2]
 1049 03b2 92B2     		uxth	r2, r2
 1050 03b4 22F4E042 		bic	r2, r2, #28672
 1051 03b8 22F04002 		bic	r2, r2, #64
 1052              	.LVL121:
2206:Drivers/STM32F1xx_HAL_Driver/Src/stm32f1xx_ll_usb.c ****       }
 1053              		.loc 1 2206 9 view .LVU357
2206:Drivers/STM32F1xx_HAL_Driver/Src/stm32f1xx_ll_usb.c ****       }
 1054              		.loc 1 2206 9 discriminator 3 view .LVU358
2206:Drivers/STM32F1xx_HAL_Driver/Src/stm32f1xx_ll_usb.c ****       }
 1055              		.loc 1 2206 9 discriminator 6 view .LVU359
 1056 03bc 42F40042 		orr	r2, r2, #32768
 1057              	.LVL122:
2206:Drivers/STM32F1xx_HAL_Driver/Src/stm32f1xx_ll_usb.c ****       }
 1058              		.loc 1 2206 9 is_stmt 0 discriminator 6 view .LVU360
 1059 03c0 42F08002 		orr	r2, r2, #128
 1060 03c4 23F82420 		strh	r2, [r3, r4, lsl #2]	@ movhi
 1061 03c8 E1E7     		b	.L37
 1062              	.LBE33:
 1063              		.cfi_endproc
 1064              	.LFE72:
 1066              		.section	.text.USB_DeactivateEndpoint,"ax",%progbits
 1067              		.align	1
 1068              		.global	USB_DeactivateEndpoint
 1069              		.syntax unified
 1070              		.thumb
 1071              		.thumb_func
 1073              	USB_DeactivateEndpoint:
 1074              	.LVL123:
 1075              	.LFB73:
2216:Drivers/STM32F1xx_HAL_Driver/Src/stm32f1xx_ll_usb.c **** 
2217:Drivers/STM32F1xx_HAL_Driver/Src/stm32f1xx_ll_usb.c **** /**
2218:Drivers/STM32F1xx_HAL_Driver/Src/stm32f1xx_ll_usb.c ****   * @brief  De-activate and de-initialize an endpoint
ARM GAS  C:\Users\jc\AppData\Local\Temp\ccrYs75M.s 			page 60


2219:Drivers/STM32F1xx_HAL_Driver/Src/stm32f1xx_ll_usb.c ****   * @param  USBx Selected device
2220:Drivers/STM32F1xx_HAL_Driver/Src/stm32f1xx_ll_usb.c ****   * @param  ep pointer to endpoint structure
2221:Drivers/STM32F1xx_HAL_Driver/Src/stm32f1xx_ll_usb.c ****   * @retval HAL status
2222:Drivers/STM32F1xx_HAL_Driver/Src/stm32f1xx_ll_usb.c ****   */
2223:Drivers/STM32F1xx_HAL_Driver/Src/stm32f1xx_ll_usb.c **** HAL_StatusTypeDef USB_DeactivateEndpoint(USB_TypeDef *USBx, USB_EPTypeDef *ep)
2224:Drivers/STM32F1xx_HAL_Driver/Src/stm32f1xx_ll_usb.c **** {
 1076              		.loc 1 2224 1 is_stmt 1 view -0
 1077              		.cfi_startproc
 1078              		@ args = 0, pretend = 0, frame = 0
 1079              		@ frame_needed = 0, uses_anonymous_args = 0
 1080              		@ link register save eliminated.
2225:Drivers/STM32F1xx_HAL_Driver/Src/stm32f1xx_ll_usb.c ****   if (ep->doublebuffer == 0U)
 1081              		.loc 1 2225 3 view .LVU362
 1082              		.loc 1 2225 9 is_stmt 0 view .LVU363
 1083 0000 0B7B     		ldrb	r3, [r1, #12]	@ zero_extendqisi2
 1084              		.loc 1 2225 6 view .LVU364
 1085 0002 002B     		cmp	r3, #0
 1086 0004 46D1     		bne	.L42
2226:Drivers/STM32F1xx_HAL_Driver/Src/stm32f1xx_ll_usb.c ****   {
2227:Drivers/STM32F1xx_HAL_Driver/Src/stm32f1xx_ll_usb.c ****     if (ep->is_in != 0U)
 1087              		.loc 1 2227 5 is_stmt 1 view .LVU365
 1088              		.loc 1 2227 11 is_stmt 0 view .LVU366
 1089 0006 4B78     		ldrb	r3, [r1, #1]	@ zero_extendqisi2
 1090              		.loc 1 2227 8 view .LVU367
 1091 0008 13B3     		cbz	r3, .L43
2228:Drivers/STM32F1xx_HAL_Driver/Src/stm32f1xx_ll_usb.c ****     {
2229:Drivers/STM32F1xx_HAL_Driver/Src/stm32f1xx_ll_usb.c ****       PCD_CLEAR_TX_DTOG(USBx, ep->num);
 1092              		.loc 1 2229 7 is_stmt 1 view .LVU368
 1093              	.LBB34:
 1094              		.loc 1 2229 7 view .LVU369
 1095              		.loc 1 2229 7 view .LVU370
 1096 000a 0A78     		ldrb	r2, [r1]	@ zero_extendqisi2
 1097 000c 30F82230 		ldrh	r3, [r0, r2, lsl #2]
 1098              	.LVL124:
 1099              		.loc 1 2229 7 view .LVU371
 1100 0010 13F0400F 		tst	r3, #64
 1101 0014 0CD0     		beq	.L44
 1102              		.loc 1 2229 7 discriminator 1 view .LVU372
 1103              	.LBB35:
 1104              		.loc 1 2229 7 discriminator 1 view .LVU373
 1105              		.loc 1 2229 7 discriminator 1 view .LVU374
 1106 0016 30F82230 		ldrh	r3, [r0, r2, lsl #2]
 1107              	.LVL125:
 1108              		.loc 1 2229 7 is_stmt 0 discriminator 1 view .LVU375
 1109 001a 9BB2     		uxth	r3, r3
 1110 001c 23F4E043 		bic	r3, r3, #28672
 1111 0020 23F07003 		bic	r3, r3, #112
 1112              	.LVL126:
 1113              		.loc 1 2229 7 is_stmt 1 view .LVU376
 1114              		.loc 1 2229 7 is_stmt 0 discriminator 1 view .LVU377
 1115 0024 43F40043 		orr	r3, r3, #32768
 1116              	.LVL127:
 1117              		.loc 1 2229 7 discriminator 1 view .LVU378
 1118 0028 43F0C003 		orr	r3, r3, #192
 1119 002c 20F82230 		strh	r3, [r0, r2, lsl #2]	@ movhi
 1120              	.LVL128:
 1121              	.L44:
ARM GAS  C:\Users\jc\AppData\Local\Temp\ccrYs75M.s 			page 61


 1122              		.loc 1 2229 7 discriminator 1 view .LVU379
 1123              	.LBE35:
 1124              		.loc 1 2229 7 is_stmt 1 discriminator 3 view .LVU380
 1125              	.LBE34:
 1126              		.loc 1 2229 7 discriminator 3 view .LVU381
2230:Drivers/STM32F1xx_HAL_Driver/Src/stm32f1xx_ll_usb.c **** 
2231:Drivers/STM32F1xx_HAL_Driver/Src/stm32f1xx_ll_usb.c ****       /* Configure DISABLE status for the Endpoint */
2232:Drivers/STM32F1xx_HAL_Driver/Src/stm32f1xx_ll_usb.c ****       PCD_SET_EP_TX_STATUS(USBx, ep->num, USB_EP_TX_DIS);
 1127              		.loc 1 2232 7 view .LVU382
 1128              	.LBB36:
 1129              		.loc 1 2232 7 view .LVU383
 1130              		.loc 1 2232 7 view .LVU384
 1131 0030 0A78     		ldrb	r2, [r1]	@ zero_extendqisi2
 1132 0032 30F82230 		ldrh	r3, [r0, r2, lsl #2]
 1133 0036 9BB2     		uxth	r3, r3
 1134 0038 23F4E043 		bic	r3, r3, #28672
 1135 003c 23F04003 		bic	r3, r3, #64
 1136              	.LVL129:
 1137              		.loc 1 2232 7 view .LVU385
 1138              		.loc 1 2232 7 discriminator 3 view .LVU386
 1139              		.loc 1 2232 7 discriminator 6 view .LVU387
 1140 0040 43F40043 		orr	r3, r3, #32768
 1141              	.LVL130:
 1142              		.loc 1 2232 7 is_stmt 0 discriminator 6 view .LVU388
 1143 0044 43F08003 		orr	r3, r3, #128
 1144 0048 20F82230 		strh	r3, [r0, r2, lsl #2]	@ movhi
 1145              	.LBE36:
 1146              		.loc 1 2232 7 is_stmt 1 view .LVU389
 1147              	.LVL131:
 1148              	.L45:
2233:Drivers/STM32F1xx_HAL_Driver/Src/stm32f1xx_ll_usb.c ****     }
2234:Drivers/STM32F1xx_HAL_Driver/Src/stm32f1xx_ll_usb.c **** 
2235:Drivers/STM32F1xx_HAL_Driver/Src/stm32f1xx_ll_usb.c ****     else
2236:Drivers/STM32F1xx_HAL_Driver/Src/stm32f1xx_ll_usb.c ****     {
2237:Drivers/STM32F1xx_HAL_Driver/Src/stm32f1xx_ll_usb.c ****       PCD_CLEAR_RX_DTOG(USBx, ep->num);
2238:Drivers/STM32F1xx_HAL_Driver/Src/stm32f1xx_ll_usb.c **** 
2239:Drivers/STM32F1xx_HAL_Driver/Src/stm32f1xx_ll_usb.c ****       /* Configure DISABLE status for the Endpoint */
2240:Drivers/STM32F1xx_HAL_Driver/Src/stm32f1xx_ll_usb.c ****       PCD_SET_EP_RX_STATUS(USBx, ep->num, USB_EP_RX_DIS);
2241:Drivers/STM32F1xx_HAL_Driver/Src/stm32f1xx_ll_usb.c ****     }
2242:Drivers/STM32F1xx_HAL_Driver/Src/stm32f1xx_ll_usb.c ****   }
2243:Drivers/STM32F1xx_HAL_Driver/Src/stm32f1xx_ll_usb.c **** #if (USE_USB_DOUBLE_BUFFER == 1U)
2244:Drivers/STM32F1xx_HAL_Driver/Src/stm32f1xx_ll_usb.c ****   /* Double Buffer */
2245:Drivers/STM32F1xx_HAL_Driver/Src/stm32f1xx_ll_usb.c ****   else
2246:Drivers/STM32F1xx_HAL_Driver/Src/stm32f1xx_ll_usb.c ****   {
2247:Drivers/STM32F1xx_HAL_Driver/Src/stm32f1xx_ll_usb.c ****     if (ep->is_in == 0U)
2248:Drivers/STM32F1xx_HAL_Driver/Src/stm32f1xx_ll_usb.c ****     {
2249:Drivers/STM32F1xx_HAL_Driver/Src/stm32f1xx_ll_usb.c ****       /* Clear the data toggle bits for the endpoint IN/OUT*/
2250:Drivers/STM32F1xx_HAL_Driver/Src/stm32f1xx_ll_usb.c ****       PCD_CLEAR_RX_DTOG(USBx, ep->num);
2251:Drivers/STM32F1xx_HAL_Driver/Src/stm32f1xx_ll_usb.c ****       PCD_CLEAR_TX_DTOG(USBx, ep->num);
2252:Drivers/STM32F1xx_HAL_Driver/Src/stm32f1xx_ll_usb.c **** 
2253:Drivers/STM32F1xx_HAL_Driver/Src/stm32f1xx_ll_usb.c ****       /* Reset value of the data toggle bits for the endpoint out*/
2254:Drivers/STM32F1xx_HAL_Driver/Src/stm32f1xx_ll_usb.c ****       PCD_TX_DTOG(USBx, ep->num);
2255:Drivers/STM32F1xx_HAL_Driver/Src/stm32f1xx_ll_usb.c **** 
2256:Drivers/STM32F1xx_HAL_Driver/Src/stm32f1xx_ll_usb.c ****       PCD_SET_EP_RX_STATUS(USBx, ep->num, USB_EP_RX_DIS);
2257:Drivers/STM32F1xx_HAL_Driver/Src/stm32f1xx_ll_usb.c ****       PCD_SET_EP_TX_STATUS(USBx, ep->num, USB_EP_TX_DIS);
2258:Drivers/STM32F1xx_HAL_Driver/Src/stm32f1xx_ll_usb.c ****     }
2259:Drivers/STM32F1xx_HAL_Driver/Src/stm32f1xx_ll_usb.c ****     else
ARM GAS  C:\Users\jc\AppData\Local\Temp\ccrYs75M.s 			page 62


2260:Drivers/STM32F1xx_HAL_Driver/Src/stm32f1xx_ll_usb.c ****     {
2261:Drivers/STM32F1xx_HAL_Driver/Src/stm32f1xx_ll_usb.c ****       /* Clear the data toggle bits for the endpoint IN/OUT*/
2262:Drivers/STM32F1xx_HAL_Driver/Src/stm32f1xx_ll_usb.c ****       PCD_CLEAR_RX_DTOG(USBx, ep->num);
2263:Drivers/STM32F1xx_HAL_Driver/Src/stm32f1xx_ll_usb.c ****       PCD_CLEAR_TX_DTOG(USBx, ep->num);
2264:Drivers/STM32F1xx_HAL_Driver/Src/stm32f1xx_ll_usb.c ****       PCD_RX_DTOG(USBx, ep->num);
2265:Drivers/STM32F1xx_HAL_Driver/Src/stm32f1xx_ll_usb.c **** 
2266:Drivers/STM32F1xx_HAL_Driver/Src/stm32f1xx_ll_usb.c ****       /* Configure DISABLE status for the Endpoint*/
2267:Drivers/STM32F1xx_HAL_Driver/Src/stm32f1xx_ll_usb.c ****       PCD_SET_EP_TX_STATUS(USBx, ep->num, USB_EP_TX_DIS);
2268:Drivers/STM32F1xx_HAL_Driver/Src/stm32f1xx_ll_usb.c ****       PCD_SET_EP_RX_STATUS(USBx, ep->num, USB_EP_RX_DIS);
 1149              		.loc 1 2268 7 discriminator 7 view .LVU390
2269:Drivers/STM32F1xx_HAL_Driver/Src/stm32f1xx_ll_usb.c ****     }
2270:Drivers/STM32F1xx_HAL_Driver/Src/stm32f1xx_ll_usb.c ****   }
2271:Drivers/STM32F1xx_HAL_Driver/Src/stm32f1xx_ll_usb.c **** #endif /* (USE_USB_DOUBLE_BUFFER == 1U) */
2272:Drivers/STM32F1xx_HAL_Driver/Src/stm32f1xx_ll_usb.c **** 
2273:Drivers/STM32F1xx_HAL_Driver/Src/stm32f1xx_ll_usb.c ****   return HAL_OK;
 1150              		.loc 1 2273 3 view .LVU391
2274:Drivers/STM32F1xx_HAL_Driver/Src/stm32f1xx_ll_usb.c **** }
 1151              		.loc 1 2274 1 is_stmt 0 view .LVU392
 1152 004c 0020     		movs	r0, #0
 1153              	.LVL132:
 1154              		.loc 1 2274 1 view .LVU393
 1155 004e 7047     		bx	lr
 1156              	.LVL133:
 1157              	.L43:
2237:Drivers/STM32F1xx_HAL_Driver/Src/stm32f1xx_ll_usb.c **** 
 1158              		.loc 1 2237 7 is_stmt 1 view .LVU394
 1159              	.LBB37:
2237:Drivers/STM32F1xx_HAL_Driver/Src/stm32f1xx_ll_usb.c **** 
 1160              		.loc 1 2237 7 view .LVU395
2237:Drivers/STM32F1xx_HAL_Driver/Src/stm32f1xx_ll_usb.c **** 
 1161              		.loc 1 2237 7 view .LVU396
 1162 0050 0A78     		ldrb	r2, [r1]	@ zero_extendqisi2
 1163 0052 30F82230 		ldrh	r3, [r0, r2, lsl #2]
 1164              	.LVL134:
2237:Drivers/STM32F1xx_HAL_Driver/Src/stm32f1xx_ll_usb.c **** 
 1165              		.loc 1 2237 7 view .LVU397
 1166 0056 13F4804F 		tst	r3, #16384
 1167 005a 0CD0     		beq	.L46
2237:Drivers/STM32F1xx_HAL_Driver/Src/stm32f1xx_ll_usb.c **** 
 1168              		.loc 1 2237 7 discriminator 1 view .LVU398
 1169              	.LBB38:
2237:Drivers/STM32F1xx_HAL_Driver/Src/stm32f1xx_ll_usb.c **** 
 1170              		.loc 1 2237 7 discriminator 1 view .LVU399
2237:Drivers/STM32F1xx_HAL_Driver/Src/stm32f1xx_ll_usb.c **** 
 1171              		.loc 1 2237 7 discriminator 1 view .LVU400
 1172 005c 30F82230 		ldrh	r3, [r0, r2, lsl #2]
 1173              	.LVL135:
2237:Drivers/STM32F1xx_HAL_Driver/Src/stm32f1xx_ll_usb.c **** 
 1174              		.loc 1 2237 7 is_stmt 0 discriminator 1 view .LVU401
 1175 0060 9BB2     		uxth	r3, r3
 1176 0062 23F4E043 		bic	r3, r3, #28672
 1177 0066 23F07003 		bic	r3, r3, #112
 1178              	.LVL136:
2237:Drivers/STM32F1xx_HAL_Driver/Src/stm32f1xx_ll_usb.c **** 
 1179              		.loc 1 2237 7 is_stmt 1 view .LVU402
2237:Drivers/STM32F1xx_HAL_Driver/Src/stm32f1xx_ll_usb.c **** 
 1180              		.loc 1 2237 7 is_stmt 0 discriminator 1 view .LVU403
ARM GAS  C:\Users\jc\AppData\Local\Temp\ccrYs75M.s 			page 63


 1181 006a 43F44043 		orr	r3, r3, #49152
 1182              	.LVL137:
2237:Drivers/STM32F1xx_HAL_Driver/Src/stm32f1xx_ll_usb.c **** 
 1183              		.loc 1 2237 7 discriminator 1 view .LVU404
 1184 006e 43F08003 		orr	r3, r3, #128
 1185 0072 20F82230 		strh	r3, [r0, r2, lsl #2]	@ movhi
 1186              	.LVL138:
 1187              	.L46:
2237:Drivers/STM32F1xx_HAL_Driver/Src/stm32f1xx_ll_usb.c **** 
 1188              		.loc 1 2237 7 discriminator 1 view .LVU405
 1189              	.LBE38:
2237:Drivers/STM32F1xx_HAL_Driver/Src/stm32f1xx_ll_usb.c **** 
 1190              		.loc 1 2237 7 is_stmt 1 discriminator 3 view .LVU406
 1191              	.LBE37:
2237:Drivers/STM32F1xx_HAL_Driver/Src/stm32f1xx_ll_usb.c **** 
 1192              		.loc 1 2237 7 discriminator 3 view .LVU407
2240:Drivers/STM32F1xx_HAL_Driver/Src/stm32f1xx_ll_usb.c ****     }
 1193              		.loc 1 2240 7 view .LVU408
 1194              	.LBB39:
2240:Drivers/STM32F1xx_HAL_Driver/Src/stm32f1xx_ll_usb.c ****     }
 1195              		.loc 1 2240 7 view .LVU409
2240:Drivers/STM32F1xx_HAL_Driver/Src/stm32f1xx_ll_usb.c ****     }
 1196              		.loc 1 2240 7 view .LVU410
 1197 0076 0A78     		ldrb	r2, [r1]	@ zero_extendqisi2
 1198 0078 30F82230 		ldrh	r3, [r0, r2, lsl #2]
 1199 007c 9BB2     		uxth	r3, r3
 1200 007e 23F48043 		bic	r3, r3, #16384
 1201 0082 23F07003 		bic	r3, r3, #112
 1202              	.LVL139:
2240:Drivers/STM32F1xx_HAL_Driver/Src/stm32f1xx_ll_usb.c ****     }
 1203              		.loc 1 2240 7 view .LVU411
2240:Drivers/STM32F1xx_HAL_Driver/Src/stm32f1xx_ll_usb.c ****     }
 1204              		.loc 1 2240 7 discriminator 3 view .LVU412
2240:Drivers/STM32F1xx_HAL_Driver/Src/stm32f1xx_ll_usb.c ****     }
 1205              		.loc 1 2240 7 discriminator 6 view .LVU413
 1206 0086 43F40043 		orr	r3, r3, #32768
 1207              	.LVL140:
2240:Drivers/STM32F1xx_HAL_Driver/Src/stm32f1xx_ll_usb.c ****     }
 1208              		.loc 1 2240 7 is_stmt 0 discriminator 6 view .LVU414
 1209 008a 43F08003 		orr	r3, r3, #128
 1210 008e 20F82230 		strh	r3, [r0, r2, lsl #2]	@ movhi
 1211 0092 DBE7     		b	.L45
 1212              	.LVL141:
 1213              	.L42:
2240:Drivers/STM32F1xx_HAL_Driver/Src/stm32f1xx_ll_usb.c ****     }
 1214              		.loc 1 2240 7 discriminator 6 view .LVU415
 1215              	.LBE39:
2247:Drivers/STM32F1xx_HAL_Driver/Src/stm32f1xx_ll_usb.c ****     {
 1216              		.loc 1 2247 5 is_stmt 1 view .LVU416
2247:Drivers/STM32F1xx_HAL_Driver/Src/stm32f1xx_ll_usb.c ****     {
 1217              		.loc 1 2247 11 is_stmt 0 view .LVU417
 1218 0094 4B78     		ldrb	r3, [r1, #1]	@ zero_extendqisi2
2247:Drivers/STM32F1xx_HAL_Driver/Src/stm32f1xx_ll_usb.c ****     {
 1219              		.loc 1 2247 8 view .LVU418
 1220 0096 002B     		cmp	r3, #0
 1221 0098 4ED1     		bne	.L47
2250:Drivers/STM32F1xx_HAL_Driver/Src/stm32f1xx_ll_usb.c ****       PCD_CLEAR_TX_DTOG(USBx, ep->num);
ARM GAS  C:\Users\jc\AppData\Local\Temp\ccrYs75M.s 			page 64


 1222              		.loc 1 2250 7 is_stmt 1 view .LVU419
 1223              	.LBB40:
2250:Drivers/STM32F1xx_HAL_Driver/Src/stm32f1xx_ll_usb.c ****       PCD_CLEAR_TX_DTOG(USBx, ep->num);
 1224              		.loc 1 2250 7 view .LVU420
2250:Drivers/STM32F1xx_HAL_Driver/Src/stm32f1xx_ll_usb.c ****       PCD_CLEAR_TX_DTOG(USBx, ep->num);
 1225              		.loc 1 2250 7 view .LVU421
 1226 009a 0A78     		ldrb	r2, [r1]	@ zero_extendqisi2
 1227 009c 30F82230 		ldrh	r3, [r0, r2, lsl #2]
 1228              	.LVL142:
2250:Drivers/STM32F1xx_HAL_Driver/Src/stm32f1xx_ll_usb.c ****       PCD_CLEAR_TX_DTOG(USBx, ep->num);
 1229              		.loc 1 2250 7 view .LVU422
 1230 00a0 13F4804F 		tst	r3, #16384
 1231 00a4 0CD0     		beq	.L48
2250:Drivers/STM32F1xx_HAL_Driver/Src/stm32f1xx_ll_usb.c ****       PCD_CLEAR_TX_DTOG(USBx, ep->num);
 1232              		.loc 1 2250 7 discriminator 1 view .LVU423
 1233              	.LBB41:
2250:Drivers/STM32F1xx_HAL_Driver/Src/stm32f1xx_ll_usb.c ****       PCD_CLEAR_TX_DTOG(USBx, ep->num);
 1234              		.loc 1 2250 7 discriminator 1 view .LVU424
2250:Drivers/STM32F1xx_HAL_Driver/Src/stm32f1xx_ll_usb.c ****       PCD_CLEAR_TX_DTOG(USBx, ep->num);
 1235              		.loc 1 2250 7 discriminator 1 view .LVU425
 1236 00a6 30F82230 		ldrh	r3, [r0, r2, lsl #2]
 1237              	.LVL143:
2250:Drivers/STM32F1xx_HAL_Driver/Src/stm32f1xx_ll_usb.c ****       PCD_CLEAR_TX_DTOG(USBx, ep->num);
 1238              		.loc 1 2250 7 is_stmt 0 discriminator 1 view .LVU426
 1239 00aa 9BB2     		uxth	r3, r3
 1240 00ac 23F4E043 		bic	r3, r3, #28672
 1241 00b0 23F07003 		bic	r3, r3, #112
 1242              	.LVL144:
2250:Drivers/STM32F1xx_HAL_Driver/Src/stm32f1xx_ll_usb.c ****       PCD_CLEAR_TX_DTOG(USBx, ep->num);
 1243              		.loc 1 2250 7 is_stmt 1 view .LVU427
2250:Drivers/STM32F1xx_HAL_Driver/Src/stm32f1xx_ll_usb.c ****       PCD_CLEAR_TX_DTOG(USBx, ep->num);
 1244              		.loc 1 2250 7 is_stmt 0 discriminator 1 view .LVU428
 1245 00b4 43F44043 		orr	r3, r3, #49152
 1246              	.LVL145:
2250:Drivers/STM32F1xx_HAL_Driver/Src/stm32f1xx_ll_usb.c ****       PCD_CLEAR_TX_DTOG(USBx, ep->num);
 1247              		.loc 1 2250 7 discriminator 1 view .LVU429
 1248 00b8 43F08003 		orr	r3, r3, #128
 1249 00bc 20F82230 		strh	r3, [r0, r2, lsl #2]	@ movhi
 1250              	.LVL146:
 1251              	.L48:
2250:Drivers/STM32F1xx_HAL_Driver/Src/stm32f1xx_ll_usb.c ****       PCD_CLEAR_TX_DTOG(USBx, ep->num);
 1252              		.loc 1 2250 7 discriminator 1 view .LVU430
 1253              	.LBE41:
2250:Drivers/STM32F1xx_HAL_Driver/Src/stm32f1xx_ll_usb.c ****       PCD_CLEAR_TX_DTOG(USBx, ep->num);
 1254              		.loc 1 2250 7 is_stmt 1 discriminator 3 view .LVU431
 1255              	.LBE40:
2250:Drivers/STM32F1xx_HAL_Driver/Src/stm32f1xx_ll_usb.c ****       PCD_CLEAR_TX_DTOG(USBx, ep->num);
 1256              		.loc 1 2250 7 discriminator 3 view .LVU432
2251:Drivers/STM32F1xx_HAL_Driver/Src/stm32f1xx_ll_usb.c **** 
 1257              		.loc 1 2251 7 view .LVU433
 1258              	.LBB42:
2251:Drivers/STM32F1xx_HAL_Driver/Src/stm32f1xx_ll_usb.c **** 
 1259              		.loc 1 2251 7 view .LVU434
2251:Drivers/STM32F1xx_HAL_Driver/Src/stm32f1xx_ll_usb.c **** 
 1260              		.loc 1 2251 7 view .LVU435
 1261 00c0 0A78     		ldrb	r2, [r1]	@ zero_extendqisi2
 1262 00c2 30F82230 		ldrh	r3, [r0, r2, lsl #2]
ARM GAS  C:\Users\jc\AppData\Local\Temp\ccrYs75M.s 			page 65


 1263              	.LVL147:
2251:Drivers/STM32F1xx_HAL_Driver/Src/stm32f1xx_ll_usb.c **** 
 1264              		.loc 1 2251 7 view .LVU436
 1265 00c6 13F0400F 		tst	r3, #64
 1266 00ca 0CD0     		beq	.L49
2251:Drivers/STM32F1xx_HAL_Driver/Src/stm32f1xx_ll_usb.c **** 
 1267              		.loc 1 2251 7 discriminator 1 view .LVU437
 1268              	.LBB43:
2251:Drivers/STM32F1xx_HAL_Driver/Src/stm32f1xx_ll_usb.c **** 
 1269              		.loc 1 2251 7 discriminator 1 view .LVU438
2251:Drivers/STM32F1xx_HAL_Driver/Src/stm32f1xx_ll_usb.c **** 
 1270              		.loc 1 2251 7 discriminator 1 view .LVU439
 1271 00cc 30F82230 		ldrh	r3, [r0, r2, lsl #2]
 1272              	.LVL148:
2251:Drivers/STM32F1xx_HAL_Driver/Src/stm32f1xx_ll_usb.c **** 
 1273              		.loc 1 2251 7 is_stmt 0 discriminator 1 view .LVU440
 1274 00d0 9BB2     		uxth	r3, r3
 1275 00d2 23F4E043 		bic	r3, r3, #28672
 1276 00d6 23F07003 		bic	r3, r3, #112
 1277              	.LVL149:
2251:Drivers/STM32F1xx_HAL_Driver/Src/stm32f1xx_ll_usb.c **** 
 1278              		.loc 1 2251 7 is_stmt 1 view .LVU441
2251:Drivers/STM32F1xx_HAL_Driver/Src/stm32f1xx_ll_usb.c **** 
 1279              		.loc 1 2251 7 is_stmt 0 discriminator 1 view .LVU442
 1280 00da 43F40043 		orr	r3, r3, #32768
 1281              	.LVL150:
2251:Drivers/STM32F1xx_HAL_Driver/Src/stm32f1xx_ll_usb.c **** 
 1282              		.loc 1 2251 7 discriminator 1 view .LVU443
 1283 00de 43F0C003 		orr	r3, r3, #192
 1284 00e2 20F82230 		strh	r3, [r0, r2, lsl #2]	@ movhi
 1285              	.LVL151:
 1286              	.L49:
2251:Drivers/STM32F1xx_HAL_Driver/Src/stm32f1xx_ll_usb.c **** 
 1287              		.loc 1 2251 7 discriminator 1 view .LVU444
 1288              	.LBE43:
2251:Drivers/STM32F1xx_HAL_Driver/Src/stm32f1xx_ll_usb.c **** 
 1289              		.loc 1 2251 7 is_stmt 1 discriminator 3 view .LVU445
 1290              	.LBE42:
2251:Drivers/STM32F1xx_HAL_Driver/Src/stm32f1xx_ll_usb.c **** 
 1291              		.loc 1 2251 7 discriminator 3 view .LVU446
2254:Drivers/STM32F1xx_HAL_Driver/Src/stm32f1xx_ll_usb.c **** 
 1292              		.loc 1 2254 7 view .LVU447
 1293              	.LBB44:
2254:Drivers/STM32F1xx_HAL_Driver/Src/stm32f1xx_ll_usb.c **** 
 1294              		.loc 1 2254 7 view .LVU448
2254:Drivers/STM32F1xx_HAL_Driver/Src/stm32f1xx_ll_usb.c **** 
 1295              		.loc 1 2254 7 view .LVU449
 1296 00e6 0A78     		ldrb	r2, [r1]	@ zero_extendqisi2
 1297 00e8 30F82230 		ldrh	r3, [r0, r2, lsl #2]
 1298 00ec 9BB2     		uxth	r3, r3
 1299 00ee 23F4E043 		bic	r3, r3, #28672
 1300 00f2 23F07003 		bic	r3, r3, #112
 1301              	.LVL152:
2254:Drivers/STM32F1xx_HAL_Driver/Src/stm32f1xx_ll_usb.c **** 
 1302              		.loc 1 2254 7 view .LVU450
 1303 00f6 43F40043 		orr	r3, r3, #32768
 1304              	.LVL153:
ARM GAS  C:\Users\jc\AppData\Local\Temp\ccrYs75M.s 			page 66


2254:Drivers/STM32F1xx_HAL_Driver/Src/stm32f1xx_ll_usb.c **** 
 1305              		.loc 1 2254 7 is_stmt 0 view .LVU451
 1306 00fa 43F0C003 		orr	r3, r3, #192
 1307 00fe 20F82230 		strh	r3, [r0, r2, lsl #2]	@ movhi
 1308              	.LBE44:
2254:Drivers/STM32F1xx_HAL_Driver/Src/stm32f1xx_ll_usb.c **** 
 1309              		.loc 1 2254 7 is_stmt 1 view .LVU452
2256:Drivers/STM32F1xx_HAL_Driver/Src/stm32f1xx_ll_usb.c ****       PCD_SET_EP_TX_STATUS(USBx, ep->num, USB_EP_TX_DIS);
 1310              		.loc 1 2256 7 view .LVU453
 1311              	.LBB45:
2256:Drivers/STM32F1xx_HAL_Driver/Src/stm32f1xx_ll_usb.c ****       PCD_SET_EP_TX_STATUS(USBx, ep->num, USB_EP_TX_DIS);
 1312              		.loc 1 2256 7 view .LVU454
2256:Drivers/STM32F1xx_HAL_Driver/Src/stm32f1xx_ll_usb.c ****       PCD_SET_EP_TX_STATUS(USBx, ep->num, USB_EP_TX_DIS);
 1313              		.loc 1 2256 7 view .LVU455
 1314 0102 0A78     		ldrb	r2, [r1]	@ zero_extendqisi2
 1315 0104 30F82230 		ldrh	r3, [r0, r2, lsl #2]
 1316 0108 9BB2     		uxth	r3, r3
 1317 010a 23F48043 		bic	r3, r3, #16384
 1318 010e 23F07003 		bic	r3, r3, #112
 1319              	.LVL154:
2256:Drivers/STM32F1xx_HAL_Driver/Src/stm32f1xx_ll_usb.c ****       PCD_SET_EP_TX_STATUS(USBx, ep->num, USB_EP_TX_DIS);
 1320              		.loc 1 2256 7 view .LVU456
2256:Drivers/STM32F1xx_HAL_Driver/Src/stm32f1xx_ll_usb.c ****       PCD_SET_EP_TX_STATUS(USBx, ep->num, USB_EP_TX_DIS);
 1321              		.loc 1 2256 7 discriminator 3 view .LVU457
2256:Drivers/STM32F1xx_HAL_Driver/Src/stm32f1xx_ll_usb.c ****       PCD_SET_EP_TX_STATUS(USBx, ep->num, USB_EP_TX_DIS);
 1322              		.loc 1 2256 7 discriminator 6 view .LVU458
 1323 0112 48F2800C 		movw	ip, #32896
 1324 0116 43EA0C03 		orr	r3, r3, ip
 1325              	.LVL155:
2256:Drivers/STM32F1xx_HAL_Driver/Src/stm32f1xx_ll_usb.c ****       PCD_SET_EP_TX_STATUS(USBx, ep->num, USB_EP_TX_DIS);
 1326              		.loc 1 2256 7 is_stmt 0 discriminator 6 view .LVU459
 1327 011a 20F82230 		strh	r3, [r0, r2, lsl #2]	@ movhi
 1328              	.LBE45:
2256:Drivers/STM32F1xx_HAL_Driver/Src/stm32f1xx_ll_usb.c ****       PCD_SET_EP_TX_STATUS(USBx, ep->num, USB_EP_TX_DIS);
 1329              		.loc 1 2256 7 is_stmt 1 view .LVU460
2257:Drivers/STM32F1xx_HAL_Driver/Src/stm32f1xx_ll_usb.c ****     }
 1330              		.loc 1 2257 7 view .LVU461
 1331              	.LBB46:
2257:Drivers/STM32F1xx_HAL_Driver/Src/stm32f1xx_ll_usb.c ****     }
 1332              		.loc 1 2257 7 view .LVU462
2257:Drivers/STM32F1xx_HAL_Driver/Src/stm32f1xx_ll_usb.c ****     }
 1333              		.loc 1 2257 7 view .LVU463
 1334 011e 0A78     		ldrb	r2, [r1]	@ zero_extendqisi2
 1335 0120 30F82230 		ldrh	r3, [r0, r2, lsl #2]
 1336 0124 9BB2     		uxth	r3, r3
 1337 0126 23F4E043 		bic	r3, r3, #28672
 1338 012a 23F04003 		bic	r3, r3, #64
 1339              	.LVL156:
2257:Drivers/STM32F1xx_HAL_Driver/Src/stm32f1xx_ll_usb.c ****     }
 1340              		.loc 1 2257 7 view .LVU464
2257:Drivers/STM32F1xx_HAL_Driver/Src/stm32f1xx_ll_usb.c ****     }
 1341              		.loc 1 2257 7 discriminator 3 view .LVU465
2257:Drivers/STM32F1xx_HAL_Driver/Src/stm32f1xx_ll_usb.c ****     }
 1342              		.loc 1 2257 7 discriminator 6 view .LVU466
 1343 012e 43EA0C03 		orr	r3, r3, ip
 1344              	.LVL157:
2257:Drivers/STM32F1xx_HAL_Driver/Src/stm32f1xx_ll_usb.c ****     }
ARM GAS  C:\Users\jc\AppData\Local\Temp\ccrYs75M.s 			page 67


 1345              		.loc 1 2257 7 is_stmt 0 discriminator 6 view .LVU467
 1346 0132 20F82230 		strh	r3, [r0, r2, lsl #2]	@ movhi
 1347              	.LBE46:
2257:Drivers/STM32F1xx_HAL_Driver/Src/stm32f1xx_ll_usb.c ****     }
 1348              		.loc 1 2257 7 is_stmt 1 view .LVU468
 1349 0136 89E7     		b	.L45
 1350              	.LVL158:
 1351              	.L47:
2262:Drivers/STM32F1xx_HAL_Driver/Src/stm32f1xx_ll_usb.c ****       PCD_CLEAR_TX_DTOG(USBx, ep->num);
 1352              		.loc 1 2262 7 view .LVU469
 1353              	.LBB47:
2262:Drivers/STM32F1xx_HAL_Driver/Src/stm32f1xx_ll_usb.c ****       PCD_CLEAR_TX_DTOG(USBx, ep->num);
 1354              		.loc 1 2262 7 view .LVU470
2262:Drivers/STM32F1xx_HAL_Driver/Src/stm32f1xx_ll_usb.c ****       PCD_CLEAR_TX_DTOG(USBx, ep->num);
 1355              		.loc 1 2262 7 view .LVU471
 1356 0138 0A78     		ldrb	r2, [r1]	@ zero_extendqisi2
 1357 013a 30F82230 		ldrh	r3, [r0, r2, lsl #2]
 1358              	.LVL159:
2262:Drivers/STM32F1xx_HAL_Driver/Src/stm32f1xx_ll_usb.c ****       PCD_CLEAR_TX_DTOG(USBx, ep->num);
 1359              		.loc 1 2262 7 view .LVU472
 1360 013e 13F4804F 		tst	r3, #16384
 1361 0142 0CD0     		beq	.L50
2262:Drivers/STM32F1xx_HAL_Driver/Src/stm32f1xx_ll_usb.c ****       PCD_CLEAR_TX_DTOG(USBx, ep->num);
 1362              		.loc 1 2262 7 discriminator 1 view .LVU473
 1363              	.LBB48:
2262:Drivers/STM32F1xx_HAL_Driver/Src/stm32f1xx_ll_usb.c ****       PCD_CLEAR_TX_DTOG(USBx, ep->num);
 1364              		.loc 1 2262 7 discriminator 1 view .LVU474
2262:Drivers/STM32F1xx_HAL_Driver/Src/stm32f1xx_ll_usb.c ****       PCD_CLEAR_TX_DTOG(USBx, ep->num);
 1365              		.loc 1 2262 7 discriminator 1 view .LVU475
 1366 0144 30F82230 		ldrh	r3, [r0, r2, lsl #2]
 1367              	.LVL160:
2262:Drivers/STM32F1xx_HAL_Driver/Src/stm32f1xx_ll_usb.c ****       PCD_CLEAR_TX_DTOG(USBx, ep->num);
 1368              		.loc 1 2262 7 is_stmt 0 discriminator 1 view .LVU476
 1369 0148 9BB2     		uxth	r3, r3
 1370 014a 23F4E043 		bic	r3, r3, #28672
 1371 014e 23F07003 		bic	r3, r3, #112
 1372              	.LVL161:
2262:Drivers/STM32F1xx_HAL_Driver/Src/stm32f1xx_ll_usb.c ****       PCD_CLEAR_TX_DTOG(USBx, ep->num);
 1373              		.loc 1 2262 7 is_stmt 1 view .LVU477
2262:Drivers/STM32F1xx_HAL_Driver/Src/stm32f1xx_ll_usb.c ****       PCD_CLEAR_TX_DTOG(USBx, ep->num);
 1374              		.loc 1 2262 7 is_stmt 0 discriminator 1 view .LVU478
 1375 0152 43F44043 		orr	r3, r3, #49152
 1376              	.LVL162:
2262:Drivers/STM32F1xx_HAL_Driver/Src/stm32f1xx_ll_usb.c ****       PCD_CLEAR_TX_DTOG(USBx, ep->num);
 1377              		.loc 1 2262 7 discriminator 1 view .LVU479
 1378 0156 43F08003 		orr	r3, r3, #128
 1379 015a 20F82230 		strh	r3, [r0, r2, lsl #2]	@ movhi
 1380              	.LVL163:
 1381              	.L50:
2262:Drivers/STM32F1xx_HAL_Driver/Src/stm32f1xx_ll_usb.c ****       PCD_CLEAR_TX_DTOG(USBx, ep->num);
 1382              		.loc 1 2262 7 discriminator 1 view .LVU480
 1383              	.LBE48:
2262:Drivers/STM32F1xx_HAL_Driver/Src/stm32f1xx_ll_usb.c ****       PCD_CLEAR_TX_DTOG(USBx, ep->num);
 1384              		.loc 1 2262 7 is_stmt 1 discriminator 3 view .LVU481
 1385              	.LBE47:
2262:Drivers/STM32F1xx_HAL_Driver/Src/stm32f1xx_ll_usb.c ****       PCD_CLEAR_TX_DTOG(USBx, ep->num);
 1386              		.loc 1 2262 7 discriminator 3 view .LVU482
ARM GAS  C:\Users\jc\AppData\Local\Temp\ccrYs75M.s 			page 68


2263:Drivers/STM32F1xx_HAL_Driver/Src/stm32f1xx_ll_usb.c ****       PCD_RX_DTOG(USBx, ep->num);
 1387              		.loc 1 2263 7 view .LVU483
 1388              	.LBB49:
2263:Drivers/STM32F1xx_HAL_Driver/Src/stm32f1xx_ll_usb.c ****       PCD_RX_DTOG(USBx, ep->num);
 1389              		.loc 1 2263 7 view .LVU484
2263:Drivers/STM32F1xx_HAL_Driver/Src/stm32f1xx_ll_usb.c ****       PCD_RX_DTOG(USBx, ep->num);
 1390              		.loc 1 2263 7 view .LVU485
 1391 015e 0A78     		ldrb	r2, [r1]	@ zero_extendqisi2
 1392 0160 30F82230 		ldrh	r3, [r0, r2, lsl #2]
 1393              	.LVL164:
2263:Drivers/STM32F1xx_HAL_Driver/Src/stm32f1xx_ll_usb.c ****       PCD_RX_DTOG(USBx, ep->num);
 1394              		.loc 1 2263 7 view .LVU486
 1395 0164 13F0400F 		tst	r3, #64
 1396 0168 0CD0     		beq	.L51
2263:Drivers/STM32F1xx_HAL_Driver/Src/stm32f1xx_ll_usb.c ****       PCD_RX_DTOG(USBx, ep->num);
 1397              		.loc 1 2263 7 discriminator 1 view .LVU487
 1398              	.LBB50:
2263:Drivers/STM32F1xx_HAL_Driver/Src/stm32f1xx_ll_usb.c ****       PCD_RX_DTOG(USBx, ep->num);
 1399              		.loc 1 2263 7 discriminator 1 view .LVU488
2263:Drivers/STM32F1xx_HAL_Driver/Src/stm32f1xx_ll_usb.c ****       PCD_RX_DTOG(USBx, ep->num);
 1400              		.loc 1 2263 7 discriminator 1 view .LVU489
 1401 016a 30F82230 		ldrh	r3, [r0, r2, lsl #2]
 1402              	.LVL165:
2263:Drivers/STM32F1xx_HAL_Driver/Src/stm32f1xx_ll_usb.c ****       PCD_RX_DTOG(USBx, ep->num);
 1403              		.loc 1 2263 7 is_stmt 0 discriminator 1 view .LVU490
 1404 016e 9BB2     		uxth	r3, r3
 1405 0170 23F4E043 		bic	r3, r3, #28672
 1406 0174 23F07003 		bic	r3, r3, #112
 1407              	.LVL166:
2263:Drivers/STM32F1xx_HAL_Driver/Src/stm32f1xx_ll_usb.c ****       PCD_RX_DTOG(USBx, ep->num);
 1408              		.loc 1 2263 7 is_stmt 1 view .LVU491
2263:Drivers/STM32F1xx_HAL_Driver/Src/stm32f1xx_ll_usb.c ****       PCD_RX_DTOG(USBx, ep->num);
 1409              		.loc 1 2263 7 is_stmt 0 discriminator 1 view .LVU492
 1410 0178 43F40043 		orr	r3, r3, #32768
 1411              	.LVL167:
2263:Drivers/STM32F1xx_HAL_Driver/Src/stm32f1xx_ll_usb.c ****       PCD_RX_DTOG(USBx, ep->num);
 1412              		.loc 1 2263 7 discriminator 1 view .LVU493
 1413 017c 43F0C003 		orr	r3, r3, #192
 1414 0180 20F82230 		strh	r3, [r0, r2, lsl #2]	@ movhi
 1415              	.LVL168:
 1416              	.L51:
2263:Drivers/STM32F1xx_HAL_Driver/Src/stm32f1xx_ll_usb.c ****       PCD_RX_DTOG(USBx, ep->num);
 1417              		.loc 1 2263 7 discriminator 1 view .LVU494
 1418              	.LBE50:
2263:Drivers/STM32F1xx_HAL_Driver/Src/stm32f1xx_ll_usb.c ****       PCD_RX_DTOG(USBx, ep->num);
 1419              		.loc 1 2263 7 is_stmt 1 discriminator 3 view .LVU495
 1420              	.LBE49:
2263:Drivers/STM32F1xx_HAL_Driver/Src/stm32f1xx_ll_usb.c ****       PCD_RX_DTOG(USBx, ep->num);
 1421              		.loc 1 2263 7 discriminator 3 view .LVU496
2264:Drivers/STM32F1xx_HAL_Driver/Src/stm32f1xx_ll_usb.c **** 
 1422              		.loc 1 2264 7 view .LVU497
 1423              	.LBB51:
2264:Drivers/STM32F1xx_HAL_Driver/Src/stm32f1xx_ll_usb.c **** 
 1424              		.loc 1 2264 7 view .LVU498
2264:Drivers/STM32F1xx_HAL_Driver/Src/stm32f1xx_ll_usb.c **** 
 1425              		.loc 1 2264 7 view .LVU499
 1426 0184 0A78     		ldrb	r2, [r1]	@ zero_extendqisi2
ARM GAS  C:\Users\jc\AppData\Local\Temp\ccrYs75M.s 			page 69


 1427 0186 30F82230 		ldrh	r3, [r0, r2, lsl #2]
 1428 018a 9BB2     		uxth	r3, r3
 1429 018c 23F4E043 		bic	r3, r3, #28672
 1430 0190 23F07003 		bic	r3, r3, #112
 1431              	.LVL169:
2264:Drivers/STM32F1xx_HAL_Driver/Src/stm32f1xx_ll_usb.c **** 
 1432              		.loc 1 2264 7 view .LVU500
 1433 0194 43F44043 		orr	r3, r3, #49152
 1434              	.LVL170:
2264:Drivers/STM32F1xx_HAL_Driver/Src/stm32f1xx_ll_usb.c **** 
 1435              		.loc 1 2264 7 is_stmt 0 view .LVU501
 1436 0198 43F08003 		orr	r3, r3, #128
 1437 019c 20F82230 		strh	r3, [r0, r2, lsl #2]	@ movhi
 1438              	.LBE51:
2264:Drivers/STM32F1xx_HAL_Driver/Src/stm32f1xx_ll_usb.c **** 
 1439              		.loc 1 2264 7 is_stmt 1 view .LVU502
2267:Drivers/STM32F1xx_HAL_Driver/Src/stm32f1xx_ll_usb.c ****       PCD_SET_EP_RX_STATUS(USBx, ep->num, USB_EP_RX_DIS);
 1440              		.loc 1 2267 7 view .LVU503
 1441              	.LBB52:
2267:Drivers/STM32F1xx_HAL_Driver/Src/stm32f1xx_ll_usb.c ****       PCD_SET_EP_RX_STATUS(USBx, ep->num, USB_EP_RX_DIS);
 1442              		.loc 1 2267 7 view .LVU504
2267:Drivers/STM32F1xx_HAL_Driver/Src/stm32f1xx_ll_usb.c ****       PCD_SET_EP_RX_STATUS(USBx, ep->num, USB_EP_RX_DIS);
 1443              		.loc 1 2267 7 view .LVU505
 1444 01a0 0A78     		ldrb	r2, [r1]	@ zero_extendqisi2
 1445 01a2 30F82230 		ldrh	r3, [r0, r2, lsl #2]
 1446 01a6 9BB2     		uxth	r3, r3
 1447 01a8 23F4E043 		bic	r3, r3, #28672
 1448 01ac 23F04003 		bic	r3, r3, #64
 1449              	.LVL171:
2267:Drivers/STM32F1xx_HAL_Driver/Src/stm32f1xx_ll_usb.c ****       PCD_SET_EP_RX_STATUS(USBx, ep->num, USB_EP_RX_DIS);
 1450              		.loc 1 2267 7 view .LVU506
2267:Drivers/STM32F1xx_HAL_Driver/Src/stm32f1xx_ll_usb.c ****       PCD_SET_EP_RX_STATUS(USBx, ep->num, USB_EP_RX_DIS);
 1451              		.loc 1 2267 7 discriminator 3 view .LVU507
2267:Drivers/STM32F1xx_HAL_Driver/Src/stm32f1xx_ll_usb.c ****       PCD_SET_EP_RX_STATUS(USBx, ep->num, USB_EP_RX_DIS);
 1452              		.loc 1 2267 7 discriminator 6 view .LVU508
 1453 01b0 48F2800C 		movw	ip, #32896
 1454 01b4 43EA0C03 		orr	r3, r3, ip
 1455              	.LVL172:
2267:Drivers/STM32F1xx_HAL_Driver/Src/stm32f1xx_ll_usb.c ****       PCD_SET_EP_RX_STATUS(USBx, ep->num, USB_EP_RX_DIS);
 1456              		.loc 1 2267 7 is_stmt 0 discriminator 6 view .LVU509
 1457 01b8 20F82230 		strh	r3, [r0, r2, lsl #2]	@ movhi
 1458              	.LBE52:
2267:Drivers/STM32F1xx_HAL_Driver/Src/stm32f1xx_ll_usb.c ****       PCD_SET_EP_RX_STATUS(USBx, ep->num, USB_EP_RX_DIS);
 1459              		.loc 1 2267 7 is_stmt 1 view .LVU510
2268:Drivers/STM32F1xx_HAL_Driver/Src/stm32f1xx_ll_usb.c ****     }
 1460              		.loc 1 2268 7 view .LVU511
 1461              	.LBB53:
2268:Drivers/STM32F1xx_HAL_Driver/Src/stm32f1xx_ll_usb.c ****     }
 1462              		.loc 1 2268 7 view .LVU512
2268:Drivers/STM32F1xx_HAL_Driver/Src/stm32f1xx_ll_usb.c ****     }
 1463              		.loc 1 2268 7 view .LVU513
 1464 01bc 0A78     		ldrb	r2, [r1]	@ zero_extendqisi2
 1465 01be 30F82230 		ldrh	r3, [r0, r2, lsl #2]
 1466 01c2 9BB2     		uxth	r3, r3
 1467 01c4 23F48043 		bic	r3, r3, #16384
 1468 01c8 23F07003 		bic	r3, r3, #112
 1469              	.LVL173:
ARM GAS  C:\Users\jc\AppData\Local\Temp\ccrYs75M.s 			page 70


2268:Drivers/STM32F1xx_HAL_Driver/Src/stm32f1xx_ll_usb.c ****     }
 1470              		.loc 1 2268 7 view .LVU514
2268:Drivers/STM32F1xx_HAL_Driver/Src/stm32f1xx_ll_usb.c ****     }
 1471              		.loc 1 2268 7 discriminator 3 view .LVU515
2268:Drivers/STM32F1xx_HAL_Driver/Src/stm32f1xx_ll_usb.c ****     }
 1472              		.loc 1 2268 7 discriminator 6 view .LVU516
 1473 01cc 43EA0C03 		orr	r3, r3, ip
 1474              	.LVL174:
2268:Drivers/STM32F1xx_HAL_Driver/Src/stm32f1xx_ll_usb.c ****     }
 1475              		.loc 1 2268 7 is_stmt 0 discriminator 6 view .LVU517
 1476 01d0 20F82230 		strh	r3, [r0, r2, lsl #2]	@ movhi
 1477 01d4 3AE7     		b	.L45
 1478              	.LBE53:
 1479              		.cfi_endproc
 1480              	.LFE73:
 1482              		.section	.text.USB_EPSetStall,"ax",%progbits
 1483              		.align	1
 1484              		.global	USB_EPSetStall
 1485              		.syntax unified
 1486              		.thumb
 1487              		.thumb_func
 1489              	USB_EPSetStall:
 1490              	.LVL175:
 1491              	.LFB75:
2275:Drivers/STM32F1xx_HAL_Driver/Src/stm32f1xx_ll_usb.c **** 
2276:Drivers/STM32F1xx_HAL_Driver/Src/stm32f1xx_ll_usb.c **** /**
2277:Drivers/STM32F1xx_HAL_Driver/Src/stm32f1xx_ll_usb.c ****   * @brief  USB_EPStartXfer setup and starts a transfer over an EP
2278:Drivers/STM32F1xx_HAL_Driver/Src/stm32f1xx_ll_usb.c ****   * @param  USBx Selected device
2279:Drivers/STM32F1xx_HAL_Driver/Src/stm32f1xx_ll_usb.c ****   * @param  ep pointer to endpoint structure
2280:Drivers/STM32F1xx_HAL_Driver/Src/stm32f1xx_ll_usb.c ****   * @retval HAL status
2281:Drivers/STM32F1xx_HAL_Driver/Src/stm32f1xx_ll_usb.c ****   */
2282:Drivers/STM32F1xx_HAL_Driver/Src/stm32f1xx_ll_usb.c **** HAL_StatusTypeDef USB_EPStartXfer(USB_TypeDef *USBx, USB_EPTypeDef *ep)
2283:Drivers/STM32F1xx_HAL_Driver/Src/stm32f1xx_ll_usb.c **** {
2284:Drivers/STM32F1xx_HAL_Driver/Src/stm32f1xx_ll_usb.c ****   uint32_t len;
2285:Drivers/STM32F1xx_HAL_Driver/Src/stm32f1xx_ll_usb.c **** #if (USE_USB_DOUBLE_BUFFER == 1U)
2286:Drivers/STM32F1xx_HAL_Driver/Src/stm32f1xx_ll_usb.c ****   uint16_t pmabuffer;
2287:Drivers/STM32F1xx_HAL_Driver/Src/stm32f1xx_ll_usb.c ****   uint16_t wEPVal;
2288:Drivers/STM32F1xx_HAL_Driver/Src/stm32f1xx_ll_usb.c **** #endif /* (USE_USB_DOUBLE_BUFFER == 1U) */
2289:Drivers/STM32F1xx_HAL_Driver/Src/stm32f1xx_ll_usb.c **** 
2290:Drivers/STM32F1xx_HAL_Driver/Src/stm32f1xx_ll_usb.c ****   /* IN endpoint */
2291:Drivers/STM32F1xx_HAL_Driver/Src/stm32f1xx_ll_usb.c ****   if (ep->is_in == 1U)
2292:Drivers/STM32F1xx_HAL_Driver/Src/stm32f1xx_ll_usb.c ****   {
2293:Drivers/STM32F1xx_HAL_Driver/Src/stm32f1xx_ll_usb.c ****     /*Multi packet transfer*/
2294:Drivers/STM32F1xx_HAL_Driver/Src/stm32f1xx_ll_usb.c ****     if (ep->xfer_len > ep->maxpacket)
2295:Drivers/STM32F1xx_HAL_Driver/Src/stm32f1xx_ll_usb.c ****     {
2296:Drivers/STM32F1xx_HAL_Driver/Src/stm32f1xx_ll_usb.c ****       len = ep->maxpacket;
2297:Drivers/STM32F1xx_HAL_Driver/Src/stm32f1xx_ll_usb.c ****     }
2298:Drivers/STM32F1xx_HAL_Driver/Src/stm32f1xx_ll_usb.c ****     else
2299:Drivers/STM32F1xx_HAL_Driver/Src/stm32f1xx_ll_usb.c ****     {
2300:Drivers/STM32F1xx_HAL_Driver/Src/stm32f1xx_ll_usb.c ****       len = ep->xfer_len;
2301:Drivers/STM32F1xx_HAL_Driver/Src/stm32f1xx_ll_usb.c ****     }
2302:Drivers/STM32F1xx_HAL_Driver/Src/stm32f1xx_ll_usb.c **** 
2303:Drivers/STM32F1xx_HAL_Driver/Src/stm32f1xx_ll_usb.c ****     /* configure and validate Tx endpoint */
2304:Drivers/STM32F1xx_HAL_Driver/Src/stm32f1xx_ll_usb.c ****     if (ep->doublebuffer == 0U)
2305:Drivers/STM32F1xx_HAL_Driver/Src/stm32f1xx_ll_usb.c ****     {
2306:Drivers/STM32F1xx_HAL_Driver/Src/stm32f1xx_ll_usb.c ****       USB_WritePMA(USBx, ep->xfer_buff, ep->pmaadress, (uint16_t)len);
2307:Drivers/STM32F1xx_HAL_Driver/Src/stm32f1xx_ll_usb.c ****       PCD_SET_EP_TX_CNT(USBx, ep->num, len);
ARM GAS  C:\Users\jc\AppData\Local\Temp\ccrYs75M.s 			page 71


2308:Drivers/STM32F1xx_HAL_Driver/Src/stm32f1xx_ll_usb.c ****     }
2309:Drivers/STM32F1xx_HAL_Driver/Src/stm32f1xx_ll_usb.c **** #if (USE_USB_DOUBLE_BUFFER == 1U)
2310:Drivers/STM32F1xx_HAL_Driver/Src/stm32f1xx_ll_usb.c ****     else
2311:Drivers/STM32F1xx_HAL_Driver/Src/stm32f1xx_ll_usb.c ****     {
2312:Drivers/STM32F1xx_HAL_Driver/Src/stm32f1xx_ll_usb.c ****       /* double buffer bulk management */
2313:Drivers/STM32F1xx_HAL_Driver/Src/stm32f1xx_ll_usb.c ****       if (ep->type == EP_TYPE_BULK)
2314:Drivers/STM32F1xx_HAL_Driver/Src/stm32f1xx_ll_usb.c ****       {
2315:Drivers/STM32F1xx_HAL_Driver/Src/stm32f1xx_ll_usb.c ****         if (ep->xfer_len_db > ep->maxpacket)
2316:Drivers/STM32F1xx_HAL_Driver/Src/stm32f1xx_ll_usb.c ****         {
2317:Drivers/STM32F1xx_HAL_Driver/Src/stm32f1xx_ll_usb.c ****           /* enable double buffer */
2318:Drivers/STM32F1xx_HAL_Driver/Src/stm32f1xx_ll_usb.c ****           PCD_SET_BULK_EP_DBUF(USBx, ep->num);
2319:Drivers/STM32F1xx_HAL_Driver/Src/stm32f1xx_ll_usb.c **** 
2320:Drivers/STM32F1xx_HAL_Driver/Src/stm32f1xx_ll_usb.c ****           /* each Time to write in PMA xfer_len_db will */
2321:Drivers/STM32F1xx_HAL_Driver/Src/stm32f1xx_ll_usb.c ****           ep->xfer_len_db -= len;
2322:Drivers/STM32F1xx_HAL_Driver/Src/stm32f1xx_ll_usb.c **** 
2323:Drivers/STM32F1xx_HAL_Driver/Src/stm32f1xx_ll_usb.c ****           /* Fill the two first buffer in the Buffer0 & Buffer1 */
2324:Drivers/STM32F1xx_HAL_Driver/Src/stm32f1xx_ll_usb.c ****           if ((PCD_GET_ENDPOINT(USBx, ep->num) & USB_EP_DTOG_TX) != 0U)
2325:Drivers/STM32F1xx_HAL_Driver/Src/stm32f1xx_ll_usb.c ****           {
2326:Drivers/STM32F1xx_HAL_Driver/Src/stm32f1xx_ll_usb.c ****             /* Set the Double buffer counter for pmabuffer1 */
2327:Drivers/STM32F1xx_HAL_Driver/Src/stm32f1xx_ll_usb.c ****             PCD_SET_EP_DBUF1_CNT(USBx, ep->num, ep->is_in, len);
2328:Drivers/STM32F1xx_HAL_Driver/Src/stm32f1xx_ll_usb.c ****             pmabuffer = ep->pmaaddr1;
2329:Drivers/STM32F1xx_HAL_Driver/Src/stm32f1xx_ll_usb.c **** 
2330:Drivers/STM32F1xx_HAL_Driver/Src/stm32f1xx_ll_usb.c ****             /* Write the user buffer to USB PMA */
2331:Drivers/STM32F1xx_HAL_Driver/Src/stm32f1xx_ll_usb.c ****             USB_WritePMA(USBx, ep->xfer_buff, pmabuffer, (uint16_t)len);
2332:Drivers/STM32F1xx_HAL_Driver/Src/stm32f1xx_ll_usb.c ****             ep->xfer_buff += len;
2333:Drivers/STM32F1xx_HAL_Driver/Src/stm32f1xx_ll_usb.c **** 
2334:Drivers/STM32F1xx_HAL_Driver/Src/stm32f1xx_ll_usb.c ****             if (ep->xfer_len_db > ep->maxpacket)
2335:Drivers/STM32F1xx_HAL_Driver/Src/stm32f1xx_ll_usb.c ****             {
2336:Drivers/STM32F1xx_HAL_Driver/Src/stm32f1xx_ll_usb.c ****               ep->xfer_len_db -= len;
2337:Drivers/STM32F1xx_HAL_Driver/Src/stm32f1xx_ll_usb.c ****             }
2338:Drivers/STM32F1xx_HAL_Driver/Src/stm32f1xx_ll_usb.c ****             else
2339:Drivers/STM32F1xx_HAL_Driver/Src/stm32f1xx_ll_usb.c ****             {
2340:Drivers/STM32F1xx_HAL_Driver/Src/stm32f1xx_ll_usb.c ****               len = ep->xfer_len_db;
2341:Drivers/STM32F1xx_HAL_Driver/Src/stm32f1xx_ll_usb.c ****               ep->xfer_len_db = 0U;
2342:Drivers/STM32F1xx_HAL_Driver/Src/stm32f1xx_ll_usb.c ****             }
2343:Drivers/STM32F1xx_HAL_Driver/Src/stm32f1xx_ll_usb.c **** 
2344:Drivers/STM32F1xx_HAL_Driver/Src/stm32f1xx_ll_usb.c ****             /* Set the Double buffer counter for pmabuffer0 */
2345:Drivers/STM32F1xx_HAL_Driver/Src/stm32f1xx_ll_usb.c ****             PCD_SET_EP_DBUF0_CNT(USBx, ep->num, ep->is_in, len);
2346:Drivers/STM32F1xx_HAL_Driver/Src/stm32f1xx_ll_usb.c ****             pmabuffer = ep->pmaaddr0;
2347:Drivers/STM32F1xx_HAL_Driver/Src/stm32f1xx_ll_usb.c **** 
2348:Drivers/STM32F1xx_HAL_Driver/Src/stm32f1xx_ll_usb.c ****             /* Write the user buffer to USB PMA */
2349:Drivers/STM32F1xx_HAL_Driver/Src/stm32f1xx_ll_usb.c ****             USB_WritePMA(USBx, ep->xfer_buff, pmabuffer, (uint16_t)len);
2350:Drivers/STM32F1xx_HAL_Driver/Src/stm32f1xx_ll_usb.c ****           }
2351:Drivers/STM32F1xx_HAL_Driver/Src/stm32f1xx_ll_usb.c ****           else
2352:Drivers/STM32F1xx_HAL_Driver/Src/stm32f1xx_ll_usb.c ****           {
2353:Drivers/STM32F1xx_HAL_Driver/Src/stm32f1xx_ll_usb.c ****             /* Set the Double buffer counter for pmabuffer0 */
2354:Drivers/STM32F1xx_HAL_Driver/Src/stm32f1xx_ll_usb.c ****             PCD_SET_EP_DBUF0_CNT(USBx, ep->num, ep->is_in, len);
2355:Drivers/STM32F1xx_HAL_Driver/Src/stm32f1xx_ll_usb.c ****             pmabuffer = ep->pmaaddr0;
2356:Drivers/STM32F1xx_HAL_Driver/Src/stm32f1xx_ll_usb.c **** 
2357:Drivers/STM32F1xx_HAL_Driver/Src/stm32f1xx_ll_usb.c ****             /* Write the user buffer to USB PMA */
2358:Drivers/STM32F1xx_HAL_Driver/Src/stm32f1xx_ll_usb.c ****             USB_WritePMA(USBx, ep->xfer_buff, pmabuffer, (uint16_t)len);
2359:Drivers/STM32F1xx_HAL_Driver/Src/stm32f1xx_ll_usb.c ****             ep->xfer_buff += len;
2360:Drivers/STM32F1xx_HAL_Driver/Src/stm32f1xx_ll_usb.c **** 
2361:Drivers/STM32F1xx_HAL_Driver/Src/stm32f1xx_ll_usb.c ****             if (ep->xfer_len_db > ep->maxpacket)
2362:Drivers/STM32F1xx_HAL_Driver/Src/stm32f1xx_ll_usb.c ****             {
2363:Drivers/STM32F1xx_HAL_Driver/Src/stm32f1xx_ll_usb.c ****               ep->xfer_len_db -= len;
2364:Drivers/STM32F1xx_HAL_Driver/Src/stm32f1xx_ll_usb.c ****             }
ARM GAS  C:\Users\jc\AppData\Local\Temp\ccrYs75M.s 			page 72


2365:Drivers/STM32F1xx_HAL_Driver/Src/stm32f1xx_ll_usb.c ****             else
2366:Drivers/STM32F1xx_HAL_Driver/Src/stm32f1xx_ll_usb.c ****             {
2367:Drivers/STM32F1xx_HAL_Driver/Src/stm32f1xx_ll_usb.c ****               len = ep->xfer_len_db;
2368:Drivers/STM32F1xx_HAL_Driver/Src/stm32f1xx_ll_usb.c ****               ep->xfer_len_db = 0U;
2369:Drivers/STM32F1xx_HAL_Driver/Src/stm32f1xx_ll_usb.c ****             }
2370:Drivers/STM32F1xx_HAL_Driver/Src/stm32f1xx_ll_usb.c **** 
2371:Drivers/STM32F1xx_HAL_Driver/Src/stm32f1xx_ll_usb.c ****             /* Set the Double buffer counter for pmabuffer1 */
2372:Drivers/STM32F1xx_HAL_Driver/Src/stm32f1xx_ll_usb.c ****             PCD_SET_EP_DBUF1_CNT(USBx, ep->num, ep->is_in, len);
2373:Drivers/STM32F1xx_HAL_Driver/Src/stm32f1xx_ll_usb.c ****             pmabuffer = ep->pmaaddr1;
2374:Drivers/STM32F1xx_HAL_Driver/Src/stm32f1xx_ll_usb.c **** 
2375:Drivers/STM32F1xx_HAL_Driver/Src/stm32f1xx_ll_usb.c ****             /* Write the user buffer to USB PMA */
2376:Drivers/STM32F1xx_HAL_Driver/Src/stm32f1xx_ll_usb.c ****             USB_WritePMA(USBx, ep->xfer_buff, pmabuffer, (uint16_t)len);
2377:Drivers/STM32F1xx_HAL_Driver/Src/stm32f1xx_ll_usb.c ****           }
2378:Drivers/STM32F1xx_HAL_Driver/Src/stm32f1xx_ll_usb.c ****         }
2379:Drivers/STM32F1xx_HAL_Driver/Src/stm32f1xx_ll_usb.c ****         /* auto Switch to single buffer mode when transfer <Mps no need to manage in double buffer 
2380:Drivers/STM32F1xx_HAL_Driver/Src/stm32f1xx_ll_usb.c ****         else
2381:Drivers/STM32F1xx_HAL_Driver/Src/stm32f1xx_ll_usb.c ****         {
2382:Drivers/STM32F1xx_HAL_Driver/Src/stm32f1xx_ll_usb.c ****           len = ep->xfer_len_db;
2383:Drivers/STM32F1xx_HAL_Driver/Src/stm32f1xx_ll_usb.c **** 
2384:Drivers/STM32F1xx_HAL_Driver/Src/stm32f1xx_ll_usb.c ****           /* disable double buffer mode for Bulk endpoint */
2385:Drivers/STM32F1xx_HAL_Driver/Src/stm32f1xx_ll_usb.c ****           PCD_CLEAR_BULK_EP_DBUF(USBx, ep->num);
2386:Drivers/STM32F1xx_HAL_Driver/Src/stm32f1xx_ll_usb.c **** 
2387:Drivers/STM32F1xx_HAL_Driver/Src/stm32f1xx_ll_usb.c ****           /* Set Tx count with nbre of byte to be transmitted */
2388:Drivers/STM32F1xx_HAL_Driver/Src/stm32f1xx_ll_usb.c ****           PCD_SET_EP_TX_CNT(USBx, ep->num, len);
2389:Drivers/STM32F1xx_HAL_Driver/Src/stm32f1xx_ll_usb.c ****           pmabuffer = ep->pmaaddr0;
2390:Drivers/STM32F1xx_HAL_Driver/Src/stm32f1xx_ll_usb.c **** 
2391:Drivers/STM32F1xx_HAL_Driver/Src/stm32f1xx_ll_usb.c ****           /* Write the user buffer to USB PMA */
2392:Drivers/STM32F1xx_HAL_Driver/Src/stm32f1xx_ll_usb.c ****           USB_WritePMA(USBx, ep->xfer_buff, pmabuffer, (uint16_t)len);
2393:Drivers/STM32F1xx_HAL_Driver/Src/stm32f1xx_ll_usb.c ****         }
2394:Drivers/STM32F1xx_HAL_Driver/Src/stm32f1xx_ll_usb.c ****       }
2395:Drivers/STM32F1xx_HAL_Driver/Src/stm32f1xx_ll_usb.c ****       else /* manage isochronous double buffer IN mode */
2396:Drivers/STM32F1xx_HAL_Driver/Src/stm32f1xx_ll_usb.c ****       {
2397:Drivers/STM32F1xx_HAL_Driver/Src/stm32f1xx_ll_usb.c ****         /* each Time to write in PMA xfer_len_db will */
2398:Drivers/STM32F1xx_HAL_Driver/Src/stm32f1xx_ll_usb.c ****         ep->xfer_len_db -= len;
2399:Drivers/STM32F1xx_HAL_Driver/Src/stm32f1xx_ll_usb.c **** 
2400:Drivers/STM32F1xx_HAL_Driver/Src/stm32f1xx_ll_usb.c ****         /* Fill the data buffer */
2401:Drivers/STM32F1xx_HAL_Driver/Src/stm32f1xx_ll_usb.c ****         if ((PCD_GET_ENDPOINT(USBx, ep->num) & USB_EP_DTOG_TX) != 0U)
2402:Drivers/STM32F1xx_HAL_Driver/Src/stm32f1xx_ll_usb.c ****         {
2403:Drivers/STM32F1xx_HAL_Driver/Src/stm32f1xx_ll_usb.c ****           /* Set the Double buffer counter for pmabuffer1 */
2404:Drivers/STM32F1xx_HAL_Driver/Src/stm32f1xx_ll_usb.c ****           PCD_SET_EP_DBUF1_CNT(USBx, ep->num, ep->is_in, len);
2405:Drivers/STM32F1xx_HAL_Driver/Src/stm32f1xx_ll_usb.c ****           pmabuffer = ep->pmaaddr1;
2406:Drivers/STM32F1xx_HAL_Driver/Src/stm32f1xx_ll_usb.c **** 
2407:Drivers/STM32F1xx_HAL_Driver/Src/stm32f1xx_ll_usb.c ****           /* Write the user buffer to USB PMA */
2408:Drivers/STM32F1xx_HAL_Driver/Src/stm32f1xx_ll_usb.c ****           USB_WritePMA(USBx, ep->xfer_buff, pmabuffer, (uint16_t)len);
2409:Drivers/STM32F1xx_HAL_Driver/Src/stm32f1xx_ll_usb.c ****         }
2410:Drivers/STM32F1xx_HAL_Driver/Src/stm32f1xx_ll_usb.c ****         else
2411:Drivers/STM32F1xx_HAL_Driver/Src/stm32f1xx_ll_usb.c ****         {
2412:Drivers/STM32F1xx_HAL_Driver/Src/stm32f1xx_ll_usb.c ****           /* Set the Double buffer counter for pmabuffer0 */
2413:Drivers/STM32F1xx_HAL_Driver/Src/stm32f1xx_ll_usb.c ****           PCD_SET_EP_DBUF0_CNT(USBx, ep->num, ep->is_in, len);
2414:Drivers/STM32F1xx_HAL_Driver/Src/stm32f1xx_ll_usb.c ****           pmabuffer = ep->pmaaddr0;
2415:Drivers/STM32F1xx_HAL_Driver/Src/stm32f1xx_ll_usb.c **** 
2416:Drivers/STM32F1xx_HAL_Driver/Src/stm32f1xx_ll_usb.c ****           /* Write the user buffer to USB PMA */
2417:Drivers/STM32F1xx_HAL_Driver/Src/stm32f1xx_ll_usb.c ****           USB_WritePMA(USBx, ep->xfer_buff, pmabuffer, (uint16_t)len);
2418:Drivers/STM32F1xx_HAL_Driver/Src/stm32f1xx_ll_usb.c ****         }
2419:Drivers/STM32F1xx_HAL_Driver/Src/stm32f1xx_ll_usb.c ****       }
2420:Drivers/STM32F1xx_HAL_Driver/Src/stm32f1xx_ll_usb.c ****     }
2421:Drivers/STM32F1xx_HAL_Driver/Src/stm32f1xx_ll_usb.c **** #endif /* (USE_USB_DOUBLE_BUFFER == 1U) */
ARM GAS  C:\Users\jc\AppData\Local\Temp\ccrYs75M.s 			page 73


2422:Drivers/STM32F1xx_HAL_Driver/Src/stm32f1xx_ll_usb.c **** 
2423:Drivers/STM32F1xx_HAL_Driver/Src/stm32f1xx_ll_usb.c ****     PCD_SET_EP_TX_STATUS(USBx, ep->num, USB_EP_TX_VALID);
2424:Drivers/STM32F1xx_HAL_Driver/Src/stm32f1xx_ll_usb.c ****   }
2425:Drivers/STM32F1xx_HAL_Driver/Src/stm32f1xx_ll_usb.c ****   else /* OUT endpoint */
2426:Drivers/STM32F1xx_HAL_Driver/Src/stm32f1xx_ll_usb.c ****   {
2427:Drivers/STM32F1xx_HAL_Driver/Src/stm32f1xx_ll_usb.c ****     if (ep->doublebuffer == 0U)
2428:Drivers/STM32F1xx_HAL_Driver/Src/stm32f1xx_ll_usb.c ****     {
2429:Drivers/STM32F1xx_HAL_Driver/Src/stm32f1xx_ll_usb.c ****       /* Multi packet transfer */
2430:Drivers/STM32F1xx_HAL_Driver/Src/stm32f1xx_ll_usb.c ****       if (ep->xfer_len > ep->maxpacket)
2431:Drivers/STM32F1xx_HAL_Driver/Src/stm32f1xx_ll_usb.c ****       {
2432:Drivers/STM32F1xx_HAL_Driver/Src/stm32f1xx_ll_usb.c ****         len = ep->maxpacket;
2433:Drivers/STM32F1xx_HAL_Driver/Src/stm32f1xx_ll_usb.c ****         ep->xfer_len -= len;
2434:Drivers/STM32F1xx_HAL_Driver/Src/stm32f1xx_ll_usb.c ****       }
2435:Drivers/STM32F1xx_HAL_Driver/Src/stm32f1xx_ll_usb.c ****       else
2436:Drivers/STM32F1xx_HAL_Driver/Src/stm32f1xx_ll_usb.c ****       {
2437:Drivers/STM32F1xx_HAL_Driver/Src/stm32f1xx_ll_usb.c ****         len = ep->xfer_len;
2438:Drivers/STM32F1xx_HAL_Driver/Src/stm32f1xx_ll_usb.c ****         ep->xfer_len = 0U;
2439:Drivers/STM32F1xx_HAL_Driver/Src/stm32f1xx_ll_usb.c ****       }
2440:Drivers/STM32F1xx_HAL_Driver/Src/stm32f1xx_ll_usb.c ****       /* configure and validate Rx endpoint */
2441:Drivers/STM32F1xx_HAL_Driver/Src/stm32f1xx_ll_usb.c ****       PCD_SET_EP_RX_CNT(USBx, ep->num, len);
2442:Drivers/STM32F1xx_HAL_Driver/Src/stm32f1xx_ll_usb.c ****     }
2443:Drivers/STM32F1xx_HAL_Driver/Src/stm32f1xx_ll_usb.c **** #if (USE_USB_DOUBLE_BUFFER == 1U)
2444:Drivers/STM32F1xx_HAL_Driver/Src/stm32f1xx_ll_usb.c ****     else
2445:Drivers/STM32F1xx_HAL_Driver/Src/stm32f1xx_ll_usb.c ****     {
2446:Drivers/STM32F1xx_HAL_Driver/Src/stm32f1xx_ll_usb.c ****       /* First Transfer Coming From HAL_PCD_EP_Receive & From ISR */
2447:Drivers/STM32F1xx_HAL_Driver/Src/stm32f1xx_ll_usb.c ****       /* Set the Double buffer counter */
2448:Drivers/STM32F1xx_HAL_Driver/Src/stm32f1xx_ll_usb.c ****       if (ep->type == EP_TYPE_BULK)
2449:Drivers/STM32F1xx_HAL_Driver/Src/stm32f1xx_ll_usb.c ****       {
2450:Drivers/STM32F1xx_HAL_Driver/Src/stm32f1xx_ll_usb.c ****         PCD_SET_EP_DBUF_CNT(USBx, ep->num, ep->is_in, ep->maxpacket);
2451:Drivers/STM32F1xx_HAL_Driver/Src/stm32f1xx_ll_usb.c **** 
2452:Drivers/STM32F1xx_HAL_Driver/Src/stm32f1xx_ll_usb.c ****         /* Coming from ISR */
2453:Drivers/STM32F1xx_HAL_Driver/Src/stm32f1xx_ll_usb.c ****         if (ep->xfer_count != 0U)
2454:Drivers/STM32F1xx_HAL_Driver/Src/stm32f1xx_ll_usb.c ****         {
2455:Drivers/STM32F1xx_HAL_Driver/Src/stm32f1xx_ll_usb.c ****           /* update last value to check if there is blocking state */
2456:Drivers/STM32F1xx_HAL_Driver/Src/stm32f1xx_ll_usb.c ****           wEPVal = PCD_GET_ENDPOINT(USBx, ep->num);
2457:Drivers/STM32F1xx_HAL_Driver/Src/stm32f1xx_ll_usb.c **** 
2458:Drivers/STM32F1xx_HAL_Driver/Src/stm32f1xx_ll_usb.c ****           /*Blocking State */
2459:Drivers/STM32F1xx_HAL_Driver/Src/stm32f1xx_ll_usb.c ****           if ((((wEPVal & USB_EP_DTOG_RX) != 0U) && ((wEPVal & USB_EP_DTOG_TX) != 0U)) ||
2460:Drivers/STM32F1xx_HAL_Driver/Src/stm32f1xx_ll_usb.c ****               (((wEPVal & USB_EP_DTOG_RX) == 0U) && ((wEPVal & USB_EP_DTOG_TX) == 0U)))
2461:Drivers/STM32F1xx_HAL_Driver/Src/stm32f1xx_ll_usb.c ****           {
2462:Drivers/STM32F1xx_HAL_Driver/Src/stm32f1xx_ll_usb.c ****             PCD_FREE_USER_BUFFER(USBx, ep->num, 0U);
2463:Drivers/STM32F1xx_HAL_Driver/Src/stm32f1xx_ll_usb.c ****           }
2464:Drivers/STM32F1xx_HAL_Driver/Src/stm32f1xx_ll_usb.c ****         }
2465:Drivers/STM32F1xx_HAL_Driver/Src/stm32f1xx_ll_usb.c ****       }
2466:Drivers/STM32F1xx_HAL_Driver/Src/stm32f1xx_ll_usb.c ****       /* iso out double */
2467:Drivers/STM32F1xx_HAL_Driver/Src/stm32f1xx_ll_usb.c ****       else if (ep->type == EP_TYPE_ISOC)
2468:Drivers/STM32F1xx_HAL_Driver/Src/stm32f1xx_ll_usb.c ****       {
2469:Drivers/STM32F1xx_HAL_Driver/Src/stm32f1xx_ll_usb.c ****         /* Multi packet transfer */
2470:Drivers/STM32F1xx_HAL_Driver/Src/stm32f1xx_ll_usb.c ****         if (ep->xfer_len > ep->maxpacket)
2471:Drivers/STM32F1xx_HAL_Driver/Src/stm32f1xx_ll_usb.c ****         {
2472:Drivers/STM32F1xx_HAL_Driver/Src/stm32f1xx_ll_usb.c ****           len = ep->maxpacket;
2473:Drivers/STM32F1xx_HAL_Driver/Src/stm32f1xx_ll_usb.c ****           ep->xfer_len -= len;
2474:Drivers/STM32F1xx_HAL_Driver/Src/stm32f1xx_ll_usb.c ****         }
2475:Drivers/STM32F1xx_HAL_Driver/Src/stm32f1xx_ll_usb.c ****         else
2476:Drivers/STM32F1xx_HAL_Driver/Src/stm32f1xx_ll_usb.c ****         {
2477:Drivers/STM32F1xx_HAL_Driver/Src/stm32f1xx_ll_usb.c ****           len = ep->xfer_len;
2478:Drivers/STM32F1xx_HAL_Driver/Src/stm32f1xx_ll_usb.c ****           ep->xfer_len = 0U;
ARM GAS  C:\Users\jc\AppData\Local\Temp\ccrYs75M.s 			page 74


2479:Drivers/STM32F1xx_HAL_Driver/Src/stm32f1xx_ll_usb.c ****         }
2480:Drivers/STM32F1xx_HAL_Driver/Src/stm32f1xx_ll_usb.c ****         PCD_SET_EP_DBUF_CNT(USBx, ep->num, ep->is_in, len);
2481:Drivers/STM32F1xx_HAL_Driver/Src/stm32f1xx_ll_usb.c ****       }
2482:Drivers/STM32F1xx_HAL_Driver/Src/stm32f1xx_ll_usb.c ****       else
2483:Drivers/STM32F1xx_HAL_Driver/Src/stm32f1xx_ll_usb.c ****       {
2484:Drivers/STM32F1xx_HAL_Driver/Src/stm32f1xx_ll_usb.c ****         return HAL_ERROR;
2485:Drivers/STM32F1xx_HAL_Driver/Src/stm32f1xx_ll_usb.c ****       }
2486:Drivers/STM32F1xx_HAL_Driver/Src/stm32f1xx_ll_usb.c ****     }
2487:Drivers/STM32F1xx_HAL_Driver/Src/stm32f1xx_ll_usb.c **** #endif /* (USE_USB_DOUBLE_BUFFER == 1U) */
2488:Drivers/STM32F1xx_HAL_Driver/Src/stm32f1xx_ll_usb.c **** 
2489:Drivers/STM32F1xx_HAL_Driver/Src/stm32f1xx_ll_usb.c ****     PCD_SET_EP_RX_STATUS(USBx, ep->num, USB_EP_RX_VALID);
2490:Drivers/STM32F1xx_HAL_Driver/Src/stm32f1xx_ll_usb.c ****   }
2491:Drivers/STM32F1xx_HAL_Driver/Src/stm32f1xx_ll_usb.c **** 
2492:Drivers/STM32F1xx_HAL_Driver/Src/stm32f1xx_ll_usb.c ****   return HAL_OK;
2493:Drivers/STM32F1xx_HAL_Driver/Src/stm32f1xx_ll_usb.c **** }
2494:Drivers/STM32F1xx_HAL_Driver/Src/stm32f1xx_ll_usb.c **** 
2495:Drivers/STM32F1xx_HAL_Driver/Src/stm32f1xx_ll_usb.c **** 
2496:Drivers/STM32F1xx_HAL_Driver/Src/stm32f1xx_ll_usb.c **** /**
2497:Drivers/STM32F1xx_HAL_Driver/Src/stm32f1xx_ll_usb.c ****   * @brief  USB_EPSetStall set a stall condition over an EP
2498:Drivers/STM32F1xx_HAL_Driver/Src/stm32f1xx_ll_usb.c ****   * @param  USBx Selected device
2499:Drivers/STM32F1xx_HAL_Driver/Src/stm32f1xx_ll_usb.c ****   * @param  ep pointer to endpoint structure
2500:Drivers/STM32F1xx_HAL_Driver/Src/stm32f1xx_ll_usb.c ****   * @retval HAL status
2501:Drivers/STM32F1xx_HAL_Driver/Src/stm32f1xx_ll_usb.c ****   */
2502:Drivers/STM32F1xx_HAL_Driver/Src/stm32f1xx_ll_usb.c **** HAL_StatusTypeDef USB_EPSetStall(USB_TypeDef *USBx, USB_EPTypeDef *ep)
2503:Drivers/STM32F1xx_HAL_Driver/Src/stm32f1xx_ll_usb.c **** {
 1492              		.loc 1 2503 1 is_stmt 1 view -0
 1493              		.cfi_startproc
 1494              		@ args = 0, pretend = 0, frame = 0
 1495              		@ frame_needed = 0, uses_anonymous_args = 0
 1496              		@ link register save eliminated.
2504:Drivers/STM32F1xx_HAL_Driver/Src/stm32f1xx_ll_usb.c ****   if (ep->is_in != 0U)
 1497              		.loc 1 2504 3 view .LVU519
 1498              		.loc 1 2504 9 is_stmt 0 view .LVU520
 1499 0000 4B78     		ldrb	r3, [r1, #1]	@ zero_extendqisi2
 1500              		.loc 1 2504 6 view .LVU521
 1501 0002 8BB1     		cbz	r3, .L53
2505:Drivers/STM32F1xx_HAL_Driver/Src/stm32f1xx_ll_usb.c ****   {
2506:Drivers/STM32F1xx_HAL_Driver/Src/stm32f1xx_ll_usb.c ****     PCD_SET_EP_TX_STATUS(USBx, ep->num, USB_EP_TX_STALL);
 1502              		.loc 1 2506 5 is_stmt 1 view .LVU522
 1503              	.LBB54:
 1504              		.loc 1 2506 5 view .LVU523
 1505              		.loc 1 2506 5 view .LVU524
 1506 0004 0A78     		ldrb	r2, [r1]	@ zero_extendqisi2
 1507 0006 30F82230 		ldrh	r3, [r0, r2, lsl #2]
 1508 000a 9BB2     		uxth	r3, r3
 1509 000c 23F4E043 		bic	r3, r3, #28672
 1510 0010 23F04003 		bic	r3, r3, #64
 1511              	.LVL176:
 1512              		.loc 1 2506 5 view .LVU525
 1513              		.loc 1 2506 5 discriminator 1 view .LVU526
 1514 0014 83F01003 		eor	r3, r3, #16
 1515              	.LVL177:
 1516              		.loc 1 2506 5 discriminator 3 view .LVU527
 1517              		.loc 1 2506 5 discriminator 6 view .LVU528
 1518 0018 43F40043 		orr	r3, r3, #32768
 1519              	.LVL178:
 1520              		.loc 1 2506 5 is_stmt 0 discriminator 6 view .LVU529
ARM GAS  C:\Users\jc\AppData\Local\Temp\ccrYs75M.s 			page 75


 1521 001c 43F08003 		orr	r3, r3, #128
 1522 0020 20F82230 		strh	r3, [r0, r2, lsl #2]	@ movhi
 1523              	.LBE54:
 1524              		.loc 1 2506 5 is_stmt 1 view .LVU530
 1525              	.LVL179:
 1526              	.L54:
2507:Drivers/STM32F1xx_HAL_Driver/Src/stm32f1xx_ll_usb.c ****   }
2508:Drivers/STM32F1xx_HAL_Driver/Src/stm32f1xx_ll_usb.c ****   else
2509:Drivers/STM32F1xx_HAL_Driver/Src/stm32f1xx_ll_usb.c ****   {
2510:Drivers/STM32F1xx_HAL_Driver/Src/stm32f1xx_ll_usb.c ****     PCD_SET_EP_RX_STATUS(USBx, ep->num, USB_EP_RX_STALL);
 1527              		.loc 1 2510 5 discriminator 7 view .LVU531
2511:Drivers/STM32F1xx_HAL_Driver/Src/stm32f1xx_ll_usb.c ****   }
2512:Drivers/STM32F1xx_HAL_Driver/Src/stm32f1xx_ll_usb.c **** 
2513:Drivers/STM32F1xx_HAL_Driver/Src/stm32f1xx_ll_usb.c ****   return HAL_OK;
 1528              		.loc 1 2513 3 view .LVU532
2514:Drivers/STM32F1xx_HAL_Driver/Src/stm32f1xx_ll_usb.c **** }
 1529              		.loc 1 2514 1 is_stmt 0 view .LVU533
 1530 0024 0020     		movs	r0, #0
 1531              	.LVL180:
 1532              		.loc 1 2514 1 view .LVU534
 1533 0026 7047     		bx	lr
 1534              	.LVL181:
 1535              	.L53:
2510:Drivers/STM32F1xx_HAL_Driver/Src/stm32f1xx_ll_usb.c ****   }
 1536              		.loc 1 2510 5 is_stmt 1 view .LVU535
 1537              	.LBB55:
2510:Drivers/STM32F1xx_HAL_Driver/Src/stm32f1xx_ll_usb.c ****   }
 1538              		.loc 1 2510 5 view .LVU536
2510:Drivers/STM32F1xx_HAL_Driver/Src/stm32f1xx_ll_usb.c ****   }
 1539              		.loc 1 2510 5 view .LVU537
 1540 0028 0A78     		ldrb	r2, [r1]	@ zero_extendqisi2
 1541 002a 30F82230 		ldrh	r3, [r0, r2, lsl #2]
 1542 002e 9BB2     		uxth	r3, r3
 1543 0030 23F48043 		bic	r3, r3, #16384
 1544 0034 23F07003 		bic	r3, r3, #112
 1545              	.LVL182:
2510:Drivers/STM32F1xx_HAL_Driver/Src/stm32f1xx_ll_usb.c ****   }
 1546              		.loc 1 2510 5 view .LVU538
2510:Drivers/STM32F1xx_HAL_Driver/Src/stm32f1xx_ll_usb.c ****   }
 1547              		.loc 1 2510 5 discriminator 1 view .LVU539
 1548 0038 83F48053 		eor	r3, r3, #4096
 1549              	.LVL183:
2510:Drivers/STM32F1xx_HAL_Driver/Src/stm32f1xx_ll_usb.c ****   }
 1550              		.loc 1 2510 5 discriminator 3 view .LVU540
2510:Drivers/STM32F1xx_HAL_Driver/Src/stm32f1xx_ll_usb.c ****   }
 1551              		.loc 1 2510 5 discriminator 6 view .LVU541
 1552 003c 43F40043 		orr	r3, r3, #32768
 1553              	.LVL184:
2510:Drivers/STM32F1xx_HAL_Driver/Src/stm32f1xx_ll_usb.c ****   }
 1554              		.loc 1 2510 5 is_stmt 0 discriminator 6 view .LVU542
 1555 0040 43F08003 		orr	r3, r3, #128
 1556 0044 20F82230 		strh	r3, [r0, r2, lsl #2]	@ movhi
 1557 0048 ECE7     		b	.L54
 1558              	.LBE55:
 1559              		.cfi_endproc
 1560              	.LFE75:
 1562              		.section	.text.USB_EPClearStall,"ax",%progbits
ARM GAS  C:\Users\jc\AppData\Local\Temp\ccrYs75M.s 			page 76


 1563              		.align	1
 1564              		.global	USB_EPClearStall
 1565              		.syntax unified
 1566              		.thumb
 1567              		.thumb_func
 1569              	USB_EPClearStall:
 1570              	.LVL185:
 1571              	.LFB76:
2515:Drivers/STM32F1xx_HAL_Driver/Src/stm32f1xx_ll_usb.c **** 
2516:Drivers/STM32F1xx_HAL_Driver/Src/stm32f1xx_ll_usb.c **** /**
2517:Drivers/STM32F1xx_HAL_Driver/Src/stm32f1xx_ll_usb.c ****   * @brief  USB_EPClearStall Clear a stall condition over an EP
2518:Drivers/STM32F1xx_HAL_Driver/Src/stm32f1xx_ll_usb.c ****   * @param  USBx Selected device
2519:Drivers/STM32F1xx_HAL_Driver/Src/stm32f1xx_ll_usb.c ****   * @param  ep pointer to endpoint structure
2520:Drivers/STM32F1xx_HAL_Driver/Src/stm32f1xx_ll_usb.c ****   * @retval HAL status
2521:Drivers/STM32F1xx_HAL_Driver/Src/stm32f1xx_ll_usb.c ****   */
2522:Drivers/STM32F1xx_HAL_Driver/Src/stm32f1xx_ll_usb.c **** HAL_StatusTypeDef USB_EPClearStall(USB_TypeDef *USBx, USB_EPTypeDef *ep)
2523:Drivers/STM32F1xx_HAL_Driver/Src/stm32f1xx_ll_usb.c **** {
 1572              		.loc 1 2523 1 is_stmt 1 view -0
 1573              		.cfi_startproc
 1574              		@ args = 0, pretend = 0, frame = 0
 1575              		@ frame_needed = 0, uses_anonymous_args = 0
 1576              		@ link register save eliminated.
2524:Drivers/STM32F1xx_HAL_Driver/Src/stm32f1xx_ll_usb.c ****   if (ep->doublebuffer == 0U)
 1577              		.loc 1 2524 3 view .LVU544
 1578              		.loc 1 2524 9 is_stmt 0 view .LVU545
 1579 0000 0B7B     		ldrb	r3, [r1, #12]	@ zero_extendqisi2
 1580              		.loc 1 2524 6 view .LVU546
 1581 0002 002B     		cmp	r3, #0
 1582 0004 4BD1     		bne	.L56
2525:Drivers/STM32F1xx_HAL_Driver/Src/stm32f1xx_ll_usb.c ****   {
2526:Drivers/STM32F1xx_HAL_Driver/Src/stm32f1xx_ll_usb.c ****     if (ep->is_in != 0U)
 1583              		.loc 1 2526 5 is_stmt 1 view .LVU547
 1584              		.loc 1 2526 11 is_stmt 0 view .LVU548
 1585 0006 4B78     		ldrb	r3, [r1, #1]	@ zero_extendqisi2
 1586              		.loc 1 2526 8 view .LVU549
 1587 0008 33B3     		cbz	r3, .L57
2527:Drivers/STM32F1xx_HAL_Driver/Src/stm32f1xx_ll_usb.c ****     {
2528:Drivers/STM32F1xx_HAL_Driver/Src/stm32f1xx_ll_usb.c ****       PCD_CLEAR_TX_DTOG(USBx, ep->num);
 1588              		.loc 1 2528 7 is_stmt 1 view .LVU550
 1589              	.LBB56:
 1590              		.loc 1 2528 7 view .LVU551
 1591              		.loc 1 2528 7 view .LVU552
 1592 000a 0A78     		ldrb	r2, [r1]	@ zero_extendqisi2
 1593 000c 30F82230 		ldrh	r3, [r0, r2, lsl #2]
 1594              	.LVL186:
 1595              		.loc 1 2528 7 view .LVU553
 1596 0010 13F0400F 		tst	r3, #64
 1597 0014 0CD0     		beq	.L58
 1598              		.loc 1 2528 7 discriminator 1 view .LVU554
 1599              	.LBB57:
 1600              		.loc 1 2528 7 discriminator 1 view .LVU555
 1601              		.loc 1 2528 7 discriminator 1 view .LVU556
 1602 0016 30F82230 		ldrh	r3, [r0, r2, lsl #2]
 1603              	.LVL187:
 1604              		.loc 1 2528 7 is_stmt 0 discriminator 1 view .LVU557
 1605 001a 9BB2     		uxth	r3, r3
 1606 001c 23F4E043 		bic	r3, r3, #28672
ARM GAS  C:\Users\jc\AppData\Local\Temp\ccrYs75M.s 			page 77


 1607 0020 23F07003 		bic	r3, r3, #112
 1608              	.LVL188:
 1609              		.loc 1 2528 7 is_stmt 1 view .LVU558
 1610              		.loc 1 2528 7 is_stmt 0 discriminator 1 view .LVU559
 1611 0024 43F40043 		orr	r3, r3, #32768
 1612              	.LVL189:
 1613              		.loc 1 2528 7 discriminator 1 view .LVU560
 1614 0028 43F0C003 		orr	r3, r3, #192
 1615 002c 20F82230 		strh	r3, [r0, r2, lsl #2]	@ movhi
 1616              	.LVL190:
 1617              	.L58:
 1618              		.loc 1 2528 7 discriminator 1 view .LVU561
 1619              	.LBE57:
 1620              		.loc 1 2528 7 is_stmt 1 discriminator 3 view .LVU562
 1621              	.LBE56:
 1622              		.loc 1 2528 7 discriminator 3 view .LVU563
2529:Drivers/STM32F1xx_HAL_Driver/Src/stm32f1xx_ll_usb.c **** 
2530:Drivers/STM32F1xx_HAL_Driver/Src/stm32f1xx_ll_usb.c ****       if (ep->type != EP_TYPE_ISOC)
 1623              		.loc 1 2530 7 view .LVU564
 1624              		.loc 1 2530 13 is_stmt 0 view .LVU565
 1625 0030 CB78     		ldrb	r3, [r1, #3]	@ zero_extendqisi2
 1626              		.loc 1 2530 10 view .LVU566
 1627 0032 012B     		cmp	r3, #1
 1628 0034 33D0     		beq	.L56
2531:Drivers/STM32F1xx_HAL_Driver/Src/stm32f1xx_ll_usb.c ****       {
2532:Drivers/STM32F1xx_HAL_Driver/Src/stm32f1xx_ll_usb.c ****         /* Configure NAK status for the Endpoint */
2533:Drivers/STM32F1xx_HAL_Driver/Src/stm32f1xx_ll_usb.c ****         PCD_SET_EP_TX_STATUS(USBx, ep->num, USB_EP_TX_NAK);
 1629              		.loc 1 2533 9 is_stmt 1 view .LVU567
 1630              	.LBB58:
 1631              		.loc 1 2533 9 view .LVU568
 1632              		.loc 1 2533 9 view .LVU569
 1633 0036 0A78     		ldrb	r2, [r1]	@ zero_extendqisi2
 1634 0038 30F82230 		ldrh	r3, [r0, r2, lsl #2]
 1635 003c 9BB2     		uxth	r3, r3
 1636 003e 23F4E043 		bic	r3, r3, #28672
 1637 0042 23F04003 		bic	r3, r3, #64
 1638              	.LVL191:
 1639              		.loc 1 2533 9 view .LVU570
 1640              		.loc 1 2533 9 discriminator 3 view .LVU571
 1641              		.loc 1 2533 9 discriminator 4 view .LVU572
 1642 0046 83F02003 		eor	r3, r3, #32
 1643              	.LVL192:
 1644              		.loc 1 2533 9 discriminator 6 view .LVU573
 1645 004a 43F40043 		orr	r3, r3, #32768
 1646              	.LVL193:
 1647              		.loc 1 2533 9 is_stmt 0 discriminator 6 view .LVU574
 1648 004e 43F08003 		orr	r3, r3, #128
 1649 0052 20F82230 		strh	r3, [r0, r2, lsl #2]	@ movhi
 1650 0056 22E0     		b	.L56
 1651              	.LVL194:
 1652              	.L57:
 1653              		.loc 1 2533 9 discriminator 6 view .LVU575
 1654              	.LBE58:
2534:Drivers/STM32F1xx_HAL_Driver/Src/stm32f1xx_ll_usb.c ****       }
2535:Drivers/STM32F1xx_HAL_Driver/Src/stm32f1xx_ll_usb.c ****     }
2536:Drivers/STM32F1xx_HAL_Driver/Src/stm32f1xx_ll_usb.c ****     else
2537:Drivers/STM32F1xx_HAL_Driver/Src/stm32f1xx_ll_usb.c ****     {
ARM GAS  C:\Users\jc\AppData\Local\Temp\ccrYs75M.s 			page 78


2538:Drivers/STM32F1xx_HAL_Driver/Src/stm32f1xx_ll_usb.c ****       PCD_CLEAR_RX_DTOG(USBx, ep->num);
 1655              		.loc 1 2538 7 is_stmt 1 view .LVU576
 1656              	.LBB59:
 1657              		.loc 1 2538 7 view .LVU577
 1658              		.loc 1 2538 7 view .LVU578
 1659 0058 0A78     		ldrb	r2, [r1]	@ zero_extendqisi2
 1660 005a 30F82230 		ldrh	r3, [r0, r2, lsl #2]
 1661              	.LVL195:
 1662              		.loc 1 2538 7 view .LVU579
 1663 005e 13F4804F 		tst	r3, #16384
 1664 0062 0CD0     		beq	.L59
 1665              		.loc 1 2538 7 discriminator 1 view .LVU580
 1666              	.LBB60:
 1667              		.loc 1 2538 7 discriminator 1 view .LVU581
 1668              		.loc 1 2538 7 discriminator 1 view .LVU582
 1669 0064 30F82230 		ldrh	r3, [r0, r2, lsl #2]
 1670              	.LVL196:
 1671              		.loc 1 2538 7 is_stmt 0 discriminator 1 view .LVU583
 1672 0068 9BB2     		uxth	r3, r3
 1673 006a 23F4E043 		bic	r3, r3, #28672
 1674 006e 23F07003 		bic	r3, r3, #112
 1675              	.LVL197:
 1676              		.loc 1 2538 7 is_stmt 1 view .LVU584
 1677              		.loc 1 2538 7 is_stmt 0 discriminator 1 view .LVU585
 1678 0072 43F44043 		orr	r3, r3, #49152
 1679              	.LVL198:
 1680              		.loc 1 2538 7 discriminator 1 view .LVU586
 1681 0076 43F08003 		orr	r3, r3, #128
 1682 007a 20F82230 		strh	r3, [r0, r2, lsl #2]	@ movhi
 1683              	.LVL199:
 1684              	.L59:
 1685              		.loc 1 2538 7 discriminator 1 view .LVU587
 1686              	.LBE60:
 1687              		.loc 1 2538 7 is_stmt 1 discriminator 3 view .LVU588
 1688              	.LBE59:
 1689              		.loc 1 2538 7 discriminator 3 view .LVU589
2539:Drivers/STM32F1xx_HAL_Driver/Src/stm32f1xx_ll_usb.c **** 
2540:Drivers/STM32F1xx_HAL_Driver/Src/stm32f1xx_ll_usb.c ****       /* Configure VALID status for the Endpoint */
2541:Drivers/STM32F1xx_HAL_Driver/Src/stm32f1xx_ll_usb.c ****       PCD_SET_EP_RX_STATUS(USBx, ep->num, USB_EP_RX_VALID);
 1690              		.loc 1 2541 7 view .LVU590
 1691              	.LBB61:
 1692              		.loc 1 2541 7 view .LVU591
 1693              		.loc 1 2541 7 view .LVU592
 1694 007e 0A78     		ldrb	r2, [r1]	@ zero_extendqisi2
 1695 0080 30F82230 		ldrh	r3, [r0, r2, lsl #2]
 1696 0084 9BB2     		uxth	r3, r3
 1697 0086 23F48043 		bic	r3, r3, #16384
 1698 008a 23F07003 		bic	r3, r3, #112
 1699              	.LVL200:
 1700              		.loc 1 2541 7 view .LVU593
 1701              		.loc 1 2541 7 discriminator 1 view .LVU594
 1702              		.loc 1 2541 7 discriminator 3 view .LVU595
 1703              		.loc 1 2541 7 discriminator 4 view .LVU596
 1704 008e 83F44053 		eor	r3, r3, #12288
 1705              	.LVL201:
 1706              		.loc 1 2541 7 discriminator 6 view .LVU597
 1707 0092 43F40043 		orr	r3, r3, #32768
ARM GAS  C:\Users\jc\AppData\Local\Temp\ccrYs75M.s 			page 79


 1708              	.LVL202:
 1709              		.loc 1 2541 7 is_stmt 0 discriminator 6 view .LVU598
 1710 0096 43F08003 		orr	r3, r3, #128
 1711 009a 20F82230 		strh	r3, [r0, r2, lsl #2]	@ movhi
 1712              	.LVL203:
 1713              	.L56:
 1714              		.loc 1 2541 7 discriminator 6 view .LVU599
 1715              	.LBE61:
 1716              		.loc 1 2541 7 is_stmt 1 discriminator 7 view .LVU600
2542:Drivers/STM32F1xx_HAL_Driver/Src/stm32f1xx_ll_usb.c ****     }
2543:Drivers/STM32F1xx_HAL_Driver/Src/stm32f1xx_ll_usb.c ****   }
2544:Drivers/STM32F1xx_HAL_Driver/Src/stm32f1xx_ll_usb.c **** 
2545:Drivers/STM32F1xx_HAL_Driver/Src/stm32f1xx_ll_usb.c ****   return HAL_OK;
 1717              		.loc 1 2545 3 view .LVU601
2546:Drivers/STM32F1xx_HAL_Driver/Src/stm32f1xx_ll_usb.c **** }
 1718              		.loc 1 2546 1 is_stmt 0 view .LVU602
 1719 009e 0020     		movs	r0, #0
 1720              	.LVL204:
 1721              		.loc 1 2546 1 view .LVU603
 1722 00a0 7047     		bx	lr
 1723              		.cfi_endproc
 1724              	.LFE76:
 1726              		.section	.text.USB_EPStopXfer,"ax",%progbits
 1727              		.align	1
 1728              		.global	USB_EPStopXfer
 1729              		.syntax unified
 1730              		.thumb
 1731              		.thumb_func
 1733              	USB_EPStopXfer:
 1734              	.LVL205:
 1735              	.LFB77:
2547:Drivers/STM32F1xx_HAL_Driver/Src/stm32f1xx_ll_usb.c **** 
2548:Drivers/STM32F1xx_HAL_Driver/Src/stm32f1xx_ll_usb.c **** /**
2549:Drivers/STM32F1xx_HAL_Driver/Src/stm32f1xx_ll_usb.c ****    * @brief  USB_EPStoptXfer  Stop transfer on an EP
2550:Drivers/STM32F1xx_HAL_Driver/Src/stm32f1xx_ll_usb.c ****    * @param  USBx  usb device instance
2551:Drivers/STM32F1xx_HAL_Driver/Src/stm32f1xx_ll_usb.c ****    * @param  ep pointer to endpoint structure
2552:Drivers/STM32F1xx_HAL_Driver/Src/stm32f1xx_ll_usb.c ****    * @retval HAL status
2553:Drivers/STM32F1xx_HAL_Driver/Src/stm32f1xx_ll_usb.c ****    */
2554:Drivers/STM32F1xx_HAL_Driver/Src/stm32f1xx_ll_usb.c **** HAL_StatusTypeDef USB_EPStopXfer(USB_TypeDef *USBx, USB_EPTypeDef *ep)
2555:Drivers/STM32F1xx_HAL_Driver/Src/stm32f1xx_ll_usb.c **** {
 1736              		.loc 1 2555 1 is_stmt 1 view -0
 1737              		.cfi_startproc
 1738              		@ args = 0, pretend = 0, frame = 0
 1739              		@ frame_needed = 0, uses_anonymous_args = 0
 1740              		@ link register save eliminated.
2556:Drivers/STM32F1xx_HAL_Driver/Src/stm32f1xx_ll_usb.c ****   /* IN endpoint */
2557:Drivers/STM32F1xx_HAL_Driver/Src/stm32f1xx_ll_usb.c ****   if (ep->is_in == 1U)
 1741              		.loc 1 2557 3 view .LVU605
 1742              		.loc 1 2557 9 is_stmt 0 view .LVU606
 1743 0000 4B78     		ldrb	r3, [r1, #1]	@ zero_extendqisi2
 1744              		.loc 1 2557 6 view .LVU607
 1745 0002 012B     		cmp	r3, #1
 1746 0004 16D0     		beq	.L65
2558:Drivers/STM32F1xx_HAL_Driver/Src/stm32f1xx_ll_usb.c ****   {
2559:Drivers/STM32F1xx_HAL_Driver/Src/stm32f1xx_ll_usb.c ****     if (ep->doublebuffer == 0U)
2560:Drivers/STM32F1xx_HAL_Driver/Src/stm32f1xx_ll_usb.c ****     {
2561:Drivers/STM32F1xx_HAL_Driver/Src/stm32f1xx_ll_usb.c ****       if (ep->type != EP_TYPE_ISOC)
ARM GAS  C:\Users\jc\AppData\Local\Temp\ccrYs75M.s 			page 80


2562:Drivers/STM32F1xx_HAL_Driver/Src/stm32f1xx_ll_usb.c ****       {
2563:Drivers/STM32F1xx_HAL_Driver/Src/stm32f1xx_ll_usb.c ****         /* Configure NAK status for the Endpoint */
2564:Drivers/STM32F1xx_HAL_Driver/Src/stm32f1xx_ll_usb.c ****         PCD_SET_EP_TX_STATUS(USBx, ep->num, USB_EP_TX_NAK);
2565:Drivers/STM32F1xx_HAL_Driver/Src/stm32f1xx_ll_usb.c ****       }
2566:Drivers/STM32F1xx_HAL_Driver/Src/stm32f1xx_ll_usb.c ****       else
2567:Drivers/STM32F1xx_HAL_Driver/Src/stm32f1xx_ll_usb.c ****       {
2568:Drivers/STM32F1xx_HAL_Driver/Src/stm32f1xx_ll_usb.c ****         /* Configure TX Endpoint to disabled state */
2569:Drivers/STM32F1xx_HAL_Driver/Src/stm32f1xx_ll_usb.c ****         PCD_SET_EP_TX_STATUS(USBx, ep->num, USB_EP_TX_DIS);
2570:Drivers/STM32F1xx_HAL_Driver/Src/stm32f1xx_ll_usb.c ****       }
2571:Drivers/STM32F1xx_HAL_Driver/Src/stm32f1xx_ll_usb.c ****     }
2572:Drivers/STM32F1xx_HAL_Driver/Src/stm32f1xx_ll_usb.c ****   }
2573:Drivers/STM32F1xx_HAL_Driver/Src/stm32f1xx_ll_usb.c ****   else /* OUT endpoint */
2574:Drivers/STM32F1xx_HAL_Driver/Src/stm32f1xx_ll_usb.c ****   {
2575:Drivers/STM32F1xx_HAL_Driver/Src/stm32f1xx_ll_usb.c ****     if (ep->doublebuffer == 0U)
 1747              		.loc 1 2575 5 is_stmt 1 view .LVU608
 1748              		.loc 1 2575 11 is_stmt 0 view .LVU609
 1749 0006 0B7B     		ldrb	r3, [r1, #12]	@ zero_extendqisi2
 1750              		.loc 1 2575 8 view .LVU610
 1751 0008 93B9     		cbnz	r3, .L62
2576:Drivers/STM32F1xx_HAL_Driver/Src/stm32f1xx_ll_usb.c ****     {
2577:Drivers/STM32F1xx_HAL_Driver/Src/stm32f1xx_ll_usb.c ****       if (ep->type != EP_TYPE_ISOC)
 1752              		.loc 1 2577 7 is_stmt 1 view .LVU611
 1753              		.loc 1 2577 13 is_stmt 0 view .LVU612
 1754 000a CB78     		ldrb	r3, [r1, #3]	@ zero_extendqisi2
 1755              		.loc 1 2577 10 view .LVU613
 1756 000c 012B     		cmp	r3, #1
 1757 000e 37D0     		beq	.L64
2578:Drivers/STM32F1xx_HAL_Driver/Src/stm32f1xx_ll_usb.c ****       {
2579:Drivers/STM32F1xx_HAL_Driver/Src/stm32f1xx_ll_usb.c ****         /* Configure NAK status for the Endpoint */
2580:Drivers/STM32F1xx_HAL_Driver/Src/stm32f1xx_ll_usb.c ****         PCD_SET_EP_RX_STATUS(USBx, ep->num, USB_EP_RX_NAK);
 1758              		.loc 1 2580 9 is_stmt 1 view .LVU614
 1759              	.LBB62:
 1760              		.loc 1 2580 9 view .LVU615
 1761              		.loc 1 2580 9 view .LVU616
 1762 0010 0A78     		ldrb	r2, [r1]	@ zero_extendqisi2
 1763 0012 30F82230 		ldrh	r3, [r0, r2, lsl #2]
 1764 0016 9BB2     		uxth	r3, r3
 1765 0018 23F48043 		bic	r3, r3, #16384
 1766 001c 23F07003 		bic	r3, r3, #112
 1767              	.LVL206:
 1768              		.loc 1 2580 9 view .LVU617
 1769              		.loc 1 2580 9 discriminator 3 view .LVU618
 1770              		.loc 1 2580 9 discriminator 4 view .LVU619
 1771 0020 83F40053 		eor	r3, r3, #8192
 1772              	.LVL207:
 1773              		.loc 1 2580 9 discriminator 6 view .LVU620
 1774 0024 43F40043 		orr	r3, r3, #32768
 1775              	.LVL208:
 1776              		.loc 1 2580 9 is_stmt 0 discriminator 6 view .LVU621
 1777 0028 43F08003 		orr	r3, r3, #128
 1778 002c 20F82230 		strh	r3, [r0, r2, lsl #2]	@ movhi
 1779              	.LBE62:
 1780              		.loc 1 2580 9 is_stmt 1 view .LVU622
 1781              	.LVL209:
 1782              	.L62:
2581:Drivers/STM32F1xx_HAL_Driver/Src/stm32f1xx_ll_usb.c ****       }
2582:Drivers/STM32F1xx_HAL_Driver/Src/stm32f1xx_ll_usb.c ****       else
ARM GAS  C:\Users\jc\AppData\Local\Temp\ccrYs75M.s 			page 81


2583:Drivers/STM32F1xx_HAL_Driver/Src/stm32f1xx_ll_usb.c ****       {
2584:Drivers/STM32F1xx_HAL_Driver/Src/stm32f1xx_ll_usb.c ****         /* Configure RX Endpoint to disabled state */
2585:Drivers/STM32F1xx_HAL_Driver/Src/stm32f1xx_ll_usb.c ****         PCD_SET_EP_RX_STATUS(USBx, ep->num, USB_EP_RX_DIS);
 1783              		.loc 1 2585 9 discriminator 7 view .LVU623
2586:Drivers/STM32F1xx_HAL_Driver/Src/stm32f1xx_ll_usb.c ****       }
2587:Drivers/STM32F1xx_HAL_Driver/Src/stm32f1xx_ll_usb.c ****     }
2588:Drivers/STM32F1xx_HAL_Driver/Src/stm32f1xx_ll_usb.c ****   }
2589:Drivers/STM32F1xx_HAL_Driver/Src/stm32f1xx_ll_usb.c **** 
2590:Drivers/STM32F1xx_HAL_Driver/Src/stm32f1xx_ll_usb.c ****   return HAL_OK;
 1784              		.loc 1 2590 3 view .LVU624
2591:Drivers/STM32F1xx_HAL_Driver/Src/stm32f1xx_ll_usb.c **** }
 1785              		.loc 1 2591 1 is_stmt 0 view .LVU625
 1786 0030 0020     		movs	r0, #0
 1787              	.LVL210:
 1788              		.loc 1 2591 1 view .LVU626
 1789 0032 7047     		bx	lr
 1790              	.LVL211:
 1791              	.L65:
2559:Drivers/STM32F1xx_HAL_Driver/Src/stm32f1xx_ll_usb.c ****     {
 1792              		.loc 1 2559 5 is_stmt 1 view .LVU627
2559:Drivers/STM32F1xx_HAL_Driver/Src/stm32f1xx_ll_usb.c ****     {
 1793              		.loc 1 2559 11 is_stmt 0 view .LVU628
 1794 0034 0B7B     		ldrb	r3, [r1, #12]	@ zero_extendqisi2
2559:Drivers/STM32F1xx_HAL_Driver/Src/stm32f1xx_ll_usb.c ****     {
 1795              		.loc 1 2559 8 view .LVU629
 1796 0036 002B     		cmp	r3, #0
 1797 0038 FAD1     		bne	.L62
2561:Drivers/STM32F1xx_HAL_Driver/Src/stm32f1xx_ll_usb.c ****       {
 1798              		.loc 1 2561 7 is_stmt 1 view .LVU630
2561:Drivers/STM32F1xx_HAL_Driver/Src/stm32f1xx_ll_usb.c ****       {
 1799              		.loc 1 2561 13 is_stmt 0 view .LVU631
 1800 003a CB78     		ldrb	r3, [r1, #3]	@ zero_extendqisi2
2561:Drivers/STM32F1xx_HAL_Driver/Src/stm32f1xx_ll_usb.c ****       {
 1801              		.loc 1 2561 10 view .LVU632
 1802 003c 012B     		cmp	r3, #1
 1803 003e 10D0     		beq	.L63
2564:Drivers/STM32F1xx_HAL_Driver/Src/stm32f1xx_ll_usb.c ****       }
 1804              		.loc 1 2564 9 is_stmt 1 view .LVU633
 1805              	.LBB63:
2564:Drivers/STM32F1xx_HAL_Driver/Src/stm32f1xx_ll_usb.c ****       }
 1806              		.loc 1 2564 9 view .LVU634
2564:Drivers/STM32F1xx_HAL_Driver/Src/stm32f1xx_ll_usb.c ****       }
 1807              		.loc 1 2564 9 view .LVU635
 1808 0040 0A78     		ldrb	r2, [r1]	@ zero_extendqisi2
 1809 0042 30F82230 		ldrh	r3, [r0, r2, lsl #2]
 1810 0046 9BB2     		uxth	r3, r3
 1811 0048 23F4E043 		bic	r3, r3, #28672
 1812 004c 23F04003 		bic	r3, r3, #64
 1813              	.LVL212:
2564:Drivers/STM32F1xx_HAL_Driver/Src/stm32f1xx_ll_usb.c ****       }
 1814              		.loc 1 2564 9 view .LVU636
2564:Drivers/STM32F1xx_HAL_Driver/Src/stm32f1xx_ll_usb.c ****       }
 1815              		.loc 1 2564 9 discriminator 3 view .LVU637
2564:Drivers/STM32F1xx_HAL_Driver/Src/stm32f1xx_ll_usb.c ****       }
 1816              		.loc 1 2564 9 discriminator 4 view .LVU638
 1817 0050 83F02003 		eor	r3, r3, #32
 1818              	.LVL213:
ARM GAS  C:\Users\jc\AppData\Local\Temp\ccrYs75M.s 			page 82


2564:Drivers/STM32F1xx_HAL_Driver/Src/stm32f1xx_ll_usb.c ****       }
 1819              		.loc 1 2564 9 discriminator 6 view .LVU639
 1820 0054 43F40043 		orr	r3, r3, #32768
 1821              	.LVL214:
2564:Drivers/STM32F1xx_HAL_Driver/Src/stm32f1xx_ll_usb.c ****       }
 1822              		.loc 1 2564 9 is_stmt 0 discriminator 6 view .LVU640
 1823 0058 43F08003 		orr	r3, r3, #128
 1824 005c 20F82230 		strh	r3, [r0, r2, lsl #2]	@ movhi
 1825              	.LBE63:
2564:Drivers/STM32F1xx_HAL_Driver/Src/stm32f1xx_ll_usb.c ****       }
 1826              		.loc 1 2564 9 is_stmt 1 view .LVU641
 1827 0060 E6E7     		b	.L62
 1828              	.LVL215:
 1829              	.L63:
2569:Drivers/STM32F1xx_HAL_Driver/Src/stm32f1xx_ll_usb.c ****       }
 1830              		.loc 1 2569 9 view .LVU642
 1831              	.LBB64:
2569:Drivers/STM32F1xx_HAL_Driver/Src/stm32f1xx_ll_usb.c ****       }
 1832              		.loc 1 2569 9 view .LVU643
2569:Drivers/STM32F1xx_HAL_Driver/Src/stm32f1xx_ll_usb.c ****       }
 1833              		.loc 1 2569 9 view .LVU644
 1834 0062 0A78     		ldrb	r2, [r1]	@ zero_extendqisi2
 1835 0064 30F82230 		ldrh	r3, [r0, r2, lsl #2]
 1836 0068 9BB2     		uxth	r3, r3
 1837 006a 23F4E043 		bic	r3, r3, #28672
 1838 006e 23F04003 		bic	r3, r3, #64
 1839              	.LVL216:
2569:Drivers/STM32F1xx_HAL_Driver/Src/stm32f1xx_ll_usb.c ****       }
 1840              		.loc 1 2569 9 view .LVU645
2569:Drivers/STM32F1xx_HAL_Driver/Src/stm32f1xx_ll_usb.c ****       }
 1841              		.loc 1 2569 9 discriminator 3 view .LVU646
2569:Drivers/STM32F1xx_HAL_Driver/Src/stm32f1xx_ll_usb.c ****       }
 1842              		.loc 1 2569 9 discriminator 6 view .LVU647
 1843 0072 43F40043 		orr	r3, r3, #32768
 1844              	.LVL217:
2569:Drivers/STM32F1xx_HAL_Driver/Src/stm32f1xx_ll_usb.c ****       }
 1845              		.loc 1 2569 9 is_stmt 0 discriminator 6 view .LVU648
 1846 0076 43F08003 		orr	r3, r3, #128
 1847 007a 20F82230 		strh	r3, [r0, r2, lsl #2]	@ movhi
 1848 007e D7E7     		b	.L62
 1849              	.LVL218:
 1850              	.L64:
2569:Drivers/STM32F1xx_HAL_Driver/Src/stm32f1xx_ll_usb.c ****       }
 1851              		.loc 1 2569 9 discriminator 6 view .LVU649
 1852              	.LBE64:
2585:Drivers/STM32F1xx_HAL_Driver/Src/stm32f1xx_ll_usb.c ****       }
 1853              		.loc 1 2585 9 is_stmt 1 view .LVU650
 1854              	.LBB65:
2585:Drivers/STM32F1xx_HAL_Driver/Src/stm32f1xx_ll_usb.c ****       }
 1855              		.loc 1 2585 9 view .LVU651
2585:Drivers/STM32F1xx_HAL_Driver/Src/stm32f1xx_ll_usb.c ****       }
 1856              		.loc 1 2585 9 view .LVU652
 1857 0080 0A78     		ldrb	r2, [r1]	@ zero_extendqisi2
 1858 0082 30F82230 		ldrh	r3, [r0, r2, lsl #2]
 1859 0086 9BB2     		uxth	r3, r3
 1860 0088 23F48043 		bic	r3, r3, #16384
 1861 008c 23F07003 		bic	r3, r3, #112
ARM GAS  C:\Users\jc\AppData\Local\Temp\ccrYs75M.s 			page 83


 1862              	.LVL219:
2585:Drivers/STM32F1xx_HAL_Driver/Src/stm32f1xx_ll_usb.c ****       }
 1863              		.loc 1 2585 9 view .LVU653
2585:Drivers/STM32F1xx_HAL_Driver/Src/stm32f1xx_ll_usb.c ****       }
 1864              		.loc 1 2585 9 discriminator 3 view .LVU654
2585:Drivers/STM32F1xx_HAL_Driver/Src/stm32f1xx_ll_usb.c ****       }
 1865              		.loc 1 2585 9 discriminator 6 view .LVU655
 1866 0090 43F40043 		orr	r3, r3, #32768
 1867              	.LVL220:
2585:Drivers/STM32F1xx_HAL_Driver/Src/stm32f1xx_ll_usb.c ****       }
 1868              		.loc 1 2585 9 is_stmt 0 discriminator 6 view .LVU656
 1869 0094 43F08003 		orr	r3, r3, #128
 1870 0098 20F82230 		strh	r3, [r0, r2, lsl #2]	@ movhi
 1871 009c C8E7     		b	.L62
 1872              	.LBE65:
 1873              		.cfi_endproc
 1874              	.LFE77:
 1876              		.section	.text.USB_StopDevice,"ax",%progbits
 1877              		.align	1
 1878              		.global	USB_StopDevice
 1879              		.syntax unified
 1880              		.thumb
 1881              		.thumb_func
 1883              	USB_StopDevice:
 1884              	.LVL221:
 1885              	.LFB78:
2592:Drivers/STM32F1xx_HAL_Driver/Src/stm32f1xx_ll_usb.c **** #endif /* defined (HAL_PCD_MODULE_ENABLED) */
2593:Drivers/STM32F1xx_HAL_Driver/Src/stm32f1xx_ll_usb.c **** 
2594:Drivers/STM32F1xx_HAL_Driver/Src/stm32f1xx_ll_usb.c **** /**
2595:Drivers/STM32F1xx_HAL_Driver/Src/stm32f1xx_ll_usb.c ****   * @brief  USB_StopDevice Stop the usb device mode
2596:Drivers/STM32F1xx_HAL_Driver/Src/stm32f1xx_ll_usb.c ****   * @param  USBx Selected device
2597:Drivers/STM32F1xx_HAL_Driver/Src/stm32f1xx_ll_usb.c ****   * @retval HAL status
2598:Drivers/STM32F1xx_HAL_Driver/Src/stm32f1xx_ll_usb.c ****   */
2599:Drivers/STM32F1xx_HAL_Driver/Src/stm32f1xx_ll_usb.c **** HAL_StatusTypeDef USB_StopDevice(USB_TypeDef *USBx)
2600:Drivers/STM32F1xx_HAL_Driver/Src/stm32f1xx_ll_usb.c **** {
 1886              		.loc 1 2600 1 is_stmt 1 view -0
 1887              		.cfi_startproc
 1888              		@ args = 0, pretend = 0, frame = 0
 1889              		@ frame_needed = 0, uses_anonymous_args = 0
 1890              		@ link register save eliminated.
 1891              		.loc 1 2600 1 is_stmt 0 view .LVU658
 1892 0000 0346     		mov	r3, r0
2601:Drivers/STM32F1xx_HAL_Driver/Src/stm32f1xx_ll_usb.c ****   /* disable all interrupts and force USB reset */
2602:Drivers/STM32F1xx_HAL_Driver/Src/stm32f1xx_ll_usb.c ****   USBx->CNTR = (uint16_t)USB_CNTR_FRES;
 1893              		.loc 1 2602 3 is_stmt 1 view .LVU659
 1894              		.loc 1 2602 14 is_stmt 0 view .LVU660
 1895 0002 0122     		movs	r2, #1
 1896 0004 A0F84020 		strh	r2, [r0, #64]	@ movhi
2603:Drivers/STM32F1xx_HAL_Driver/Src/stm32f1xx_ll_usb.c **** 
2604:Drivers/STM32F1xx_HAL_Driver/Src/stm32f1xx_ll_usb.c ****   /* clear interrupt status register */
2605:Drivers/STM32F1xx_HAL_Driver/Src/stm32f1xx_ll_usb.c ****   USBx->ISTR = 0U;
 1897              		.loc 1 2605 3 is_stmt 1 view .LVU661
 1898              		.loc 1 2605 14 is_stmt 0 view .LVU662
 1899 0008 0020     		movs	r0, #0
 1900              	.LVL222:
 1901              		.loc 1 2605 14 view .LVU663
 1902 000a A3F84400 		strh	r0, [r3, #68]	@ movhi
ARM GAS  C:\Users\jc\AppData\Local\Temp\ccrYs75M.s 			page 84


2606:Drivers/STM32F1xx_HAL_Driver/Src/stm32f1xx_ll_usb.c **** 
2607:Drivers/STM32F1xx_HAL_Driver/Src/stm32f1xx_ll_usb.c ****   /* switch-off device */
2608:Drivers/STM32F1xx_HAL_Driver/Src/stm32f1xx_ll_usb.c ****   USBx->CNTR = (uint16_t)(USB_CNTR_FRES | USB_CNTR_PDWN);
 1903              		.loc 1 2608 3 is_stmt 1 view .LVU664
 1904              		.loc 1 2608 14 is_stmt 0 view .LVU665
 1905 000e 0322     		movs	r2, #3
 1906 0010 A3F84020 		strh	r2, [r3, #64]	@ movhi
2609:Drivers/STM32F1xx_HAL_Driver/Src/stm32f1xx_ll_usb.c **** 
2610:Drivers/STM32F1xx_HAL_Driver/Src/stm32f1xx_ll_usb.c ****   return HAL_OK;
 1907              		.loc 1 2610 3 is_stmt 1 view .LVU666
2611:Drivers/STM32F1xx_HAL_Driver/Src/stm32f1xx_ll_usb.c **** }
 1908              		.loc 1 2611 1 is_stmt 0 view .LVU667
 1909 0014 7047     		bx	lr
 1910              		.cfi_endproc
 1911              	.LFE78:
 1913              		.section	.text.USB_SetDevAddress,"ax",%progbits
 1914              		.align	1
 1915              		.global	USB_SetDevAddress
 1916              		.syntax unified
 1917              		.thumb
 1918              		.thumb_func
 1920              	USB_SetDevAddress:
 1921              	.LVL223:
 1922              	.LFB79:
2612:Drivers/STM32F1xx_HAL_Driver/Src/stm32f1xx_ll_usb.c **** 
2613:Drivers/STM32F1xx_HAL_Driver/Src/stm32f1xx_ll_usb.c **** /**
2614:Drivers/STM32F1xx_HAL_Driver/Src/stm32f1xx_ll_usb.c ****   * @brief  USB_SetDevAddress Stop the usb device mode
2615:Drivers/STM32F1xx_HAL_Driver/Src/stm32f1xx_ll_usb.c ****   * @param  USBx Selected device
2616:Drivers/STM32F1xx_HAL_Driver/Src/stm32f1xx_ll_usb.c ****   * @param  address new device address to be assigned
2617:Drivers/STM32F1xx_HAL_Driver/Src/stm32f1xx_ll_usb.c ****   *          This parameter can be a value from 0 to 255
2618:Drivers/STM32F1xx_HAL_Driver/Src/stm32f1xx_ll_usb.c ****   * @retval HAL status
2619:Drivers/STM32F1xx_HAL_Driver/Src/stm32f1xx_ll_usb.c ****   */
2620:Drivers/STM32F1xx_HAL_Driver/Src/stm32f1xx_ll_usb.c **** HAL_StatusTypeDef  USB_SetDevAddress(USB_TypeDef *USBx, uint8_t address)
2621:Drivers/STM32F1xx_HAL_Driver/Src/stm32f1xx_ll_usb.c **** {
 1923              		.loc 1 2621 1 is_stmt 1 view -0
 1924              		.cfi_startproc
 1925              		@ args = 0, pretend = 0, frame = 0
 1926              		@ frame_needed = 0, uses_anonymous_args = 0
 1927              		@ link register save eliminated.
2622:Drivers/STM32F1xx_HAL_Driver/Src/stm32f1xx_ll_usb.c ****   if (address == 0U)
 1928              		.loc 1 2622 3 view .LVU669
 1929              		.loc 1 2622 6 is_stmt 0 view .LVU670
 1930 0000 11B9     		cbnz	r1, .L68
2623:Drivers/STM32F1xx_HAL_Driver/Src/stm32f1xx_ll_usb.c ****   {
2624:Drivers/STM32F1xx_HAL_Driver/Src/stm32f1xx_ll_usb.c ****     /* set device address and enable function */
2625:Drivers/STM32F1xx_HAL_Driver/Src/stm32f1xx_ll_usb.c ****     USBx->DADDR = (uint16_t)USB_DADDR_EF;
 1931              		.loc 1 2625 5 is_stmt 1 view .LVU671
 1932              		.loc 1 2625 17 is_stmt 0 view .LVU672
 1933 0002 8023     		movs	r3, #128
 1934 0004 A0F84C30 		strh	r3, [r0, #76]	@ movhi
 1935              	.L68:
2626:Drivers/STM32F1xx_HAL_Driver/Src/stm32f1xx_ll_usb.c ****   }
2627:Drivers/STM32F1xx_HAL_Driver/Src/stm32f1xx_ll_usb.c **** 
2628:Drivers/STM32F1xx_HAL_Driver/Src/stm32f1xx_ll_usb.c ****   return HAL_OK;
 1936              		.loc 1 2628 3 is_stmt 1 view .LVU673
2629:Drivers/STM32F1xx_HAL_Driver/Src/stm32f1xx_ll_usb.c **** }
 1937              		.loc 1 2629 1 is_stmt 0 view .LVU674
ARM GAS  C:\Users\jc\AppData\Local\Temp\ccrYs75M.s 			page 85


 1938 0008 0020     		movs	r0, #0
 1939              	.LVL224:
 1940              		.loc 1 2629 1 view .LVU675
 1941 000a 7047     		bx	lr
 1942              		.cfi_endproc
 1943              	.LFE79:
 1945              		.section	.text.USB_DevConnect,"ax",%progbits
 1946              		.align	1
 1947              		.global	USB_DevConnect
 1948              		.syntax unified
 1949              		.thumb
 1950              		.thumb_func
 1952              	USB_DevConnect:
 1953              	.LVL225:
 1954              	.LFB80:
2630:Drivers/STM32F1xx_HAL_Driver/Src/stm32f1xx_ll_usb.c **** 
2631:Drivers/STM32F1xx_HAL_Driver/Src/stm32f1xx_ll_usb.c **** /**
2632:Drivers/STM32F1xx_HAL_Driver/Src/stm32f1xx_ll_usb.c ****   * @brief  USB_DevConnect Connect the USB device by enabling the pull-up/pull-down
2633:Drivers/STM32F1xx_HAL_Driver/Src/stm32f1xx_ll_usb.c ****   * @param  USBx Selected device
2634:Drivers/STM32F1xx_HAL_Driver/Src/stm32f1xx_ll_usb.c ****   * @retval HAL status
2635:Drivers/STM32F1xx_HAL_Driver/Src/stm32f1xx_ll_usb.c ****   */
2636:Drivers/STM32F1xx_HAL_Driver/Src/stm32f1xx_ll_usb.c **** HAL_StatusTypeDef  USB_DevConnect(USB_TypeDef *USBx)
2637:Drivers/STM32F1xx_HAL_Driver/Src/stm32f1xx_ll_usb.c **** {
 1955              		.loc 1 2637 1 is_stmt 1 view -0
 1956              		.cfi_startproc
 1957              		@ args = 0, pretend = 0, frame = 0
 1958              		@ frame_needed = 0, uses_anonymous_args = 0
 1959              		@ link register save eliminated.
2638:Drivers/STM32F1xx_HAL_Driver/Src/stm32f1xx_ll_usb.c ****   /* Prevent unused argument(s) compilation warning */
2639:Drivers/STM32F1xx_HAL_Driver/Src/stm32f1xx_ll_usb.c ****   UNUSED(USBx);
 1960              		.loc 1 2639 3 view .LVU677
2640:Drivers/STM32F1xx_HAL_Driver/Src/stm32f1xx_ll_usb.c **** 
2641:Drivers/STM32F1xx_HAL_Driver/Src/stm32f1xx_ll_usb.c ****   /* NOTE : - This function is not required by USB Device FS peripheral, it is used
2642:Drivers/STM32F1xx_HAL_Driver/Src/stm32f1xx_ll_usb.c ****               only by USB OTG FS peripheral.
2643:Drivers/STM32F1xx_HAL_Driver/Src/stm32f1xx_ll_usb.c ****             - This function is added to ensure compatibility across platforms.
2644:Drivers/STM32F1xx_HAL_Driver/Src/stm32f1xx_ll_usb.c ****    */
2645:Drivers/STM32F1xx_HAL_Driver/Src/stm32f1xx_ll_usb.c **** 
2646:Drivers/STM32F1xx_HAL_Driver/Src/stm32f1xx_ll_usb.c ****   return HAL_OK;
 1961              		.loc 1 2646 3 view .LVU678
2647:Drivers/STM32F1xx_HAL_Driver/Src/stm32f1xx_ll_usb.c **** }
 1962              		.loc 1 2647 1 is_stmt 0 view .LVU679
 1963 0000 0020     		movs	r0, #0
 1964              	.LVL226:
 1965              		.loc 1 2647 1 view .LVU680
 1966 0002 7047     		bx	lr
 1967              		.cfi_endproc
 1968              	.LFE80:
 1970              		.section	.text.USB_DevDisconnect,"ax",%progbits
 1971              		.align	1
 1972              		.global	USB_DevDisconnect
 1973              		.syntax unified
 1974              		.thumb
 1975              		.thumb_func
 1977              	USB_DevDisconnect:
 1978              	.LVL227:
 1979              	.LFB81:
2648:Drivers/STM32F1xx_HAL_Driver/Src/stm32f1xx_ll_usb.c **** 
ARM GAS  C:\Users\jc\AppData\Local\Temp\ccrYs75M.s 			page 86


2649:Drivers/STM32F1xx_HAL_Driver/Src/stm32f1xx_ll_usb.c **** /**
2650:Drivers/STM32F1xx_HAL_Driver/Src/stm32f1xx_ll_usb.c ****   * @brief  USB_DevDisconnect Disconnect the USB device by disabling the pull-up/pull-down
2651:Drivers/STM32F1xx_HAL_Driver/Src/stm32f1xx_ll_usb.c ****   * @param  USBx Selected device
2652:Drivers/STM32F1xx_HAL_Driver/Src/stm32f1xx_ll_usb.c ****   * @retval HAL status
2653:Drivers/STM32F1xx_HAL_Driver/Src/stm32f1xx_ll_usb.c ****   */
2654:Drivers/STM32F1xx_HAL_Driver/Src/stm32f1xx_ll_usb.c **** HAL_StatusTypeDef  USB_DevDisconnect(USB_TypeDef *USBx)
2655:Drivers/STM32F1xx_HAL_Driver/Src/stm32f1xx_ll_usb.c **** {
 1980              		.loc 1 2655 1 is_stmt 1 view -0
 1981              		.cfi_startproc
 1982              		@ args = 0, pretend = 0, frame = 0
 1983              		@ frame_needed = 0, uses_anonymous_args = 0
 1984              		@ link register save eliminated.
2656:Drivers/STM32F1xx_HAL_Driver/Src/stm32f1xx_ll_usb.c ****   /* Prevent unused argument(s) compilation warning */
2657:Drivers/STM32F1xx_HAL_Driver/Src/stm32f1xx_ll_usb.c ****   UNUSED(USBx);
 1985              		.loc 1 2657 3 view .LVU682
2658:Drivers/STM32F1xx_HAL_Driver/Src/stm32f1xx_ll_usb.c **** 
2659:Drivers/STM32F1xx_HAL_Driver/Src/stm32f1xx_ll_usb.c ****   /* NOTE : - This function is not required by USB Device FS peripheral, it is used
2660:Drivers/STM32F1xx_HAL_Driver/Src/stm32f1xx_ll_usb.c ****               only by USB OTG FS peripheral.
2661:Drivers/STM32F1xx_HAL_Driver/Src/stm32f1xx_ll_usb.c ****             - This function is added to ensure compatibility across platforms.
2662:Drivers/STM32F1xx_HAL_Driver/Src/stm32f1xx_ll_usb.c ****    */
2663:Drivers/STM32F1xx_HAL_Driver/Src/stm32f1xx_ll_usb.c **** 
2664:Drivers/STM32F1xx_HAL_Driver/Src/stm32f1xx_ll_usb.c ****   return HAL_OK;
 1986              		.loc 1 2664 3 view .LVU683
2665:Drivers/STM32F1xx_HAL_Driver/Src/stm32f1xx_ll_usb.c **** }
 1987              		.loc 1 2665 1 is_stmt 0 view .LVU684
 1988 0000 0020     		movs	r0, #0
 1989              	.LVL228:
 1990              		.loc 1 2665 1 view .LVU685
 1991 0002 7047     		bx	lr
 1992              		.cfi_endproc
 1993              	.LFE81:
 1995              		.section	.text.USB_ReadInterrupts,"ax",%progbits
 1996              		.align	1
 1997              		.global	USB_ReadInterrupts
 1998              		.syntax unified
 1999              		.thumb
 2000              		.thumb_func
 2002              	USB_ReadInterrupts:
 2003              	.LVL229:
 2004              	.LFB82:
2666:Drivers/STM32F1xx_HAL_Driver/Src/stm32f1xx_ll_usb.c **** 
2667:Drivers/STM32F1xx_HAL_Driver/Src/stm32f1xx_ll_usb.c **** /**
2668:Drivers/STM32F1xx_HAL_Driver/Src/stm32f1xx_ll_usb.c ****   * @brief  USB_ReadInterrupts return the global USB interrupt status
2669:Drivers/STM32F1xx_HAL_Driver/Src/stm32f1xx_ll_usb.c ****   * @param  USBx Selected device
2670:Drivers/STM32F1xx_HAL_Driver/Src/stm32f1xx_ll_usb.c ****   * @retval USB Global Interrupt status
2671:Drivers/STM32F1xx_HAL_Driver/Src/stm32f1xx_ll_usb.c ****   */
2672:Drivers/STM32F1xx_HAL_Driver/Src/stm32f1xx_ll_usb.c **** uint32_t USB_ReadInterrupts(USB_TypeDef const *USBx)
2673:Drivers/STM32F1xx_HAL_Driver/Src/stm32f1xx_ll_usb.c **** {
 2005              		.loc 1 2673 1 is_stmt 1 view -0
 2006              		.cfi_startproc
 2007              		@ args = 0, pretend = 0, frame = 0
 2008              		@ frame_needed = 0, uses_anonymous_args = 0
 2009              		@ link register save eliminated.
2674:Drivers/STM32F1xx_HAL_Driver/Src/stm32f1xx_ll_usb.c ****   uint32_t tmpreg;
 2010              		.loc 1 2674 3 view .LVU687
2675:Drivers/STM32F1xx_HAL_Driver/Src/stm32f1xx_ll_usb.c **** 
2676:Drivers/STM32F1xx_HAL_Driver/Src/stm32f1xx_ll_usb.c ****   tmpreg = USBx->ISTR;
ARM GAS  C:\Users\jc\AppData\Local\Temp\ccrYs75M.s 			page 87


 2011              		.loc 1 2676 3 view .LVU688
 2012              		.loc 1 2676 16 is_stmt 0 view .LVU689
 2013 0000 B0F84400 		ldrh	r0, [r0, #68]
 2014              	.LVL230:
2677:Drivers/STM32F1xx_HAL_Driver/Src/stm32f1xx_ll_usb.c ****   return tmpreg;
 2015              		.loc 1 2677 3 is_stmt 1 view .LVU690
2678:Drivers/STM32F1xx_HAL_Driver/Src/stm32f1xx_ll_usb.c **** }
 2016              		.loc 1 2678 1 is_stmt 0 view .LVU691
 2017 0004 80B2     		uxth	r0, r0
 2018              	.LVL231:
 2019              		.loc 1 2678 1 view .LVU692
 2020 0006 7047     		bx	lr
 2021              		.cfi_endproc
 2022              	.LFE82:
 2024              		.section	.text.USB_ReadDevAllOutEpInterrupt,"ax",%progbits
 2025              		.align	1
 2026              		.global	USB_ReadDevAllOutEpInterrupt
 2027              		.syntax unified
 2028              		.thumb
 2029              		.thumb_func
 2031              	USB_ReadDevAllOutEpInterrupt:
 2032              	.LVL232:
 2033              	.LFB83:
2679:Drivers/STM32F1xx_HAL_Driver/Src/stm32f1xx_ll_usb.c **** 
2680:Drivers/STM32F1xx_HAL_Driver/Src/stm32f1xx_ll_usb.c **** /**
2681:Drivers/STM32F1xx_HAL_Driver/Src/stm32f1xx_ll_usb.c ****   * @brief  USB_ReadDevAllOutEpInterrupt return the USB device OUT endpoints interrupt status
2682:Drivers/STM32F1xx_HAL_Driver/Src/stm32f1xx_ll_usb.c ****   * @param  USBx Selected device
2683:Drivers/STM32F1xx_HAL_Driver/Src/stm32f1xx_ll_usb.c ****   * @retval HAL status
2684:Drivers/STM32F1xx_HAL_Driver/Src/stm32f1xx_ll_usb.c ****   */
2685:Drivers/STM32F1xx_HAL_Driver/Src/stm32f1xx_ll_usb.c **** uint32_t USB_ReadDevAllOutEpInterrupt(USB_TypeDef *USBx)
2686:Drivers/STM32F1xx_HAL_Driver/Src/stm32f1xx_ll_usb.c **** {
 2034              		.loc 1 2686 1 is_stmt 1 view -0
 2035              		.cfi_startproc
 2036              		@ args = 0, pretend = 0, frame = 0
 2037              		@ frame_needed = 0, uses_anonymous_args = 0
 2038              		@ link register save eliminated.
2687:Drivers/STM32F1xx_HAL_Driver/Src/stm32f1xx_ll_usb.c ****   /* Prevent unused argument(s) compilation warning */
2688:Drivers/STM32F1xx_HAL_Driver/Src/stm32f1xx_ll_usb.c ****   UNUSED(USBx);
 2039              		.loc 1 2688 3 view .LVU694
2689:Drivers/STM32F1xx_HAL_Driver/Src/stm32f1xx_ll_usb.c ****   /* NOTE : - This function is not required by USB Device FS peripheral, it is used
2690:Drivers/STM32F1xx_HAL_Driver/Src/stm32f1xx_ll_usb.c ****               only by USB OTG FS peripheral.
2691:Drivers/STM32F1xx_HAL_Driver/Src/stm32f1xx_ll_usb.c ****             - This function is added to ensure compatibility across platforms.
2692:Drivers/STM32F1xx_HAL_Driver/Src/stm32f1xx_ll_usb.c ****    */
2693:Drivers/STM32F1xx_HAL_Driver/Src/stm32f1xx_ll_usb.c ****   return (0);
 2040              		.loc 1 2693 3 view .LVU695
2694:Drivers/STM32F1xx_HAL_Driver/Src/stm32f1xx_ll_usb.c **** }
 2041              		.loc 1 2694 1 is_stmt 0 view .LVU696
 2042 0000 0020     		movs	r0, #0
 2043              	.LVL233:
 2044              		.loc 1 2694 1 view .LVU697
 2045 0002 7047     		bx	lr
 2046              		.cfi_endproc
 2047              	.LFE83:
 2049              		.section	.text.USB_ReadDevAllInEpInterrupt,"ax",%progbits
 2050              		.align	1
 2051              		.global	USB_ReadDevAllInEpInterrupt
 2052              		.syntax unified
ARM GAS  C:\Users\jc\AppData\Local\Temp\ccrYs75M.s 			page 88


 2053              		.thumb
 2054              		.thumb_func
 2056              	USB_ReadDevAllInEpInterrupt:
 2057              	.LVL234:
 2058              	.LFB84:
2695:Drivers/STM32F1xx_HAL_Driver/Src/stm32f1xx_ll_usb.c **** 
2696:Drivers/STM32F1xx_HAL_Driver/Src/stm32f1xx_ll_usb.c **** /**
2697:Drivers/STM32F1xx_HAL_Driver/Src/stm32f1xx_ll_usb.c ****   * @brief  USB_ReadDevAllInEpInterrupt return the USB device IN endpoints interrupt status
2698:Drivers/STM32F1xx_HAL_Driver/Src/stm32f1xx_ll_usb.c ****   * @param  USBx Selected device
2699:Drivers/STM32F1xx_HAL_Driver/Src/stm32f1xx_ll_usb.c ****   * @retval HAL status
2700:Drivers/STM32F1xx_HAL_Driver/Src/stm32f1xx_ll_usb.c ****   */
2701:Drivers/STM32F1xx_HAL_Driver/Src/stm32f1xx_ll_usb.c **** uint32_t USB_ReadDevAllInEpInterrupt(USB_TypeDef *USBx)
2702:Drivers/STM32F1xx_HAL_Driver/Src/stm32f1xx_ll_usb.c **** {
 2059              		.loc 1 2702 1 is_stmt 1 view -0
 2060              		.cfi_startproc
 2061              		@ args = 0, pretend = 0, frame = 0
 2062              		@ frame_needed = 0, uses_anonymous_args = 0
 2063              		@ link register save eliminated.
2703:Drivers/STM32F1xx_HAL_Driver/Src/stm32f1xx_ll_usb.c ****   /* Prevent unused argument(s) compilation warning */
2704:Drivers/STM32F1xx_HAL_Driver/Src/stm32f1xx_ll_usb.c ****   UNUSED(USBx);
 2064              		.loc 1 2704 3 view .LVU699
2705:Drivers/STM32F1xx_HAL_Driver/Src/stm32f1xx_ll_usb.c ****   /* NOTE : - This function is not required by USB Device FS peripheral, it is used
2706:Drivers/STM32F1xx_HAL_Driver/Src/stm32f1xx_ll_usb.c ****               only by USB OTG FS peripheral.
2707:Drivers/STM32F1xx_HAL_Driver/Src/stm32f1xx_ll_usb.c ****             - This function is added to ensure compatibility across platforms.
2708:Drivers/STM32F1xx_HAL_Driver/Src/stm32f1xx_ll_usb.c ****    */
2709:Drivers/STM32F1xx_HAL_Driver/Src/stm32f1xx_ll_usb.c ****   return (0);
 2065              		.loc 1 2709 3 view .LVU700
2710:Drivers/STM32F1xx_HAL_Driver/Src/stm32f1xx_ll_usb.c **** }
 2066              		.loc 1 2710 1 is_stmt 0 view .LVU701
 2067 0000 0020     		movs	r0, #0
 2068              	.LVL235:
 2069              		.loc 1 2710 1 view .LVU702
 2070 0002 7047     		bx	lr
 2071              		.cfi_endproc
 2072              	.LFE84:
 2074              		.section	.text.USB_ReadDevOutEPInterrupt,"ax",%progbits
 2075              		.align	1
 2076              		.global	USB_ReadDevOutEPInterrupt
 2077              		.syntax unified
 2078              		.thumb
 2079              		.thumb_func
 2081              	USB_ReadDevOutEPInterrupt:
 2082              	.LVL236:
 2083              	.LFB85:
2711:Drivers/STM32F1xx_HAL_Driver/Src/stm32f1xx_ll_usb.c **** 
2712:Drivers/STM32F1xx_HAL_Driver/Src/stm32f1xx_ll_usb.c **** /**
2713:Drivers/STM32F1xx_HAL_Driver/Src/stm32f1xx_ll_usb.c ****   * @brief  Returns Device OUT EP Interrupt register
2714:Drivers/STM32F1xx_HAL_Driver/Src/stm32f1xx_ll_usb.c ****   * @param  USBx Selected device
2715:Drivers/STM32F1xx_HAL_Driver/Src/stm32f1xx_ll_usb.c ****   * @param  epnum endpoint number
2716:Drivers/STM32F1xx_HAL_Driver/Src/stm32f1xx_ll_usb.c ****   *          This parameter can be a value from 0 to 15
2717:Drivers/STM32F1xx_HAL_Driver/Src/stm32f1xx_ll_usb.c ****   * @retval Device OUT EP Interrupt register
2718:Drivers/STM32F1xx_HAL_Driver/Src/stm32f1xx_ll_usb.c ****   */
2719:Drivers/STM32F1xx_HAL_Driver/Src/stm32f1xx_ll_usb.c **** uint32_t USB_ReadDevOutEPInterrupt(USB_TypeDef *USBx, uint8_t epnum)
2720:Drivers/STM32F1xx_HAL_Driver/Src/stm32f1xx_ll_usb.c **** {
 2084              		.loc 1 2720 1 is_stmt 1 view -0
 2085              		.cfi_startproc
 2086              		@ args = 0, pretend = 0, frame = 0
ARM GAS  C:\Users\jc\AppData\Local\Temp\ccrYs75M.s 			page 89


 2087              		@ frame_needed = 0, uses_anonymous_args = 0
 2088              		@ link register save eliminated.
2721:Drivers/STM32F1xx_HAL_Driver/Src/stm32f1xx_ll_usb.c ****   /* Prevent unused argument(s) compilation warning */
2722:Drivers/STM32F1xx_HAL_Driver/Src/stm32f1xx_ll_usb.c ****   UNUSED(USBx);
 2089              		.loc 1 2722 3 view .LVU704
2723:Drivers/STM32F1xx_HAL_Driver/Src/stm32f1xx_ll_usb.c ****   UNUSED(epnum);
 2090              		.loc 1 2723 3 view .LVU705
2724:Drivers/STM32F1xx_HAL_Driver/Src/stm32f1xx_ll_usb.c ****   /* NOTE : - This function is not required by USB Device FS peripheral, it is used
2725:Drivers/STM32F1xx_HAL_Driver/Src/stm32f1xx_ll_usb.c ****               only by USB OTG FS peripheral.
2726:Drivers/STM32F1xx_HAL_Driver/Src/stm32f1xx_ll_usb.c ****             - This function is added to ensure compatibility across platforms.
2727:Drivers/STM32F1xx_HAL_Driver/Src/stm32f1xx_ll_usb.c ****    */
2728:Drivers/STM32F1xx_HAL_Driver/Src/stm32f1xx_ll_usb.c ****   return (0);
 2091              		.loc 1 2728 3 view .LVU706
2729:Drivers/STM32F1xx_HAL_Driver/Src/stm32f1xx_ll_usb.c **** }
 2092              		.loc 1 2729 1 is_stmt 0 view .LVU707
 2093 0000 0020     		movs	r0, #0
 2094              	.LVL237:
 2095              		.loc 1 2729 1 view .LVU708
 2096 0002 7047     		bx	lr
 2097              		.cfi_endproc
 2098              	.LFE85:
 2100              		.section	.text.USB_ReadDevInEPInterrupt,"ax",%progbits
 2101              		.align	1
 2102              		.global	USB_ReadDevInEPInterrupt
 2103              		.syntax unified
 2104              		.thumb
 2105              		.thumb_func
 2107              	USB_ReadDevInEPInterrupt:
 2108              	.LVL238:
 2109              	.LFB86:
2730:Drivers/STM32F1xx_HAL_Driver/Src/stm32f1xx_ll_usb.c **** 
2731:Drivers/STM32F1xx_HAL_Driver/Src/stm32f1xx_ll_usb.c **** /**
2732:Drivers/STM32F1xx_HAL_Driver/Src/stm32f1xx_ll_usb.c ****   * @brief  Returns Device IN EP Interrupt register
2733:Drivers/STM32F1xx_HAL_Driver/Src/stm32f1xx_ll_usb.c ****   * @param  USBx Selected device
2734:Drivers/STM32F1xx_HAL_Driver/Src/stm32f1xx_ll_usb.c ****   * @param  epnum endpoint number
2735:Drivers/STM32F1xx_HAL_Driver/Src/stm32f1xx_ll_usb.c ****   *          This parameter can be a value from 0 to 15
2736:Drivers/STM32F1xx_HAL_Driver/Src/stm32f1xx_ll_usb.c ****   * @retval Device IN EP Interrupt register
2737:Drivers/STM32F1xx_HAL_Driver/Src/stm32f1xx_ll_usb.c ****   */
2738:Drivers/STM32F1xx_HAL_Driver/Src/stm32f1xx_ll_usb.c **** uint32_t USB_ReadDevInEPInterrupt(USB_TypeDef *USBx, uint8_t epnum)
2739:Drivers/STM32F1xx_HAL_Driver/Src/stm32f1xx_ll_usb.c **** {
 2110              		.loc 1 2739 1 is_stmt 1 view -0
 2111              		.cfi_startproc
 2112              		@ args = 0, pretend = 0, frame = 0
 2113              		@ frame_needed = 0, uses_anonymous_args = 0
 2114              		@ link register save eliminated.
2740:Drivers/STM32F1xx_HAL_Driver/Src/stm32f1xx_ll_usb.c ****   /* Prevent unused argument(s) compilation warning */
2741:Drivers/STM32F1xx_HAL_Driver/Src/stm32f1xx_ll_usb.c ****   UNUSED(USBx);
 2115              		.loc 1 2741 3 view .LVU710
2742:Drivers/STM32F1xx_HAL_Driver/Src/stm32f1xx_ll_usb.c ****   UNUSED(epnum);
 2116              		.loc 1 2742 3 view .LVU711
2743:Drivers/STM32F1xx_HAL_Driver/Src/stm32f1xx_ll_usb.c ****   /* NOTE : - This function is not required by USB Device FS peripheral, it is used
2744:Drivers/STM32F1xx_HAL_Driver/Src/stm32f1xx_ll_usb.c ****               only by USB OTG FS peripheral.
2745:Drivers/STM32F1xx_HAL_Driver/Src/stm32f1xx_ll_usb.c ****             - This function is added to ensure compatibility across platforms.
2746:Drivers/STM32F1xx_HAL_Driver/Src/stm32f1xx_ll_usb.c ****    */
2747:Drivers/STM32F1xx_HAL_Driver/Src/stm32f1xx_ll_usb.c ****   return (0);
 2117              		.loc 1 2747 3 view .LVU712
2748:Drivers/STM32F1xx_HAL_Driver/Src/stm32f1xx_ll_usb.c **** }
ARM GAS  C:\Users\jc\AppData\Local\Temp\ccrYs75M.s 			page 90


 2118              		.loc 1 2748 1 is_stmt 0 view .LVU713
 2119 0000 0020     		movs	r0, #0
 2120              	.LVL239:
 2121              		.loc 1 2748 1 view .LVU714
 2122 0002 7047     		bx	lr
 2123              		.cfi_endproc
 2124              	.LFE86:
 2126              		.section	.text.USB_ClearInterrupts,"ax",%progbits
 2127              		.align	1
 2128              		.global	USB_ClearInterrupts
 2129              		.syntax unified
 2130              		.thumb
 2131              		.thumb_func
 2133              	USB_ClearInterrupts:
 2134              	.LVL240:
 2135              	.LFB87:
2749:Drivers/STM32F1xx_HAL_Driver/Src/stm32f1xx_ll_usb.c **** 
2750:Drivers/STM32F1xx_HAL_Driver/Src/stm32f1xx_ll_usb.c **** /**
2751:Drivers/STM32F1xx_HAL_Driver/Src/stm32f1xx_ll_usb.c ****   * @brief  USB_ClearInterrupts: clear a USB interrupt
2752:Drivers/STM32F1xx_HAL_Driver/Src/stm32f1xx_ll_usb.c ****   * @param  USBx Selected device
2753:Drivers/STM32F1xx_HAL_Driver/Src/stm32f1xx_ll_usb.c ****   * @param  interrupt  flag
2754:Drivers/STM32F1xx_HAL_Driver/Src/stm32f1xx_ll_usb.c ****   * @retval None
2755:Drivers/STM32F1xx_HAL_Driver/Src/stm32f1xx_ll_usb.c ****   */
2756:Drivers/STM32F1xx_HAL_Driver/Src/stm32f1xx_ll_usb.c **** void  USB_ClearInterrupts(USB_TypeDef *USBx, uint32_t interrupt)
2757:Drivers/STM32F1xx_HAL_Driver/Src/stm32f1xx_ll_usb.c **** {
 2136              		.loc 1 2757 1 is_stmt 1 view -0
 2137              		.cfi_startproc
 2138              		@ args = 0, pretend = 0, frame = 0
 2139              		@ frame_needed = 0, uses_anonymous_args = 0
 2140              		@ link register save eliminated.
2758:Drivers/STM32F1xx_HAL_Driver/Src/stm32f1xx_ll_usb.c ****   /* Prevent unused argument(s) compilation warning */
2759:Drivers/STM32F1xx_HAL_Driver/Src/stm32f1xx_ll_usb.c ****   UNUSED(USBx);
 2141              		.loc 1 2759 3 view .LVU716
2760:Drivers/STM32F1xx_HAL_Driver/Src/stm32f1xx_ll_usb.c ****   UNUSED(interrupt);
 2142              		.loc 1 2760 3 view .LVU717
2761:Drivers/STM32F1xx_HAL_Driver/Src/stm32f1xx_ll_usb.c ****   /* NOTE : - This function is not required by USB Device FS peripheral, it is used
2762:Drivers/STM32F1xx_HAL_Driver/Src/stm32f1xx_ll_usb.c ****               only by USB OTG FS peripheral.
2763:Drivers/STM32F1xx_HAL_Driver/Src/stm32f1xx_ll_usb.c ****             - This function is added to ensure compatibility across platforms.
2764:Drivers/STM32F1xx_HAL_Driver/Src/stm32f1xx_ll_usb.c ****    */
2765:Drivers/STM32F1xx_HAL_Driver/Src/stm32f1xx_ll_usb.c **** }
 2143              		.loc 1 2765 1 is_stmt 0 view .LVU718
 2144 0000 7047     		bx	lr
 2145              		.cfi_endproc
 2146              	.LFE87:
 2148              		.section	.text.USB_EP0_OutStart,"ax",%progbits
 2149              		.align	1
 2150              		.global	USB_EP0_OutStart
 2151              		.syntax unified
 2152              		.thumb
 2153              		.thumb_func
 2155              	USB_EP0_OutStart:
 2156              	.LVL241:
 2157              	.LFB88:
2766:Drivers/STM32F1xx_HAL_Driver/Src/stm32f1xx_ll_usb.c **** 
2767:Drivers/STM32F1xx_HAL_Driver/Src/stm32f1xx_ll_usb.c **** /**
2768:Drivers/STM32F1xx_HAL_Driver/Src/stm32f1xx_ll_usb.c ****   * @brief  Prepare the EP0 to start the first control setup
2769:Drivers/STM32F1xx_HAL_Driver/Src/stm32f1xx_ll_usb.c ****   * @param  USBx Selected device
ARM GAS  C:\Users\jc\AppData\Local\Temp\ccrYs75M.s 			page 91


2770:Drivers/STM32F1xx_HAL_Driver/Src/stm32f1xx_ll_usb.c ****   * @param  psetup pointer to setup packet
2771:Drivers/STM32F1xx_HAL_Driver/Src/stm32f1xx_ll_usb.c ****   * @retval HAL status
2772:Drivers/STM32F1xx_HAL_Driver/Src/stm32f1xx_ll_usb.c ****   */
2773:Drivers/STM32F1xx_HAL_Driver/Src/stm32f1xx_ll_usb.c **** HAL_StatusTypeDef USB_EP0_OutStart(USB_TypeDef *USBx, uint8_t *psetup)
2774:Drivers/STM32F1xx_HAL_Driver/Src/stm32f1xx_ll_usb.c **** {
 2158              		.loc 1 2774 1 is_stmt 1 view -0
 2159              		.cfi_startproc
 2160              		@ args = 0, pretend = 0, frame = 0
 2161              		@ frame_needed = 0, uses_anonymous_args = 0
 2162              		@ link register save eliminated.
2775:Drivers/STM32F1xx_HAL_Driver/Src/stm32f1xx_ll_usb.c ****   /* Prevent unused argument(s) compilation warning */
2776:Drivers/STM32F1xx_HAL_Driver/Src/stm32f1xx_ll_usb.c ****   UNUSED(USBx);
 2163              		.loc 1 2776 3 view .LVU720
2777:Drivers/STM32F1xx_HAL_Driver/Src/stm32f1xx_ll_usb.c ****   UNUSED(psetup);
 2164              		.loc 1 2777 3 view .LVU721
2778:Drivers/STM32F1xx_HAL_Driver/Src/stm32f1xx_ll_usb.c ****   /* NOTE : - This function is not required by USB Device FS peripheral, it is used
2779:Drivers/STM32F1xx_HAL_Driver/Src/stm32f1xx_ll_usb.c ****               only by USB OTG FS peripheral.
2780:Drivers/STM32F1xx_HAL_Driver/Src/stm32f1xx_ll_usb.c ****             - This function is added to ensure compatibility across platforms.
2781:Drivers/STM32F1xx_HAL_Driver/Src/stm32f1xx_ll_usb.c ****    */
2782:Drivers/STM32F1xx_HAL_Driver/Src/stm32f1xx_ll_usb.c ****   return HAL_OK;
 2165              		.loc 1 2782 3 view .LVU722
2783:Drivers/STM32F1xx_HAL_Driver/Src/stm32f1xx_ll_usb.c **** }
 2166              		.loc 1 2783 1 is_stmt 0 view .LVU723
 2167 0000 0020     		movs	r0, #0
 2168              	.LVL242:
 2169              		.loc 1 2783 1 view .LVU724
 2170 0002 7047     		bx	lr
 2171              		.cfi_endproc
 2172              	.LFE88:
 2174              		.section	.text.USB_ActivateRemoteWakeup,"ax",%progbits
 2175              		.align	1
 2176              		.global	USB_ActivateRemoteWakeup
 2177              		.syntax unified
 2178              		.thumb
 2179              		.thumb_func
 2181              	USB_ActivateRemoteWakeup:
 2182              	.LVL243:
 2183              	.LFB89:
2784:Drivers/STM32F1xx_HAL_Driver/Src/stm32f1xx_ll_usb.c **** 
2785:Drivers/STM32F1xx_HAL_Driver/Src/stm32f1xx_ll_usb.c **** /**
2786:Drivers/STM32F1xx_HAL_Driver/Src/stm32f1xx_ll_usb.c ****   * @brief  USB_ActivateRemoteWakeup : active remote wakeup signalling
2787:Drivers/STM32F1xx_HAL_Driver/Src/stm32f1xx_ll_usb.c ****   * @param  USBx Selected device
2788:Drivers/STM32F1xx_HAL_Driver/Src/stm32f1xx_ll_usb.c ****   * @retval HAL status
2789:Drivers/STM32F1xx_HAL_Driver/Src/stm32f1xx_ll_usb.c ****   */
2790:Drivers/STM32F1xx_HAL_Driver/Src/stm32f1xx_ll_usb.c **** HAL_StatusTypeDef USB_ActivateRemoteWakeup(USB_TypeDef *USBx)
2791:Drivers/STM32F1xx_HAL_Driver/Src/stm32f1xx_ll_usb.c **** {
 2184              		.loc 1 2791 1 is_stmt 1 view -0
 2185              		.cfi_startproc
 2186              		@ args = 0, pretend = 0, frame = 0
 2187              		@ frame_needed = 0, uses_anonymous_args = 0
 2188              		@ link register save eliminated.
2792:Drivers/STM32F1xx_HAL_Driver/Src/stm32f1xx_ll_usb.c ****   USBx->CNTR |= (uint16_t)USB_CNTR_RESUME;
 2189              		.loc 1 2792 3 view .LVU726
 2190              		.loc 1 2792 7 is_stmt 0 view .LVU727
 2191 0000 B0F84030 		ldrh	r3, [r0, #64]
 2192 0004 9BB2     		uxth	r3, r3
 2193              		.loc 1 2792 14 view .LVU728
ARM GAS  C:\Users\jc\AppData\Local\Temp\ccrYs75M.s 			page 92


 2194 0006 43F01003 		orr	r3, r3, #16
 2195 000a A0F84030 		strh	r3, [r0, #64]	@ movhi
2793:Drivers/STM32F1xx_HAL_Driver/Src/stm32f1xx_ll_usb.c **** 
2794:Drivers/STM32F1xx_HAL_Driver/Src/stm32f1xx_ll_usb.c ****   return HAL_OK;
 2196              		.loc 1 2794 3 is_stmt 1 view .LVU729
2795:Drivers/STM32F1xx_HAL_Driver/Src/stm32f1xx_ll_usb.c **** }
 2197              		.loc 1 2795 1 is_stmt 0 view .LVU730
 2198 000e 0020     		movs	r0, #0
 2199              	.LVL244:
 2200              		.loc 1 2795 1 view .LVU731
 2201 0010 7047     		bx	lr
 2202              		.cfi_endproc
 2203              	.LFE89:
 2205              		.section	.text.USB_DeActivateRemoteWakeup,"ax",%progbits
 2206              		.align	1
 2207              		.global	USB_DeActivateRemoteWakeup
 2208              		.syntax unified
 2209              		.thumb
 2210              		.thumb_func
 2212              	USB_DeActivateRemoteWakeup:
 2213              	.LVL245:
 2214              	.LFB90:
2796:Drivers/STM32F1xx_HAL_Driver/Src/stm32f1xx_ll_usb.c **** 
2797:Drivers/STM32F1xx_HAL_Driver/Src/stm32f1xx_ll_usb.c **** /**
2798:Drivers/STM32F1xx_HAL_Driver/Src/stm32f1xx_ll_usb.c ****   * @brief  USB_DeActivateRemoteWakeup de-active remote wakeup signalling
2799:Drivers/STM32F1xx_HAL_Driver/Src/stm32f1xx_ll_usb.c ****   * @param  USBx Selected device
2800:Drivers/STM32F1xx_HAL_Driver/Src/stm32f1xx_ll_usb.c ****   * @retval HAL status
2801:Drivers/STM32F1xx_HAL_Driver/Src/stm32f1xx_ll_usb.c ****   */
2802:Drivers/STM32F1xx_HAL_Driver/Src/stm32f1xx_ll_usb.c **** HAL_StatusTypeDef USB_DeActivateRemoteWakeup(USB_TypeDef *USBx)
2803:Drivers/STM32F1xx_HAL_Driver/Src/stm32f1xx_ll_usb.c **** {
 2215              		.loc 1 2803 1 is_stmt 1 view -0
 2216              		.cfi_startproc
 2217              		@ args = 0, pretend = 0, frame = 0
 2218              		@ frame_needed = 0, uses_anonymous_args = 0
 2219              		@ link register save eliminated.
2804:Drivers/STM32F1xx_HAL_Driver/Src/stm32f1xx_ll_usb.c ****   USBx->CNTR &= (uint16_t)(~USB_CNTR_RESUME);
 2220              		.loc 1 2804 3 view .LVU733
 2221              		.loc 1 2804 7 is_stmt 0 view .LVU734
 2222 0000 B0F84030 		ldrh	r3, [r0, #64]
 2223 0004 9BB2     		uxth	r3, r3
 2224              		.loc 1 2804 14 view .LVU735
 2225 0006 23F01003 		bic	r3, r3, #16
 2226 000a 9BB2     		uxth	r3, r3
 2227 000c A0F84030 		strh	r3, [r0, #64]	@ movhi
2805:Drivers/STM32F1xx_HAL_Driver/Src/stm32f1xx_ll_usb.c **** 
2806:Drivers/STM32F1xx_HAL_Driver/Src/stm32f1xx_ll_usb.c ****   return HAL_OK;
 2228              		.loc 1 2806 3 is_stmt 1 view .LVU736
2807:Drivers/STM32F1xx_HAL_Driver/Src/stm32f1xx_ll_usb.c **** }
 2229              		.loc 1 2807 1 is_stmt 0 view .LVU737
 2230 0010 0020     		movs	r0, #0
 2231              	.LVL246:
 2232              		.loc 1 2807 1 view .LVU738
 2233 0012 7047     		bx	lr
 2234              		.cfi_endproc
 2235              	.LFE90:
 2237              		.section	.text.USB_WritePMA,"ax",%progbits
 2238              		.align	1
ARM GAS  C:\Users\jc\AppData\Local\Temp\ccrYs75M.s 			page 93


 2239              		.global	USB_WritePMA
 2240              		.syntax unified
 2241              		.thumb
 2242              		.thumb_func
 2244              	USB_WritePMA:
 2245              	.LVL247:
 2246              	.LFB91:
2808:Drivers/STM32F1xx_HAL_Driver/Src/stm32f1xx_ll_usb.c **** 
2809:Drivers/STM32F1xx_HAL_Driver/Src/stm32f1xx_ll_usb.c **** /**
2810:Drivers/STM32F1xx_HAL_Driver/Src/stm32f1xx_ll_usb.c ****   * @brief Copy a buffer from user memory area to packet memory area (PMA)
2811:Drivers/STM32F1xx_HAL_Driver/Src/stm32f1xx_ll_usb.c ****   * @param   USBx USB peripheral instance register address.
2812:Drivers/STM32F1xx_HAL_Driver/Src/stm32f1xx_ll_usb.c ****   * @param   pbUsrBuf pointer to user memory area.
2813:Drivers/STM32F1xx_HAL_Driver/Src/stm32f1xx_ll_usb.c ****   * @param   wPMABufAddr address into PMA.
2814:Drivers/STM32F1xx_HAL_Driver/Src/stm32f1xx_ll_usb.c ****   * @param   wNBytes no. of bytes to be copied.
2815:Drivers/STM32F1xx_HAL_Driver/Src/stm32f1xx_ll_usb.c ****   * @retval None
2816:Drivers/STM32F1xx_HAL_Driver/Src/stm32f1xx_ll_usb.c ****   */
2817:Drivers/STM32F1xx_HAL_Driver/Src/stm32f1xx_ll_usb.c **** void USB_WritePMA(USB_TypeDef const *USBx, uint8_t *pbUsrBuf, uint16_t wPMABufAddr, uint16_t wNByte
2818:Drivers/STM32F1xx_HAL_Driver/Src/stm32f1xx_ll_usb.c **** {
 2247              		.loc 1 2818 1 is_stmt 1 view -0
 2248              		.cfi_startproc
 2249              		@ args = 0, pretend = 0, frame = 0
 2250              		@ frame_needed = 0, uses_anonymous_args = 0
 2251              		@ link register save eliminated.
2819:Drivers/STM32F1xx_HAL_Driver/Src/stm32f1xx_ll_usb.c ****   uint32_t n = ((uint32_t)wNBytes + 1U) >> 1;
 2252              		.loc 1 2819 3 view .LVU740
 2253              		.loc 1 2819 35 is_stmt 0 view .LVU741
 2254 0000 0133     		adds	r3, r3, #1
 2255              	.LVL248:
 2256              		.loc 1 2819 12 view .LVU742
 2257 0002 5B08     		lsrs	r3, r3, #1
 2258              	.LVL249:
2820:Drivers/STM32F1xx_HAL_Driver/Src/stm32f1xx_ll_usb.c ****   uint32_t BaseAddr = (uint32_t)USBx;
 2259              		.loc 1 2820 3 is_stmt 1 view .LVU743
2821:Drivers/STM32F1xx_HAL_Driver/Src/stm32f1xx_ll_usb.c ****   uint32_t count;
 2260              		.loc 1 2821 3 view .LVU744
2822:Drivers/STM32F1xx_HAL_Driver/Src/stm32f1xx_ll_usb.c ****   uint16_t WrVal;
 2261              		.loc 1 2822 3 view .LVU745
2823:Drivers/STM32F1xx_HAL_Driver/Src/stm32f1xx_ll_usb.c ****   __IO uint16_t *pdwVal;
 2262              		.loc 1 2823 3 view .LVU746
2824:Drivers/STM32F1xx_HAL_Driver/Src/stm32f1xx_ll_usb.c ****   uint8_t *pBuf = pbUsrBuf;
 2263              		.loc 1 2824 3 view .LVU747
2825:Drivers/STM32F1xx_HAL_Driver/Src/stm32f1xx_ll_usb.c **** 
2826:Drivers/STM32F1xx_HAL_Driver/Src/stm32f1xx_ll_usb.c ****   pdwVal = (__IO uint16_t *)(BaseAddr + 0x400U + ((uint32_t)wPMABufAddr * PMA_ACCESS));
 2264              		.loc 1 2826 3 view .LVU748
 2265              		.loc 1 2826 48 is_stmt 0 view .LVU749
 2266 0004 00EB4200 		add	r0, r0, r2, lsl #1
 2267              	.LVL250:
 2268              		.loc 1 2826 48 view .LVU750
 2269 0008 00F58060 		add	r0, r0, #1024
 2270              	.LVL251:
2827:Drivers/STM32F1xx_HAL_Driver/Src/stm32f1xx_ll_usb.c **** 
2828:Drivers/STM32F1xx_HAL_Driver/Src/stm32f1xx_ll_usb.c ****   for (count = n; count != 0U; count--)
 2271              		.loc 1 2828 3 is_stmt 1 view .LVU751
 2272              		.loc 1 2828 3 is_stmt 0 view .LVU752
 2273 000c 08E0     		b	.L81
 2274              	.LVL252:
 2275              	.L82:
ARM GAS  C:\Users\jc\AppData\Local\Temp\ccrYs75M.s 			page 94


2829:Drivers/STM32F1xx_HAL_Driver/Src/stm32f1xx_ll_usb.c ****   {
2830:Drivers/STM32F1xx_HAL_Driver/Src/stm32f1xx_ll_usb.c ****     WrVal = pBuf[0];
 2276              		.loc 1 2830 5 is_stmt 1 view .LVU753
 2277              		.loc 1 2830 17 is_stmt 0 view .LVU754
 2278 000e 0A78     		ldrb	r2, [r1]	@ zero_extendqisi2
 2279              	.LVL253:
2831:Drivers/STM32F1xx_HAL_Driver/Src/stm32f1xx_ll_usb.c ****     WrVal |= (uint16_t)pBuf[1] << 8;
 2280              		.loc 1 2831 5 is_stmt 1 view .LVU755
 2281              		.loc 1 2831 28 is_stmt 0 view .LVU756
 2282 0010 91F801C0 		ldrb	ip, [r1, #1]	@ zero_extendqisi2
 2283              		.loc 1 2831 11 view .LVU757
 2284 0014 42EA0C22 		orr	r2, r2, ip, lsl #8
 2285              	.LVL254:
2832:Drivers/STM32F1xx_HAL_Driver/Src/stm32f1xx_ll_usb.c ****     *pdwVal = (WrVal & 0xFFFFU);
 2286              		.loc 1 2832 5 is_stmt 1 view .LVU758
 2287              		.loc 1 2832 13 is_stmt 0 view .LVU759
 2288 0018 20F8042B 		strh	r2, [r0], #4	@ movhi
 2289              	.LVL255:
2833:Drivers/STM32F1xx_HAL_Driver/Src/stm32f1xx_ll_usb.c ****     pdwVal++;
 2290              		.loc 1 2833 5 is_stmt 1 view .LVU760
2834:Drivers/STM32F1xx_HAL_Driver/Src/stm32f1xx_ll_usb.c **** 
2835:Drivers/STM32F1xx_HAL_Driver/Src/stm32f1xx_ll_usb.c **** #if PMA_ACCESS > 1U
2836:Drivers/STM32F1xx_HAL_Driver/Src/stm32f1xx_ll_usb.c ****     pdwVal++;
 2291              		.loc 1 2836 5 view .LVU761
2837:Drivers/STM32F1xx_HAL_Driver/Src/stm32f1xx_ll_usb.c **** #endif /* PMA_ACCESS */
2838:Drivers/STM32F1xx_HAL_Driver/Src/stm32f1xx_ll_usb.c **** 
2839:Drivers/STM32F1xx_HAL_Driver/Src/stm32f1xx_ll_usb.c ****     pBuf++;
 2292              		.loc 1 2839 5 view .LVU762
2840:Drivers/STM32F1xx_HAL_Driver/Src/stm32f1xx_ll_usb.c ****     pBuf++;
 2293              		.loc 1 2840 5 view .LVU763
 2294              		.loc 1 2840 9 is_stmt 0 view .LVU764
 2295 001c 0231     		adds	r1, r1, #2
 2296              	.LVL256:
2828:Drivers/STM32F1xx_HAL_Driver/Src/stm32f1xx_ll_usb.c ****   {
 2297              		.loc 1 2828 37 is_stmt 1 discriminator 3 view .LVU765
 2298 001e 013B     		subs	r3, r3, #1
 2299              	.LVL257:
 2300              	.L81:
2828:Drivers/STM32F1xx_HAL_Driver/Src/stm32f1xx_ll_usb.c ****   {
 2301              		.loc 1 2828 25 discriminator 1 view .LVU766
 2302 0020 002B     		cmp	r3, #0
 2303 0022 F4D1     		bne	.L82
2841:Drivers/STM32F1xx_HAL_Driver/Src/stm32f1xx_ll_usb.c ****   }
2842:Drivers/STM32F1xx_HAL_Driver/Src/stm32f1xx_ll_usb.c **** }
 2304              		.loc 1 2842 1 is_stmt 0 view .LVU767
 2305 0024 7047     		bx	lr
 2306              		.cfi_endproc
 2307              	.LFE91:
 2309              		.section	.text.USB_EPStartXfer,"ax",%progbits
 2310              		.align	1
 2311              		.global	USB_EPStartXfer
 2312              		.syntax unified
 2313              		.thumb
 2314              		.thumb_func
 2316              	USB_EPStartXfer:
 2317              	.LVL258:
 2318              	.LFB74:
ARM GAS  C:\Users\jc\AppData\Local\Temp\ccrYs75M.s 			page 95


2283:Drivers/STM32F1xx_HAL_Driver/Src/stm32f1xx_ll_usb.c ****   uint32_t len;
 2319              		.loc 1 2283 1 is_stmt 1 view -0
 2320              		.cfi_startproc
 2321              		@ args = 0, pretend = 0, frame = 0
 2322              		@ frame_needed = 0, uses_anonymous_args = 0
2283:Drivers/STM32F1xx_HAL_Driver/Src/stm32f1xx_ll_usb.c ****   uint32_t len;
 2323              		.loc 1 2283 1 is_stmt 0 view .LVU769
 2324 0000 70B5     		push	{r4, r5, r6, lr}
 2325              		.cfi_def_cfa_offset 16
 2326              		.cfi_offset 4, -16
 2327              		.cfi_offset 5, -12
 2328              		.cfi_offset 6, -8
 2329              		.cfi_offset 14, -4
 2330 0002 0546     		mov	r5, r0
 2331 0004 0C46     		mov	r4, r1
2284:Drivers/STM32F1xx_HAL_Driver/Src/stm32f1xx_ll_usb.c **** #if (USE_USB_DOUBLE_BUFFER == 1U)
 2332              		.loc 1 2284 3 is_stmt 1 view .LVU770
2286:Drivers/STM32F1xx_HAL_Driver/Src/stm32f1xx_ll_usb.c ****   uint16_t wEPVal;
 2333              		.loc 1 2286 3 view .LVU771
2287:Drivers/STM32F1xx_HAL_Driver/Src/stm32f1xx_ll_usb.c **** #endif /* (USE_USB_DOUBLE_BUFFER == 1U) */
 2334              		.loc 1 2287 3 view .LVU772
2291:Drivers/STM32F1xx_HAL_Driver/Src/stm32f1xx_ll_usb.c ****   {
 2335              		.loc 1 2291 3 view .LVU773
2291:Drivers/STM32F1xx_HAL_Driver/Src/stm32f1xx_ll_usb.c ****   {
 2336              		.loc 1 2291 9 is_stmt 0 view .LVU774
 2337 0006 4A78     		ldrb	r2, [r1, #1]	@ zero_extendqisi2
2291:Drivers/STM32F1xx_HAL_Driver/Src/stm32f1xx_ll_usb.c ****   {
 2338              		.loc 1 2291 6 view .LVU775
 2339 0008 012A     		cmp	r2, #1
 2340 000a 3BD0     		beq	.L169
2427:Drivers/STM32F1xx_HAL_Driver/Src/stm32f1xx_ll_usb.c ****     {
 2341              		.loc 1 2427 5 is_stmt 1 view .LVU776
2427:Drivers/STM32F1xx_HAL_Driver/Src/stm32f1xx_ll_usb.c ****     {
 2342              		.loc 1 2427 11 is_stmt 0 view .LVU777
 2343 000c 0B7B     		ldrb	r3, [r1, #12]	@ zero_extendqisi2
2427:Drivers/STM32F1xx_HAL_Driver/Src/stm32f1xx_ll_usb.c ****     {
 2344              		.loc 1 2427 8 view .LVU778
 2345 000e 002B     		cmp	r3, #0
 2346 0010 40F0A682 		bne	.L133
2430:Drivers/STM32F1xx_HAL_Driver/Src/stm32f1xx_ll_usb.c ****       {
 2347              		.loc 1 2430 7 is_stmt 1 view .LVU779
2430:Drivers/STM32F1xx_HAL_Driver/Src/stm32f1xx_ll_usb.c ****       {
 2348              		.loc 1 2430 13 is_stmt 0 view .LVU780
 2349 0014 8B69     		ldr	r3, [r1, #24]
2430:Drivers/STM32F1xx_HAL_Driver/Src/stm32f1xx_ll_usb.c ****       {
 2350              		.loc 1 2430 28 view .LVU781
 2351 0016 0A69     		ldr	r2, [r1, #16]
2430:Drivers/STM32F1xx_HAL_Driver/Src/stm32f1xx_ll_usb.c ****       {
 2352              		.loc 1 2430 10 view .LVU782
 2353 0018 9342     		cmp	r3, r2
 2354 001a 40F28482 		bls	.L134
2432:Drivers/STM32F1xx_HAL_Driver/Src/stm32f1xx_ll_usb.c ****         ep->xfer_len -= len;
 2355              		.loc 1 2432 9 is_stmt 1 view .LVU783
 2356              	.LVL259:
2433:Drivers/STM32F1xx_HAL_Driver/Src/stm32f1xx_ll_usb.c ****       }
 2357              		.loc 1 2433 9 view .LVU784
2433:Drivers/STM32F1xx_HAL_Driver/Src/stm32f1xx_ll_usb.c ****       }
ARM GAS  C:\Users\jc\AppData\Local\Temp\ccrYs75M.s 			page 96


 2358              		.loc 1 2433 22 is_stmt 0 view .LVU785
 2359 001e 9B1A     		subs	r3, r3, r2
 2360 0020 8B61     		str	r3, [r1, #24]
 2361              	.L135:
2441:Drivers/STM32F1xx_HAL_Driver/Src/stm32f1xx_ll_usb.c ****     }
 2362              		.loc 1 2441 7 is_stmt 1 view .LVU786
 2363              	.LBB66:
2441:Drivers/STM32F1xx_HAL_Driver/Src/stm32f1xx_ll_usb.c ****     }
 2364              		.loc 1 2441 7 view .LVU787
 2365              	.LVL260:
2441:Drivers/STM32F1xx_HAL_Driver/Src/stm32f1xx_ll_usb.c ****     }
 2366              		.loc 1 2441 7 view .LVU788
2441:Drivers/STM32F1xx_HAL_Driver/Src/stm32f1xx_ll_usb.c ****     }
 2367              		.loc 1 2441 7 view .LVU789
 2368 0022 B5F85030 		ldrh	r3, [r5, #80]
 2369 0026 9BB2     		uxth	r3, r3
 2370 0028 2B44     		add	r3, r3, r5
 2371              	.LVL261:
2441:Drivers/STM32F1xx_HAL_Driver/Src/stm32f1xx_ll_usb.c ****     }
 2372              		.loc 1 2441 7 view .LVU790
 2373 002a 2178     		ldrb	r1, [r4]	@ zero_extendqisi2
 2374              	.LVL262:
2441:Drivers/STM32F1xx_HAL_Driver/Src/stm32f1xx_ll_usb.c ****     }
 2375              		.loc 1 2441 7 is_stmt 0 view .LVU791
 2376 002c 03EB0113 		add	r3, r3, r1, lsl #4
 2377              	.LVL263:
2441:Drivers/STM32F1xx_HAL_Driver/Src/stm32f1xx_ll_usb.c ****     }
 2378              		.loc 1 2441 7 is_stmt 1 view .LVU792
 2379              	.LBB67:
2441:Drivers/STM32F1xx_HAL_Driver/Src/stm32f1xx_ll_usb.c ****     }
 2380              		.loc 1 2441 7 view .LVU793
2441:Drivers/STM32F1xx_HAL_Driver/Src/stm32f1xx_ll_usb.c ****     }
 2381              		.loc 1 2441 7 view .LVU794
 2382 0030 B3F80C14 		ldrh	r1, [r3, #1036]
 2383 0034 C1F30901 		ubfx	r1, r1, #0, #10
 2384 0038 A3F80C14 		strh	r1, [r3, #1036]	@ movhi
2441:Drivers/STM32F1xx_HAL_Driver/Src/stm32f1xx_ll_usb.c ****     }
 2385              		.loc 1 2441 7 view .LVU795
 2386 003c 3E2A     		cmp	r2, #62
 2387 003e 40F27682 		bls	.L136
2441:Drivers/STM32F1xx_HAL_Driver/Src/stm32f1xx_ll_usb.c ****     }
 2388              		.loc 1 2441 7 discriminator 1 view .LVU796
2441:Drivers/STM32F1xx_HAL_Driver/Src/stm32f1xx_ll_usb.c ****     }
 2389              		.loc 1 2441 7 discriminator 1 view .LVU797
 2390 0042 5109     		lsrs	r1, r2, #5
 2391              	.LVL264:
2441:Drivers/STM32F1xx_HAL_Driver/Src/stm32f1xx_ll_usb.c ****     }
 2392              		.loc 1 2441 7 view .LVU798
2441:Drivers/STM32F1xx_HAL_Driver/Src/stm32f1xx_ll_usb.c ****     }
 2393              		.loc 1 2441 7 is_stmt 0 discriminator 1 view .LVU799
 2394 0044 12F01F0F 		tst	r2, #31
 2395 0048 00D1     		bne	.L137
2441:Drivers/STM32F1xx_HAL_Driver/Src/stm32f1xx_ll_usb.c ****     }
 2396              		.loc 1 2441 7 is_stmt 1 discriminator 3 view .LVU800
 2397 004a 0139     		subs	r1, r1, #1
 2398              	.LVL265:
 2399              	.L137:
ARM GAS  C:\Users\jc\AppData\Local\Temp\ccrYs75M.s 			page 97


2441:Drivers/STM32F1xx_HAL_Driver/Src/stm32f1xx_ll_usb.c ****     }
 2400              		.loc 1 2441 7 discriminator 5 view .LVU801
 2401 004c B3F80C24 		ldrh	r2, [r3, #1036]
 2402              	.LVL266:
2441:Drivers/STM32F1xx_HAL_Driver/Src/stm32f1xx_ll_usb.c ****     }
 2403              		.loc 1 2441 7 is_stmt 0 discriminator 5 view .LVU802
 2404 0050 92B2     		uxth	r2, r2
 2405 0052 8902     		lsls	r1, r1, #10
 2406              	.LVL267:
2441:Drivers/STM32F1xx_HAL_Driver/Src/stm32f1xx_ll_usb.c ****     }
 2407              		.loc 1 2441 7 discriminator 5 view .LVU803
 2408 0054 89B2     		uxth	r1, r1
 2409 0056 0A43     		orrs	r2, r2, r1
 2410 0058 42F40042 		orr	r2, r2, #32768
 2411 005c A3F80C24 		strh	r2, [r3, #1036]	@ movhi
2441:Drivers/STM32F1xx_HAL_Driver/Src/stm32f1xx_ll_usb.c ****     }
 2412              		.loc 1 2441 7 is_stmt 1 view .LVU804
 2413              	.LVL268:
 2414              	.L138:
2441:Drivers/STM32F1xx_HAL_Driver/Src/stm32f1xx_ll_usb.c ****     }
 2415              		.loc 1 2441 7 is_stmt 0 view .LVU805
 2416              	.LBE67:
 2417              	.LBE66:
2489:Drivers/STM32F1xx_HAL_Driver/Src/stm32f1xx_ll_usb.c ****   }
 2418              		.loc 1 2489 5 is_stmt 1 view .LVU806
 2419              	.LBB69:
2489:Drivers/STM32F1xx_HAL_Driver/Src/stm32f1xx_ll_usb.c ****   }
 2420              		.loc 1 2489 5 view .LVU807
2489:Drivers/STM32F1xx_HAL_Driver/Src/stm32f1xx_ll_usb.c ****   }
 2421              		.loc 1 2489 5 view .LVU808
 2422 0060 2278     		ldrb	r2, [r4]	@ zero_extendqisi2
 2423 0062 35F82230 		ldrh	r3, [r5, r2, lsl #2]
 2424 0066 9BB2     		uxth	r3, r3
 2425 0068 23F48043 		bic	r3, r3, #16384
 2426 006c 23F07003 		bic	r3, r3, #112
 2427              	.LVL269:
2489:Drivers/STM32F1xx_HAL_Driver/Src/stm32f1xx_ll_usb.c ****   }
 2428              		.loc 1 2489 5 view .LVU809
2489:Drivers/STM32F1xx_HAL_Driver/Src/stm32f1xx_ll_usb.c ****   }
 2429              		.loc 1 2489 5 discriminator 1 view .LVU810
2489:Drivers/STM32F1xx_HAL_Driver/Src/stm32f1xx_ll_usb.c ****   }
 2430              		.loc 1 2489 5 discriminator 3 view .LVU811
2489:Drivers/STM32F1xx_HAL_Driver/Src/stm32f1xx_ll_usb.c ****   }
 2431              		.loc 1 2489 5 discriminator 4 view .LVU812
 2432 0070 83F44053 		eor	r3, r3, #12288
 2433              	.LVL270:
2489:Drivers/STM32F1xx_HAL_Driver/Src/stm32f1xx_ll_usb.c ****   }
 2434              		.loc 1 2489 5 discriminator 6 view .LVU813
 2435 0074 43F40043 		orr	r3, r3, #32768
 2436              	.LVL271:
2489:Drivers/STM32F1xx_HAL_Driver/Src/stm32f1xx_ll_usb.c ****   }
 2437              		.loc 1 2489 5 is_stmt 0 discriminator 6 view .LVU814
 2438 0078 43F08003 		orr	r3, r3, #128
 2439 007c 25F82230 		strh	r3, [r5, r2, lsl #2]	@ movhi
 2440              	.LBE69:
2492:Drivers/STM32F1xx_HAL_Driver/Src/stm32f1xx_ll_usb.c **** }
 2441              		.loc 1 2492 10 view .LVU815
ARM GAS  C:\Users\jc\AppData\Local\Temp\ccrYs75M.s 			page 98


 2442 0080 0020     		movs	r0, #0
 2443              	.LVL272:
 2444              	.L132:
2493:Drivers/STM32F1xx_HAL_Driver/Src/stm32f1xx_ll_usb.c **** 
 2445              		.loc 1 2493 1 view .LVU816
 2446 0082 70BD     		pop	{r4, r5, r6, pc}
 2447              	.LVL273:
 2448              	.L169:
2294:Drivers/STM32F1xx_HAL_Driver/Src/stm32f1xx_ll_usb.c ****     {
 2449              		.loc 1 2294 5 is_stmt 1 view .LVU817
2294:Drivers/STM32F1xx_HAL_Driver/Src/stm32f1xx_ll_usb.c ****     {
 2450              		.loc 1 2294 11 is_stmt 0 view .LVU818
 2451 0084 8E69     		ldr	r6, [r1, #24]
2294:Drivers/STM32F1xx_HAL_Driver/Src/stm32f1xx_ll_usb.c ****     {
 2452              		.loc 1 2294 26 view .LVU819
 2453 0086 0969     		ldr	r1, [r1, #16]
 2454              	.LVL274:
2294:Drivers/STM32F1xx_HAL_Driver/Src/stm32f1xx_ll_usb.c ****     {
 2455              		.loc 1 2294 8 view .LVU820
 2456 0088 8E42     		cmp	r6, r1
 2457 008a 00D9     		bls	.L85
2296:Drivers/STM32F1xx_HAL_Driver/Src/stm32f1xx_ll_usb.c ****     }
 2458              		.loc 1 2296 11 view .LVU821
 2459 008c 0E46     		mov	r6, r1
 2460              	.L85:
 2461              	.LVL275:
2304:Drivers/STM32F1xx_HAL_Driver/Src/stm32f1xx_ll_usb.c ****     {
 2462              		.loc 1 2304 5 is_stmt 1 view .LVU822
2304:Drivers/STM32F1xx_HAL_Driver/Src/stm32f1xx_ll_usb.c ****     {
 2463              		.loc 1 2304 11 is_stmt 0 view .LVU823
 2464 008e 237B     		ldrb	r3, [r4, #12]	@ zero_extendqisi2
2304:Drivers/STM32F1xx_HAL_Driver/Src/stm32f1xx_ll_usb.c ****     {
 2465              		.loc 1 2304 8 view .LVU824
 2466 0090 73B3     		cbz	r3, .L170
2313:Drivers/STM32F1xx_HAL_Driver/Src/stm32f1xx_ll_usb.c ****       {
 2467              		.loc 1 2313 7 is_stmt 1 view .LVU825
2313:Drivers/STM32F1xx_HAL_Driver/Src/stm32f1xx_ll_usb.c ****       {
 2468              		.loc 1 2313 13 is_stmt 0 view .LVU826
 2469 0092 E378     		ldrb	r3, [r4, #3]	@ zero_extendqisi2
2313:Drivers/STM32F1xx_HAL_Driver/Src/stm32f1xx_ll_usb.c ****       {
 2470              		.loc 1 2313 10 view .LVU827
 2471 0094 022B     		cmp	r3, #2
 2472 0096 4DD0     		beq	.L171
2398:Drivers/STM32F1xx_HAL_Driver/Src/stm32f1xx_ll_usb.c **** 
 2473              		.loc 1 2398 9 is_stmt 1 view .LVU828
2398:Drivers/STM32F1xx_HAL_Driver/Src/stm32f1xx_ll_usb.c **** 
 2474              		.loc 1 2398 11 is_stmt 0 view .LVU829
 2475 0098 236A     		ldr	r3, [r4, #32]
2398:Drivers/STM32F1xx_HAL_Driver/Src/stm32f1xx_ll_usb.c **** 
 2476              		.loc 1 2398 25 view .LVU830
 2477 009a 9B1B     		subs	r3, r3, r6
 2478 009c 2362     		str	r3, [r4, #32]
2401:Drivers/STM32F1xx_HAL_Driver/Src/stm32f1xx_ll_usb.c ****         {
 2479              		.loc 1 2401 9 is_stmt 1 view .LVU831
2401:Drivers/STM32F1xx_HAL_Driver/Src/stm32f1xx_ll_usb.c ****         {
 2480              		.loc 1 2401 14 is_stmt 0 view .LVU832
 2481 009e 2178     		ldrb	r1, [r4]	@ zero_extendqisi2
ARM GAS  C:\Users\jc\AppData\Local\Temp\ccrYs75M.s 			page 99


 2482 00a0 35F82130 		ldrh	r3, [r5, r1, lsl #2]
2401:Drivers/STM32F1xx_HAL_Driver/Src/stm32f1xx_ll_usb.c ****         {
 2483              		.loc 1 2401 12 view .LVU833
 2484 00a4 13F0400F 		tst	r3, #64
 2485 00a8 00F0F581 		beq	.L119
2404:Drivers/STM32F1xx_HAL_Driver/Src/stm32f1xx_ll_usb.c ****           pmabuffer = ep->pmaaddr1;
 2486              		.loc 1 2404 11 is_stmt 1 view .LVU834
 2487              	.LBB70:
2404:Drivers/STM32F1xx_HAL_Driver/Src/stm32f1xx_ll_usb.c ****           pmabuffer = ep->pmaaddr1;
 2488              		.loc 1 2404 11 view .LVU835
 2489              	.LVL276:
2404:Drivers/STM32F1xx_HAL_Driver/Src/stm32f1xx_ll_usb.c ****           pmabuffer = ep->pmaaddr1;
 2490              		.loc 1 2404 11 view .LVU836
2404:Drivers/STM32F1xx_HAL_Driver/Src/stm32f1xx_ll_usb.c ****           pmabuffer = ep->pmaaddr1;
 2491              		.loc 1 2404 11 view .LVU837
 2492 00ac 002A     		cmp	r2, #0
 2493 00ae 40F0E281 		bne	.L120
2404:Drivers/STM32F1xx_HAL_Driver/Src/stm32f1xx_ll_usb.c ****           pmabuffer = ep->pmaaddr1;
 2494              		.loc 1 2404 11 discriminator 1 view .LVU838
 2495              	.LBB71:
2404:Drivers/STM32F1xx_HAL_Driver/Src/stm32f1xx_ll_usb.c ****           pmabuffer = ep->pmaaddr1;
 2496              		.loc 1 2404 11 discriminator 1 view .LVU839
 2497              	.LVL277:
2404:Drivers/STM32F1xx_HAL_Driver/Src/stm32f1xx_ll_usb.c ****           pmabuffer = ep->pmaaddr1;
 2498              		.loc 1 2404 11 view .LVU840
2404:Drivers/STM32F1xx_HAL_Driver/Src/stm32f1xx_ll_usb.c ****           pmabuffer = ep->pmaaddr1;
 2499              		.loc 1 2404 11 view .LVU841
2404:Drivers/STM32F1xx_HAL_Driver/Src/stm32f1xx_ll_usb.c ****           pmabuffer = ep->pmaaddr1;
 2500              		.loc 1 2404 11 is_stmt 0 discriminator 1 view .LVU842
 2501 00b2 B5F85030 		ldrh	r3, [r5, #80]
 2502 00b6 9BB2     		uxth	r3, r3
 2503 00b8 2B44     		add	r3, r3, r5
 2504              	.LVL278:
2404:Drivers/STM32F1xx_HAL_Driver/Src/stm32f1xx_ll_usb.c ****           pmabuffer = ep->pmaaddr1;
 2505              		.loc 1 2404 11 is_stmt 1 view .LVU843
2404:Drivers/STM32F1xx_HAL_Driver/Src/stm32f1xx_ll_usb.c ****           pmabuffer = ep->pmaaddr1;
 2506              		.loc 1 2404 11 is_stmt 0 discriminator 1 view .LVU844
 2507 00ba 03EB0113 		add	r3, r3, r1, lsl #4
 2508              	.LVL279:
2404:Drivers/STM32F1xx_HAL_Driver/Src/stm32f1xx_ll_usb.c ****           pmabuffer = ep->pmaaddr1;
 2509              		.loc 1 2404 11 is_stmt 1 view .LVU845
 2510              	.LBB72:
2404:Drivers/STM32F1xx_HAL_Driver/Src/stm32f1xx_ll_usb.c ****           pmabuffer = ep->pmaaddr1;
 2511              		.loc 1 2404 11 view .LVU846
2404:Drivers/STM32F1xx_HAL_Driver/Src/stm32f1xx_ll_usb.c ****           pmabuffer = ep->pmaaddr1;
 2512              		.loc 1 2404 11 view .LVU847
2404:Drivers/STM32F1xx_HAL_Driver/Src/stm32f1xx_ll_usb.c ****           pmabuffer = ep->pmaaddr1;
 2513              		.loc 1 2404 11 is_stmt 0 discriminator 1 view .LVU848
 2514 00be B3F80C24 		ldrh	r2, [r3, #1036]
 2515 00c2 C2F30902 		ubfx	r2, r2, #0, #10
 2516 00c6 A3F80C24 		strh	r2, [r3, #1036]	@ movhi
2404:Drivers/STM32F1xx_HAL_Driver/Src/stm32f1xx_ll_usb.c ****           pmabuffer = ep->pmaaddr1;
 2517              		.loc 1 2404 11 is_stmt 1 view .LVU849
2404:Drivers/STM32F1xx_HAL_Driver/Src/stm32f1xx_ll_usb.c ****           pmabuffer = ep->pmaaddr1;
 2518              		.loc 1 2404 11 is_stmt 0 discriminator 1 view .LVU850
 2519 00ca 3E2E     		cmp	r6, #62
 2520 00cc 40F2BA81 		bls	.L121
ARM GAS  C:\Users\jc\AppData\Local\Temp\ccrYs75M.s 			page 100


2404:Drivers/STM32F1xx_HAL_Driver/Src/stm32f1xx_ll_usb.c ****           pmabuffer = ep->pmaaddr1;
 2521              		.loc 1 2404 11 is_stmt 1 discriminator 3 view .LVU851
2404:Drivers/STM32F1xx_HAL_Driver/Src/stm32f1xx_ll_usb.c ****           pmabuffer = ep->pmaaddr1;
 2522              		.loc 1 2404 11 discriminator 3 view .LVU852
 2523 00d0 7109     		lsrs	r1, r6, #5
 2524              	.LVL280:
2404:Drivers/STM32F1xx_HAL_Driver/Src/stm32f1xx_ll_usb.c ****           pmabuffer = ep->pmaaddr1;
 2525              		.loc 1 2404 11 view .LVU853
2404:Drivers/STM32F1xx_HAL_Driver/Src/stm32f1xx_ll_usb.c ****           pmabuffer = ep->pmaaddr1;
 2526              		.loc 1 2404 11 is_stmt 0 discriminator 3 view .LVU854
 2527 00d2 16F01F0F 		tst	r6, #31
 2528 00d6 00D1     		bne	.L122
2404:Drivers/STM32F1xx_HAL_Driver/Src/stm32f1xx_ll_usb.c ****           pmabuffer = ep->pmaaddr1;
 2529              		.loc 1 2404 11 is_stmt 1 discriminator 5 view .LVU855
 2530 00d8 0139     		subs	r1, r1, #1
 2531              	.LVL281:
 2532              	.L122:
2404:Drivers/STM32F1xx_HAL_Driver/Src/stm32f1xx_ll_usb.c ****           pmabuffer = ep->pmaaddr1;
 2533              		.loc 1 2404 11 discriminator 7 view .LVU856
 2534 00da B3F80C24 		ldrh	r2, [r3, #1036]
 2535 00de 92B2     		uxth	r2, r2
 2536 00e0 8902     		lsls	r1, r1, #10
 2537              	.LVL282:
2404:Drivers/STM32F1xx_HAL_Driver/Src/stm32f1xx_ll_usb.c ****           pmabuffer = ep->pmaaddr1;
 2538              		.loc 1 2404 11 is_stmt 0 discriminator 7 view .LVU857
 2539 00e2 89B2     		uxth	r1, r1
 2540 00e4 0A43     		orrs	r2, r2, r1
 2541 00e6 42F40042 		orr	r2, r2, #32768
 2542 00ea A3F80C24 		strh	r2, [r3, #1036]	@ movhi
2404:Drivers/STM32F1xx_HAL_Driver/Src/stm32f1xx_ll_usb.c ****           pmabuffer = ep->pmaaddr1;
 2543              		.loc 1 2404 11 is_stmt 1 view .LVU858
 2544 00ee CBE1     		b	.L123
 2545              	.LVL283:
 2546              	.L170:
2404:Drivers/STM32F1xx_HAL_Driver/Src/stm32f1xx_ll_usb.c ****           pmabuffer = ep->pmaaddr1;
 2547              		.loc 1 2404 11 is_stmt 0 view .LVU859
 2548              	.LBE72:
 2549              	.LBE71:
 2550              	.LBE70:
2306:Drivers/STM32F1xx_HAL_Driver/Src/stm32f1xx_ll_usb.c ****       PCD_SET_EP_TX_CNT(USBx, ep->num, len);
 2551              		.loc 1 2306 7 is_stmt 1 view .LVU860
 2552 00f0 B6B2     		uxth	r6, r6
 2553              	.LVL284:
2306:Drivers/STM32F1xx_HAL_Driver/Src/stm32f1xx_ll_usb.c ****       PCD_SET_EP_TX_CNT(USBx, ep->num, len);
 2554              		.loc 1 2306 7 is_stmt 0 view .LVU861
 2555 00f2 3346     		mov	r3, r6
 2556 00f4 E288     		ldrh	r2, [r4, #6]
 2557 00f6 6169     		ldr	r1, [r4, #20]
 2558 00f8 2846     		mov	r0, r5
 2559              	.LVL285:
2306:Drivers/STM32F1xx_HAL_Driver/Src/stm32f1xx_ll_usb.c ****       PCD_SET_EP_TX_CNT(USBx, ep->num, len);
 2560              		.loc 1 2306 7 view .LVU862
 2561 00fa FFF7FEFF 		bl	USB_WritePMA
 2562              	.LVL286:
2307:Drivers/STM32F1xx_HAL_Driver/Src/stm32f1xx_ll_usb.c ****     }
 2563              		.loc 1 2307 7 is_stmt 1 view .LVU863
 2564              	.LBB75:
ARM GAS  C:\Users\jc\AppData\Local\Temp\ccrYs75M.s 			page 101


2307:Drivers/STM32F1xx_HAL_Driver/Src/stm32f1xx_ll_usb.c ****     }
 2565              		.loc 1 2307 7 view .LVU864
2307:Drivers/STM32F1xx_HAL_Driver/Src/stm32f1xx_ll_usb.c ****     }
 2566              		.loc 1 2307 7 view .LVU865
2307:Drivers/STM32F1xx_HAL_Driver/Src/stm32f1xx_ll_usb.c ****     }
 2567              		.loc 1 2307 7 view .LVU866
 2568 00fe B5F85030 		ldrh	r3, [r5, #80]
 2569 0102 9BB2     		uxth	r3, r3
 2570 0104 2B44     		add	r3, r3, r5
 2571              	.LVL287:
2307:Drivers/STM32F1xx_HAL_Driver/Src/stm32f1xx_ll_usb.c ****     }
 2572              		.loc 1 2307 7 view .LVU867
 2573 0106 2278     		ldrb	r2, [r4]	@ zero_extendqisi2
 2574 0108 03EB0213 		add	r3, r3, r2, lsl #4
 2575              	.LVL288:
2307:Drivers/STM32F1xx_HAL_Driver/Src/stm32f1xx_ll_usb.c ****     }
 2576              		.loc 1 2307 7 view .LVU868
 2577 010c A3F80464 		strh	r6, [r3, #1028]	@ movhi
 2578              	.LBE75:
2307:Drivers/STM32F1xx_HAL_Driver/Src/stm32f1xx_ll_usb.c ****     }
 2579              		.loc 1 2307 7 view .LVU869
 2580              	.LVL289:
 2581              	.L87:
2423:Drivers/STM32F1xx_HAL_Driver/Src/stm32f1xx_ll_usb.c ****   }
 2582              		.loc 1 2423 5 view .LVU870
 2583              	.LBB76:
2423:Drivers/STM32F1xx_HAL_Driver/Src/stm32f1xx_ll_usb.c ****   }
 2584              		.loc 1 2423 5 view .LVU871
2423:Drivers/STM32F1xx_HAL_Driver/Src/stm32f1xx_ll_usb.c ****   }
 2585              		.loc 1 2423 5 view .LVU872
 2586 0110 2278     		ldrb	r2, [r4]	@ zero_extendqisi2
 2587 0112 35F82230 		ldrh	r3, [r5, r2, lsl #2]
 2588 0116 9BB2     		uxth	r3, r3
 2589 0118 23F4E043 		bic	r3, r3, #28672
 2590 011c 23F04003 		bic	r3, r3, #64
 2591              	.LVL290:
2423:Drivers/STM32F1xx_HAL_Driver/Src/stm32f1xx_ll_usb.c ****   }
 2592              		.loc 1 2423 5 view .LVU873
2423:Drivers/STM32F1xx_HAL_Driver/Src/stm32f1xx_ll_usb.c ****   }
 2593              		.loc 1 2423 5 discriminator 1 view .LVU874
2423:Drivers/STM32F1xx_HAL_Driver/Src/stm32f1xx_ll_usb.c ****   }
 2594              		.loc 1 2423 5 discriminator 3 view .LVU875
2423:Drivers/STM32F1xx_HAL_Driver/Src/stm32f1xx_ll_usb.c ****   }
 2595              		.loc 1 2423 5 discriminator 4 view .LVU876
 2596 0120 83F03003 		eor	r3, r3, #48
 2597              	.LVL291:
2423:Drivers/STM32F1xx_HAL_Driver/Src/stm32f1xx_ll_usb.c ****   }
 2598              		.loc 1 2423 5 discriminator 6 view .LVU877
 2599 0124 43F40043 		orr	r3, r3, #32768
 2600              	.LVL292:
2423:Drivers/STM32F1xx_HAL_Driver/Src/stm32f1xx_ll_usb.c ****   }
 2601              		.loc 1 2423 5 is_stmt 0 discriminator 6 view .LVU878
 2602 0128 43F08003 		orr	r3, r3, #128
 2603 012c 25F82230 		strh	r3, [r5, r2, lsl #2]	@ movhi
 2604              	.LBE76:
2423:Drivers/STM32F1xx_HAL_Driver/Src/stm32f1xx_ll_usb.c ****   }
 2605              		.loc 1 2423 5 is_stmt 1 view .LVU879
ARM GAS  C:\Users\jc\AppData\Local\Temp\ccrYs75M.s 			page 102


2492:Drivers/STM32F1xx_HAL_Driver/Src/stm32f1xx_ll_usb.c **** }
 2606              		.loc 1 2492 10 is_stmt 0 view .LVU880
 2607 0130 0020     		movs	r0, #0
 2608 0132 A6E7     		b	.L132
 2609              	.LVL293:
 2610              	.L171:
2315:Drivers/STM32F1xx_HAL_Driver/Src/stm32f1xx_ll_usb.c ****         {
 2611              		.loc 1 2315 9 is_stmt 1 view .LVU881
2315:Drivers/STM32F1xx_HAL_Driver/Src/stm32f1xx_ll_usb.c ****         {
 2612              		.loc 1 2315 15 is_stmt 0 view .LVU882
 2613 0134 236A     		ldr	r3, [r4, #32]
2315:Drivers/STM32F1xx_HAL_Driver/Src/stm32f1xx_ll_usb.c ****         {
 2614              		.loc 1 2315 12 view .LVU883
 2615 0136 9942     		cmp	r1, r3
 2616 0138 80F06681 		bcs	.L89
2318:Drivers/STM32F1xx_HAL_Driver/Src/stm32f1xx_ll_usb.c **** 
 2617              		.loc 1 2318 11 is_stmt 1 view .LVU884
 2618              	.LBB77:
2318:Drivers/STM32F1xx_HAL_Driver/Src/stm32f1xx_ll_usb.c **** 
 2619              		.loc 1 2318 11 view .LVU885
2318:Drivers/STM32F1xx_HAL_Driver/Src/stm32f1xx_ll_usb.c **** 
 2620              		.loc 1 2318 11 view .LVU886
 2621 013c 2278     		ldrb	r2, [r4]	@ zero_extendqisi2
 2622 013e 35F82230 		ldrh	r3, [r5, r2, lsl #2]
 2623 0142 9BB2     		uxth	r3, r3
 2624 0144 23F4E043 		bic	r3, r3, #28672
 2625 0148 23F07003 		bic	r3, r3, #112
 2626              	.LVL294:
2318:Drivers/STM32F1xx_HAL_Driver/Src/stm32f1xx_ll_usb.c **** 
 2627              		.loc 1 2318 11 view .LVU887
 2628 014c 43F40143 		orr	r3, r3, #33024
 2629              	.LVL295:
2318:Drivers/STM32F1xx_HAL_Driver/Src/stm32f1xx_ll_usb.c **** 
 2630              		.loc 1 2318 11 is_stmt 0 view .LVU888
 2631 0150 43F08003 		orr	r3, r3, #128
 2632 0154 25F82230 		strh	r3, [r5, r2, lsl #2]	@ movhi
 2633              	.LBE77:
2318:Drivers/STM32F1xx_HAL_Driver/Src/stm32f1xx_ll_usb.c **** 
 2634              		.loc 1 2318 11 is_stmt 1 view .LVU889
2321:Drivers/STM32F1xx_HAL_Driver/Src/stm32f1xx_ll_usb.c **** 
 2635              		.loc 1 2321 11 view .LVU890
2321:Drivers/STM32F1xx_HAL_Driver/Src/stm32f1xx_ll_usb.c **** 
 2636              		.loc 1 2321 13 is_stmt 0 view .LVU891
 2637 0158 236A     		ldr	r3, [r4, #32]
2321:Drivers/STM32F1xx_HAL_Driver/Src/stm32f1xx_ll_usb.c **** 
 2638              		.loc 1 2321 27 view .LVU892
 2639 015a 9B1B     		subs	r3, r3, r6
 2640 015c 2362     		str	r3, [r4, #32]
2324:Drivers/STM32F1xx_HAL_Driver/Src/stm32f1xx_ll_usb.c ****           {
 2641              		.loc 1 2324 11 is_stmt 1 view .LVU893
2324:Drivers/STM32F1xx_HAL_Driver/Src/stm32f1xx_ll_usb.c ****           {
 2642              		.loc 1 2324 16 is_stmt 0 view .LVU894
 2643 015e 2278     		ldrb	r2, [r4]	@ zero_extendqisi2
 2644 0160 35F82230 		ldrh	r3, [r5, r2, lsl #2]
2324:Drivers/STM32F1xx_HAL_Driver/Src/stm32f1xx_ll_usb.c ****           {
 2645              		.loc 1 2324 14 view .LVU895
 2646 0164 13F0400F 		tst	r3, #64
ARM GAS  C:\Users\jc\AppData\Local\Temp\ccrYs75M.s 			page 103


 2647 0168 00F0A780 		beq	.L90
2327:Drivers/STM32F1xx_HAL_Driver/Src/stm32f1xx_ll_usb.c ****             pmabuffer = ep->pmaaddr1;
 2648              		.loc 1 2327 13 is_stmt 1 view .LVU896
 2649              	.LBB78:
2327:Drivers/STM32F1xx_HAL_Driver/Src/stm32f1xx_ll_usb.c ****             pmabuffer = ep->pmaaddr1;
 2650              		.loc 1 2327 13 view .LVU897
 2651              	.LVL296:
2327:Drivers/STM32F1xx_HAL_Driver/Src/stm32f1xx_ll_usb.c ****             pmabuffer = ep->pmaaddr1;
 2652              		.loc 1 2327 13 view .LVU898
2327:Drivers/STM32F1xx_HAL_Driver/Src/stm32f1xx_ll_usb.c ****             pmabuffer = ep->pmaaddr1;
 2653              		.loc 1 2327 13 view .LVU899
 2654 016c 6378     		ldrb	r3, [r4, #1]	@ zero_extendqisi2
 2655 016e B3BB     		cbnz	r3, .L91
2327:Drivers/STM32F1xx_HAL_Driver/Src/stm32f1xx_ll_usb.c ****             pmabuffer = ep->pmaaddr1;
 2656              		.loc 1 2327 13 discriminator 1 view .LVU900
 2657              	.LBB79:
2327:Drivers/STM32F1xx_HAL_Driver/Src/stm32f1xx_ll_usb.c ****             pmabuffer = ep->pmaaddr1;
 2658              		.loc 1 2327 13 discriminator 1 view .LVU901
 2659              	.LVL297:
2327:Drivers/STM32F1xx_HAL_Driver/Src/stm32f1xx_ll_usb.c ****             pmabuffer = ep->pmaaddr1;
 2660              		.loc 1 2327 13 view .LVU902
2327:Drivers/STM32F1xx_HAL_Driver/Src/stm32f1xx_ll_usb.c ****             pmabuffer = ep->pmaaddr1;
 2661              		.loc 1 2327 13 view .LVU903
2327:Drivers/STM32F1xx_HAL_Driver/Src/stm32f1xx_ll_usb.c ****             pmabuffer = ep->pmaaddr1;
 2662              		.loc 1 2327 13 is_stmt 0 discriminator 1 view .LVU904
 2663 0170 B5F85030 		ldrh	r3, [r5, #80]
 2664 0174 9BB2     		uxth	r3, r3
 2665 0176 2B44     		add	r3, r3, r5
 2666              	.LVL298:
2327:Drivers/STM32F1xx_HAL_Driver/Src/stm32f1xx_ll_usb.c ****             pmabuffer = ep->pmaaddr1;
 2667              		.loc 1 2327 13 is_stmt 1 view .LVU905
2327:Drivers/STM32F1xx_HAL_Driver/Src/stm32f1xx_ll_usb.c ****             pmabuffer = ep->pmaaddr1;
 2668              		.loc 1 2327 13 is_stmt 0 discriminator 1 view .LVU906
 2669 0178 03EB0213 		add	r3, r3, r2, lsl #4
 2670              	.LVL299:
2327:Drivers/STM32F1xx_HAL_Driver/Src/stm32f1xx_ll_usb.c ****             pmabuffer = ep->pmaaddr1;
 2671              		.loc 1 2327 13 is_stmt 1 view .LVU907
 2672              	.LBB80:
2327:Drivers/STM32F1xx_HAL_Driver/Src/stm32f1xx_ll_usb.c ****             pmabuffer = ep->pmaaddr1;
 2673              		.loc 1 2327 13 view .LVU908
2327:Drivers/STM32F1xx_HAL_Driver/Src/stm32f1xx_ll_usb.c ****             pmabuffer = ep->pmaaddr1;
 2674              		.loc 1 2327 13 view .LVU909
2327:Drivers/STM32F1xx_HAL_Driver/Src/stm32f1xx_ll_usb.c ****             pmabuffer = ep->pmaaddr1;
 2675              		.loc 1 2327 13 is_stmt 0 discriminator 1 view .LVU910
 2676 017c B3F80C24 		ldrh	r2, [r3, #1036]
 2677 0180 C2F30902 		ubfx	r2, r2, #0, #10
 2678 0184 A3F80C24 		strh	r2, [r3, #1036]	@ movhi
2327:Drivers/STM32F1xx_HAL_Driver/Src/stm32f1xx_ll_usb.c ****             pmabuffer = ep->pmaaddr1;
 2679              		.loc 1 2327 13 is_stmt 1 view .LVU911
2327:Drivers/STM32F1xx_HAL_Driver/Src/stm32f1xx_ll_usb.c ****             pmabuffer = ep->pmaaddr1;
 2680              		.loc 1 2327 13 is_stmt 0 discriminator 1 view .LVU912
 2681 0188 3E2E     		cmp	r6, #62
 2682 018a 0FD9     		bls	.L92
2327:Drivers/STM32F1xx_HAL_Driver/Src/stm32f1xx_ll_usb.c ****             pmabuffer = ep->pmaaddr1;
 2683              		.loc 1 2327 13 is_stmt 1 discriminator 3 view .LVU913
2327:Drivers/STM32F1xx_HAL_Driver/Src/stm32f1xx_ll_usb.c ****             pmabuffer = ep->pmaaddr1;
 2684              		.loc 1 2327 13 discriminator 3 view .LVU914
ARM GAS  C:\Users\jc\AppData\Local\Temp\ccrYs75M.s 			page 104


 2685 018c 7109     		lsrs	r1, r6, #5
 2686              	.LVL300:
2327:Drivers/STM32F1xx_HAL_Driver/Src/stm32f1xx_ll_usb.c ****             pmabuffer = ep->pmaaddr1;
 2687              		.loc 1 2327 13 view .LVU915
2327:Drivers/STM32F1xx_HAL_Driver/Src/stm32f1xx_ll_usb.c ****             pmabuffer = ep->pmaaddr1;
 2688              		.loc 1 2327 13 is_stmt 0 discriminator 3 view .LVU916
 2689 018e 16F01F0F 		tst	r6, #31
 2690 0192 00D1     		bne	.L93
2327:Drivers/STM32F1xx_HAL_Driver/Src/stm32f1xx_ll_usb.c ****             pmabuffer = ep->pmaaddr1;
 2691              		.loc 1 2327 13 is_stmt 1 discriminator 5 view .LVU917
 2692 0194 0139     		subs	r1, r1, #1
 2693              	.LVL301:
 2694              	.L93:
2327:Drivers/STM32F1xx_HAL_Driver/Src/stm32f1xx_ll_usb.c ****             pmabuffer = ep->pmaaddr1;
 2695              		.loc 1 2327 13 discriminator 7 view .LVU918
 2696 0196 B3F80C24 		ldrh	r2, [r3, #1036]
 2697 019a 92B2     		uxth	r2, r2
 2698 019c 8902     		lsls	r1, r1, #10
 2699              	.LVL302:
2327:Drivers/STM32F1xx_HAL_Driver/Src/stm32f1xx_ll_usb.c ****             pmabuffer = ep->pmaaddr1;
 2700              		.loc 1 2327 13 is_stmt 0 discriminator 7 view .LVU919
 2701 019e 89B2     		uxth	r1, r1
 2702 01a0 0A43     		orrs	r2, r2, r1
 2703 01a2 42F40042 		orr	r2, r2, #32768
 2704 01a6 A3F80C24 		strh	r2, [r3, #1036]	@ movhi
2327:Drivers/STM32F1xx_HAL_Driver/Src/stm32f1xx_ll_usb.c ****             pmabuffer = ep->pmaaddr1;
 2705              		.loc 1 2327 13 is_stmt 1 view .LVU920
 2706 01aa 1AE0     		b	.L94
 2707              	.LVL303:
 2708              	.L92:
2327:Drivers/STM32F1xx_HAL_Driver/Src/stm32f1xx_ll_usb.c ****             pmabuffer = ep->pmaaddr1;
 2709              		.loc 1 2327 13 discriminator 4 view .LVU921
 2710 01ac 4EB9     		cbnz	r6, .L95
2327:Drivers/STM32F1xx_HAL_Driver/Src/stm32f1xx_ll_usb.c ****             pmabuffer = ep->pmaaddr1;
 2711              		.loc 1 2327 13 discriminator 9 view .LVU922
 2712 01ae B3F80C24 		ldrh	r2, [r3, #1036]
 2713 01b2 6FEA4242 		mvn	r2, r2, lsl #17
 2714 01b6 6FEA5242 		mvn	r2, r2, lsr #17
 2715 01ba 92B2     		uxth	r2, r2
 2716 01bc A3F80C24 		strh	r2, [r3, #1036]	@ movhi
 2717 01c0 0FE0     		b	.L94
 2718              	.L95:
2327:Drivers/STM32F1xx_HAL_Driver/Src/stm32f1xx_ll_usb.c ****             pmabuffer = ep->pmaaddr1;
 2719              		.loc 1 2327 13 discriminator 10 view .LVU923
2327:Drivers/STM32F1xx_HAL_Driver/Src/stm32f1xx_ll_usb.c ****             pmabuffer = ep->pmaaddr1;
 2720              		.loc 1 2327 13 discriminator 10 view .LVU924
 2721 01c2 7208     		lsrs	r2, r6, #1
 2722              	.LVL304:
2327:Drivers/STM32F1xx_HAL_Driver/Src/stm32f1xx_ll_usb.c ****             pmabuffer = ep->pmaaddr1;
 2723              		.loc 1 2327 13 view .LVU925
2327:Drivers/STM32F1xx_HAL_Driver/Src/stm32f1xx_ll_usb.c ****             pmabuffer = ep->pmaaddr1;
 2724              		.loc 1 2327 13 is_stmt 0 discriminator 10 view .LVU926
 2725 01c4 16F0010F 		tst	r6, #1
 2726 01c8 00D0     		beq	.L96
2327:Drivers/STM32F1xx_HAL_Driver/Src/stm32f1xx_ll_usb.c ****             pmabuffer = ep->pmaaddr1;
 2727              		.loc 1 2327 13 is_stmt 1 discriminator 12 view .LVU927
 2728 01ca 0132     		adds	r2, r2, #1
ARM GAS  C:\Users\jc\AppData\Local\Temp\ccrYs75M.s 			page 105


 2729              	.LVL305:
 2730              	.L96:
2327:Drivers/STM32F1xx_HAL_Driver/Src/stm32f1xx_ll_usb.c ****             pmabuffer = ep->pmaaddr1;
 2731              		.loc 1 2327 13 discriminator 14 view .LVU928
 2732 01cc B3F80C14 		ldrh	r1, [r3, #1036]
 2733 01d0 89B2     		uxth	r1, r1
 2734 01d2 9202     		lsls	r2, r2, #10
 2735              	.LVL306:
2327:Drivers/STM32F1xx_HAL_Driver/Src/stm32f1xx_ll_usb.c ****             pmabuffer = ep->pmaaddr1;
 2736              		.loc 1 2327 13 is_stmt 0 discriminator 14 view .LVU929
 2737 01d4 92B2     		uxth	r2, r2
 2738 01d6 0A43     		orrs	r2, r2, r1
 2739 01d8 A3F80C24 		strh	r2, [r3, #1036]	@ movhi
 2740 01dc 01E0     		b	.L94
 2741              	.LVL307:
 2742              	.L91:
2327:Drivers/STM32F1xx_HAL_Driver/Src/stm32f1xx_ll_usb.c ****             pmabuffer = ep->pmaaddr1;
 2743              		.loc 1 2327 13 discriminator 14 view .LVU930
 2744              	.LBE80:
 2745              	.LBE79:
2327:Drivers/STM32F1xx_HAL_Driver/Src/stm32f1xx_ll_usb.c ****             pmabuffer = ep->pmaaddr1;
 2746              		.loc 1 2327 13 is_stmt 1 discriminator 2 view .LVU931
 2747 01de 012B     		cmp	r3, #1
 2748 01e0 30D0     		beq	.L172
 2749              	.LVL308:
 2750              	.L94:
2327:Drivers/STM32F1xx_HAL_Driver/Src/stm32f1xx_ll_usb.c ****             pmabuffer = ep->pmaaddr1;
 2751              		.loc 1 2327 13 is_stmt 0 discriminator 2 view .LVU932
 2752              	.LBE78:
2327:Drivers/STM32F1xx_HAL_Driver/Src/stm32f1xx_ll_usb.c ****             pmabuffer = ep->pmaaddr1;
 2753              		.loc 1 2327 13 is_stmt 1 discriminator 18 view .LVU933
2328:Drivers/STM32F1xx_HAL_Driver/Src/stm32f1xx_ll_usb.c **** 
 2754              		.loc 1 2328 13 view .LVU934
2331:Drivers/STM32F1xx_HAL_Driver/Src/stm32f1xx_ll_usb.c ****             ep->xfer_buff += len;
 2755              		.loc 1 2331 13 view .LVU935
 2756 01e2 B3B2     		uxth	r3, r6
 2757 01e4 6289     		ldrh	r2, [r4, #10]
 2758 01e6 6169     		ldr	r1, [r4, #20]
 2759 01e8 2846     		mov	r0, r5
 2760              	.LVL309:
2331:Drivers/STM32F1xx_HAL_Driver/Src/stm32f1xx_ll_usb.c ****             ep->xfer_buff += len;
 2761              		.loc 1 2331 13 is_stmt 0 view .LVU936
 2762 01ea FFF7FEFF 		bl	USB_WritePMA
 2763              	.LVL310:
2332:Drivers/STM32F1xx_HAL_Driver/Src/stm32f1xx_ll_usb.c **** 
 2764              		.loc 1 2332 13 is_stmt 1 view .LVU937
2332:Drivers/STM32F1xx_HAL_Driver/Src/stm32f1xx_ll_usb.c **** 
 2765              		.loc 1 2332 15 is_stmt 0 view .LVU938
 2766 01ee 6369     		ldr	r3, [r4, #20]
2332:Drivers/STM32F1xx_HAL_Driver/Src/stm32f1xx_ll_usb.c **** 
 2767              		.loc 1 2332 27 view .LVU939
 2768 01f0 3344     		add	r3, r3, r6
 2769 01f2 6361     		str	r3, [r4, #20]
2334:Drivers/STM32F1xx_HAL_Driver/Src/stm32f1xx_ll_usb.c ****             {
 2770              		.loc 1 2334 13 is_stmt 1 view .LVU940
2334:Drivers/STM32F1xx_HAL_Driver/Src/stm32f1xx_ll_usb.c ****             {
 2771              		.loc 1 2334 19 is_stmt 0 view .LVU941
ARM GAS  C:\Users\jc\AppData\Local\Temp\ccrYs75M.s 			page 106


 2772 01f4 236A     		ldr	r3, [r4, #32]
2334:Drivers/STM32F1xx_HAL_Driver/Src/stm32f1xx_ll_usb.c ****             {
 2773              		.loc 1 2334 37 view .LVU942
 2774 01f6 2269     		ldr	r2, [r4, #16]
2334:Drivers/STM32F1xx_HAL_Driver/Src/stm32f1xx_ll_usb.c ****             {
 2775              		.loc 1 2334 16 view .LVU943
 2776 01f8 9342     		cmp	r3, r2
 2777 01fa 2DD9     		bls	.L97
2336:Drivers/STM32F1xx_HAL_Driver/Src/stm32f1xx_ll_usb.c ****             }
 2778              		.loc 1 2336 15 is_stmt 1 view .LVU944
2336:Drivers/STM32F1xx_HAL_Driver/Src/stm32f1xx_ll_usb.c ****             }
 2779              		.loc 1 2336 31 is_stmt 0 view .LVU945
 2780 01fc 9B1B     		subs	r3, r3, r6
 2781 01fe 2362     		str	r3, [r4, #32]
 2782              	.L98:
2345:Drivers/STM32F1xx_HAL_Driver/Src/stm32f1xx_ll_usb.c ****             pmabuffer = ep->pmaaddr0;
 2783              		.loc 1 2345 13 is_stmt 1 view .LVU946
2345:Drivers/STM32F1xx_HAL_Driver/Src/stm32f1xx_ll_usb.c ****             pmabuffer = ep->pmaaddr0;
 2784              		.loc 1 2345 13 view .LVU947
 2785 0200 6378     		ldrb	r3, [r4, #1]	@ zero_extendqisi2
 2786 0202 002B     		cmp	r3, #0
 2787 0204 45D1     		bne	.L99
2345:Drivers/STM32F1xx_HAL_Driver/Src/stm32f1xx_ll_usb.c ****             pmabuffer = ep->pmaaddr0;
 2788              		.loc 1 2345 13 discriminator 1 view .LVU948
 2789              	.LBB81:
2345:Drivers/STM32F1xx_HAL_Driver/Src/stm32f1xx_ll_usb.c ****             pmabuffer = ep->pmaaddr0;
 2790              		.loc 1 2345 13 discriminator 1 view .LVU949
 2791              	.LVL311:
2345:Drivers/STM32F1xx_HAL_Driver/Src/stm32f1xx_ll_usb.c ****             pmabuffer = ep->pmaaddr0;
 2792              		.loc 1 2345 13 view .LVU950
2345:Drivers/STM32F1xx_HAL_Driver/Src/stm32f1xx_ll_usb.c ****             pmabuffer = ep->pmaaddr0;
 2793              		.loc 1 2345 13 view .LVU951
2345:Drivers/STM32F1xx_HAL_Driver/Src/stm32f1xx_ll_usb.c ****             pmabuffer = ep->pmaaddr0;
 2794              		.loc 1 2345 13 is_stmt 0 discriminator 1 view .LVU952
 2795 0206 B5F85030 		ldrh	r3, [r5, #80]
 2796 020a 9BB2     		uxth	r3, r3
 2797 020c 2B44     		add	r3, r3, r5
 2798              	.LVL312:
2345:Drivers/STM32F1xx_HAL_Driver/Src/stm32f1xx_ll_usb.c ****             pmabuffer = ep->pmaaddr0;
 2799              		.loc 1 2345 13 is_stmt 1 view .LVU953
2345:Drivers/STM32F1xx_HAL_Driver/Src/stm32f1xx_ll_usb.c ****             pmabuffer = ep->pmaaddr0;
 2800              		.loc 1 2345 13 is_stmt 0 discriminator 1 view .LVU954
 2801 020e 2278     		ldrb	r2, [r4]	@ zero_extendqisi2
 2802 0210 03EB0213 		add	r3, r3, r2, lsl #4
 2803              	.LVL313:
2345:Drivers/STM32F1xx_HAL_Driver/Src/stm32f1xx_ll_usb.c ****             pmabuffer = ep->pmaaddr0;
 2804              		.loc 1 2345 13 is_stmt 1 view .LVU955
 2805              	.LBB82:
2345:Drivers/STM32F1xx_HAL_Driver/Src/stm32f1xx_ll_usb.c ****             pmabuffer = ep->pmaaddr0;
 2806              		.loc 1 2345 13 view .LVU956
2345:Drivers/STM32F1xx_HAL_Driver/Src/stm32f1xx_ll_usb.c ****             pmabuffer = ep->pmaaddr0;
 2807              		.loc 1 2345 13 view .LVU957
2345:Drivers/STM32F1xx_HAL_Driver/Src/stm32f1xx_ll_usb.c ****             pmabuffer = ep->pmaaddr0;
 2808              		.loc 1 2345 13 is_stmt 0 discriminator 1 view .LVU958
 2809 0214 B3F80424 		ldrh	r2, [r3, #1028]
 2810 0218 C2F30902 		ubfx	r2, r2, #0, #10
 2811 021c A3F80424 		strh	r2, [r3, #1028]	@ movhi
ARM GAS  C:\Users\jc\AppData\Local\Temp\ccrYs75M.s 			page 107


2345:Drivers/STM32F1xx_HAL_Driver/Src/stm32f1xx_ll_usb.c ****             pmabuffer = ep->pmaaddr0;
 2812              		.loc 1 2345 13 is_stmt 1 view .LVU959
2345:Drivers/STM32F1xx_HAL_Driver/Src/stm32f1xx_ll_usb.c ****             pmabuffer = ep->pmaaddr0;
 2813              		.loc 1 2345 13 is_stmt 0 discriminator 1 view .LVU960
 2814 0220 3E2E     		cmp	r6, #62
 2815 0222 1DD9     		bls	.L100
2345:Drivers/STM32F1xx_HAL_Driver/Src/stm32f1xx_ll_usb.c ****             pmabuffer = ep->pmaaddr0;
 2816              		.loc 1 2345 13 is_stmt 1 discriminator 3 view .LVU961
2345:Drivers/STM32F1xx_HAL_Driver/Src/stm32f1xx_ll_usb.c ****             pmabuffer = ep->pmaaddr0;
 2817              		.loc 1 2345 13 discriminator 3 view .LVU962
 2818 0224 7109     		lsrs	r1, r6, #5
 2819              	.LVL314:
2345:Drivers/STM32F1xx_HAL_Driver/Src/stm32f1xx_ll_usb.c ****             pmabuffer = ep->pmaaddr0;
 2820              		.loc 1 2345 13 view .LVU963
2345:Drivers/STM32F1xx_HAL_Driver/Src/stm32f1xx_ll_usb.c ****             pmabuffer = ep->pmaaddr0;
 2821              		.loc 1 2345 13 is_stmt 0 discriminator 3 view .LVU964
 2822 0226 16F01F0F 		tst	r6, #31
 2823 022a 00D1     		bne	.L101
2345:Drivers/STM32F1xx_HAL_Driver/Src/stm32f1xx_ll_usb.c ****             pmabuffer = ep->pmaaddr0;
 2824              		.loc 1 2345 13 is_stmt 1 discriminator 5 view .LVU965
 2825 022c 0139     		subs	r1, r1, #1
 2826              	.LVL315:
 2827              	.L101:
2345:Drivers/STM32F1xx_HAL_Driver/Src/stm32f1xx_ll_usb.c ****             pmabuffer = ep->pmaaddr0;
 2828              		.loc 1 2345 13 discriminator 7 view .LVU966
 2829 022e B3F80424 		ldrh	r2, [r3, #1028]
 2830 0232 92B2     		uxth	r2, r2
 2831 0234 8902     		lsls	r1, r1, #10
 2832              	.LVL316:
2345:Drivers/STM32F1xx_HAL_Driver/Src/stm32f1xx_ll_usb.c ****             pmabuffer = ep->pmaaddr0;
 2833              		.loc 1 2345 13 is_stmt 0 discriminator 7 view .LVU967
 2834 0236 89B2     		uxth	r1, r1
 2835 0238 0A43     		orrs	r2, r2, r1
 2836 023a 42F40042 		orr	r2, r2, #32768
 2837 023e A3F80424 		strh	r2, [r3, #1028]	@ movhi
2345:Drivers/STM32F1xx_HAL_Driver/Src/stm32f1xx_ll_usb.c ****             pmabuffer = ep->pmaaddr0;
 2838              		.loc 1 2345 13 is_stmt 1 view .LVU968
 2839 0242 28E0     		b	.L102
 2840              	.LVL317:
 2841              	.L172:
2345:Drivers/STM32F1xx_HAL_Driver/Src/stm32f1xx_ll_usb.c ****             pmabuffer = ep->pmaaddr0;
 2842              		.loc 1 2345 13 is_stmt 0 view .LVU969
 2843              	.LBE82:
 2844              	.LBE81:
 2845              	.LBB84:
2327:Drivers/STM32F1xx_HAL_Driver/Src/stm32f1xx_ll_usb.c ****             pmabuffer = ep->pmaaddr1;
 2846              		.loc 1 2327 13 is_stmt 1 discriminator 16 view .LVU970
 2847 0244 B5F85030 		ldrh	r3, [r5, #80]
 2848 0248 9BB2     		uxth	r3, r3
 2849 024a 2B44     		add	r3, r3, r5
 2850              	.LVL318:
2327:Drivers/STM32F1xx_HAL_Driver/Src/stm32f1xx_ll_usb.c ****             pmabuffer = ep->pmaaddr1;
 2851              		.loc 1 2327 13 view .LVU971
2327:Drivers/STM32F1xx_HAL_Driver/Src/stm32f1xx_ll_usb.c ****             pmabuffer = ep->pmaaddr1;
 2852              		.loc 1 2327 13 is_stmt 0 discriminator 16 view .LVU972
 2853 024c 03EB0213 		add	r3, r3, r2, lsl #4
 2854              	.LVL319:
ARM GAS  C:\Users\jc\AppData\Local\Temp\ccrYs75M.s 			page 108


2327:Drivers/STM32F1xx_HAL_Driver/Src/stm32f1xx_ll_usb.c ****             pmabuffer = ep->pmaaddr1;
 2855              		.loc 1 2327 13 is_stmt 1 view .LVU973
2327:Drivers/STM32F1xx_HAL_Driver/Src/stm32f1xx_ll_usb.c ****             pmabuffer = ep->pmaaddr1;
 2856              		.loc 1 2327 13 is_stmt 0 discriminator 16 view .LVU974
 2857 0250 B2B2     		uxth	r2, r6
 2858 0252 A3F80C24 		strh	r2, [r3, #1036]	@ movhi
 2859 0256 C4E7     		b	.L94
 2860              	.LVL320:
 2861              	.L97:
2327:Drivers/STM32F1xx_HAL_Driver/Src/stm32f1xx_ll_usb.c ****             pmabuffer = ep->pmaaddr1;
 2862              		.loc 1 2327 13 discriminator 16 view .LVU975
 2863              	.LBE84:
2340:Drivers/STM32F1xx_HAL_Driver/Src/stm32f1xx_ll_usb.c ****               ep->xfer_len_db = 0U;
 2864              		.loc 1 2340 15 is_stmt 1 view .LVU976
2341:Drivers/STM32F1xx_HAL_Driver/Src/stm32f1xx_ll_usb.c ****             }
 2865              		.loc 1 2341 15 view .LVU977
2341:Drivers/STM32F1xx_HAL_Driver/Src/stm32f1xx_ll_usb.c ****             }
 2866              		.loc 1 2341 31 is_stmt 0 view .LVU978
 2867 0258 0022     		movs	r2, #0
 2868 025a 2262     		str	r2, [r4, #32]
2340:Drivers/STM32F1xx_HAL_Driver/Src/stm32f1xx_ll_usb.c ****               ep->xfer_len_db = 0U;
 2869              		.loc 1 2340 19 view .LVU979
 2870 025c 1E46     		mov	r6, r3
 2871 025e CFE7     		b	.L98
 2872              	.LVL321:
 2873              	.L100:
 2874              	.LBB85:
 2875              	.LBB83:
2345:Drivers/STM32F1xx_HAL_Driver/Src/stm32f1xx_ll_usb.c ****             pmabuffer = ep->pmaaddr0;
 2876              		.loc 1 2345 13 is_stmt 1 discriminator 4 view .LVU980
 2877 0260 4EB9     		cbnz	r6, .L103
2345:Drivers/STM32F1xx_HAL_Driver/Src/stm32f1xx_ll_usb.c ****             pmabuffer = ep->pmaaddr0;
 2878              		.loc 1 2345 13 discriminator 9 view .LVU981
 2879 0262 B3F80424 		ldrh	r2, [r3, #1028]
 2880 0266 6FEA4242 		mvn	r2, r2, lsl #17
 2881 026a 6FEA5242 		mvn	r2, r2, lsr #17
 2882 026e 92B2     		uxth	r2, r2
 2883 0270 A3F80424 		strh	r2, [r3, #1028]	@ movhi
 2884 0274 0FE0     		b	.L102
 2885              	.L103:
2345:Drivers/STM32F1xx_HAL_Driver/Src/stm32f1xx_ll_usb.c ****             pmabuffer = ep->pmaaddr0;
 2886              		.loc 1 2345 13 discriminator 10 view .LVU982
2345:Drivers/STM32F1xx_HAL_Driver/Src/stm32f1xx_ll_usb.c ****             pmabuffer = ep->pmaaddr0;
 2887              		.loc 1 2345 13 discriminator 10 view .LVU983
 2888 0276 7208     		lsrs	r2, r6, #1
 2889              	.LVL322:
2345:Drivers/STM32F1xx_HAL_Driver/Src/stm32f1xx_ll_usb.c ****             pmabuffer = ep->pmaaddr0;
 2890              		.loc 1 2345 13 view .LVU984
2345:Drivers/STM32F1xx_HAL_Driver/Src/stm32f1xx_ll_usb.c ****             pmabuffer = ep->pmaaddr0;
 2891              		.loc 1 2345 13 is_stmt 0 discriminator 10 view .LVU985
 2892 0278 16F0010F 		tst	r6, #1
 2893 027c 00D0     		beq	.L104
2345:Drivers/STM32F1xx_HAL_Driver/Src/stm32f1xx_ll_usb.c ****             pmabuffer = ep->pmaaddr0;
 2894              		.loc 1 2345 13 is_stmt 1 discriminator 12 view .LVU986
 2895 027e 0132     		adds	r2, r2, #1
 2896              	.LVL323:
 2897              	.L104:
ARM GAS  C:\Users\jc\AppData\Local\Temp\ccrYs75M.s 			page 109


2345:Drivers/STM32F1xx_HAL_Driver/Src/stm32f1xx_ll_usb.c ****             pmabuffer = ep->pmaaddr0;
 2898              		.loc 1 2345 13 discriminator 14 view .LVU987
 2899 0280 B3F80414 		ldrh	r1, [r3, #1028]
 2900 0284 89B2     		uxth	r1, r1
 2901 0286 9202     		lsls	r2, r2, #10
 2902              	.LVL324:
2345:Drivers/STM32F1xx_HAL_Driver/Src/stm32f1xx_ll_usb.c ****             pmabuffer = ep->pmaaddr0;
 2903              		.loc 1 2345 13 is_stmt 0 discriminator 14 view .LVU988
 2904 0288 92B2     		uxth	r2, r2
 2905 028a 0A43     		orrs	r2, r2, r1
 2906 028c A3F80424 		strh	r2, [r3, #1028]	@ movhi
 2907 0290 01E0     		b	.L102
 2908              	.LVL325:
 2909              	.L99:
2345:Drivers/STM32F1xx_HAL_Driver/Src/stm32f1xx_ll_usb.c ****             pmabuffer = ep->pmaaddr0;
 2910              		.loc 1 2345 13 discriminator 14 view .LVU989
 2911              	.LBE83:
 2912              	.LBE85:
2345:Drivers/STM32F1xx_HAL_Driver/Src/stm32f1xx_ll_usb.c ****             pmabuffer = ep->pmaaddr0;
 2913              		.loc 1 2345 13 is_stmt 1 discriminator 2 view .LVU990
 2914 0292 012B     		cmp	r3, #1
 2915 0294 06D0     		beq	.L173
 2916              	.L102:
2345:Drivers/STM32F1xx_HAL_Driver/Src/stm32f1xx_ll_usb.c ****             pmabuffer = ep->pmaaddr0;
 2917              		.loc 1 2345 13 discriminator 18 view .LVU991
2345:Drivers/STM32F1xx_HAL_Driver/Src/stm32f1xx_ll_usb.c ****             pmabuffer = ep->pmaaddr0;
 2918              		.loc 1 2345 13 discriminator 18 view .LVU992
2346:Drivers/STM32F1xx_HAL_Driver/Src/stm32f1xx_ll_usb.c **** 
 2919              		.loc 1 2346 13 view .LVU993
 2920              	.LVL326:
2349:Drivers/STM32F1xx_HAL_Driver/Src/stm32f1xx_ll_usb.c ****           }
 2921              		.loc 1 2349 13 view .LVU994
 2922 0296 B3B2     		uxth	r3, r6
 2923 0298 2289     		ldrh	r2, [r4, #8]
 2924 029a 6169     		ldr	r1, [r4, #20]
 2925 029c 2846     		mov	r0, r5
 2926 029e FFF7FEFF 		bl	USB_WritePMA
 2927              	.LVL327:
2349:Drivers/STM32F1xx_HAL_Driver/Src/stm32f1xx_ll_usb.c ****           }
 2928              		.loc 1 2349 13 is_stmt 0 view .LVU995
 2929 02a2 35E7     		b	.L87
 2930              	.L173:
2345:Drivers/STM32F1xx_HAL_Driver/Src/stm32f1xx_ll_usb.c ****             pmabuffer = ep->pmaaddr0;
 2931              		.loc 1 2345 13 is_stmt 1 discriminator 16 view .LVU996
 2932              	.LBB86:
2345:Drivers/STM32F1xx_HAL_Driver/Src/stm32f1xx_ll_usb.c ****             pmabuffer = ep->pmaaddr0;
 2933              		.loc 1 2345 13 discriminator 16 view .LVU997
 2934              	.LVL328:
2345:Drivers/STM32F1xx_HAL_Driver/Src/stm32f1xx_ll_usb.c ****             pmabuffer = ep->pmaaddr0;
 2935              		.loc 1 2345 13 view .LVU998
2345:Drivers/STM32F1xx_HAL_Driver/Src/stm32f1xx_ll_usb.c ****             pmabuffer = ep->pmaaddr0;
 2936              		.loc 1 2345 13 view .LVU999
2345:Drivers/STM32F1xx_HAL_Driver/Src/stm32f1xx_ll_usb.c ****             pmabuffer = ep->pmaaddr0;
 2937              		.loc 1 2345 13 is_stmt 0 discriminator 16 view .LVU1000
 2938 02a4 B5F85030 		ldrh	r3, [r5, #80]
 2939 02a8 9BB2     		uxth	r3, r3
 2940 02aa 2B44     		add	r3, r3, r5
ARM GAS  C:\Users\jc\AppData\Local\Temp\ccrYs75M.s 			page 110


 2941              	.LVL329:
2345:Drivers/STM32F1xx_HAL_Driver/Src/stm32f1xx_ll_usb.c ****             pmabuffer = ep->pmaaddr0;
 2942              		.loc 1 2345 13 is_stmt 1 view .LVU1001
2345:Drivers/STM32F1xx_HAL_Driver/Src/stm32f1xx_ll_usb.c ****             pmabuffer = ep->pmaaddr0;
 2943              		.loc 1 2345 13 is_stmt 0 discriminator 16 view .LVU1002
 2944 02ac 2278     		ldrb	r2, [r4]	@ zero_extendqisi2
 2945 02ae 03EB0213 		add	r3, r3, r2, lsl #4
 2946              	.LVL330:
2345:Drivers/STM32F1xx_HAL_Driver/Src/stm32f1xx_ll_usb.c ****             pmabuffer = ep->pmaaddr0;
 2947              		.loc 1 2345 13 is_stmt 1 view .LVU1003
2345:Drivers/STM32F1xx_HAL_Driver/Src/stm32f1xx_ll_usb.c ****             pmabuffer = ep->pmaaddr0;
 2948              		.loc 1 2345 13 is_stmt 0 discriminator 16 view .LVU1004
 2949 02b2 B2B2     		uxth	r2, r6
 2950 02b4 A3F80424 		strh	r2, [r3, #1028]	@ movhi
 2951 02b8 EDE7     		b	.L102
 2952              	.LVL331:
 2953              	.L90:
2345:Drivers/STM32F1xx_HAL_Driver/Src/stm32f1xx_ll_usb.c ****             pmabuffer = ep->pmaaddr0;
 2954              		.loc 1 2345 13 discriminator 16 view .LVU1005
 2955              	.LBE86:
2354:Drivers/STM32F1xx_HAL_Driver/Src/stm32f1xx_ll_usb.c ****             pmabuffer = ep->pmaaddr0;
 2956              		.loc 1 2354 13 is_stmt 1 view .LVU1006
2354:Drivers/STM32F1xx_HAL_Driver/Src/stm32f1xx_ll_usb.c ****             pmabuffer = ep->pmaaddr0;
 2957              		.loc 1 2354 13 view .LVU1007
 2958 02ba 6378     		ldrb	r3, [r4, #1]	@ zero_extendqisi2
 2959 02bc B3BB     		cbnz	r3, .L105
2354:Drivers/STM32F1xx_HAL_Driver/Src/stm32f1xx_ll_usb.c ****             pmabuffer = ep->pmaaddr0;
 2960              		.loc 1 2354 13 discriminator 1 view .LVU1008
 2961              	.LBB87:
2354:Drivers/STM32F1xx_HAL_Driver/Src/stm32f1xx_ll_usb.c ****             pmabuffer = ep->pmaaddr0;
 2962              		.loc 1 2354 13 discriminator 1 view .LVU1009
 2963              	.LVL332:
2354:Drivers/STM32F1xx_HAL_Driver/Src/stm32f1xx_ll_usb.c ****             pmabuffer = ep->pmaaddr0;
 2964              		.loc 1 2354 13 view .LVU1010
2354:Drivers/STM32F1xx_HAL_Driver/Src/stm32f1xx_ll_usb.c ****             pmabuffer = ep->pmaaddr0;
 2965              		.loc 1 2354 13 view .LVU1011
2354:Drivers/STM32F1xx_HAL_Driver/Src/stm32f1xx_ll_usb.c ****             pmabuffer = ep->pmaaddr0;
 2966              		.loc 1 2354 13 is_stmt 0 discriminator 1 view .LVU1012
 2967 02be B5F85030 		ldrh	r3, [r5, #80]
 2968 02c2 9BB2     		uxth	r3, r3
 2969 02c4 2B44     		add	r3, r3, r5
 2970              	.LVL333:
2354:Drivers/STM32F1xx_HAL_Driver/Src/stm32f1xx_ll_usb.c ****             pmabuffer = ep->pmaaddr0;
 2971              		.loc 1 2354 13 is_stmt 1 view .LVU1013
2354:Drivers/STM32F1xx_HAL_Driver/Src/stm32f1xx_ll_usb.c ****             pmabuffer = ep->pmaaddr0;
 2972              		.loc 1 2354 13 is_stmt 0 discriminator 1 view .LVU1014
 2973 02c6 03EB0213 		add	r3, r3, r2, lsl #4
 2974              	.LVL334:
2354:Drivers/STM32F1xx_HAL_Driver/Src/stm32f1xx_ll_usb.c ****             pmabuffer = ep->pmaaddr0;
 2975              		.loc 1 2354 13 is_stmt 1 view .LVU1015
 2976              	.LBB88:
2354:Drivers/STM32F1xx_HAL_Driver/Src/stm32f1xx_ll_usb.c ****             pmabuffer = ep->pmaaddr0;
 2977              		.loc 1 2354 13 view .LVU1016
2354:Drivers/STM32F1xx_HAL_Driver/Src/stm32f1xx_ll_usb.c ****             pmabuffer = ep->pmaaddr0;
 2978              		.loc 1 2354 13 view .LVU1017
2354:Drivers/STM32F1xx_HAL_Driver/Src/stm32f1xx_ll_usb.c ****             pmabuffer = ep->pmaaddr0;
 2979              		.loc 1 2354 13 is_stmt 0 discriminator 1 view .LVU1018
ARM GAS  C:\Users\jc\AppData\Local\Temp\ccrYs75M.s 			page 111


 2980 02ca B3F80424 		ldrh	r2, [r3, #1028]
 2981 02ce C2F30902 		ubfx	r2, r2, #0, #10
 2982 02d2 A3F80424 		strh	r2, [r3, #1028]	@ movhi
2354:Drivers/STM32F1xx_HAL_Driver/Src/stm32f1xx_ll_usb.c ****             pmabuffer = ep->pmaaddr0;
 2983              		.loc 1 2354 13 is_stmt 1 view .LVU1019
2354:Drivers/STM32F1xx_HAL_Driver/Src/stm32f1xx_ll_usb.c ****             pmabuffer = ep->pmaaddr0;
 2984              		.loc 1 2354 13 is_stmt 0 discriminator 1 view .LVU1020
 2985 02d6 3E2E     		cmp	r6, #62
 2986 02d8 0FD9     		bls	.L106
2354:Drivers/STM32F1xx_HAL_Driver/Src/stm32f1xx_ll_usb.c ****             pmabuffer = ep->pmaaddr0;
 2987              		.loc 1 2354 13 is_stmt 1 discriminator 3 view .LVU1021
2354:Drivers/STM32F1xx_HAL_Driver/Src/stm32f1xx_ll_usb.c ****             pmabuffer = ep->pmaaddr0;
 2988              		.loc 1 2354 13 discriminator 3 view .LVU1022
 2989 02da 7109     		lsrs	r1, r6, #5
 2990              	.LVL335:
2354:Drivers/STM32F1xx_HAL_Driver/Src/stm32f1xx_ll_usb.c ****             pmabuffer = ep->pmaaddr0;
 2991              		.loc 1 2354 13 view .LVU1023
2354:Drivers/STM32F1xx_HAL_Driver/Src/stm32f1xx_ll_usb.c ****             pmabuffer = ep->pmaaddr0;
 2992              		.loc 1 2354 13 is_stmt 0 discriminator 3 view .LVU1024
 2993 02dc 16F01F0F 		tst	r6, #31
 2994 02e0 00D1     		bne	.L107
2354:Drivers/STM32F1xx_HAL_Driver/Src/stm32f1xx_ll_usb.c ****             pmabuffer = ep->pmaaddr0;
 2995              		.loc 1 2354 13 is_stmt 1 discriminator 5 view .LVU1025
 2996 02e2 0139     		subs	r1, r1, #1
 2997              	.LVL336:
 2998              	.L107:
2354:Drivers/STM32F1xx_HAL_Driver/Src/stm32f1xx_ll_usb.c ****             pmabuffer = ep->pmaaddr0;
 2999              		.loc 1 2354 13 discriminator 7 view .LVU1026
 3000 02e4 B3F80424 		ldrh	r2, [r3, #1028]
 3001 02e8 92B2     		uxth	r2, r2
 3002 02ea 8902     		lsls	r1, r1, #10
 3003              	.LVL337:
2354:Drivers/STM32F1xx_HAL_Driver/Src/stm32f1xx_ll_usb.c ****             pmabuffer = ep->pmaaddr0;
 3004              		.loc 1 2354 13 is_stmt 0 discriminator 7 view .LVU1027
 3005 02ec 89B2     		uxth	r1, r1
 3006 02ee 0A43     		orrs	r2, r2, r1
 3007 02f0 42F40042 		orr	r2, r2, #32768
 3008 02f4 A3F80424 		strh	r2, [r3, #1028]	@ movhi
2354:Drivers/STM32F1xx_HAL_Driver/Src/stm32f1xx_ll_usb.c ****             pmabuffer = ep->pmaaddr0;
 3009              		.loc 1 2354 13 is_stmt 1 view .LVU1028
 3010 02f8 1AE0     		b	.L108
 3011              	.LVL338:
 3012              	.L106:
2354:Drivers/STM32F1xx_HAL_Driver/Src/stm32f1xx_ll_usb.c ****             pmabuffer = ep->pmaaddr0;
 3013              		.loc 1 2354 13 discriminator 4 view .LVU1029
 3014 02fa 4EB9     		cbnz	r6, .L109
2354:Drivers/STM32F1xx_HAL_Driver/Src/stm32f1xx_ll_usb.c ****             pmabuffer = ep->pmaaddr0;
 3015              		.loc 1 2354 13 discriminator 9 view .LVU1030
 3016 02fc B3F80424 		ldrh	r2, [r3, #1028]
 3017 0300 6FEA4242 		mvn	r2, r2, lsl #17
 3018 0304 6FEA5242 		mvn	r2, r2, lsr #17
 3019 0308 92B2     		uxth	r2, r2
 3020 030a A3F80424 		strh	r2, [r3, #1028]	@ movhi
 3021 030e 0FE0     		b	.L108
 3022              	.L109:
2354:Drivers/STM32F1xx_HAL_Driver/Src/stm32f1xx_ll_usb.c ****             pmabuffer = ep->pmaaddr0;
 3023              		.loc 1 2354 13 discriminator 10 view .LVU1031
ARM GAS  C:\Users\jc\AppData\Local\Temp\ccrYs75M.s 			page 112


2354:Drivers/STM32F1xx_HAL_Driver/Src/stm32f1xx_ll_usb.c ****             pmabuffer = ep->pmaaddr0;
 3024              		.loc 1 2354 13 discriminator 10 view .LVU1032
 3025 0310 7208     		lsrs	r2, r6, #1
 3026              	.LVL339:
2354:Drivers/STM32F1xx_HAL_Driver/Src/stm32f1xx_ll_usb.c ****             pmabuffer = ep->pmaaddr0;
 3027              		.loc 1 2354 13 view .LVU1033
2354:Drivers/STM32F1xx_HAL_Driver/Src/stm32f1xx_ll_usb.c ****             pmabuffer = ep->pmaaddr0;
 3028              		.loc 1 2354 13 is_stmt 0 discriminator 10 view .LVU1034
 3029 0312 16F0010F 		tst	r6, #1
 3030 0316 00D0     		beq	.L110
2354:Drivers/STM32F1xx_HAL_Driver/Src/stm32f1xx_ll_usb.c ****             pmabuffer = ep->pmaaddr0;
 3031              		.loc 1 2354 13 is_stmt 1 discriminator 12 view .LVU1035
 3032 0318 0132     		adds	r2, r2, #1
 3033              	.LVL340:
 3034              	.L110:
2354:Drivers/STM32F1xx_HAL_Driver/Src/stm32f1xx_ll_usb.c ****             pmabuffer = ep->pmaaddr0;
 3035              		.loc 1 2354 13 discriminator 14 view .LVU1036
 3036 031a B3F80414 		ldrh	r1, [r3, #1028]
 3037 031e 89B2     		uxth	r1, r1
 3038 0320 9202     		lsls	r2, r2, #10
 3039              	.LVL341:
2354:Drivers/STM32F1xx_HAL_Driver/Src/stm32f1xx_ll_usb.c ****             pmabuffer = ep->pmaaddr0;
 3040              		.loc 1 2354 13 is_stmt 0 discriminator 14 view .LVU1037
 3041 0322 92B2     		uxth	r2, r2
 3042 0324 0A43     		orrs	r2, r2, r1
 3043 0326 A3F80424 		strh	r2, [r3, #1028]	@ movhi
 3044 032a 01E0     		b	.L108
 3045              	.LVL342:
 3046              	.L105:
2354:Drivers/STM32F1xx_HAL_Driver/Src/stm32f1xx_ll_usb.c ****             pmabuffer = ep->pmaaddr0;
 3047              		.loc 1 2354 13 discriminator 14 view .LVU1038
 3048              	.LBE88:
 3049              	.LBE87:
2354:Drivers/STM32F1xx_HAL_Driver/Src/stm32f1xx_ll_usb.c ****             pmabuffer = ep->pmaaddr0;
 3050              		.loc 1 2354 13 is_stmt 1 discriminator 2 view .LVU1039
 3051 032c 012B     		cmp	r3, #1
 3052 032e 30D0     		beq	.L174
 3053              	.L108:
2354:Drivers/STM32F1xx_HAL_Driver/Src/stm32f1xx_ll_usb.c ****             pmabuffer = ep->pmaaddr0;
 3054              		.loc 1 2354 13 discriminator 18 view .LVU1040
2354:Drivers/STM32F1xx_HAL_Driver/Src/stm32f1xx_ll_usb.c ****             pmabuffer = ep->pmaaddr0;
 3055              		.loc 1 2354 13 discriminator 18 view .LVU1041
2355:Drivers/STM32F1xx_HAL_Driver/Src/stm32f1xx_ll_usb.c **** 
 3056              		.loc 1 2355 13 view .LVU1042
 3057              	.LVL343:
2358:Drivers/STM32F1xx_HAL_Driver/Src/stm32f1xx_ll_usb.c ****             ep->xfer_buff += len;
 3058              		.loc 1 2358 13 view .LVU1043
 3059 0330 B3B2     		uxth	r3, r6
 3060 0332 2289     		ldrh	r2, [r4, #8]
 3061 0334 6169     		ldr	r1, [r4, #20]
 3062 0336 2846     		mov	r0, r5
 3063              	.LVL344:
2358:Drivers/STM32F1xx_HAL_Driver/Src/stm32f1xx_ll_usb.c ****             ep->xfer_buff += len;
 3064              		.loc 1 2358 13 is_stmt 0 view .LVU1044
 3065 0338 FFF7FEFF 		bl	USB_WritePMA
 3066              	.LVL345:
2359:Drivers/STM32F1xx_HAL_Driver/Src/stm32f1xx_ll_usb.c **** 
ARM GAS  C:\Users\jc\AppData\Local\Temp\ccrYs75M.s 			page 113


 3067              		.loc 1 2359 13 is_stmt 1 view .LVU1045
2359:Drivers/STM32F1xx_HAL_Driver/Src/stm32f1xx_ll_usb.c **** 
 3068              		.loc 1 2359 15 is_stmt 0 view .LVU1046
 3069 033c 6369     		ldr	r3, [r4, #20]
2359:Drivers/STM32F1xx_HAL_Driver/Src/stm32f1xx_ll_usb.c **** 
 3070              		.loc 1 2359 27 view .LVU1047
 3071 033e 3344     		add	r3, r3, r6
 3072 0340 6361     		str	r3, [r4, #20]
2361:Drivers/STM32F1xx_HAL_Driver/Src/stm32f1xx_ll_usb.c ****             {
 3073              		.loc 1 2361 13 is_stmt 1 view .LVU1048
2361:Drivers/STM32F1xx_HAL_Driver/Src/stm32f1xx_ll_usb.c ****             {
 3074              		.loc 1 2361 19 is_stmt 0 view .LVU1049
 3075 0342 236A     		ldr	r3, [r4, #32]
2361:Drivers/STM32F1xx_HAL_Driver/Src/stm32f1xx_ll_usb.c ****             {
 3076              		.loc 1 2361 37 view .LVU1050
 3077 0344 2269     		ldr	r2, [r4, #16]
2361:Drivers/STM32F1xx_HAL_Driver/Src/stm32f1xx_ll_usb.c ****             {
 3078              		.loc 1 2361 16 view .LVU1051
 3079 0346 9342     		cmp	r3, r2
 3080 0348 2DD9     		bls	.L111
2363:Drivers/STM32F1xx_HAL_Driver/Src/stm32f1xx_ll_usb.c ****             }
 3081              		.loc 1 2363 15 is_stmt 1 view .LVU1052
2363:Drivers/STM32F1xx_HAL_Driver/Src/stm32f1xx_ll_usb.c ****             }
 3082              		.loc 1 2363 31 is_stmt 0 view .LVU1053
 3083 034a 9B1B     		subs	r3, r3, r6
 3084 034c 2362     		str	r3, [r4, #32]
 3085              	.L112:
2372:Drivers/STM32F1xx_HAL_Driver/Src/stm32f1xx_ll_usb.c ****             pmabuffer = ep->pmaaddr1;
 3086              		.loc 1 2372 13 is_stmt 1 view .LVU1054
 3087              	.LBB89:
2372:Drivers/STM32F1xx_HAL_Driver/Src/stm32f1xx_ll_usb.c ****             pmabuffer = ep->pmaaddr1;
 3088              		.loc 1 2372 13 view .LVU1055
 3089              	.LVL346:
2372:Drivers/STM32F1xx_HAL_Driver/Src/stm32f1xx_ll_usb.c ****             pmabuffer = ep->pmaaddr1;
 3090              		.loc 1 2372 13 view .LVU1056
2372:Drivers/STM32F1xx_HAL_Driver/Src/stm32f1xx_ll_usb.c ****             pmabuffer = ep->pmaaddr1;
 3091              		.loc 1 2372 13 view .LVU1057
 3092 034e 6378     		ldrb	r3, [r4, #1]	@ zero_extendqisi2
 3093 0350 002B     		cmp	r3, #0
 3094 0352 45D1     		bne	.L113
2372:Drivers/STM32F1xx_HAL_Driver/Src/stm32f1xx_ll_usb.c ****             pmabuffer = ep->pmaaddr1;
 3095              		.loc 1 2372 13 discriminator 1 view .LVU1058
 3096              	.LBB90:
2372:Drivers/STM32F1xx_HAL_Driver/Src/stm32f1xx_ll_usb.c ****             pmabuffer = ep->pmaaddr1;
 3097              		.loc 1 2372 13 discriminator 1 view .LVU1059
 3098              	.LVL347:
2372:Drivers/STM32F1xx_HAL_Driver/Src/stm32f1xx_ll_usb.c ****             pmabuffer = ep->pmaaddr1;
 3099              		.loc 1 2372 13 view .LVU1060
2372:Drivers/STM32F1xx_HAL_Driver/Src/stm32f1xx_ll_usb.c ****             pmabuffer = ep->pmaaddr1;
 3100              		.loc 1 2372 13 view .LVU1061
2372:Drivers/STM32F1xx_HAL_Driver/Src/stm32f1xx_ll_usb.c ****             pmabuffer = ep->pmaaddr1;
 3101              		.loc 1 2372 13 is_stmt 0 discriminator 1 view .LVU1062
 3102 0354 B5F85030 		ldrh	r3, [r5, #80]
 3103 0358 9BB2     		uxth	r3, r3
 3104 035a 2B44     		add	r3, r3, r5
 3105              	.LVL348:
2372:Drivers/STM32F1xx_HAL_Driver/Src/stm32f1xx_ll_usb.c ****             pmabuffer = ep->pmaaddr1;
ARM GAS  C:\Users\jc\AppData\Local\Temp\ccrYs75M.s 			page 114


 3106              		.loc 1 2372 13 is_stmt 1 view .LVU1063
2372:Drivers/STM32F1xx_HAL_Driver/Src/stm32f1xx_ll_usb.c ****             pmabuffer = ep->pmaaddr1;
 3107              		.loc 1 2372 13 is_stmt 0 discriminator 1 view .LVU1064
 3108 035c 2278     		ldrb	r2, [r4]	@ zero_extendqisi2
 3109 035e 03EB0213 		add	r3, r3, r2, lsl #4
 3110              	.LVL349:
2372:Drivers/STM32F1xx_HAL_Driver/Src/stm32f1xx_ll_usb.c ****             pmabuffer = ep->pmaaddr1;
 3111              		.loc 1 2372 13 is_stmt 1 view .LVU1065
 3112              	.LBB91:
2372:Drivers/STM32F1xx_HAL_Driver/Src/stm32f1xx_ll_usb.c ****             pmabuffer = ep->pmaaddr1;
 3113              		.loc 1 2372 13 view .LVU1066
2372:Drivers/STM32F1xx_HAL_Driver/Src/stm32f1xx_ll_usb.c ****             pmabuffer = ep->pmaaddr1;
 3114              		.loc 1 2372 13 view .LVU1067
2372:Drivers/STM32F1xx_HAL_Driver/Src/stm32f1xx_ll_usb.c ****             pmabuffer = ep->pmaaddr1;
 3115              		.loc 1 2372 13 is_stmt 0 discriminator 1 view .LVU1068
 3116 0362 B3F80C24 		ldrh	r2, [r3, #1036]
 3117 0366 C2F30902 		ubfx	r2, r2, #0, #10
 3118 036a A3F80C24 		strh	r2, [r3, #1036]	@ movhi
2372:Drivers/STM32F1xx_HAL_Driver/Src/stm32f1xx_ll_usb.c ****             pmabuffer = ep->pmaaddr1;
 3119              		.loc 1 2372 13 is_stmt 1 view .LVU1069
2372:Drivers/STM32F1xx_HAL_Driver/Src/stm32f1xx_ll_usb.c ****             pmabuffer = ep->pmaaddr1;
 3120              		.loc 1 2372 13 is_stmt 0 discriminator 1 view .LVU1070
 3121 036e 3E2E     		cmp	r6, #62
 3122 0370 1DD9     		bls	.L114
2372:Drivers/STM32F1xx_HAL_Driver/Src/stm32f1xx_ll_usb.c ****             pmabuffer = ep->pmaaddr1;
 3123              		.loc 1 2372 13 is_stmt 1 discriminator 3 view .LVU1071
2372:Drivers/STM32F1xx_HAL_Driver/Src/stm32f1xx_ll_usb.c ****             pmabuffer = ep->pmaaddr1;
 3124              		.loc 1 2372 13 discriminator 3 view .LVU1072
 3125 0372 7109     		lsrs	r1, r6, #5
 3126              	.LVL350:
2372:Drivers/STM32F1xx_HAL_Driver/Src/stm32f1xx_ll_usb.c ****             pmabuffer = ep->pmaaddr1;
 3127              		.loc 1 2372 13 view .LVU1073
2372:Drivers/STM32F1xx_HAL_Driver/Src/stm32f1xx_ll_usb.c ****             pmabuffer = ep->pmaaddr1;
 3128              		.loc 1 2372 13 is_stmt 0 discriminator 3 view .LVU1074
 3129 0374 16F01F0F 		tst	r6, #31
 3130 0378 00D1     		bne	.L115
2372:Drivers/STM32F1xx_HAL_Driver/Src/stm32f1xx_ll_usb.c ****             pmabuffer = ep->pmaaddr1;
 3131              		.loc 1 2372 13 is_stmt 1 discriminator 5 view .LVU1075
 3132 037a 0139     		subs	r1, r1, #1
 3133              	.LVL351:
 3134              	.L115:
2372:Drivers/STM32F1xx_HAL_Driver/Src/stm32f1xx_ll_usb.c ****             pmabuffer = ep->pmaaddr1;
 3135              		.loc 1 2372 13 discriminator 7 view .LVU1076
 3136 037c B3F80C24 		ldrh	r2, [r3, #1036]
 3137 0380 92B2     		uxth	r2, r2
 3138 0382 8902     		lsls	r1, r1, #10
 3139              	.LVL352:
2372:Drivers/STM32F1xx_HAL_Driver/Src/stm32f1xx_ll_usb.c ****             pmabuffer = ep->pmaaddr1;
 3140              		.loc 1 2372 13 is_stmt 0 discriminator 7 view .LVU1077
 3141 0384 89B2     		uxth	r1, r1
 3142 0386 0A43     		orrs	r2, r2, r1
 3143 0388 42F40042 		orr	r2, r2, #32768
 3144 038c A3F80C24 		strh	r2, [r3, #1036]	@ movhi
2372:Drivers/STM32F1xx_HAL_Driver/Src/stm32f1xx_ll_usb.c ****             pmabuffer = ep->pmaaddr1;
 3145              		.loc 1 2372 13 is_stmt 1 view .LVU1078
 3146 0390 28E0     		b	.L116
 3147              	.LVL353:
ARM GAS  C:\Users\jc\AppData\Local\Temp\ccrYs75M.s 			page 115


 3148              	.L174:
2372:Drivers/STM32F1xx_HAL_Driver/Src/stm32f1xx_ll_usb.c ****             pmabuffer = ep->pmaaddr1;
 3149              		.loc 1 2372 13 is_stmt 0 view .LVU1079
 3150              	.LBE91:
 3151              	.LBE90:
 3152              	.LBE89:
2354:Drivers/STM32F1xx_HAL_Driver/Src/stm32f1xx_ll_usb.c ****             pmabuffer = ep->pmaaddr0;
 3153              		.loc 1 2354 13 is_stmt 1 discriminator 16 view .LVU1080
 3154              	.LBB94:
2354:Drivers/STM32F1xx_HAL_Driver/Src/stm32f1xx_ll_usb.c ****             pmabuffer = ep->pmaaddr0;
 3155              		.loc 1 2354 13 discriminator 16 view .LVU1081
2354:Drivers/STM32F1xx_HAL_Driver/Src/stm32f1xx_ll_usb.c ****             pmabuffer = ep->pmaaddr0;
 3156              		.loc 1 2354 13 view .LVU1082
2354:Drivers/STM32F1xx_HAL_Driver/Src/stm32f1xx_ll_usb.c ****             pmabuffer = ep->pmaaddr0;
 3157              		.loc 1 2354 13 view .LVU1083
2354:Drivers/STM32F1xx_HAL_Driver/Src/stm32f1xx_ll_usb.c ****             pmabuffer = ep->pmaaddr0;
 3158              		.loc 1 2354 13 is_stmt 0 discriminator 16 view .LVU1084
 3159 0392 B5F85030 		ldrh	r3, [r5, #80]
 3160 0396 9BB2     		uxth	r3, r3
 3161 0398 2B44     		add	r3, r3, r5
 3162              	.LVL354:
2354:Drivers/STM32F1xx_HAL_Driver/Src/stm32f1xx_ll_usb.c ****             pmabuffer = ep->pmaaddr0;
 3163              		.loc 1 2354 13 is_stmt 1 view .LVU1085
2354:Drivers/STM32F1xx_HAL_Driver/Src/stm32f1xx_ll_usb.c ****             pmabuffer = ep->pmaaddr0;
 3164              		.loc 1 2354 13 is_stmt 0 discriminator 16 view .LVU1086
 3165 039a 03EB0213 		add	r3, r3, r2, lsl #4
 3166              	.LVL355:
2354:Drivers/STM32F1xx_HAL_Driver/Src/stm32f1xx_ll_usb.c ****             pmabuffer = ep->pmaaddr0;
 3167              		.loc 1 2354 13 is_stmt 1 view .LVU1087
2354:Drivers/STM32F1xx_HAL_Driver/Src/stm32f1xx_ll_usb.c ****             pmabuffer = ep->pmaaddr0;
 3168              		.loc 1 2354 13 is_stmt 0 discriminator 16 view .LVU1088
 3169 039e B2B2     		uxth	r2, r6
 3170 03a0 A3F80424 		strh	r2, [r3, #1028]	@ movhi
 3171 03a4 C4E7     		b	.L108
 3172              	.LVL356:
 3173              	.L111:
2354:Drivers/STM32F1xx_HAL_Driver/Src/stm32f1xx_ll_usb.c ****             pmabuffer = ep->pmaaddr0;
 3174              		.loc 1 2354 13 discriminator 16 view .LVU1089
 3175              	.LBE94:
2367:Drivers/STM32F1xx_HAL_Driver/Src/stm32f1xx_ll_usb.c ****               ep->xfer_len_db = 0U;
 3176              		.loc 1 2367 15 is_stmt 1 view .LVU1090
2368:Drivers/STM32F1xx_HAL_Driver/Src/stm32f1xx_ll_usb.c ****             }
 3177              		.loc 1 2368 15 view .LVU1091
2368:Drivers/STM32F1xx_HAL_Driver/Src/stm32f1xx_ll_usb.c ****             }
 3178              		.loc 1 2368 31 is_stmt 0 view .LVU1092
 3179 03a6 0022     		movs	r2, #0
 3180 03a8 2262     		str	r2, [r4, #32]
2367:Drivers/STM32F1xx_HAL_Driver/Src/stm32f1xx_ll_usb.c ****               ep->xfer_len_db = 0U;
 3181              		.loc 1 2367 19 view .LVU1093
 3182 03aa 1E46     		mov	r6, r3
 3183 03ac CFE7     		b	.L112
 3184              	.LVL357:
 3185              	.L114:
 3186              	.LBB95:
 3187              	.LBB93:
 3188              	.LBB92:
2372:Drivers/STM32F1xx_HAL_Driver/Src/stm32f1xx_ll_usb.c ****             pmabuffer = ep->pmaaddr1;
ARM GAS  C:\Users\jc\AppData\Local\Temp\ccrYs75M.s 			page 116


 3189              		.loc 1 2372 13 is_stmt 1 discriminator 4 view .LVU1094
 3190 03ae 4EB9     		cbnz	r6, .L117
2372:Drivers/STM32F1xx_HAL_Driver/Src/stm32f1xx_ll_usb.c ****             pmabuffer = ep->pmaaddr1;
 3191              		.loc 1 2372 13 discriminator 9 view .LVU1095
 3192 03b0 B3F80C24 		ldrh	r2, [r3, #1036]
 3193 03b4 6FEA4242 		mvn	r2, r2, lsl #17
 3194 03b8 6FEA5242 		mvn	r2, r2, lsr #17
 3195 03bc 92B2     		uxth	r2, r2
 3196 03be A3F80C24 		strh	r2, [r3, #1036]	@ movhi
 3197 03c2 0FE0     		b	.L116
 3198              	.L117:
2372:Drivers/STM32F1xx_HAL_Driver/Src/stm32f1xx_ll_usb.c ****             pmabuffer = ep->pmaaddr1;
 3199              		.loc 1 2372 13 discriminator 10 view .LVU1096
2372:Drivers/STM32F1xx_HAL_Driver/Src/stm32f1xx_ll_usb.c ****             pmabuffer = ep->pmaaddr1;
 3200              		.loc 1 2372 13 discriminator 10 view .LVU1097
 3201 03c4 7208     		lsrs	r2, r6, #1
 3202              	.LVL358:
2372:Drivers/STM32F1xx_HAL_Driver/Src/stm32f1xx_ll_usb.c ****             pmabuffer = ep->pmaaddr1;
 3203              		.loc 1 2372 13 view .LVU1098
2372:Drivers/STM32F1xx_HAL_Driver/Src/stm32f1xx_ll_usb.c ****             pmabuffer = ep->pmaaddr1;
 3204              		.loc 1 2372 13 is_stmt 0 discriminator 10 view .LVU1099
 3205 03c6 16F0010F 		tst	r6, #1
 3206 03ca 00D0     		beq	.L118
2372:Drivers/STM32F1xx_HAL_Driver/Src/stm32f1xx_ll_usb.c ****             pmabuffer = ep->pmaaddr1;
 3207              		.loc 1 2372 13 is_stmt 1 discriminator 12 view .LVU1100
 3208 03cc 0132     		adds	r2, r2, #1
 3209              	.LVL359:
 3210              	.L118:
2372:Drivers/STM32F1xx_HAL_Driver/Src/stm32f1xx_ll_usb.c ****             pmabuffer = ep->pmaaddr1;
 3211              		.loc 1 2372 13 discriminator 14 view .LVU1101
 3212 03ce B3F80C14 		ldrh	r1, [r3, #1036]
 3213 03d2 89B2     		uxth	r1, r1
 3214 03d4 9202     		lsls	r2, r2, #10
 3215              	.LVL360:
2372:Drivers/STM32F1xx_HAL_Driver/Src/stm32f1xx_ll_usb.c ****             pmabuffer = ep->pmaaddr1;
 3216              		.loc 1 2372 13 is_stmt 0 discriminator 14 view .LVU1102
 3217 03d6 92B2     		uxth	r2, r2
 3218 03d8 0A43     		orrs	r2, r2, r1
 3219 03da A3F80C24 		strh	r2, [r3, #1036]	@ movhi
 3220 03de 01E0     		b	.L116
 3221              	.LVL361:
 3222              	.L113:
2372:Drivers/STM32F1xx_HAL_Driver/Src/stm32f1xx_ll_usb.c ****             pmabuffer = ep->pmaaddr1;
 3223              		.loc 1 2372 13 discriminator 14 view .LVU1103
 3224              	.LBE92:
 3225              	.LBE93:
2372:Drivers/STM32F1xx_HAL_Driver/Src/stm32f1xx_ll_usb.c ****             pmabuffer = ep->pmaaddr1;
 3226              		.loc 1 2372 13 is_stmt 1 discriminator 2 view .LVU1104
 3227 03e0 012B     		cmp	r3, #1
 3228 03e2 06D0     		beq	.L175
 3229              	.LVL362:
 3230              	.L116:
2372:Drivers/STM32F1xx_HAL_Driver/Src/stm32f1xx_ll_usb.c ****             pmabuffer = ep->pmaaddr1;
 3231              		.loc 1 2372 13 is_stmt 0 discriminator 2 view .LVU1105
 3232              	.LBE95:
2372:Drivers/STM32F1xx_HAL_Driver/Src/stm32f1xx_ll_usb.c ****             pmabuffer = ep->pmaaddr1;
 3233              		.loc 1 2372 13 is_stmt 1 discriminator 18 view .LVU1106
ARM GAS  C:\Users\jc\AppData\Local\Temp\ccrYs75M.s 			page 117


2373:Drivers/STM32F1xx_HAL_Driver/Src/stm32f1xx_ll_usb.c **** 
 3234              		.loc 1 2373 13 view .LVU1107
2376:Drivers/STM32F1xx_HAL_Driver/Src/stm32f1xx_ll_usb.c ****           }
 3235              		.loc 1 2376 13 view .LVU1108
 3236 03e4 B3B2     		uxth	r3, r6
 3237 03e6 6289     		ldrh	r2, [r4, #10]
 3238 03e8 6169     		ldr	r1, [r4, #20]
 3239 03ea 2846     		mov	r0, r5
 3240 03ec FFF7FEFF 		bl	USB_WritePMA
 3241              	.LVL363:
2376:Drivers/STM32F1xx_HAL_Driver/Src/stm32f1xx_ll_usb.c ****           }
 3242              		.loc 1 2376 13 is_stmt 0 view .LVU1109
 3243 03f0 8EE6     		b	.L87
 3244              	.LVL364:
 3245              	.L175:
 3246              	.LBB96:
2372:Drivers/STM32F1xx_HAL_Driver/Src/stm32f1xx_ll_usb.c ****             pmabuffer = ep->pmaaddr1;
 3247              		.loc 1 2372 13 is_stmt 1 discriminator 16 view .LVU1110
 3248 03f2 B5F85030 		ldrh	r3, [r5, #80]
 3249 03f6 9BB2     		uxth	r3, r3
 3250 03f8 2B44     		add	r3, r3, r5
 3251              	.LVL365:
2372:Drivers/STM32F1xx_HAL_Driver/Src/stm32f1xx_ll_usb.c ****             pmabuffer = ep->pmaaddr1;
 3252              		.loc 1 2372 13 view .LVU1111
2372:Drivers/STM32F1xx_HAL_Driver/Src/stm32f1xx_ll_usb.c ****             pmabuffer = ep->pmaaddr1;
 3253              		.loc 1 2372 13 is_stmt 0 discriminator 16 view .LVU1112
 3254 03fa 2278     		ldrb	r2, [r4]	@ zero_extendqisi2
 3255 03fc 03EB0213 		add	r3, r3, r2, lsl #4
 3256              	.LVL366:
2372:Drivers/STM32F1xx_HAL_Driver/Src/stm32f1xx_ll_usb.c ****             pmabuffer = ep->pmaaddr1;
 3257              		.loc 1 2372 13 is_stmt 1 view .LVU1113
2372:Drivers/STM32F1xx_HAL_Driver/Src/stm32f1xx_ll_usb.c ****             pmabuffer = ep->pmaaddr1;
 3258              		.loc 1 2372 13 is_stmt 0 discriminator 16 view .LVU1114
 3259 0400 B2B2     		uxth	r2, r6
 3260 0402 A3F80C24 		strh	r2, [r3, #1036]	@ movhi
 3261 0406 EDE7     		b	.L116
 3262              	.LVL367:
 3263              	.L89:
2372:Drivers/STM32F1xx_HAL_Driver/Src/stm32f1xx_ll_usb.c ****             pmabuffer = ep->pmaaddr1;
 3264              		.loc 1 2372 13 discriminator 16 view .LVU1115
 3265              	.LBE96:
2382:Drivers/STM32F1xx_HAL_Driver/Src/stm32f1xx_ll_usb.c **** 
 3266              		.loc 1 2382 11 is_stmt 1 view .LVU1116
2385:Drivers/STM32F1xx_HAL_Driver/Src/stm32f1xx_ll_usb.c **** 
 3267              		.loc 1 2385 11 view .LVU1117
 3268              	.LBB97:
2385:Drivers/STM32F1xx_HAL_Driver/Src/stm32f1xx_ll_usb.c **** 
 3269              		.loc 1 2385 11 view .LVU1118
2385:Drivers/STM32F1xx_HAL_Driver/Src/stm32f1xx_ll_usb.c **** 
 3270              		.loc 1 2385 11 view .LVU1119
 3271 0408 2178     		ldrb	r1, [r4]	@ zero_extendqisi2
 3272 040a 35F82120 		ldrh	r2, [r5, r1, lsl #2]
 3273 040e 92B2     		uxth	r2, r2
 3274 0410 22F4E242 		bic	r2, r2, #28928
 3275 0414 22F07002 		bic	r2, r2, #112
 3276              	.LVL368:
2385:Drivers/STM32F1xx_HAL_Driver/Src/stm32f1xx_ll_usb.c **** 
ARM GAS  C:\Users\jc\AppData\Local\Temp\ccrYs75M.s 			page 118


 3277              		.loc 1 2385 11 view .LVU1120
 3278 0418 42F40042 		orr	r2, r2, #32768
 3279              	.LVL369:
2385:Drivers/STM32F1xx_HAL_Driver/Src/stm32f1xx_ll_usb.c **** 
 3280              		.loc 1 2385 11 is_stmt 0 view .LVU1121
 3281 041c 42F08002 		orr	r2, r2, #128
 3282 0420 25F82120 		strh	r2, [r5, r1, lsl #2]	@ movhi
 3283              	.LBE97:
2385:Drivers/STM32F1xx_HAL_Driver/Src/stm32f1xx_ll_usb.c **** 
 3284              		.loc 1 2385 11 is_stmt 1 view .LVU1122
2388:Drivers/STM32F1xx_HAL_Driver/Src/stm32f1xx_ll_usb.c ****           pmabuffer = ep->pmaaddr0;
 3285              		.loc 1 2388 11 view .LVU1123
 3286              	.LBB98:
2388:Drivers/STM32F1xx_HAL_Driver/Src/stm32f1xx_ll_usb.c ****           pmabuffer = ep->pmaaddr0;
 3287              		.loc 1 2388 11 view .LVU1124
 3288              	.LVL370:
2388:Drivers/STM32F1xx_HAL_Driver/Src/stm32f1xx_ll_usb.c ****           pmabuffer = ep->pmaaddr0;
 3289              		.loc 1 2388 11 view .LVU1125
2388:Drivers/STM32F1xx_HAL_Driver/Src/stm32f1xx_ll_usb.c ****           pmabuffer = ep->pmaaddr0;
 3290              		.loc 1 2388 11 view .LVU1126
 3291 0424 B5F85020 		ldrh	r2, [r5, #80]
 3292 0428 92B2     		uxth	r2, r2
 3293 042a 2A44     		add	r2, r2, r5
 3294              	.LVL371:
2388:Drivers/STM32F1xx_HAL_Driver/Src/stm32f1xx_ll_usb.c ****           pmabuffer = ep->pmaaddr0;
 3295              		.loc 1 2388 11 view .LVU1127
 3296 042c 2178     		ldrb	r1, [r4]	@ zero_extendqisi2
 3297 042e 02EB0112 		add	r2, r2, r1, lsl #4
 3298              	.LVL372:
2388:Drivers/STM32F1xx_HAL_Driver/Src/stm32f1xx_ll_usb.c ****           pmabuffer = ep->pmaaddr0;
 3299              		.loc 1 2388 11 view .LVU1128
 3300 0432 9BB2     		uxth	r3, r3
 3301              	.LVL373:
2388:Drivers/STM32F1xx_HAL_Driver/Src/stm32f1xx_ll_usb.c ****           pmabuffer = ep->pmaaddr0;
 3302              		.loc 1 2388 11 is_stmt 0 view .LVU1129
 3303 0434 A2F80434 		strh	r3, [r2, #1028]	@ movhi
 3304              	.LBE98:
2388:Drivers/STM32F1xx_HAL_Driver/Src/stm32f1xx_ll_usb.c ****           pmabuffer = ep->pmaaddr0;
 3305              		.loc 1 2388 11 is_stmt 1 view .LVU1130
2389:Drivers/STM32F1xx_HAL_Driver/Src/stm32f1xx_ll_usb.c **** 
 3306              		.loc 1 2389 11 view .LVU1131
 3307              	.LVL374:
2392:Drivers/STM32F1xx_HAL_Driver/Src/stm32f1xx_ll_usb.c ****         }
 3308              		.loc 1 2392 11 view .LVU1132
 3309 0438 2289     		ldrh	r2, [r4, #8]
 3310              	.LVL375:
2392:Drivers/STM32F1xx_HAL_Driver/Src/stm32f1xx_ll_usb.c ****         }
 3311              		.loc 1 2392 11 is_stmt 0 view .LVU1133
 3312 043a 6169     		ldr	r1, [r4, #20]
2392:Drivers/STM32F1xx_HAL_Driver/Src/stm32f1xx_ll_usb.c ****         }
 3313              		.loc 1 2392 11 view .LVU1134
 3314 043c 2846     		mov	r0, r5
 3315              	.LVL376:
2392:Drivers/STM32F1xx_HAL_Driver/Src/stm32f1xx_ll_usb.c ****         }
 3316              		.loc 1 2392 11 view .LVU1135
 3317 043e FFF7FEFF 		bl	USB_WritePMA
 3318              	.LVL377:
ARM GAS  C:\Users\jc\AppData\Local\Temp\ccrYs75M.s 			page 119


2392:Drivers/STM32F1xx_HAL_Driver/Src/stm32f1xx_ll_usb.c ****         }
 3319              		.loc 1 2392 11 view .LVU1136
 3320 0442 65E6     		b	.L87
 3321              	.LVL378:
 3322              	.L121:
 3323              	.LBB99:
 3324              	.LBB74:
 3325              	.LBB73:
2404:Drivers/STM32F1xx_HAL_Driver/Src/stm32f1xx_ll_usb.c ****           pmabuffer = ep->pmaaddr1;
 3326              		.loc 1 2404 11 is_stmt 1 discriminator 4 view .LVU1137
 3327 0444 4EB9     		cbnz	r6, .L124
2404:Drivers/STM32F1xx_HAL_Driver/Src/stm32f1xx_ll_usb.c ****           pmabuffer = ep->pmaaddr1;
 3328              		.loc 1 2404 11 discriminator 9 view .LVU1138
 3329 0446 B3F80C24 		ldrh	r2, [r3, #1036]
 3330 044a 6FEA4242 		mvn	r2, r2, lsl #17
 3331 044e 6FEA5242 		mvn	r2, r2, lsr #17
 3332 0452 92B2     		uxth	r2, r2
 3333 0454 A3F80C24 		strh	r2, [r3, #1036]	@ movhi
 3334 0458 16E0     		b	.L123
 3335              	.L124:
2404:Drivers/STM32F1xx_HAL_Driver/Src/stm32f1xx_ll_usb.c ****           pmabuffer = ep->pmaaddr1;
 3336              		.loc 1 2404 11 discriminator 10 view .LVU1139
2404:Drivers/STM32F1xx_HAL_Driver/Src/stm32f1xx_ll_usb.c ****           pmabuffer = ep->pmaaddr1;
 3337              		.loc 1 2404 11 discriminator 10 view .LVU1140
 3338 045a 7208     		lsrs	r2, r6, #1
 3339              	.LVL379:
2404:Drivers/STM32F1xx_HAL_Driver/Src/stm32f1xx_ll_usb.c ****           pmabuffer = ep->pmaaddr1;
 3340              		.loc 1 2404 11 view .LVU1141
2404:Drivers/STM32F1xx_HAL_Driver/Src/stm32f1xx_ll_usb.c ****           pmabuffer = ep->pmaaddr1;
 3341              		.loc 1 2404 11 is_stmt 0 discriminator 10 view .LVU1142
 3342 045c 16F0010F 		tst	r6, #1
 3343 0460 00D0     		beq	.L125
2404:Drivers/STM32F1xx_HAL_Driver/Src/stm32f1xx_ll_usb.c ****           pmabuffer = ep->pmaaddr1;
 3344              		.loc 1 2404 11 is_stmt 1 discriminator 12 view .LVU1143
 3345 0462 0132     		adds	r2, r2, #1
 3346              	.LVL380:
 3347              	.L125:
2404:Drivers/STM32F1xx_HAL_Driver/Src/stm32f1xx_ll_usb.c ****           pmabuffer = ep->pmaaddr1;
 3348              		.loc 1 2404 11 discriminator 14 view .LVU1144
 3349 0464 B3F80C14 		ldrh	r1, [r3, #1036]
 3350 0468 89B2     		uxth	r1, r1
 3351 046a 9202     		lsls	r2, r2, #10
 3352              	.LVL381:
2404:Drivers/STM32F1xx_HAL_Driver/Src/stm32f1xx_ll_usb.c ****           pmabuffer = ep->pmaaddr1;
 3353              		.loc 1 2404 11 is_stmt 0 discriminator 14 view .LVU1145
 3354 046c 92B2     		uxth	r2, r2
 3355 046e 0A43     		orrs	r2, r2, r1
 3356 0470 A3F80C24 		strh	r2, [r3, #1036]	@ movhi
 3357 0474 08E0     		b	.L123
 3358              	.LVL382:
 3359              	.L120:
2404:Drivers/STM32F1xx_HAL_Driver/Src/stm32f1xx_ll_usb.c ****           pmabuffer = ep->pmaaddr1;
 3360              		.loc 1 2404 11 discriminator 14 view .LVU1146
 3361              	.LBE73:
 3362              	.LBE74:
2404:Drivers/STM32F1xx_HAL_Driver/Src/stm32f1xx_ll_usb.c ****           pmabuffer = ep->pmaaddr1;
 3363              		.loc 1 2404 11 is_stmt 1 discriminator 2 view .LVU1147
ARM GAS  C:\Users\jc\AppData\Local\Temp\ccrYs75M.s 			page 120


2404:Drivers/STM32F1xx_HAL_Driver/Src/stm32f1xx_ll_usb.c ****           pmabuffer = ep->pmaaddr1;
 3364              		.loc 1 2404 11 discriminator 16 view .LVU1148
 3365 0476 B5F85030 		ldrh	r3, [r5, #80]
 3366 047a 9BB2     		uxth	r3, r3
 3367 047c 2B44     		add	r3, r3, r5
 3368              	.LVL383:
2404:Drivers/STM32F1xx_HAL_Driver/Src/stm32f1xx_ll_usb.c ****           pmabuffer = ep->pmaaddr1;
 3369              		.loc 1 2404 11 view .LVU1149
2404:Drivers/STM32F1xx_HAL_Driver/Src/stm32f1xx_ll_usb.c ****           pmabuffer = ep->pmaaddr1;
 3370              		.loc 1 2404 11 is_stmt 0 discriminator 16 view .LVU1150
 3371 047e 03EB0113 		add	r3, r3, r1, lsl #4
 3372              	.LVL384:
2404:Drivers/STM32F1xx_HAL_Driver/Src/stm32f1xx_ll_usb.c ****           pmabuffer = ep->pmaaddr1;
 3373              		.loc 1 2404 11 is_stmt 1 view .LVU1151
2404:Drivers/STM32F1xx_HAL_Driver/Src/stm32f1xx_ll_usb.c ****           pmabuffer = ep->pmaaddr1;
 3374              		.loc 1 2404 11 is_stmt 0 discriminator 16 view .LVU1152
 3375 0482 B2B2     		uxth	r2, r6
 3376 0484 A3F80C24 		strh	r2, [r3, #1036]	@ movhi
 3377              	.LVL385:
 3378              	.L123:
2404:Drivers/STM32F1xx_HAL_Driver/Src/stm32f1xx_ll_usb.c ****           pmabuffer = ep->pmaaddr1;
 3379              		.loc 1 2404 11 discriminator 16 view .LVU1153
 3380              	.LBE99:
2404:Drivers/STM32F1xx_HAL_Driver/Src/stm32f1xx_ll_usb.c ****           pmabuffer = ep->pmaaddr1;
 3381              		.loc 1 2404 11 is_stmt 1 discriminator 18 view .LVU1154
2405:Drivers/STM32F1xx_HAL_Driver/Src/stm32f1xx_ll_usb.c **** 
 3382              		.loc 1 2405 11 view .LVU1155
2408:Drivers/STM32F1xx_HAL_Driver/Src/stm32f1xx_ll_usb.c ****         }
 3383              		.loc 1 2408 11 view .LVU1156
 3384 0488 B3B2     		uxth	r3, r6
 3385 048a 6289     		ldrh	r2, [r4, #10]
 3386 048c 6169     		ldr	r1, [r4, #20]
 3387 048e 2846     		mov	r0, r5
 3388              	.LVL386:
2408:Drivers/STM32F1xx_HAL_Driver/Src/stm32f1xx_ll_usb.c ****         }
 3389              		.loc 1 2408 11 is_stmt 0 view .LVU1157
 3390 0490 FFF7FEFF 		bl	USB_WritePMA
 3391              	.LVL387:
2408:Drivers/STM32F1xx_HAL_Driver/Src/stm32f1xx_ll_usb.c ****         }
 3392              		.loc 1 2408 11 view .LVU1158
 3393 0494 3CE6     		b	.L87
 3394              	.LVL388:
 3395              	.L119:
2413:Drivers/STM32F1xx_HAL_Driver/Src/stm32f1xx_ll_usb.c ****           pmabuffer = ep->pmaaddr0;
 3396              		.loc 1 2413 11 is_stmt 1 view .LVU1159
2413:Drivers/STM32F1xx_HAL_Driver/Src/stm32f1xx_ll_usb.c ****           pmabuffer = ep->pmaaddr0;
 3397              		.loc 1 2413 11 view .LVU1160
 3398 0496 B2BB     		cbnz	r2, .L126
2413:Drivers/STM32F1xx_HAL_Driver/Src/stm32f1xx_ll_usb.c ****           pmabuffer = ep->pmaaddr0;
 3399              		.loc 1 2413 11 discriminator 1 view .LVU1161
 3400              	.LBB100:
2413:Drivers/STM32F1xx_HAL_Driver/Src/stm32f1xx_ll_usb.c ****           pmabuffer = ep->pmaaddr0;
 3401              		.loc 1 2413 11 discriminator 1 view .LVU1162
 3402              	.LVL389:
2413:Drivers/STM32F1xx_HAL_Driver/Src/stm32f1xx_ll_usb.c ****           pmabuffer = ep->pmaaddr0;
 3403              		.loc 1 2413 11 view .LVU1163
2413:Drivers/STM32F1xx_HAL_Driver/Src/stm32f1xx_ll_usb.c ****           pmabuffer = ep->pmaaddr0;
ARM GAS  C:\Users\jc\AppData\Local\Temp\ccrYs75M.s 			page 121


 3404              		.loc 1 2413 11 view .LVU1164
2413:Drivers/STM32F1xx_HAL_Driver/Src/stm32f1xx_ll_usb.c ****           pmabuffer = ep->pmaaddr0;
 3405              		.loc 1 2413 11 is_stmt 0 discriminator 1 view .LVU1165
 3406 0498 B5F85030 		ldrh	r3, [r5, #80]
 3407 049c 9BB2     		uxth	r3, r3
 3408 049e 2B44     		add	r3, r3, r5
 3409              	.LVL390:
2413:Drivers/STM32F1xx_HAL_Driver/Src/stm32f1xx_ll_usb.c ****           pmabuffer = ep->pmaaddr0;
 3410              		.loc 1 2413 11 is_stmt 1 view .LVU1166
2413:Drivers/STM32F1xx_HAL_Driver/Src/stm32f1xx_ll_usb.c ****           pmabuffer = ep->pmaaddr0;
 3411              		.loc 1 2413 11 is_stmt 0 discriminator 1 view .LVU1167
 3412 04a0 03EB0113 		add	r3, r3, r1, lsl #4
 3413              	.LVL391:
2413:Drivers/STM32F1xx_HAL_Driver/Src/stm32f1xx_ll_usb.c ****           pmabuffer = ep->pmaaddr0;
 3414              		.loc 1 2413 11 is_stmt 1 view .LVU1168
 3415              	.LBB101:
2413:Drivers/STM32F1xx_HAL_Driver/Src/stm32f1xx_ll_usb.c ****           pmabuffer = ep->pmaaddr0;
 3416              		.loc 1 2413 11 view .LVU1169
2413:Drivers/STM32F1xx_HAL_Driver/Src/stm32f1xx_ll_usb.c ****           pmabuffer = ep->pmaaddr0;
 3417              		.loc 1 2413 11 view .LVU1170
2413:Drivers/STM32F1xx_HAL_Driver/Src/stm32f1xx_ll_usb.c ****           pmabuffer = ep->pmaaddr0;
 3418              		.loc 1 2413 11 is_stmt 0 discriminator 1 view .LVU1171
 3419 04a4 B3F80424 		ldrh	r2, [r3, #1028]
 3420 04a8 C2F30902 		ubfx	r2, r2, #0, #10
 3421 04ac A3F80424 		strh	r2, [r3, #1028]	@ movhi
2413:Drivers/STM32F1xx_HAL_Driver/Src/stm32f1xx_ll_usb.c ****           pmabuffer = ep->pmaaddr0;
 3422              		.loc 1 2413 11 is_stmt 1 view .LVU1172
2413:Drivers/STM32F1xx_HAL_Driver/Src/stm32f1xx_ll_usb.c ****           pmabuffer = ep->pmaaddr0;
 3423              		.loc 1 2413 11 is_stmt 0 discriminator 1 view .LVU1173
 3424 04b0 3E2E     		cmp	r6, #62
 3425 04b2 0FD9     		bls	.L127
2413:Drivers/STM32F1xx_HAL_Driver/Src/stm32f1xx_ll_usb.c ****           pmabuffer = ep->pmaaddr0;
 3426              		.loc 1 2413 11 is_stmt 1 discriminator 3 view .LVU1174
2413:Drivers/STM32F1xx_HAL_Driver/Src/stm32f1xx_ll_usb.c ****           pmabuffer = ep->pmaaddr0;
 3427              		.loc 1 2413 11 discriminator 3 view .LVU1175
 3428 04b4 7109     		lsrs	r1, r6, #5
 3429              	.LVL392:
2413:Drivers/STM32F1xx_HAL_Driver/Src/stm32f1xx_ll_usb.c ****           pmabuffer = ep->pmaaddr0;
 3430              		.loc 1 2413 11 view .LVU1176
2413:Drivers/STM32F1xx_HAL_Driver/Src/stm32f1xx_ll_usb.c ****           pmabuffer = ep->pmaaddr0;
 3431              		.loc 1 2413 11 is_stmt 0 discriminator 3 view .LVU1177
 3432 04b6 16F01F0F 		tst	r6, #31
 3433 04ba 00D1     		bne	.L128
2413:Drivers/STM32F1xx_HAL_Driver/Src/stm32f1xx_ll_usb.c ****           pmabuffer = ep->pmaaddr0;
 3434              		.loc 1 2413 11 is_stmt 1 discriminator 5 view .LVU1178
 3435 04bc 0139     		subs	r1, r1, #1
 3436              	.LVL393:
 3437              	.L128:
2413:Drivers/STM32F1xx_HAL_Driver/Src/stm32f1xx_ll_usb.c ****           pmabuffer = ep->pmaaddr0;
 3438              		.loc 1 2413 11 discriminator 7 view .LVU1179
 3439 04be B3F80424 		ldrh	r2, [r3, #1028]
 3440 04c2 92B2     		uxth	r2, r2
 3441 04c4 8902     		lsls	r1, r1, #10
 3442              	.LVL394:
2413:Drivers/STM32F1xx_HAL_Driver/Src/stm32f1xx_ll_usb.c ****           pmabuffer = ep->pmaaddr0;
 3443              		.loc 1 2413 11 is_stmt 0 discriminator 7 view .LVU1180
 3444 04c6 89B2     		uxth	r1, r1
ARM GAS  C:\Users\jc\AppData\Local\Temp\ccrYs75M.s 			page 122


 3445 04c8 0A43     		orrs	r2, r2, r1
 3446 04ca 42F40042 		orr	r2, r2, #32768
 3447 04ce A3F80424 		strh	r2, [r3, #1028]	@ movhi
2413:Drivers/STM32F1xx_HAL_Driver/Src/stm32f1xx_ll_usb.c ****           pmabuffer = ep->pmaaddr0;
 3448              		.loc 1 2413 11 is_stmt 1 view .LVU1181
 3449 04d2 21E0     		b	.L129
 3450              	.LVL395:
 3451              	.L127:
2413:Drivers/STM32F1xx_HAL_Driver/Src/stm32f1xx_ll_usb.c ****           pmabuffer = ep->pmaaddr0;
 3452              		.loc 1 2413 11 discriminator 4 view .LVU1182
 3453 04d4 4EB9     		cbnz	r6, .L130
2413:Drivers/STM32F1xx_HAL_Driver/Src/stm32f1xx_ll_usb.c ****           pmabuffer = ep->pmaaddr0;
 3454              		.loc 1 2413 11 discriminator 9 view .LVU1183
 3455 04d6 B3F80424 		ldrh	r2, [r3, #1028]
 3456 04da 6FEA4242 		mvn	r2, r2, lsl #17
 3457 04de 6FEA5242 		mvn	r2, r2, lsr #17
 3458 04e2 92B2     		uxth	r2, r2
 3459 04e4 A3F80424 		strh	r2, [r3, #1028]	@ movhi
 3460 04e8 16E0     		b	.L129
 3461              	.L130:
2413:Drivers/STM32F1xx_HAL_Driver/Src/stm32f1xx_ll_usb.c ****           pmabuffer = ep->pmaaddr0;
 3462              		.loc 1 2413 11 discriminator 10 view .LVU1184
2413:Drivers/STM32F1xx_HAL_Driver/Src/stm32f1xx_ll_usb.c ****           pmabuffer = ep->pmaaddr0;
 3463              		.loc 1 2413 11 discriminator 10 view .LVU1185
 3464 04ea 7208     		lsrs	r2, r6, #1
 3465              	.LVL396:
2413:Drivers/STM32F1xx_HAL_Driver/Src/stm32f1xx_ll_usb.c ****           pmabuffer = ep->pmaaddr0;
 3466              		.loc 1 2413 11 view .LVU1186
2413:Drivers/STM32F1xx_HAL_Driver/Src/stm32f1xx_ll_usb.c ****           pmabuffer = ep->pmaaddr0;
 3467              		.loc 1 2413 11 is_stmt 0 discriminator 10 view .LVU1187
 3468 04ec 16F0010F 		tst	r6, #1
 3469 04f0 00D0     		beq	.L131
2413:Drivers/STM32F1xx_HAL_Driver/Src/stm32f1xx_ll_usb.c ****           pmabuffer = ep->pmaaddr0;
 3470              		.loc 1 2413 11 is_stmt 1 discriminator 12 view .LVU1188
 3471 04f2 0132     		adds	r2, r2, #1
 3472              	.LVL397:
 3473              	.L131:
2413:Drivers/STM32F1xx_HAL_Driver/Src/stm32f1xx_ll_usb.c ****           pmabuffer = ep->pmaaddr0;
 3474              		.loc 1 2413 11 discriminator 14 view .LVU1189
 3475 04f4 B3F80414 		ldrh	r1, [r3, #1028]
 3476 04f8 89B2     		uxth	r1, r1
 3477 04fa 9202     		lsls	r2, r2, #10
 3478              	.LVL398:
2413:Drivers/STM32F1xx_HAL_Driver/Src/stm32f1xx_ll_usb.c ****           pmabuffer = ep->pmaaddr0;
 3479              		.loc 1 2413 11 is_stmt 0 discriminator 14 view .LVU1190
 3480 04fc 92B2     		uxth	r2, r2
 3481 04fe 0A43     		orrs	r2, r2, r1
 3482 0500 A3F80424 		strh	r2, [r3, #1028]	@ movhi
 3483 0504 08E0     		b	.L129
 3484              	.LVL399:
 3485              	.L126:
2413:Drivers/STM32F1xx_HAL_Driver/Src/stm32f1xx_ll_usb.c ****           pmabuffer = ep->pmaaddr0;
 3486              		.loc 1 2413 11 discriminator 14 view .LVU1191
 3487              	.LBE101:
 3488              	.LBE100:
2413:Drivers/STM32F1xx_HAL_Driver/Src/stm32f1xx_ll_usb.c ****           pmabuffer = ep->pmaaddr0;
 3489              		.loc 1 2413 11 is_stmt 1 discriminator 2 view .LVU1192
ARM GAS  C:\Users\jc\AppData\Local\Temp\ccrYs75M.s 			page 123


2413:Drivers/STM32F1xx_HAL_Driver/Src/stm32f1xx_ll_usb.c ****           pmabuffer = ep->pmaaddr0;
 3490              		.loc 1 2413 11 discriminator 16 view .LVU1193
 3491              	.LBB102:
2413:Drivers/STM32F1xx_HAL_Driver/Src/stm32f1xx_ll_usb.c ****           pmabuffer = ep->pmaaddr0;
 3492              		.loc 1 2413 11 discriminator 16 view .LVU1194
2413:Drivers/STM32F1xx_HAL_Driver/Src/stm32f1xx_ll_usb.c ****           pmabuffer = ep->pmaaddr0;
 3493              		.loc 1 2413 11 view .LVU1195
2413:Drivers/STM32F1xx_HAL_Driver/Src/stm32f1xx_ll_usb.c ****           pmabuffer = ep->pmaaddr0;
 3494              		.loc 1 2413 11 view .LVU1196
2413:Drivers/STM32F1xx_HAL_Driver/Src/stm32f1xx_ll_usb.c ****           pmabuffer = ep->pmaaddr0;
 3495              		.loc 1 2413 11 is_stmt 0 discriminator 16 view .LVU1197
 3496 0506 B5F85030 		ldrh	r3, [r5, #80]
 3497 050a 9BB2     		uxth	r3, r3
 3498 050c 2B44     		add	r3, r3, r5
 3499              	.LVL400:
2413:Drivers/STM32F1xx_HAL_Driver/Src/stm32f1xx_ll_usb.c ****           pmabuffer = ep->pmaaddr0;
 3500              		.loc 1 2413 11 is_stmt 1 view .LVU1198
2413:Drivers/STM32F1xx_HAL_Driver/Src/stm32f1xx_ll_usb.c ****           pmabuffer = ep->pmaaddr0;
 3501              		.loc 1 2413 11 is_stmt 0 discriminator 16 view .LVU1199
 3502 050e 03EB0113 		add	r3, r3, r1, lsl #4
 3503              	.LVL401:
2413:Drivers/STM32F1xx_HAL_Driver/Src/stm32f1xx_ll_usb.c ****           pmabuffer = ep->pmaaddr0;
 3504              		.loc 1 2413 11 is_stmt 1 view .LVU1200
2413:Drivers/STM32F1xx_HAL_Driver/Src/stm32f1xx_ll_usb.c ****           pmabuffer = ep->pmaaddr0;
 3505              		.loc 1 2413 11 is_stmt 0 discriminator 16 view .LVU1201
 3506 0512 B2B2     		uxth	r2, r6
 3507 0514 A3F80424 		strh	r2, [r3, #1028]	@ movhi
 3508              	.LVL402:
 3509              	.L129:
2413:Drivers/STM32F1xx_HAL_Driver/Src/stm32f1xx_ll_usb.c ****           pmabuffer = ep->pmaaddr0;
 3510              		.loc 1 2413 11 discriminator 16 view .LVU1202
 3511              	.LBE102:
2413:Drivers/STM32F1xx_HAL_Driver/Src/stm32f1xx_ll_usb.c ****           pmabuffer = ep->pmaaddr0;
 3512              		.loc 1 2413 11 is_stmt 1 discriminator 18 view .LVU1203
2413:Drivers/STM32F1xx_HAL_Driver/Src/stm32f1xx_ll_usb.c ****           pmabuffer = ep->pmaaddr0;
 3513              		.loc 1 2413 11 discriminator 18 view .LVU1204
2414:Drivers/STM32F1xx_HAL_Driver/Src/stm32f1xx_ll_usb.c **** 
 3514              		.loc 1 2414 11 view .LVU1205
2417:Drivers/STM32F1xx_HAL_Driver/Src/stm32f1xx_ll_usb.c ****         }
 3515              		.loc 1 2417 11 view .LVU1206
 3516 0518 B3B2     		uxth	r3, r6
 3517 051a 2289     		ldrh	r2, [r4, #8]
 3518 051c 6169     		ldr	r1, [r4, #20]
 3519 051e 2846     		mov	r0, r5
 3520              	.LVL403:
2417:Drivers/STM32F1xx_HAL_Driver/Src/stm32f1xx_ll_usb.c ****         }
 3521              		.loc 1 2417 11 is_stmt 0 view .LVU1207
 3522 0520 FFF7FEFF 		bl	USB_WritePMA
 3523              	.LVL404:
2417:Drivers/STM32F1xx_HAL_Driver/Src/stm32f1xx_ll_usb.c ****         }
 3524              		.loc 1 2417 11 view .LVU1208
 3525 0524 F4E5     		b	.L87
 3526              	.LVL405:
 3527              	.L134:
2437:Drivers/STM32F1xx_HAL_Driver/Src/stm32f1xx_ll_usb.c ****         ep->xfer_len = 0U;
 3528              		.loc 1 2437 9 is_stmt 1 view .LVU1209
2438:Drivers/STM32F1xx_HAL_Driver/Src/stm32f1xx_ll_usb.c ****       }
ARM GAS  C:\Users\jc\AppData\Local\Temp\ccrYs75M.s 			page 124


 3529              		.loc 1 2438 9 view .LVU1210
2438:Drivers/STM32F1xx_HAL_Driver/Src/stm32f1xx_ll_usb.c ****       }
 3530              		.loc 1 2438 22 is_stmt 0 view .LVU1211
 3531 0526 0022     		movs	r2, #0
 3532 0528 8A61     		str	r2, [r1, #24]
2437:Drivers/STM32F1xx_HAL_Driver/Src/stm32f1xx_ll_usb.c ****         ep->xfer_len = 0U;
 3533              		.loc 1 2437 13 view .LVU1212
 3534 052a 1A46     		mov	r2, r3
 3535 052c 79E5     		b	.L135
 3536              	.LVL406:
 3537              	.L136:
 3538              	.LBB103:
 3539              	.LBB68:
2441:Drivers/STM32F1xx_HAL_Driver/Src/stm32f1xx_ll_usb.c ****     }
 3540              		.loc 1 2441 7 is_stmt 1 discriminator 2 view .LVU1213
 3541 052e 4AB9     		cbnz	r2, .L139
2441:Drivers/STM32F1xx_HAL_Driver/Src/stm32f1xx_ll_usb.c ****     }
 3542              		.loc 1 2441 7 discriminator 7 view .LVU1214
 3543 0530 B3F80C24 		ldrh	r2, [r3, #1036]
 3544              	.LVL407:
2441:Drivers/STM32F1xx_HAL_Driver/Src/stm32f1xx_ll_usb.c ****     }
 3545              		.loc 1 2441 7 is_stmt 0 discriminator 7 view .LVU1215
 3546 0534 6FEA4242 		mvn	r2, r2, lsl #17
 3547 0538 6FEA5242 		mvn	r2, r2, lsr #17
 3548 053c 92B2     		uxth	r2, r2
 3549 053e A3F80C24 		strh	r2, [r3, #1036]	@ movhi
 3550 0542 8DE5     		b	.L138
 3551              	.LVL408:
 3552              	.L139:
2441:Drivers/STM32F1xx_HAL_Driver/Src/stm32f1xx_ll_usb.c ****     }
 3553              		.loc 1 2441 7 is_stmt 1 discriminator 8 view .LVU1216
2441:Drivers/STM32F1xx_HAL_Driver/Src/stm32f1xx_ll_usb.c ****     }
 3554              		.loc 1 2441 7 discriminator 8 view .LVU1217
 3555 0544 5108     		lsrs	r1, r2, #1
 3556              	.LVL409:
2441:Drivers/STM32F1xx_HAL_Driver/Src/stm32f1xx_ll_usb.c ****     }
 3557              		.loc 1 2441 7 view .LVU1218
2441:Drivers/STM32F1xx_HAL_Driver/Src/stm32f1xx_ll_usb.c ****     }
 3558              		.loc 1 2441 7 is_stmt 0 discriminator 8 view .LVU1219
 3559 0546 12F0010F 		tst	r2, #1
 3560 054a 00D0     		beq	.L140
2441:Drivers/STM32F1xx_HAL_Driver/Src/stm32f1xx_ll_usb.c ****     }
 3561              		.loc 1 2441 7 is_stmt 1 discriminator 10 view .LVU1220
 3562 054c 0131     		adds	r1, r1, #1
 3563              	.LVL410:
 3564              	.L140:
2441:Drivers/STM32F1xx_HAL_Driver/Src/stm32f1xx_ll_usb.c ****     }
 3565              		.loc 1 2441 7 discriminator 12 view .LVU1221
 3566 054e B3F80C24 		ldrh	r2, [r3, #1036]
 3567              	.LVL411:
2441:Drivers/STM32F1xx_HAL_Driver/Src/stm32f1xx_ll_usb.c ****     }
 3568              		.loc 1 2441 7 is_stmt 0 discriminator 12 view .LVU1222
 3569 0552 92B2     		uxth	r2, r2
 3570 0554 8902     		lsls	r1, r1, #10
 3571              	.LVL412:
2441:Drivers/STM32F1xx_HAL_Driver/Src/stm32f1xx_ll_usb.c ****     }
 3572              		.loc 1 2441 7 discriminator 12 view .LVU1223
ARM GAS  C:\Users\jc\AppData\Local\Temp\ccrYs75M.s 			page 125


 3573 0556 89B2     		uxth	r1, r1
 3574 0558 0A43     		orrs	r2, r2, r1
 3575 055a A3F80C24 		strh	r2, [r3, #1036]	@ movhi
 3576 055e 7FE5     		b	.L138
 3577              	.LVL413:
 3578              	.L133:
2441:Drivers/STM32F1xx_HAL_Driver/Src/stm32f1xx_ll_usb.c ****     }
 3579              		.loc 1 2441 7 discriminator 12 view .LVU1224
 3580              	.LBE68:
 3581              	.LBE103:
2448:Drivers/STM32F1xx_HAL_Driver/Src/stm32f1xx_ll_usb.c ****       {
 3582              		.loc 1 2448 7 is_stmt 1 view .LVU1225
2448:Drivers/STM32F1xx_HAL_Driver/Src/stm32f1xx_ll_usb.c ****       {
 3583              		.loc 1 2448 13 is_stmt 0 view .LVU1226
 3584 0560 CB78     		ldrb	r3, [r1, #3]	@ zero_extendqisi2
2448:Drivers/STM32F1xx_HAL_Driver/Src/stm32f1xx_ll_usb.c ****       {
 3585              		.loc 1 2448 10 view .LVU1227
 3586 0562 022B     		cmp	r3, #2
 3587 0564 4DD0     		beq	.L176
2467:Drivers/STM32F1xx_HAL_Driver/Src/stm32f1xx_ll_usb.c ****       {
 3588              		.loc 1 2467 12 is_stmt 1 view .LVU1228
2467:Drivers/STM32F1xx_HAL_Driver/Src/stm32f1xx_ll_usb.c ****       {
 3589              		.loc 1 2467 15 is_stmt 0 view .LVU1229
 3590 0566 012B     		cmp	r3, #1
 3591 0568 40F03381 		bne	.L167
2470:Drivers/STM32F1xx_HAL_Driver/Src/stm32f1xx_ll_usb.c ****         {
 3592              		.loc 1 2470 9 is_stmt 1 view .LVU1230
2470:Drivers/STM32F1xx_HAL_Driver/Src/stm32f1xx_ll_usb.c ****         {
 3593              		.loc 1 2470 15 is_stmt 0 view .LVU1231
 3594 056c 8969     		ldr	r1, [r1, #24]
 3595              	.LVL414:
2470:Drivers/STM32F1xx_HAL_Driver/Src/stm32f1xx_ll_usb.c ****         {
 3596              		.loc 1 2470 30 view .LVU1232
 3597 056e 2369     		ldr	r3, [r4, #16]
2470:Drivers/STM32F1xx_HAL_Driver/Src/stm32f1xx_ll_usb.c ****         {
 3598              		.loc 1 2470 12 view .LVU1233
 3599 0570 9942     		cmp	r1, r3
 3600 0572 40F2EA80 		bls	.L155
2472:Drivers/STM32F1xx_HAL_Driver/Src/stm32f1xx_ll_usb.c ****           ep->xfer_len -= len;
 3601              		.loc 1 2472 11 is_stmt 1 view .LVU1234
 3602              	.LVL415:
2473:Drivers/STM32F1xx_HAL_Driver/Src/stm32f1xx_ll_usb.c ****         }
 3603              		.loc 1 2473 11 view .LVU1235
2473:Drivers/STM32F1xx_HAL_Driver/Src/stm32f1xx_ll_usb.c ****         }
 3604              		.loc 1 2473 24 is_stmt 0 view .LVU1236
 3605 0576 C91A     		subs	r1, r1, r3
 3606 0578 A161     		str	r1, [r4, #24]
 3607              	.L156:
2480:Drivers/STM32F1xx_HAL_Driver/Src/stm32f1xx_ll_usb.c ****       }
 3608              		.loc 1 2480 9 is_stmt 1 view .LVU1237
2480:Drivers/STM32F1xx_HAL_Driver/Src/stm32f1xx_ll_usb.c ****       }
 3609              		.loc 1 2480 9 view .LVU1238
2480:Drivers/STM32F1xx_HAL_Driver/Src/stm32f1xx_ll_usb.c ****       }
 3610              		.loc 1 2480 9 view .LVU1239
 3611 057a F2B9     		cbnz	r2, .L157
2480:Drivers/STM32F1xx_HAL_Driver/Src/stm32f1xx_ll_usb.c ****       }
 3612              		.loc 1 2480 9 discriminator 1 view .LVU1240
ARM GAS  C:\Users\jc\AppData\Local\Temp\ccrYs75M.s 			page 126


 3613              	.LBB104:
2480:Drivers/STM32F1xx_HAL_Driver/Src/stm32f1xx_ll_usb.c ****       }
 3614              		.loc 1 2480 9 discriminator 1 view .LVU1241
 3615              	.LVL416:
2480:Drivers/STM32F1xx_HAL_Driver/Src/stm32f1xx_ll_usb.c ****       }
 3616              		.loc 1 2480 9 view .LVU1242
2480:Drivers/STM32F1xx_HAL_Driver/Src/stm32f1xx_ll_usb.c ****       }
 3617              		.loc 1 2480 9 view .LVU1243
2480:Drivers/STM32F1xx_HAL_Driver/Src/stm32f1xx_ll_usb.c ****       }
 3618              		.loc 1 2480 9 is_stmt 0 discriminator 1 view .LVU1244
 3619 057c B5F85020 		ldrh	r2, [r5, #80]
 3620 0580 92B2     		uxth	r2, r2
 3621 0582 2A44     		add	r2, r2, r5
 3622              	.LVL417:
2480:Drivers/STM32F1xx_HAL_Driver/Src/stm32f1xx_ll_usb.c ****       }
 3623              		.loc 1 2480 9 is_stmt 1 view .LVU1245
2480:Drivers/STM32F1xx_HAL_Driver/Src/stm32f1xx_ll_usb.c ****       }
 3624              		.loc 1 2480 9 is_stmt 0 discriminator 1 view .LVU1246
 3625 0584 2178     		ldrb	r1, [r4]	@ zero_extendqisi2
 3626 0586 02EB0112 		add	r2, r2, r1, lsl #4
 3627              	.LVL418:
2480:Drivers/STM32F1xx_HAL_Driver/Src/stm32f1xx_ll_usb.c ****       }
 3628              		.loc 1 2480 9 is_stmt 1 view .LVU1247
 3629              	.LBB105:
2480:Drivers/STM32F1xx_HAL_Driver/Src/stm32f1xx_ll_usb.c ****       }
 3630              		.loc 1 2480 9 view .LVU1248
2480:Drivers/STM32F1xx_HAL_Driver/Src/stm32f1xx_ll_usb.c ****       }
 3631              		.loc 1 2480 9 view .LVU1249
2480:Drivers/STM32F1xx_HAL_Driver/Src/stm32f1xx_ll_usb.c ****       }
 3632              		.loc 1 2480 9 is_stmt 0 discriminator 1 view .LVU1250
 3633 058a B2F80414 		ldrh	r1, [r2, #1028]
 3634 058e C1F30901 		ubfx	r1, r1, #0, #10
 3635 0592 A2F80414 		strh	r1, [r2, #1028]	@ movhi
2480:Drivers/STM32F1xx_HAL_Driver/Src/stm32f1xx_ll_usb.c ****       }
 3636              		.loc 1 2480 9 is_stmt 1 view .LVU1251
2480:Drivers/STM32F1xx_HAL_Driver/Src/stm32f1xx_ll_usb.c ****       }
 3637              		.loc 1 2480 9 is_stmt 0 discriminator 1 view .LVU1252
 3638 0596 3E2B     		cmp	r3, #62
 3639 0598 40F2DB80 		bls	.L158
2480:Drivers/STM32F1xx_HAL_Driver/Src/stm32f1xx_ll_usb.c ****       }
 3640              		.loc 1 2480 9 is_stmt 1 discriminator 3 view .LVU1253
2480:Drivers/STM32F1xx_HAL_Driver/Src/stm32f1xx_ll_usb.c ****       }
 3641              		.loc 1 2480 9 discriminator 3 view .LVU1254
 3642 059c 5809     		lsrs	r0, r3, #5
 3643              	.LVL419:
2480:Drivers/STM32F1xx_HAL_Driver/Src/stm32f1xx_ll_usb.c ****       }
 3644              		.loc 1 2480 9 view .LVU1255
2480:Drivers/STM32F1xx_HAL_Driver/Src/stm32f1xx_ll_usb.c ****       }
 3645              		.loc 1 2480 9 is_stmt 0 discriminator 3 view .LVU1256
 3646 059e 13F01F0F 		tst	r3, #31
 3647 05a2 00D1     		bne	.L159
2480:Drivers/STM32F1xx_HAL_Driver/Src/stm32f1xx_ll_usb.c ****       }
 3648              		.loc 1 2480 9 is_stmt 1 discriminator 5 view .LVU1257
 3649 05a4 0138     		subs	r0, r0, #1
 3650              	.LVL420:
 3651              	.L159:
2480:Drivers/STM32F1xx_HAL_Driver/Src/stm32f1xx_ll_usb.c ****       }
ARM GAS  C:\Users\jc\AppData\Local\Temp\ccrYs75M.s 			page 127


 3652              		.loc 1 2480 9 discriminator 7 view .LVU1258
 3653 05a6 B2F80414 		ldrh	r1, [r2, #1028]
 3654 05aa 89B2     		uxth	r1, r1
 3655 05ac 8002     		lsls	r0, r0, #10
 3656              	.LVL421:
2480:Drivers/STM32F1xx_HAL_Driver/Src/stm32f1xx_ll_usb.c ****       }
 3657              		.loc 1 2480 9 is_stmt 0 discriminator 7 view .LVU1259
 3658 05ae 80B2     		uxth	r0, r0
 3659 05b0 0143     		orrs	r1, r1, r0
 3660 05b2 41F40041 		orr	r1, r1, #32768
 3661 05b6 A2F80414 		strh	r1, [r2, #1028]	@ movhi
2480:Drivers/STM32F1xx_HAL_Driver/Src/stm32f1xx_ll_usb.c ****       }
 3662              		.loc 1 2480 9 is_stmt 1 view .LVU1260
 3663              	.LVL422:
 3664              	.L157:
2480:Drivers/STM32F1xx_HAL_Driver/Src/stm32f1xx_ll_usb.c ****       }
 3665              		.loc 1 2480 9 is_stmt 0 view .LVU1261
 3666              	.LBE105:
 3667              	.LBE104:
2480:Drivers/STM32F1xx_HAL_Driver/Src/stm32f1xx_ll_usb.c ****       }
 3668              		.loc 1 2480 9 is_stmt 1 discriminator 18 view .LVU1262
2480:Drivers/STM32F1xx_HAL_Driver/Src/stm32f1xx_ll_usb.c ****       }
 3669              		.loc 1 2480 9 discriminator 18 view .LVU1263
2480:Drivers/STM32F1xx_HAL_Driver/Src/stm32f1xx_ll_usb.c ****       }
 3670              		.loc 1 2480 9 discriminator 18 view .LVU1264
 3671              	.LBB107:
2480:Drivers/STM32F1xx_HAL_Driver/Src/stm32f1xx_ll_usb.c ****       }
 3672              		.loc 1 2480 9 discriminator 18 view .LVU1265
2480:Drivers/STM32F1xx_HAL_Driver/Src/stm32f1xx_ll_usb.c ****       }
 3673              		.loc 1 2480 9 view .LVU1266
2480:Drivers/STM32F1xx_HAL_Driver/Src/stm32f1xx_ll_usb.c ****       }
 3674              		.loc 1 2480 9 view .LVU1267
2480:Drivers/STM32F1xx_HAL_Driver/Src/stm32f1xx_ll_usb.c ****       }
 3675              		.loc 1 2480 9 is_stmt 0 discriminator 18 view .LVU1268
 3676 05ba 6278     		ldrb	r2, [r4, #1]	@ zero_extendqisi2
 3677 05bc 002A     		cmp	r2, #0
 3678 05be 40F0FA80 		bne	.L162
2480:Drivers/STM32F1xx_HAL_Driver/Src/stm32f1xx_ll_usb.c ****       }
 3679              		.loc 1 2480 9 is_stmt 1 discriminator 19 view .LVU1269
 3680              	.LBB108:
2480:Drivers/STM32F1xx_HAL_Driver/Src/stm32f1xx_ll_usb.c ****       }
 3681              		.loc 1 2480 9 discriminator 19 view .LVU1270
 3682              	.LVL423:
2480:Drivers/STM32F1xx_HAL_Driver/Src/stm32f1xx_ll_usb.c ****       }
 3683              		.loc 1 2480 9 view .LVU1271
2480:Drivers/STM32F1xx_HAL_Driver/Src/stm32f1xx_ll_usb.c ****       }
 3684              		.loc 1 2480 9 view .LVU1272
2480:Drivers/STM32F1xx_HAL_Driver/Src/stm32f1xx_ll_usb.c ****       }
 3685              		.loc 1 2480 9 is_stmt 0 discriminator 19 view .LVU1273
 3686 05c2 B5F85020 		ldrh	r2, [r5, #80]
 3687 05c6 92B2     		uxth	r2, r2
 3688 05c8 2A44     		add	r2, r2, r5
 3689              	.LVL424:
2480:Drivers/STM32F1xx_HAL_Driver/Src/stm32f1xx_ll_usb.c ****       }
 3690              		.loc 1 2480 9 is_stmt 1 view .LVU1274
2480:Drivers/STM32F1xx_HAL_Driver/Src/stm32f1xx_ll_usb.c ****       }
 3691              		.loc 1 2480 9 is_stmt 0 discriminator 19 view .LVU1275
ARM GAS  C:\Users\jc\AppData\Local\Temp\ccrYs75M.s 			page 128


 3692 05ca 2178     		ldrb	r1, [r4]	@ zero_extendqisi2
 3693 05cc 02EB0112 		add	r2, r2, r1, lsl #4
 3694              	.LVL425:
2480:Drivers/STM32F1xx_HAL_Driver/Src/stm32f1xx_ll_usb.c ****       }
 3695              		.loc 1 2480 9 is_stmt 1 view .LVU1276
 3696              	.LBB109:
2480:Drivers/STM32F1xx_HAL_Driver/Src/stm32f1xx_ll_usb.c ****       }
 3697              		.loc 1 2480 9 view .LVU1277
2480:Drivers/STM32F1xx_HAL_Driver/Src/stm32f1xx_ll_usb.c ****       }
 3698              		.loc 1 2480 9 view .LVU1278
2480:Drivers/STM32F1xx_HAL_Driver/Src/stm32f1xx_ll_usb.c ****       }
 3699              		.loc 1 2480 9 is_stmt 0 discriminator 19 view .LVU1279
 3700 05d0 B2F80C14 		ldrh	r1, [r2, #1036]
 3701 05d4 C1F30901 		ubfx	r1, r1, #0, #10
 3702 05d8 A2F80C14 		strh	r1, [r2, #1036]	@ movhi
2480:Drivers/STM32F1xx_HAL_Driver/Src/stm32f1xx_ll_usb.c ****       }
 3703              		.loc 1 2480 9 is_stmt 1 view .LVU1280
2480:Drivers/STM32F1xx_HAL_Driver/Src/stm32f1xx_ll_usb.c ****       }
 3704              		.loc 1 2480 9 is_stmt 0 discriminator 19 view .LVU1281
 3705 05dc 3E2B     		cmp	r3, #62
 3706 05de 40F2D180 		bls	.L163
2480:Drivers/STM32F1xx_HAL_Driver/Src/stm32f1xx_ll_usb.c ****       }
 3707              		.loc 1 2480 9 is_stmt 1 discriminator 21 view .LVU1282
2480:Drivers/STM32F1xx_HAL_Driver/Src/stm32f1xx_ll_usb.c ****       }
 3708              		.loc 1 2480 9 discriminator 21 view .LVU1283
 3709 05e2 5909     		lsrs	r1, r3, #5
 3710              	.LVL426:
2480:Drivers/STM32F1xx_HAL_Driver/Src/stm32f1xx_ll_usb.c ****       }
 3711              		.loc 1 2480 9 view .LVU1284
2480:Drivers/STM32F1xx_HAL_Driver/Src/stm32f1xx_ll_usb.c ****       }
 3712              		.loc 1 2480 9 is_stmt 0 discriminator 21 view .LVU1285
 3713 05e4 13F01F0F 		tst	r3, #31
 3714 05e8 00D1     		bne	.L164
2480:Drivers/STM32F1xx_HAL_Driver/Src/stm32f1xx_ll_usb.c ****       }
 3715              		.loc 1 2480 9 is_stmt 1 discriminator 23 view .LVU1286
 3716 05ea 0139     		subs	r1, r1, #1
 3717              	.LVL427:
 3718              	.L164:
2480:Drivers/STM32F1xx_HAL_Driver/Src/stm32f1xx_ll_usb.c ****       }
 3719              		.loc 1 2480 9 discriminator 25 view .LVU1287
 3720 05ec B2F80C34 		ldrh	r3, [r2, #1036]
 3721              	.LVL428:
2480:Drivers/STM32F1xx_HAL_Driver/Src/stm32f1xx_ll_usb.c ****       }
 3722              		.loc 1 2480 9 is_stmt 0 discriminator 25 view .LVU1288
 3723 05f0 9BB2     		uxth	r3, r3
 3724 05f2 8902     		lsls	r1, r1, #10
 3725              	.LVL429:
2480:Drivers/STM32F1xx_HAL_Driver/Src/stm32f1xx_ll_usb.c ****       }
 3726              		.loc 1 2480 9 discriminator 25 view .LVU1289
 3727 05f4 89B2     		uxth	r1, r1
 3728 05f6 0B43     		orrs	r3, r3, r1
 3729 05f8 43F40043 		orr	r3, r3, #32768
 3730 05fc A2F80C34 		strh	r3, [r2, #1036]	@ movhi
2480:Drivers/STM32F1xx_HAL_Driver/Src/stm32f1xx_ll_usb.c ****       }
 3731              		.loc 1 2480 9 is_stmt 1 view .LVU1290
 3732 0600 2EE5     		b	.L138
 3733              	.LVL430:
ARM GAS  C:\Users\jc\AppData\Local\Temp\ccrYs75M.s 			page 129


 3734              	.L176:
2480:Drivers/STM32F1xx_HAL_Driver/Src/stm32f1xx_ll_usb.c ****       }
 3735              		.loc 1 2480 9 is_stmt 0 view .LVU1291
 3736              	.LBE109:
 3737              	.LBE108:
 3738              	.LBE107:
2450:Drivers/STM32F1xx_HAL_Driver/Src/stm32f1xx_ll_usb.c **** 
 3739              		.loc 1 2450 9 is_stmt 1 view .LVU1292
2450:Drivers/STM32F1xx_HAL_Driver/Src/stm32f1xx_ll_usb.c **** 
 3740              		.loc 1 2450 9 view .LVU1293
2450:Drivers/STM32F1xx_HAL_Driver/Src/stm32f1xx_ll_usb.c **** 
 3741              		.loc 1 2450 9 view .LVU1294
 3742 0602 F2B9     		cbnz	r2, .L142
2450:Drivers/STM32F1xx_HAL_Driver/Src/stm32f1xx_ll_usb.c **** 
 3743              		.loc 1 2450 9 discriminator 1 view .LVU1295
 3744              	.LBB112:
2450:Drivers/STM32F1xx_HAL_Driver/Src/stm32f1xx_ll_usb.c **** 
 3745              		.loc 1 2450 9 discriminator 1 view .LVU1296
 3746              	.LVL431:
2450:Drivers/STM32F1xx_HAL_Driver/Src/stm32f1xx_ll_usb.c **** 
 3747              		.loc 1 2450 9 view .LVU1297
2450:Drivers/STM32F1xx_HAL_Driver/Src/stm32f1xx_ll_usb.c **** 
 3748              		.loc 1 2450 9 view .LVU1298
2450:Drivers/STM32F1xx_HAL_Driver/Src/stm32f1xx_ll_usb.c **** 
 3749              		.loc 1 2450 9 is_stmt 0 discriminator 1 view .LVU1299
 3750 0604 B0F85030 		ldrh	r3, [r0, #80]
 3751 0608 9BB2     		uxth	r3, r3
 3752 060a 0344     		add	r3, r3, r0
 3753              	.LVL432:
2450:Drivers/STM32F1xx_HAL_Driver/Src/stm32f1xx_ll_usb.c **** 
 3754              		.loc 1 2450 9 is_stmt 1 view .LVU1300
2450:Drivers/STM32F1xx_HAL_Driver/Src/stm32f1xx_ll_usb.c **** 
 3755              		.loc 1 2450 9 is_stmt 0 discriminator 1 view .LVU1301
 3756 060c 0A78     		ldrb	r2, [r1]	@ zero_extendqisi2
 3757 060e 03EB0213 		add	r3, r3, r2, lsl #4
 3758              	.LVL433:
2450:Drivers/STM32F1xx_HAL_Driver/Src/stm32f1xx_ll_usb.c **** 
 3759              		.loc 1 2450 9 is_stmt 1 view .LVU1302
 3760              	.LBB113:
2450:Drivers/STM32F1xx_HAL_Driver/Src/stm32f1xx_ll_usb.c **** 
 3761              		.loc 1 2450 9 view .LVU1303
2450:Drivers/STM32F1xx_HAL_Driver/Src/stm32f1xx_ll_usb.c **** 
 3762              		.loc 1 2450 9 view .LVU1304
2450:Drivers/STM32F1xx_HAL_Driver/Src/stm32f1xx_ll_usb.c **** 
 3763              		.loc 1 2450 9 is_stmt 0 discriminator 1 view .LVU1305
 3764 0612 B3F80424 		ldrh	r2, [r3, #1028]
 3765 0616 C2F30902 		ubfx	r2, r2, #0, #10
 3766 061a A3F80424 		strh	r2, [r3, #1028]	@ movhi
2450:Drivers/STM32F1xx_HAL_Driver/Src/stm32f1xx_ll_usb.c **** 
 3767              		.loc 1 2450 9 is_stmt 1 view .LVU1306
2450:Drivers/STM32F1xx_HAL_Driver/Src/stm32f1xx_ll_usb.c **** 
 3768              		.loc 1 2450 9 is_stmt 0 discriminator 1 view .LVU1307
 3769 061e 0A69     		ldr	r2, [r1, #16]
 3770 0620 3E2A     		cmp	r2, #62
 3771 0622 31D9     		bls	.L143
2450:Drivers/STM32F1xx_HAL_Driver/Src/stm32f1xx_ll_usb.c **** 
 3772              		.loc 1 2450 9 is_stmt 1 discriminator 3 view .LVU1308
ARM GAS  C:\Users\jc\AppData\Local\Temp\ccrYs75M.s 			page 130


2450:Drivers/STM32F1xx_HAL_Driver/Src/stm32f1xx_ll_usb.c **** 
 3773              		.loc 1 2450 9 discriminator 3 view .LVU1309
 3774 0624 5109     		lsrs	r1, r2, #5
 3775              	.LVL434:
2450:Drivers/STM32F1xx_HAL_Driver/Src/stm32f1xx_ll_usb.c **** 
 3776              		.loc 1 2450 9 view .LVU1310
2450:Drivers/STM32F1xx_HAL_Driver/Src/stm32f1xx_ll_usb.c **** 
 3777              		.loc 1 2450 9 is_stmt 0 discriminator 3 view .LVU1311
 3778 0626 12F01F0F 		tst	r2, #31
 3779 062a 00D1     		bne	.L144
2450:Drivers/STM32F1xx_HAL_Driver/Src/stm32f1xx_ll_usb.c **** 
 3780              		.loc 1 2450 9 is_stmt 1 discriminator 5 view .LVU1312
 3781 062c 0139     		subs	r1, r1, #1
 3782              	.LVL435:
 3783              	.L144:
2450:Drivers/STM32F1xx_HAL_Driver/Src/stm32f1xx_ll_usb.c **** 
 3784              		.loc 1 2450 9 discriminator 7 view .LVU1313
 3785 062e B3F80424 		ldrh	r2, [r3, #1028]
 3786 0632 92B2     		uxth	r2, r2
 3787 0634 8902     		lsls	r1, r1, #10
 3788              	.LVL436:
2450:Drivers/STM32F1xx_HAL_Driver/Src/stm32f1xx_ll_usb.c **** 
 3789              		.loc 1 2450 9 is_stmt 0 discriminator 7 view .LVU1314
 3790 0636 89B2     		uxth	r1, r1
 3791 0638 0A43     		orrs	r2, r2, r1
 3792 063a 42F40042 		orr	r2, r2, #32768
 3793 063e A3F80424 		strh	r2, [r3, #1028]	@ movhi
2450:Drivers/STM32F1xx_HAL_Driver/Src/stm32f1xx_ll_usb.c **** 
 3794              		.loc 1 2450 9 is_stmt 1 view .LVU1315
 3795              	.LVL437:
 3796              	.L142:
2450:Drivers/STM32F1xx_HAL_Driver/Src/stm32f1xx_ll_usb.c **** 
 3797              		.loc 1 2450 9 is_stmt 0 view .LVU1316
 3798              	.LBE113:
 3799              	.LBE112:
2450:Drivers/STM32F1xx_HAL_Driver/Src/stm32f1xx_ll_usb.c **** 
 3800              		.loc 1 2450 9 is_stmt 1 discriminator 18 view .LVU1317
2450:Drivers/STM32F1xx_HAL_Driver/Src/stm32f1xx_ll_usb.c **** 
 3801              		.loc 1 2450 9 discriminator 18 view .LVU1318
2450:Drivers/STM32F1xx_HAL_Driver/Src/stm32f1xx_ll_usb.c **** 
 3802              		.loc 1 2450 9 discriminator 18 view .LVU1319
 3803              	.LBB115:
2450:Drivers/STM32F1xx_HAL_Driver/Src/stm32f1xx_ll_usb.c **** 
 3804              		.loc 1 2450 9 discriminator 18 view .LVU1320
2450:Drivers/STM32F1xx_HAL_Driver/Src/stm32f1xx_ll_usb.c **** 
 3805              		.loc 1 2450 9 view .LVU1321
2450:Drivers/STM32F1xx_HAL_Driver/Src/stm32f1xx_ll_usb.c **** 
 3806              		.loc 1 2450 9 view .LVU1322
2450:Drivers/STM32F1xx_HAL_Driver/Src/stm32f1xx_ll_usb.c **** 
 3807              		.loc 1 2450 9 is_stmt 0 discriminator 18 view .LVU1323
 3808 0642 6378     		ldrb	r3, [r4, #1]	@ zero_extendqisi2
 3809 0644 002B     		cmp	r3, #0
 3810 0646 51D1     		bne	.L147
2450:Drivers/STM32F1xx_HAL_Driver/Src/stm32f1xx_ll_usb.c **** 
 3811              		.loc 1 2450 9 is_stmt 1 discriminator 19 view .LVU1324
 3812              	.LBB116:
2450:Drivers/STM32F1xx_HAL_Driver/Src/stm32f1xx_ll_usb.c **** 
ARM GAS  C:\Users\jc\AppData\Local\Temp\ccrYs75M.s 			page 131


 3813              		.loc 1 2450 9 discriminator 19 view .LVU1325
 3814              	.LVL438:
2450:Drivers/STM32F1xx_HAL_Driver/Src/stm32f1xx_ll_usb.c **** 
 3815              		.loc 1 2450 9 view .LVU1326
2450:Drivers/STM32F1xx_HAL_Driver/Src/stm32f1xx_ll_usb.c **** 
 3816              		.loc 1 2450 9 view .LVU1327
2450:Drivers/STM32F1xx_HAL_Driver/Src/stm32f1xx_ll_usb.c **** 
 3817              		.loc 1 2450 9 is_stmt 0 discriminator 19 view .LVU1328
 3818 0648 B5F85030 		ldrh	r3, [r5, #80]
 3819 064c 9BB2     		uxth	r3, r3
 3820 064e 2B44     		add	r3, r3, r5
 3821              	.LVL439:
2450:Drivers/STM32F1xx_HAL_Driver/Src/stm32f1xx_ll_usb.c **** 
 3822              		.loc 1 2450 9 is_stmt 1 view .LVU1329
2450:Drivers/STM32F1xx_HAL_Driver/Src/stm32f1xx_ll_usb.c **** 
 3823              		.loc 1 2450 9 is_stmt 0 discriminator 19 view .LVU1330
 3824 0650 2278     		ldrb	r2, [r4]	@ zero_extendqisi2
 3825 0652 03EB0213 		add	r3, r3, r2, lsl #4
 3826              	.LVL440:
2450:Drivers/STM32F1xx_HAL_Driver/Src/stm32f1xx_ll_usb.c **** 
 3827              		.loc 1 2450 9 is_stmt 1 view .LVU1331
 3828              	.LBB117:
2450:Drivers/STM32F1xx_HAL_Driver/Src/stm32f1xx_ll_usb.c **** 
 3829              		.loc 1 2450 9 view .LVU1332
2450:Drivers/STM32F1xx_HAL_Driver/Src/stm32f1xx_ll_usb.c **** 
 3830              		.loc 1 2450 9 view .LVU1333
2450:Drivers/STM32F1xx_HAL_Driver/Src/stm32f1xx_ll_usb.c **** 
 3831              		.loc 1 2450 9 is_stmt 0 discriminator 19 view .LVU1334
 3832 0656 B3F80C24 		ldrh	r2, [r3, #1036]
 3833 065a C2F30902 		ubfx	r2, r2, #0, #10
 3834 065e A3F80C24 		strh	r2, [r3, #1036]	@ movhi
2450:Drivers/STM32F1xx_HAL_Driver/Src/stm32f1xx_ll_usb.c **** 
 3835              		.loc 1 2450 9 is_stmt 1 view .LVU1335
2450:Drivers/STM32F1xx_HAL_Driver/Src/stm32f1xx_ll_usb.c **** 
 3836              		.loc 1 2450 9 is_stmt 0 discriminator 19 view .LVU1336
 3837 0662 2269     		ldr	r2, [r4, #16]
 3838 0664 3E2A     		cmp	r2, #62
 3839 0666 28D9     		bls	.L148
2450:Drivers/STM32F1xx_HAL_Driver/Src/stm32f1xx_ll_usb.c **** 
 3840              		.loc 1 2450 9 is_stmt 1 discriminator 21 view .LVU1337
2450:Drivers/STM32F1xx_HAL_Driver/Src/stm32f1xx_ll_usb.c **** 
 3841              		.loc 1 2450 9 discriminator 21 view .LVU1338
 3842 0668 5109     		lsrs	r1, r2, #5
 3843              	.LVL441:
2450:Drivers/STM32F1xx_HAL_Driver/Src/stm32f1xx_ll_usb.c **** 
 3844              		.loc 1 2450 9 view .LVU1339
2450:Drivers/STM32F1xx_HAL_Driver/Src/stm32f1xx_ll_usb.c **** 
 3845              		.loc 1 2450 9 is_stmt 0 discriminator 21 view .LVU1340
 3846 066a 12F01F0F 		tst	r2, #31
 3847 066e 00D1     		bne	.L149
2450:Drivers/STM32F1xx_HAL_Driver/Src/stm32f1xx_ll_usb.c **** 
 3848              		.loc 1 2450 9 is_stmt 1 discriminator 23 view .LVU1341
 3849 0670 0139     		subs	r1, r1, #1
 3850              	.LVL442:
 3851              	.L149:
2450:Drivers/STM32F1xx_HAL_Driver/Src/stm32f1xx_ll_usb.c **** 
 3852              		.loc 1 2450 9 discriminator 25 view .LVU1342
ARM GAS  C:\Users\jc\AppData\Local\Temp\ccrYs75M.s 			page 132


 3853 0672 B3F80C24 		ldrh	r2, [r3, #1036]
 3854 0676 92B2     		uxth	r2, r2
 3855 0678 8902     		lsls	r1, r1, #10
 3856              	.LVL443:
2450:Drivers/STM32F1xx_HAL_Driver/Src/stm32f1xx_ll_usb.c **** 
 3857              		.loc 1 2450 9 is_stmt 0 discriminator 25 view .LVU1343
 3858 067a 89B2     		uxth	r1, r1
 3859 067c 0A43     		orrs	r2, r2, r1
 3860 067e 42F40042 		orr	r2, r2, #32768
 3861 0682 A3F80C24 		strh	r2, [r3, #1036]	@ movhi
2450:Drivers/STM32F1xx_HAL_Driver/Src/stm32f1xx_ll_usb.c **** 
 3862              		.loc 1 2450 9 is_stmt 1 view .LVU1344
 3863 0686 33E0     		b	.L150
 3864              	.LVL444:
 3865              	.L143:
2450:Drivers/STM32F1xx_HAL_Driver/Src/stm32f1xx_ll_usb.c **** 
 3866              		.loc 1 2450 9 is_stmt 0 view .LVU1345
 3867              	.LBE117:
 3868              	.LBE116:
 3869              	.LBE115:
 3870              	.LBB120:
 3871              	.LBB114:
2450:Drivers/STM32F1xx_HAL_Driver/Src/stm32f1xx_ll_usb.c **** 
 3872              		.loc 1 2450 9 is_stmt 1 discriminator 4 view .LVU1346
 3873 0688 4AB9     		cbnz	r2, .L145
2450:Drivers/STM32F1xx_HAL_Driver/Src/stm32f1xx_ll_usb.c **** 
 3874              		.loc 1 2450 9 discriminator 9 view .LVU1347
 3875 068a B3F80424 		ldrh	r2, [r3, #1028]
 3876 068e 6FEA4242 		mvn	r2, r2, lsl #17
 3877 0692 6FEA5242 		mvn	r2, r2, lsr #17
 3878 0696 92B2     		uxth	r2, r2
 3879 0698 A3F80424 		strh	r2, [r3, #1028]	@ movhi
 3880 069c D1E7     		b	.L142
 3881              	.L145:
2450:Drivers/STM32F1xx_HAL_Driver/Src/stm32f1xx_ll_usb.c **** 
 3882              		.loc 1 2450 9 discriminator 10 view .LVU1348
2450:Drivers/STM32F1xx_HAL_Driver/Src/stm32f1xx_ll_usb.c **** 
 3883              		.loc 1 2450 9 discriminator 10 view .LVU1349
 3884 069e 5108     		lsrs	r1, r2, #1
 3885              	.LVL445:
2450:Drivers/STM32F1xx_HAL_Driver/Src/stm32f1xx_ll_usb.c **** 
 3886              		.loc 1 2450 9 view .LVU1350
2450:Drivers/STM32F1xx_HAL_Driver/Src/stm32f1xx_ll_usb.c **** 
 3887              		.loc 1 2450 9 is_stmt 0 discriminator 10 view .LVU1351
 3888 06a0 12F0010F 		tst	r2, #1
 3889 06a4 00D0     		beq	.L146
2450:Drivers/STM32F1xx_HAL_Driver/Src/stm32f1xx_ll_usb.c **** 
 3890              		.loc 1 2450 9 is_stmt 1 discriminator 12 view .LVU1352
 3891 06a6 0131     		adds	r1, r1, #1
 3892              	.LVL446:
 3893              	.L146:
2450:Drivers/STM32F1xx_HAL_Driver/Src/stm32f1xx_ll_usb.c **** 
 3894              		.loc 1 2450 9 discriminator 14 view .LVU1353
 3895 06a8 B3F80424 		ldrh	r2, [r3, #1028]
 3896 06ac 90B2     		uxth	r0, r2
 3897              	.LVL447:
2450:Drivers/STM32F1xx_HAL_Driver/Src/stm32f1xx_ll_usb.c **** 
ARM GAS  C:\Users\jc\AppData\Local\Temp\ccrYs75M.s 			page 133


 3898              		.loc 1 2450 9 is_stmt 0 discriminator 14 view .LVU1354
 3899 06ae 8A02     		lsls	r2, r1, #10
 3900 06b0 92B2     		uxth	r2, r2
 3901 06b2 0243     		orrs	r2, r2, r0
 3902 06b4 A3F80424 		strh	r2, [r3, #1028]	@ movhi
 3903 06b8 C3E7     		b	.L142
 3904              	.LVL448:
 3905              	.L148:
2450:Drivers/STM32F1xx_HAL_Driver/Src/stm32f1xx_ll_usb.c **** 
 3906              		.loc 1 2450 9 discriminator 14 view .LVU1355
 3907              	.LBE114:
 3908              	.LBE120:
 3909              	.LBB121:
 3910              	.LBB119:
 3911              	.LBB118:
2450:Drivers/STM32F1xx_HAL_Driver/Src/stm32f1xx_ll_usb.c **** 
 3912              		.loc 1 2450 9 is_stmt 1 discriminator 22 view .LVU1356
 3913 06ba 4AB9     		cbnz	r2, .L151
2450:Drivers/STM32F1xx_HAL_Driver/Src/stm32f1xx_ll_usb.c **** 
 3914              		.loc 1 2450 9 discriminator 27 view .LVU1357
 3915 06bc B3F80C24 		ldrh	r2, [r3, #1036]
 3916 06c0 6FEA4242 		mvn	r2, r2, lsl #17
 3917 06c4 6FEA5242 		mvn	r2, r2, lsr #17
 3918 06c8 92B2     		uxth	r2, r2
 3919 06ca A3F80C24 		strh	r2, [r3, #1036]	@ movhi
 3920 06ce 0FE0     		b	.L150
 3921              	.L151:
2450:Drivers/STM32F1xx_HAL_Driver/Src/stm32f1xx_ll_usb.c **** 
 3922              		.loc 1 2450 9 discriminator 28 view .LVU1358
2450:Drivers/STM32F1xx_HAL_Driver/Src/stm32f1xx_ll_usb.c **** 
 3923              		.loc 1 2450 9 discriminator 28 view .LVU1359
 3924 06d0 5108     		lsrs	r1, r2, #1
 3925              	.LVL449:
2450:Drivers/STM32F1xx_HAL_Driver/Src/stm32f1xx_ll_usb.c **** 
 3926              		.loc 1 2450 9 view .LVU1360
2450:Drivers/STM32F1xx_HAL_Driver/Src/stm32f1xx_ll_usb.c **** 
 3927              		.loc 1 2450 9 is_stmt 0 discriminator 28 view .LVU1361
 3928 06d2 12F0010F 		tst	r2, #1
 3929 06d6 00D0     		beq	.L152
2450:Drivers/STM32F1xx_HAL_Driver/Src/stm32f1xx_ll_usb.c **** 
 3930              		.loc 1 2450 9 is_stmt 1 discriminator 30 view .LVU1362
 3931 06d8 0131     		adds	r1, r1, #1
 3932              	.LVL450:
 3933              	.L152:
2450:Drivers/STM32F1xx_HAL_Driver/Src/stm32f1xx_ll_usb.c **** 
 3934              		.loc 1 2450 9 discriminator 32 view .LVU1363
 3935 06da B3F80C24 		ldrh	r2, [r3, #1036]
 3936 06de 90B2     		uxth	r0, r2
 3937 06e0 8A02     		lsls	r2, r1, #10
 3938 06e2 92B2     		uxth	r2, r2
 3939 06e4 0243     		orrs	r2, r2, r0
 3940 06e6 A3F80C24 		strh	r2, [r3, #1036]	@ movhi
 3941 06ea 01E0     		b	.L150
 3942              	.LVL451:
 3943              	.L147:
2450:Drivers/STM32F1xx_HAL_Driver/Src/stm32f1xx_ll_usb.c **** 
 3944              		.loc 1 2450 9 is_stmt 0 discriminator 32 view .LVU1364
ARM GAS  C:\Users\jc\AppData\Local\Temp\ccrYs75M.s 			page 134


 3945              	.LBE118:
 3946              	.LBE119:
2450:Drivers/STM32F1xx_HAL_Driver/Src/stm32f1xx_ll_usb.c **** 
 3947              		.loc 1 2450 9 is_stmt 1 discriminator 20 view .LVU1365
 3948 06ec 012B     		cmp	r3, #1
 3949 06ee 1CD0     		beq	.L177
 3950              	.LVL452:
 3951              	.L150:
2450:Drivers/STM32F1xx_HAL_Driver/Src/stm32f1xx_ll_usb.c **** 
 3952              		.loc 1 2450 9 is_stmt 0 discriminator 20 view .LVU1366
 3953              	.LBE121:
2450:Drivers/STM32F1xx_HAL_Driver/Src/stm32f1xx_ll_usb.c **** 
 3954              		.loc 1 2450 9 is_stmt 1 discriminator 36 view .LVU1367
2450:Drivers/STM32F1xx_HAL_Driver/Src/stm32f1xx_ll_usb.c **** 
 3955              		.loc 1 2450 9 discriminator 36 view .LVU1368
2453:Drivers/STM32F1xx_HAL_Driver/Src/stm32f1xx_ll_usb.c ****         {
 3956              		.loc 1 2453 9 view .LVU1369
2453:Drivers/STM32F1xx_HAL_Driver/Src/stm32f1xx_ll_usb.c ****         {
 3957              		.loc 1 2453 15 is_stmt 0 view .LVU1370
 3958 06f0 E369     		ldr	r3, [r4, #28]
2453:Drivers/STM32F1xx_HAL_Driver/Src/stm32f1xx_ll_usb.c ****         {
 3959              		.loc 1 2453 12 view .LVU1371
 3960 06f2 002B     		cmp	r3, #0
 3961 06f4 3FF4B4AC 		beq	.L138
2456:Drivers/STM32F1xx_HAL_Driver/Src/stm32f1xx_ll_usb.c **** 
 3962              		.loc 1 2456 11 is_stmt 1 view .LVU1372
2456:Drivers/STM32F1xx_HAL_Driver/Src/stm32f1xx_ll_usb.c **** 
 3963              		.loc 1 2456 20 is_stmt 0 view .LVU1373
 3964 06f8 2278     		ldrb	r2, [r4]	@ zero_extendqisi2
2456:Drivers/STM32F1xx_HAL_Driver/Src/stm32f1xx_ll_usb.c **** 
 3965              		.loc 1 2456 18 view .LVU1374
 3966 06fa 35F82230 		ldrh	r3, [r5, r2, lsl #2]
 3967 06fe 99B2     		uxth	r1, r3
 3968              	.LVL453:
2459:Drivers/STM32F1xx_HAL_Driver/Src/stm32f1xx_ll_usb.c ****               (((wEPVal & USB_EP_DTOG_RX) == 0U) && ((wEPVal & USB_EP_DTOG_TX) == 0U)))
 3969              		.loc 1 2459 11 is_stmt 1 view .LVU1375
2459:Drivers/STM32F1xx_HAL_Driver/Src/stm32f1xx_ll_usb.c ****               (((wEPVal & USB_EP_DTOG_RX) == 0U) && ((wEPVal & USB_EP_DTOG_TX) == 0U)))
 3970              		.loc 1 2459 14 is_stmt 0 view .LVU1376
 3971 0700 13F4804F 		tst	r3, #16384
 3972 0704 1CD0     		beq	.L153
2459:Drivers/STM32F1xx_HAL_Driver/Src/stm32f1xx_ll_usb.c ****               (((wEPVal & USB_EP_DTOG_RX) == 0U) && ((wEPVal & USB_EP_DTOG_TX) == 0U)))
 3973              		.loc 1 2459 50 discriminator 1 view .LVU1377
 3974 0706 11F0400F 		tst	r1, #64
 3975 070a 3FF4A9AC 		beq	.L138
 3976              	.L154:
2462:Drivers/STM32F1xx_HAL_Driver/Src/stm32f1xx_ll_usb.c ****           }
 3977              		.loc 1 2462 13 is_stmt 1 view .LVU1378
2462:Drivers/STM32F1xx_HAL_Driver/Src/stm32f1xx_ll_usb.c ****           }
 3978              		.loc 1 2462 13 view .LVU1379
2462:Drivers/STM32F1xx_HAL_Driver/Src/stm32f1xx_ll_usb.c ****           }
 3979              		.loc 1 2462 13 discriminator 1 view .LVU1380
 3980              	.LBB122:
2462:Drivers/STM32F1xx_HAL_Driver/Src/stm32f1xx_ll_usb.c ****           }
 3981              		.loc 1 2462 13 discriminator 1 view .LVU1381
2462:Drivers/STM32F1xx_HAL_Driver/Src/stm32f1xx_ll_usb.c ****           }
 3982              		.loc 1 2462 13 discriminator 1 view .LVU1382
 3983 070e 35F82230 		ldrh	r3, [r5, r2, lsl #2]
ARM GAS  C:\Users\jc\AppData\Local\Temp\ccrYs75M.s 			page 135


 3984 0712 9BB2     		uxth	r3, r3
 3985 0714 23F4E043 		bic	r3, r3, #28672
 3986 0718 23F07003 		bic	r3, r3, #112
 3987              	.LVL454:
2462:Drivers/STM32F1xx_HAL_Driver/Src/stm32f1xx_ll_usb.c ****           }
 3988              		.loc 1 2462 13 view .LVU1383
2462:Drivers/STM32F1xx_HAL_Driver/Src/stm32f1xx_ll_usb.c ****           }
 3989              		.loc 1 2462 13 is_stmt 0 discriminator 1 view .LVU1384
 3990 071c 43F40043 		orr	r3, r3, #32768
 3991              	.LVL455:
2462:Drivers/STM32F1xx_HAL_Driver/Src/stm32f1xx_ll_usb.c ****           }
 3992              		.loc 1 2462 13 discriminator 1 view .LVU1385
 3993 0720 43F0C003 		orr	r3, r3, #192
 3994 0724 25F82230 		strh	r3, [r5, r2, lsl #2]	@ movhi
 3995              	.LBE122:
2462:Drivers/STM32F1xx_HAL_Driver/Src/stm32f1xx_ll_usb.c ****           }
 3996              		.loc 1 2462 13 is_stmt 1 view .LVU1386
 3997 0728 9AE4     		b	.L138
 3998              	.LVL456:
 3999              	.L177:
 4000              	.LBB123:
2450:Drivers/STM32F1xx_HAL_Driver/Src/stm32f1xx_ll_usb.c **** 
 4001              		.loc 1 2450 9 discriminator 34 view .LVU1387
 4002 072a B5F85030 		ldrh	r3, [r5, #80]
 4003 072e 9BB2     		uxth	r3, r3
 4004 0730 2B44     		add	r3, r3, r5
 4005              	.LVL457:
2450:Drivers/STM32F1xx_HAL_Driver/Src/stm32f1xx_ll_usb.c **** 
 4006              		.loc 1 2450 9 view .LVU1388
2450:Drivers/STM32F1xx_HAL_Driver/Src/stm32f1xx_ll_usb.c **** 
 4007              		.loc 1 2450 9 is_stmt 0 discriminator 34 view .LVU1389
 4008 0732 2278     		ldrb	r2, [r4]	@ zero_extendqisi2
 4009 0734 03EB0213 		add	r3, r3, r2, lsl #4
 4010              	.LVL458:
2450:Drivers/STM32F1xx_HAL_Driver/Src/stm32f1xx_ll_usb.c **** 
 4011              		.loc 1 2450 9 is_stmt 1 view .LVU1390
2450:Drivers/STM32F1xx_HAL_Driver/Src/stm32f1xx_ll_usb.c **** 
 4012              		.loc 1 2450 9 is_stmt 0 discriminator 34 view .LVU1391
 4013 0738 228A     		ldrh	r2, [r4, #16]
 4014 073a A3F80C24 		strh	r2, [r3, #1036]	@ movhi
 4015 073e D7E7     		b	.L150
 4016              	.LVL459:
 4017              	.L153:
2450:Drivers/STM32F1xx_HAL_Driver/Src/stm32f1xx_ll_usb.c **** 
 4018              		.loc 1 2450 9 discriminator 34 view .LVU1392
 4019              	.LBE123:
2460:Drivers/STM32F1xx_HAL_Driver/Src/stm32f1xx_ll_usb.c ****           {
 4020              		.loc 1 2460 50 view .LVU1393
 4021 0740 11F0400F 		tst	r1, #64
 4022 0744 7FF48CAC 		bne	.L138
 4023 0748 E1E7     		b	.L154
 4024              	.LVL460:
 4025              	.L155:
2477:Drivers/STM32F1xx_HAL_Driver/Src/stm32f1xx_ll_usb.c ****           ep->xfer_len = 0U;
 4026              		.loc 1 2477 11 is_stmt 1 view .LVU1394
2478:Drivers/STM32F1xx_HAL_Driver/Src/stm32f1xx_ll_usb.c ****         }
 4027              		.loc 1 2478 11 view .LVU1395
ARM GAS  C:\Users\jc\AppData\Local\Temp\ccrYs75M.s 			page 136


2478:Drivers/STM32F1xx_HAL_Driver/Src/stm32f1xx_ll_usb.c ****         }
 4028              		.loc 1 2478 24 is_stmt 0 view .LVU1396
 4029 074a 0023     		movs	r3, #0
 4030 074c A361     		str	r3, [r4, #24]
2477:Drivers/STM32F1xx_HAL_Driver/Src/stm32f1xx_ll_usb.c ****           ep->xfer_len = 0U;
 4031              		.loc 1 2477 15 view .LVU1397
 4032 074e 0B46     		mov	r3, r1
 4033 0750 13E7     		b	.L156
 4034              	.LVL461:
 4035              	.L158:
 4036              	.LBB124:
 4037              	.LBB106:
2480:Drivers/STM32F1xx_HAL_Driver/Src/stm32f1xx_ll_usb.c ****       }
 4038              		.loc 1 2480 9 is_stmt 1 discriminator 4 view .LVU1398
 4039 0752 4BB9     		cbnz	r3, .L160
2480:Drivers/STM32F1xx_HAL_Driver/Src/stm32f1xx_ll_usb.c ****       }
 4040              		.loc 1 2480 9 discriminator 9 view .LVU1399
 4041 0754 B2F80414 		ldrh	r1, [r2, #1028]
 4042 0758 6FEA4141 		mvn	r1, r1, lsl #17
 4043 075c 6FEA5141 		mvn	r1, r1, lsr #17
 4044 0760 89B2     		uxth	r1, r1
 4045 0762 A2F80414 		strh	r1, [r2, #1028]	@ movhi
 4046 0766 28E7     		b	.L157
 4047              	.L160:
2480:Drivers/STM32F1xx_HAL_Driver/Src/stm32f1xx_ll_usb.c ****       }
 4048              		.loc 1 2480 9 discriminator 10 view .LVU1400
2480:Drivers/STM32F1xx_HAL_Driver/Src/stm32f1xx_ll_usb.c ****       }
 4049              		.loc 1 2480 9 discriminator 10 view .LVU1401
 4050 0768 5908     		lsrs	r1, r3, #1
 4051              	.LVL462:
2480:Drivers/STM32F1xx_HAL_Driver/Src/stm32f1xx_ll_usb.c ****       }
 4052              		.loc 1 2480 9 view .LVU1402
2480:Drivers/STM32F1xx_HAL_Driver/Src/stm32f1xx_ll_usb.c ****       }
 4053              		.loc 1 2480 9 is_stmt 0 discriminator 10 view .LVU1403
 4054 076a 13F0010F 		tst	r3, #1
 4055 076e 00D0     		beq	.L161
2480:Drivers/STM32F1xx_HAL_Driver/Src/stm32f1xx_ll_usb.c ****       }
 4056              		.loc 1 2480 9 is_stmt 1 discriminator 12 view .LVU1404
 4057 0770 0131     		adds	r1, r1, #1
 4058              	.LVL463:
 4059              	.L161:
2480:Drivers/STM32F1xx_HAL_Driver/Src/stm32f1xx_ll_usb.c ****       }
 4060              		.loc 1 2480 9 discriminator 14 view .LVU1405
 4061 0772 B2F80404 		ldrh	r0, [r2, #1028]
 4062              	.LVL464:
2480:Drivers/STM32F1xx_HAL_Driver/Src/stm32f1xx_ll_usb.c ****       }
 4063              		.loc 1 2480 9 is_stmt 0 discriminator 14 view .LVU1406
 4064 0776 80B2     		uxth	r0, r0
 4065 0778 8902     		lsls	r1, r1, #10
 4066              	.LVL465:
2480:Drivers/STM32F1xx_HAL_Driver/Src/stm32f1xx_ll_usb.c ****       }
 4067              		.loc 1 2480 9 discriminator 14 view .LVU1407
 4068 077a 89B2     		uxth	r1, r1
 4069 077c 0143     		orrs	r1, r1, r0
 4070 077e A2F80414 		strh	r1, [r2, #1028]	@ movhi
 4071 0782 1AE7     		b	.L157
 4072              	.LVL466:
ARM GAS  C:\Users\jc\AppData\Local\Temp\ccrYs75M.s 			page 137


 4073              	.L163:
2480:Drivers/STM32F1xx_HAL_Driver/Src/stm32f1xx_ll_usb.c ****       }
 4074              		.loc 1 2480 9 discriminator 14 view .LVU1408
 4075              	.LBE106:
 4076              	.LBE124:
 4077              	.LBB125:
 4078              	.LBB111:
 4079              	.LBB110:
2480:Drivers/STM32F1xx_HAL_Driver/Src/stm32f1xx_ll_usb.c ****       }
 4080              		.loc 1 2480 9 is_stmt 1 discriminator 22 view .LVU1409
 4081 0784 4BB9     		cbnz	r3, .L165
2480:Drivers/STM32F1xx_HAL_Driver/Src/stm32f1xx_ll_usb.c ****       }
 4082              		.loc 1 2480 9 discriminator 27 view .LVU1410
 4083 0786 B2F80C34 		ldrh	r3, [r2, #1036]
 4084              	.LVL467:
2480:Drivers/STM32F1xx_HAL_Driver/Src/stm32f1xx_ll_usb.c ****       }
 4085              		.loc 1 2480 9 is_stmt 0 discriminator 27 view .LVU1411
 4086 078a 6FEA4343 		mvn	r3, r3, lsl #17
 4087 078e 6FEA5343 		mvn	r3, r3, lsr #17
 4088 0792 9BB2     		uxth	r3, r3
 4089 0794 A2F80C34 		strh	r3, [r2, #1036]	@ movhi
 4090 0798 62E4     		b	.L138
 4091              	.LVL468:
 4092              	.L165:
2480:Drivers/STM32F1xx_HAL_Driver/Src/stm32f1xx_ll_usb.c ****       }
 4093              		.loc 1 2480 9 is_stmt 1 discriminator 28 view .LVU1412
2480:Drivers/STM32F1xx_HAL_Driver/Src/stm32f1xx_ll_usb.c ****       }
 4094              		.loc 1 2480 9 discriminator 28 view .LVU1413
 4095 079a 5908     		lsrs	r1, r3, #1
 4096              	.LVL469:
2480:Drivers/STM32F1xx_HAL_Driver/Src/stm32f1xx_ll_usb.c ****       }
 4097              		.loc 1 2480 9 view .LVU1414
2480:Drivers/STM32F1xx_HAL_Driver/Src/stm32f1xx_ll_usb.c ****       }
 4098              		.loc 1 2480 9 is_stmt 0 discriminator 28 view .LVU1415
 4099 079c 13F0010F 		tst	r3, #1
 4100 07a0 00D0     		beq	.L166
2480:Drivers/STM32F1xx_HAL_Driver/Src/stm32f1xx_ll_usb.c ****       }
 4101              		.loc 1 2480 9 is_stmt 1 discriminator 30 view .LVU1416
 4102 07a2 0131     		adds	r1, r1, #1
 4103              	.LVL470:
 4104              	.L166:
2480:Drivers/STM32F1xx_HAL_Driver/Src/stm32f1xx_ll_usb.c ****       }
 4105              		.loc 1 2480 9 discriminator 32 view .LVU1417
 4106 07a4 B2F80C34 		ldrh	r3, [r2, #1036]
 4107              	.LVL471:
2480:Drivers/STM32F1xx_HAL_Driver/Src/stm32f1xx_ll_usb.c ****       }
 4108              		.loc 1 2480 9 is_stmt 0 discriminator 32 view .LVU1418
 4109 07a8 98B2     		uxth	r0, r3
 4110 07aa 8B02     		lsls	r3, r1, #10
 4111 07ac 9BB2     		uxth	r3, r3
 4112 07ae 0343     		orrs	r3, r3, r0
 4113 07b0 A2F80C34 		strh	r3, [r2, #1036]	@ movhi
 4114 07b4 54E4     		b	.L138
 4115              	.LVL472:
 4116              	.L162:
2480:Drivers/STM32F1xx_HAL_Driver/Src/stm32f1xx_ll_usb.c ****       }
 4117              		.loc 1 2480 9 discriminator 32 view .LVU1419
ARM GAS  C:\Users\jc\AppData\Local\Temp\ccrYs75M.s 			page 138


 4118              	.LBE110:
 4119              	.LBE111:
2480:Drivers/STM32F1xx_HAL_Driver/Src/stm32f1xx_ll_usb.c ****       }
 4120              		.loc 1 2480 9 is_stmt 1 discriminator 20 view .LVU1420
 4121 07b6 012A     		cmp	r2, #1
 4122 07b8 7FF452AC 		bne	.L138
2480:Drivers/STM32F1xx_HAL_Driver/Src/stm32f1xx_ll_usb.c ****       }
 4123              		.loc 1 2480 9 discriminator 34 view .LVU1421
 4124 07bc B5F85020 		ldrh	r2, [r5, #80]
 4125 07c0 92B2     		uxth	r2, r2
 4126 07c2 2A44     		add	r2, r2, r5
 4127              	.LVL473:
2480:Drivers/STM32F1xx_HAL_Driver/Src/stm32f1xx_ll_usb.c ****       }
 4128              		.loc 1 2480 9 view .LVU1422
2480:Drivers/STM32F1xx_HAL_Driver/Src/stm32f1xx_ll_usb.c ****       }
 4129              		.loc 1 2480 9 is_stmt 0 discriminator 34 view .LVU1423
 4130 07c4 2178     		ldrb	r1, [r4]	@ zero_extendqisi2
 4131 07c6 02EB0112 		add	r2, r2, r1, lsl #4
 4132              	.LVL474:
2480:Drivers/STM32F1xx_HAL_Driver/Src/stm32f1xx_ll_usb.c ****       }
 4133              		.loc 1 2480 9 is_stmt 1 view .LVU1424
2480:Drivers/STM32F1xx_HAL_Driver/Src/stm32f1xx_ll_usb.c ****       }
 4134              		.loc 1 2480 9 is_stmt 0 discriminator 34 view .LVU1425
 4135 07ca 9BB2     		uxth	r3, r3
 4136              	.LVL475:
2480:Drivers/STM32F1xx_HAL_Driver/Src/stm32f1xx_ll_usb.c ****       }
 4137              		.loc 1 2480 9 discriminator 34 view .LVU1426
 4138 07cc A2F80C34 		strh	r3, [r2, #1036]	@ movhi
 4139 07d0 46E4     		b	.L138
 4140              	.LVL476:
 4141              	.L167:
2480:Drivers/STM32F1xx_HAL_Driver/Src/stm32f1xx_ll_usb.c ****       }
 4142              		.loc 1 2480 9 discriminator 34 view .LVU1427
 4143              	.LBE125:
2484:Drivers/STM32F1xx_HAL_Driver/Src/stm32f1xx_ll_usb.c ****       }
 4144              		.loc 1 2484 16 view .LVU1428
 4145 07d2 0120     		movs	r0, #1
 4146              	.LVL477:
2484:Drivers/STM32F1xx_HAL_Driver/Src/stm32f1xx_ll_usb.c ****       }
 4147              		.loc 1 2484 16 view .LVU1429
 4148 07d4 55E4     		b	.L132
 4149              		.cfi_endproc
 4150              	.LFE74:
 4152              		.section	.text.USB_ReadPMA,"ax",%progbits
 4153              		.align	1
 4154              		.global	USB_ReadPMA
 4155              		.syntax unified
 4156              		.thumb
 4157              		.thumb_func
 4159              	USB_ReadPMA:
 4160              	.LVL478:
 4161              	.LFB92:
2843:Drivers/STM32F1xx_HAL_Driver/Src/stm32f1xx_ll_usb.c **** 
2844:Drivers/STM32F1xx_HAL_Driver/Src/stm32f1xx_ll_usb.c **** /**
2845:Drivers/STM32F1xx_HAL_Driver/Src/stm32f1xx_ll_usb.c ****   * @brief Copy data from packet memory area (PMA) to user memory buffer
2846:Drivers/STM32F1xx_HAL_Driver/Src/stm32f1xx_ll_usb.c ****   * @param   USBx USB peripheral instance register address.
2847:Drivers/STM32F1xx_HAL_Driver/Src/stm32f1xx_ll_usb.c ****   * @param   pbUsrBuf pointer to user memory area.
ARM GAS  C:\Users\jc\AppData\Local\Temp\ccrYs75M.s 			page 139


2848:Drivers/STM32F1xx_HAL_Driver/Src/stm32f1xx_ll_usb.c ****   * @param   wPMABufAddr address into PMA.
2849:Drivers/STM32F1xx_HAL_Driver/Src/stm32f1xx_ll_usb.c ****   * @param   wNBytes no. of bytes to be copied.
2850:Drivers/STM32F1xx_HAL_Driver/Src/stm32f1xx_ll_usb.c ****   * @retval None
2851:Drivers/STM32F1xx_HAL_Driver/Src/stm32f1xx_ll_usb.c ****   */
2852:Drivers/STM32F1xx_HAL_Driver/Src/stm32f1xx_ll_usb.c **** void USB_ReadPMA(USB_TypeDef const *USBx, uint8_t *pbUsrBuf, uint16_t wPMABufAddr, uint16_t wNBytes
2853:Drivers/STM32F1xx_HAL_Driver/Src/stm32f1xx_ll_usb.c **** {
 4162              		.loc 1 2853 1 is_stmt 1 view -0
 4163              		.cfi_startproc
 4164              		@ args = 0, pretend = 0, frame = 0
 4165              		@ frame_needed = 0, uses_anonymous_args = 0
 4166              		@ link register save eliminated.
 4167              		.loc 1 2853 1 is_stmt 0 view .LVU1431
 4168 0000 10B4     		push	{r4}
 4169              		.cfi_def_cfa_offset 4
 4170              		.cfi_offset 4, -4
2854:Drivers/STM32F1xx_HAL_Driver/Src/stm32f1xx_ll_usb.c ****   uint32_t n = (uint32_t)wNBytes >> 1;
 4171              		.loc 1 2854 3 is_stmt 1 view .LVU1432
 4172              		.loc 1 2854 34 is_stmt 0 view .LVU1433
 4173 0002 5C08     		lsrs	r4, r3, #1
 4174              	.LVL479:
2855:Drivers/STM32F1xx_HAL_Driver/Src/stm32f1xx_ll_usb.c ****   uint32_t BaseAddr = (uint32_t)USBx;
 4175              		.loc 1 2855 3 is_stmt 1 view .LVU1434
2856:Drivers/STM32F1xx_HAL_Driver/Src/stm32f1xx_ll_usb.c ****   uint32_t count;
 4176              		.loc 1 2856 3 view .LVU1435
2857:Drivers/STM32F1xx_HAL_Driver/Src/stm32f1xx_ll_usb.c ****   uint32_t RdVal;
 4177              		.loc 1 2857 3 view .LVU1436
2858:Drivers/STM32F1xx_HAL_Driver/Src/stm32f1xx_ll_usb.c ****   __IO uint16_t *pdwVal;
 4178              		.loc 1 2858 3 view .LVU1437
2859:Drivers/STM32F1xx_HAL_Driver/Src/stm32f1xx_ll_usb.c ****   uint8_t *pBuf = pbUsrBuf;
 4179              		.loc 1 2859 3 view .LVU1438
2860:Drivers/STM32F1xx_HAL_Driver/Src/stm32f1xx_ll_usb.c **** 
2861:Drivers/STM32F1xx_HAL_Driver/Src/stm32f1xx_ll_usb.c ****   pdwVal = (__IO uint16_t *)(BaseAddr + 0x400U + ((uint32_t)wPMABufAddr * PMA_ACCESS));
 4180              		.loc 1 2861 3 view .LVU1439
 4181              		.loc 1 2861 48 is_stmt 0 view .LVU1440
 4182 0004 00EB4200 		add	r0, r0, r2, lsl #1
 4183              	.LVL480:
 4184              		.loc 1 2861 48 view .LVU1441
 4185 0008 00F58060 		add	r0, r0, #1024
 4186              	.LVL481:
2862:Drivers/STM32F1xx_HAL_Driver/Src/stm32f1xx_ll_usb.c **** 
2863:Drivers/STM32F1xx_HAL_Driver/Src/stm32f1xx_ll_usb.c ****   for (count = n; count != 0U; count--)
 4187              		.loc 1 2863 3 is_stmt 1 view .LVU1442
 4188              		.loc 1 2863 3 is_stmt 0 view .LVU1443
 4189 000c 07E0     		b	.L179
 4190              	.LVL482:
 4191              	.L180:
2864:Drivers/STM32F1xx_HAL_Driver/Src/stm32f1xx_ll_usb.c ****   {
2865:Drivers/STM32F1xx_HAL_Driver/Src/stm32f1xx_ll_usb.c ****     RdVal = *(__IO uint16_t *)pdwVal;
 4192              		.loc 1 2865 5 is_stmt 1 view .LVU1444
 4193              		.loc 1 2865 13 is_stmt 0 view .LVU1445
 4194 000e 30F8042B 		ldrh	r2, [r0], #4
 4195              	.LVL483:
2866:Drivers/STM32F1xx_HAL_Driver/Src/stm32f1xx_ll_usb.c ****     pdwVal++;
 4196              		.loc 1 2866 5 is_stmt 1 view .LVU1446
2867:Drivers/STM32F1xx_HAL_Driver/Src/stm32f1xx_ll_usb.c ****     *pBuf = (uint8_t)((RdVal >> 0) & 0xFFU);
 4197              		.loc 1 2867 5 view .LVU1447
 4198              		.loc 1 2867 11 is_stmt 0 view .LVU1448
ARM GAS  C:\Users\jc\AppData\Local\Temp\ccrYs75M.s 			page 140


 4199 0012 0A70     		strb	r2, [r1]
2868:Drivers/STM32F1xx_HAL_Driver/Src/stm32f1xx_ll_usb.c ****     pBuf++;
 4200              		.loc 1 2868 5 is_stmt 1 view .LVU1449
 4201              	.LVL484:
2869:Drivers/STM32F1xx_HAL_Driver/Src/stm32f1xx_ll_usb.c ****     *pBuf = (uint8_t)((RdVal >> 8) & 0xFFU);
 4202              		.loc 1 2869 5 view .LVU1450
 4203              		.loc 1 2869 13 is_stmt 0 view .LVU1451
 4204 0014 C2F30722 		ubfx	r2, r2, #8, #8
 4205              	.LVL485:
 4206              		.loc 1 2869 11 view .LVU1452
 4207 0018 4A70     		strb	r2, [r1, #1]
2870:Drivers/STM32F1xx_HAL_Driver/Src/stm32f1xx_ll_usb.c ****     pBuf++;
 4208              		.loc 1 2870 5 is_stmt 1 view .LVU1453
 4209              		.loc 1 2870 9 is_stmt 0 view .LVU1454
 4210 001a 0231     		adds	r1, r1, #2
 4211              	.LVL486:
2871:Drivers/STM32F1xx_HAL_Driver/Src/stm32f1xx_ll_usb.c **** 
2872:Drivers/STM32F1xx_HAL_Driver/Src/stm32f1xx_ll_usb.c **** #if PMA_ACCESS > 1U
2873:Drivers/STM32F1xx_HAL_Driver/Src/stm32f1xx_ll_usb.c ****     pdwVal++;
 4212              		.loc 1 2873 5 is_stmt 1 view .LVU1455
2863:Drivers/STM32F1xx_HAL_Driver/Src/stm32f1xx_ll_usb.c ****   {
 4213              		.loc 1 2863 37 discriminator 3 view .LVU1456
 4214 001c 013C     		subs	r4, r4, #1
 4215              	.LVL487:
 4216              	.L179:
2863:Drivers/STM32F1xx_HAL_Driver/Src/stm32f1xx_ll_usb.c ****   {
 4217              		.loc 1 2863 25 discriminator 1 view .LVU1457
 4218 001e 002C     		cmp	r4, #0
 4219 0020 F5D1     		bne	.L180
2874:Drivers/STM32F1xx_HAL_Driver/Src/stm32f1xx_ll_usb.c **** #endif /* PMA_ACCESS */
2875:Drivers/STM32F1xx_HAL_Driver/Src/stm32f1xx_ll_usb.c ****   }
2876:Drivers/STM32F1xx_HAL_Driver/Src/stm32f1xx_ll_usb.c **** 
2877:Drivers/STM32F1xx_HAL_Driver/Src/stm32f1xx_ll_usb.c ****   if ((wNBytes % 2U) != 0U)
 4220              		.loc 1 2877 3 view .LVU1458
 4221              		.loc 1 2877 6 is_stmt 0 view .LVU1459
 4222 0022 13F0010F 		tst	r3, #1
 4223 0026 01D0     		beq	.L178
2878:Drivers/STM32F1xx_HAL_Driver/Src/stm32f1xx_ll_usb.c ****   {
2879:Drivers/STM32F1xx_HAL_Driver/Src/stm32f1xx_ll_usb.c ****     RdVal = *pdwVal;
 4224              		.loc 1 2879 5 is_stmt 1 view .LVU1460
 4225              		.loc 1 2879 13 is_stmt 0 view .LVU1461
 4226 0028 0388     		ldrh	r3, [r0]
 4227              	.LVL488:
2880:Drivers/STM32F1xx_HAL_Driver/Src/stm32f1xx_ll_usb.c ****     *pBuf = (uint8_t)((RdVal >> 0) & 0xFFU);
 4228              		.loc 1 2880 5 is_stmt 1 view .LVU1462
 4229              		.loc 1 2880 11 is_stmt 0 view .LVU1463
 4230 002a 0B70     		strb	r3, [r1]
 4231              	.LVL489:
 4232              	.L178:
2881:Drivers/STM32F1xx_HAL_Driver/Src/stm32f1xx_ll_usb.c ****   }
2882:Drivers/STM32F1xx_HAL_Driver/Src/stm32f1xx_ll_usb.c **** }
 4233              		.loc 1 2882 1 view .LVU1464
 4234 002c 10BC     		pop	{r4}
 4235              		.cfi_restore 4
 4236              		.cfi_def_cfa_offset 0
 4237              	.LVL490:
 4238              		.loc 1 2882 1 view .LVU1465
ARM GAS  C:\Users\jc\AppData\Local\Temp\ccrYs75M.s 			page 141


 4239 002e 7047     		bx	lr
 4240              		.cfi_endproc
 4241              	.LFE92:
 4243              		.text
 4244              	.Letext0:
 4245              		.file 2 "C:/Users/jc/AppData/Roaming/Code/User/globalStorage/bmd.stm32-for-vscode/@xpack-dev-tools
 4246              		.file 3 "C:/Users/jc/AppData/Roaming/Code/User/globalStorage/bmd.stm32-for-vscode/@xpack-dev-tools
 4247              		.file 4 "Drivers/CMSIS/Device/ST/STM32F1xx/Include/stm32f103xb.h"
 4248              		.file 5 "Drivers/STM32F1xx_HAL_Driver/Inc/stm32f1xx_hal_def.h"
 4249              		.file 6 "Drivers/STM32F1xx_HAL_Driver/Inc/stm32f1xx_ll_usb.h"
ARM GAS  C:\Users\jc\AppData\Local\Temp\ccrYs75M.s 			page 142


DEFINED SYMBOLS
                            *ABS*:00000000 stm32f1xx_ll_usb.c
C:\Users\jc\AppData\Local\Temp\ccrYs75M.s:19     .text.USB_CoreInit:00000000 $t
C:\Users\jc\AppData\Local\Temp\ccrYs75M.s:25     .text.USB_CoreInit:00000000 USB_CoreInit
C:\Users\jc\AppData\Local\Temp\ccrYs75M.s:53     .text.USB_EnableGlobalInt:00000000 $t
C:\Users\jc\AppData\Local\Temp\ccrYs75M.s:59     .text.USB_EnableGlobalInt:00000000 USB_EnableGlobalInt
C:\Users\jc\AppData\Local\Temp\ccrYs75M.s:89     .text.USB_DisableGlobalInt:00000000 $t
C:\Users\jc\AppData\Local\Temp\ccrYs75M.s:95     .text.USB_DisableGlobalInt:00000000 USB_DisableGlobalInt
C:\Users\jc\AppData\Local\Temp\ccrYs75M.s:123    .text.USB_SetCurrentMode:00000000 $t
C:\Users\jc\AppData\Local\Temp\ccrYs75M.s:129    .text.USB_SetCurrentMode:00000000 USB_SetCurrentMode
C:\Users\jc\AppData\Local\Temp\ccrYs75M.s:149    .text.USB_DevInit:00000000 $t
C:\Users\jc\AppData\Local\Temp\ccrYs75M.s:155    .text.USB_DevInit:00000000 USB_DevInit
C:\Users\jc\AppData\Local\Temp\ccrYs75M.s:196    .text.USB_FlushTxFifo:00000000 $t
C:\Users\jc\AppData\Local\Temp\ccrYs75M.s:202    .text.USB_FlushTxFifo:00000000 USB_FlushTxFifo
C:\Users\jc\AppData\Local\Temp\ccrYs75M.s:222    .text.USB_FlushRxFifo:00000000 $t
C:\Users\jc\AppData\Local\Temp\ccrYs75M.s:228    .text.USB_FlushRxFifo:00000000 USB_FlushRxFifo
C:\Users\jc\AppData\Local\Temp\ccrYs75M.s:247    .text.USB_ActivateEndpoint:00000000 $t
C:\Users\jc\AppData\Local\Temp\ccrYs75M.s:253    .text.USB_ActivateEndpoint:00000000 USB_ActivateEndpoint
C:\Users\jc\AppData\Local\Temp\ccrYs75M.s:288    .text.USB_ActivateEndpoint:00000022 $d
C:\Users\jc\AppData\Local\Temp\ccrYs75M.s:292    .text.USB_ActivateEndpoint:00000026 $t
C:\Users\jc\AppData\Local\Temp\ccrYs75M.s:1067   .text.USB_DeactivateEndpoint:00000000 $t
C:\Users\jc\AppData\Local\Temp\ccrYs75M.s:1073   .text.USB_DeactivateEndpoint:00000000 USB_DeactivateEndpoint
C:\Users\jc\AppData\Local\Temp\ccrYs75M.s:1483   .text.USB_EPSetStall:00000000 $t
C:\Users\jc\AppData\Local\Temp\ccrYs75M.s:1489   .text.USB_EPSetStall:00000000 USB_EPSetStall
C:\Users\jc\AppData\Local\Temp\ccrYs75M.s:1563   .text.USB_EPClearStall:00000000 $t
C:\Users\jc\AppData\Local\Temp\ccrYs75M.s:1569   .text.USB_EPClearStall:00000000 USB_EPClearStall
C:\Users\jc\AppData\Local\Temp\ccrYs75M.s:1727   .text.USB_EPStopXfer:00000000 $t
C:\Users\jc\AppData\Local\Temp\ccrYs75M.s:1733   .text.USB_EPStopXfer:00000000 USB_EPStopXfer
C:\Users\jc\AppData\Local\Temp\ccrYs75M.s:1877   .text.USB_StopDevice:00000000 $t
C:\Users\jc\AppData\Local\Temp\ccrYs75M.s:1883   .text.USB_StopDevice:00000000 USB_StopDevice
C:\Users\jc\AppData\Local\Temp\ccrYs75M.s:1914   .text.USB_SetDevAddress:00000000 $t
C:\Users\jc\AppData\Local\Temp\ccrYs75M.s:1920   .text.USB_SetDevAddress:00000000 USB_SetDevAddress
C:\Users\jc\AppData\Local\Temp\ccrYs75M.s:1946   .text.USB_DevConnect:00000000 $t
C:\Users\jc\AppData\Local\Temp\ccrYs75M.s:1952   .text.USB_DevConnect:00000000 USB_DevConnect
C:\Users\jc\AppData\Local\Temp\ccrYs75M.s:1971   .text.USB_DevDisconnect:00000000 $t
C:\Users\jc\AppData\Local\Temp\ccrYs75M.s:1977   .text.USB_DevDisconnect:00000000 USB_DevDisconnect
C:\Users\jc\AppData\Local\Temp\ccrYs75M.s:1996   .text.USB_ReadInterrupts:00000000 $t
C:\Users\jc\AppData\Local\Temp\ccrYs75M.s:2002   .text.USB_ReadInterrupts:00000000 USB_ReadInterrupts
C:\Users\jc\AppData\Local\Temp\ccrYs75M.s:2025   .text.USB_ReadDevAllOutEpInterrupt:00000000 $t
C:\Users\jc\AppData\Local\Temp\ccrYs75M.s:2031   .text.USB_ReadDevAllOutEpInterrupt:00000000 USB_ReadDevAllOutEpInterrupt
C:\Users\jc\AppData\Local\Temp\ccrYs75M.s:2050   .text.USB_ReadDevAllInEpInterrupt:00000000 $t
C:\Users\jc\AppData\Local\Temp\ccrYs75M.s:2056   .text.USB_ReadDevAllInEpInterrupt:00000000 USB_ReadDevAllInEpInterrupt
C:\Users\jc\AppData\Local\Temp\ccrYs75M.s:2075   .text.USB_ReadDevOutEPInterrupt:00000000 $t
C:\Users\jc\AppData\Local\Temp\ccrYs75M.s:2081   .text.USB_ReadDevOutEPInterrupt:00000000 USB_ReadDevOutEPInterrupt
C:\Users\jc\AppData\Local\Temp\ccrYs75M.s:2101   .text.USB_ReadDevInEPInterrupt:00000000 $t
C:\Users\jc\AppData\Local\Temp\ccrYs75M.s:2107   .text.USB_ReadDevInEPInterrupt:00000000 USB_ReadDevInEPInterrupt
C:\Users\jc\AppData\Local\Temp\ccrYs75M.s:2127   .text.USB_ClearInterrupts:00000000 $t
C:\Users\jc\AppData\Local\Temp\ccrYs75M.s:2133   .text.USB_ClearInterrupts:00000000 USB_ClearInterrupts
C:\Users\jc\AppData\Local\Temp\ccrYs75M.s:2149   .text.USB_EP0_OutStart:00000000 $t
C:\Users\jc\AppData\Local\Temp\ccrYs75M.s:2155   .text.USB_EP0_OutStart:00000000 USB_EP0_OutStart
C:\Users\jc\AppData\Local\Temp\ccrYs75M.s:2175   .text.USB_ActivateRemoteWakeup:00000000 $t
C:\Users\jc\AppData\Local\Temp\ccrYs75M.s:2181   .text.USB_ActivateRemoteWakeup:00000000 USB_ActivateRemoteWakeup
C:\Users\jc\AppData\Local\Temp\ccrYs75M.s:2206   .text.USB_DeActivateRemoteWakeup:00000000 $t
C:\Users\jc\AppData\Local\Temp\ccrYs75M.s:2212   .text.USB_DeActivateRemoteWakeup:00000000 USB_DeActivateRemoteWakeup
C:\Users\jc\AppData\Local\Temp\ccrYs75M.s:2238   .text.USB_WritePMA:00000000 $t
C:\Users\jc\AppData\Local\Temp\ccrYs75M.s:2244   .text.USB_WritePMA:00000000 USB_WritePMA
C:\Users\jc\AppData\Local\Temp\ccrYs75M.s:2310   .text.USB_EPStartXfer:00000000 $t
ARM GAS  C:\Users\jc\AppData\Local\Temp\ccrYs75M.s 			page 143


C:\Users\jc\AppData\Local\Temp\ccrYs75M.s:2316   .text.USB_EPStartXfer:00000000 USB_EPStartXfer
C:\Users\jc\AppData\Local\Temp\ccrYs75M.s:4153   .text.USB_ReadPMA:00000000 $t
C:\Users\jc\AppData\Local\Temp\ccrYs75M.s:4159   .text.USB_ReadPMA:00000000 USB_ReadPMA

NO UNDEFINED SYMBOLS
